#ifndef LOGO_H
#define LOGO_H

/* Generated by png2amiga — do not edit */

#ifndef UWORD
#define UWORD unsigned short
#endif
#ifndef ULONG
#define ULONG unsigned long
#endif

#define LOGO_WIDTH   320
#define LOGO_HEIGHT  119
#define LOGO_DEPTH   5
#define LOGO_BPR     40    /* bytes per row per plane */
#define LOGO_CAMG    0x0000

const UWORD logo_planes[] = {
    /* row 0 */
    0x0000,0x0000,0x0000,0x0000,0x0000,0x0000,0x0000,0x0000,0x0000,0x0000,0x0000,0x0000,0x0000,0x0000,0x0000,0x0000,0x0000,0x0000,0x0000,0x0000,
    0x0000,0x0000,0x0000,0x0000,0x0000,0x0000,0x0000,0x0000,0x0000,0x0000,0x0000,0x0000,0x0000,0x0000,0x0000,0x0000,0x0000,0x0000,0x0000,0x0000,
    0x0000,0x0000,0x0000,0x0000,0x0000,0x0000,0x0000,0x0000,0x0000,0x0000,0x0000,0x0000,0x0000,0x0000,0x0000,0x0000,0x0000,0x0000,0x0000,0x0000,
    0x0000,0x0000,0x0000,0x0000,0x0000,0x0000,0x0000,0x0000,0x0000,0x0000,0x0000,0x0000,0x0000,0x0000,0x0000,0x0000,0x0000,0x0000,0x0000,0x0000,
    0x0000,0x0000,0x0000,0x0000,0x0000,0x0000,0x0000,0x0000,0x0000,0x0000,0x0000,0x0000,0x0000,0x0000,0x0000,0x0000,0x0000,0x0000,0x0000,0x0000,
    0x0000,0x0000,0x0000,0x0000,0x0000,0x0000,0x0000,0x0000,0x0000,0x0000,0x0000,0x0000,0x0000,0x0000,0x0000,0x0000,0x0000,0x0000,0x0000,0x0000,
    0x0000,0x0000,0x0000,0x0000,0x0000,0x0000,0x0000,0x0000,0x0000,0x0000,0x0000,0x0000,0x0000,0x0000,0x0000,0x0000,0x0000,0x0000,0x0000,0x0000,
    0x0000,0x0000,0x0000,0x0000,0x0000,0x0000,0x0000,0x0000,0x0000,0x0000,0x0000,0x0000,0x0000,0x0000,0x0000,0x0000,0x0000,0x0000,0x0000,0x0000,
    0x0000,0x0000,0x0000,0x0000,0x0000,0x0000,0x0000,0x0000,0x0000,0x0000,0x0000,0x0000,0x0000,0x0000,0x0000,0x0000,0x0000,0x0000,0x0000,0x0000,
    0x0000,0x0000,0x0000,0x0000,0x0000,0x0000,0x0000,0x0000,0x0000,0x0000,0x0000,0x0000,0x0000,0x0000,0x0000,0x0000,0x0000,0x0000,0x0000,0x0000,
    /* row 1 */
    0x0000,0x0000,0x0000,0x0000,0x0000,0x0000,0x0000,0x0000,0x0000,0x0000,0x0000,0x0000,0x0000,0x0000,0x0000,0x0000,0x0000,0x0000,0x0000,0x0000,
    0x0000,0x0000,0x0000,0x0000,0x0000,0x0000,0x0000,0x0000,0x0000,0x0000,0x0000,0x0000,0x0000,0x0000,0x0000,0x0000,0x0000,0x0000,0x0000,0x0000,
    0x0000,0x0000,0x0000,0x0000,0x0000,0x0000,0x0000,0x0000,0x0000,0x0000,0x0000,0x0000,0x0000,0x0000,0x0000,0x0000,0x0000,0x0000,0x0000,0x0000,
    0x0000,0x0000,0x0000,0x0000,0x0000,0x0000,0x0000,0x0000,0x0000,0x0000,0x0000,0x0000,0x0000,0x0000,0x0000,0x0000,0x0000,0x0000,0x0000,0x0000,
    0x0000,0x0000,0x0000,0x0000,0x0000,0x0000,0x0000,0x0000,0x0000,0x0000,0x0000,0x0000,0x0000,0x0000,0x0000,0x0000,0x0000,0x0000,0x0000,0x0000,
    0x0000,0x0000,0x0000,0x0000,0x0000,0x0000,0x0000,0x0000,0x0000,0x0000,0x0000,0x0000,0x0000,0x0000,0x0000,0x0000,0x0000,0x0000,0x0000,0x0000,
    0x0000,0x0000,0x0000,0x0000,0x0000,0x0000,0x0000,0x0000,0x0000,0x0000,0x0000,0x0000,0x0000,0x0000,0x0000,0x0000,0x0000,0x0000,0x0000,0x0000,
    0x0000,0x0000,0x0000,0x0000,0x0000,0x0000,0x0000,0x0000,0x0000,0x0000,0x0000,0x0000,0x0000,0x0000,0x0000,0x0000,0x0000,0x0000,0x0000,0x0000,
    0x0000,0x0000,0x0000,0x0000,0x0000,0x0000,0x0000,0x0000,0x0000,0x0000,0x0000,0x0000,0x0000,0x0000,0x0000,0x0000,0x0000,0x0000,0x0000,0x0000,
    0x0000,0x0000,0x0000,0x0000,0x0000,0x0000,0x0000,0x0000,0x0000,0x0000,0x0000,0x0000,0x0000,0x0000,0x0000,0x0000,0x0000,0x0000,0x0000,0x0000,
    /* row 2 */
    0x0000,0x0000,0x0000,0x0000,0x0000,0x0000,0x0000,0x0000,0x0000,0x0000,0x0000,0x0000,0x0000,0x0000,0x0000,0x0000,0x0000,0x0000,0x0000,0x0000,
    0x0000,0x0000,0x0000,0x0000,0x0000,0x0000,0x0000,0x0000,0x0000,0x0000,0x0000,0x0000,0x0000,0x0000,0x0000,0x0000,0x0000,0x0000,0x0000,0x0000,
    0x0000,0x0000,0x0000,0x0000,0x0000,0x0000,0x0000,0x0000,0x0000,0x0000,0x0000,0x0000,0x0000,0x0000,0x0000,0x0000,0x0000,0x0000,0x0000,0x0000,
    0x0000,0x0000,0x0000,0x0000,0x0000,0x0000,0x0000,0x0000,0x0000,0x0000,0x0000,0x0000,0x0000,0x0000,0x0000,0x0000,0x0000,0x0000,0x0000,0x0000,
    0x0000,0x0000,0x0000,0x0000,0x0000,0x0000,0x0000,0x0000,0x0000,0x0000,0x0000,0x0000,0x0000,0x0000,0x0000,0x0000,0x0000,0x0000,0x0000,0x0000,
    0x0000,0x0000,0x0000,0x0000,0x0000,0x0000,0x0000,0x0000,0x0000,0x0000,0x0000,0x0000,0x0000,0x0000,0x0000,0x0000,0x0000,0x0000,0x0000,0x0000,
    0x0000,0x0000,0x0000,0x0000,0x0000,0x0000,0x0000,0x0000,0x0000,0x0000,0x0000,0x0000,0x0000,0x0000,0x0000,0x0000,0x0000,0x0000,0x0000,0x0000,
    0x0000,0x0000,0x0000,0x0000,0x0000,0x0000,0x0000,0x0000,0x0000,0x0000,0x0000,0x0000,0x0000,0x0000,0x0000,0x0000,0x0000,0x0000,0x0000,0x0000,
    0x0000,0x0000,0x0000,0x0000,0x0000,0x0000,0x0000,0x0000,0x0000,0x0000,0x0000,0x0000,0x0000,0x0000,0x0000,0x0000,0x0000,0x0000,0x0000,0x0000,
    0x0000,0x0000,0x0000,0x0000,0x0000,0x0000,0x0000,0x0000,0x0000,0x0000,0x0000,0x0000,0x0000,0x0000,0x0000,0x0000,0x0000,0x0000,0x0000,0x0000,
    /* row 3 */
    0x0000,0x0000,0x0000,0x0000,0x0000,0x0000,0x0000,0x0000,0x0000,0x0000,0x0000,0x0000,0x0000,0x0000,0x0000,0x0000,0x0000,0x0000,0x0000,0x0000,
    0x0000,0x0000,0x0000,0x0000,0x0000,0x0000,0x0000,0x0000,0x0000,0x0000,0x0000,0x0000,0x0000,0x0000,0x0000,0x0000,0x0000,0x0000,0x0000,0x0000,
    0x0000,0x0000,0x0000,0x0000,0x0000,0x0000,0x0000,0x0000,0x0000,0x0000,0x0000,0x0000,0x0000,0x0000,0x0000,0x0000,0x0000,0x0000,0x0000,0x0000,
    0x0000,0x0000,0x0000,0x0000,0x0000,0x0000,0x0000,0x0000,0x0000,0x0000,0x0000,0x0000,0x0000,0x0000,0x0000,0x0000,0x0000,0x0000,0x0000,0x0000,
    0x0000,0x0000,0x0000,0x0000,0x0000,0x0000,0x0000,0x0000,0x0000,0x0000,0x0000,0x0000,0x0000,0x0000,0x0000,0x0000,0x0000,0x0000,0x0000,0x0000,
    0x0000,0x0000,0x0000,0x0000,0x0000,0x0000,0x0000,0x0000,0x0000,0x0000,0x0000,0x0000,0x0000,0x0000,0x0000,0x0000,0x0000,0x0000,0x0000,0x0000,
    0x0000,0x0000,0x0000,0x0000,0x0000,0x0000,0x0000,0x0000,0x0000,0x0000,0x0000,0x0000,0x0000,0x0000,0x0000,0x0000,0x0000,0x0000,0x0000,0x0000,
    0x0000,0x0000,0x0000,0x0000,0x0000,0x0000,0x0000,0x0000,0x0000,0x0000,0x0000,0x0000,0x0000,0x0000,0x0000,0x0000,0x0000,0x0000,0x0000,0x0000,
    0x0000,0x0000,0x0000,0x0000,0x0000,0x0000,0x0000,0x0000,0x0000,0x0000,0x0000,0x0000,0x0000,0x0000,0x0000,0x0000,0x0000,0x0000,0x0000,0x0000,
    0x0000,0x0000,0x0000,0x0000,0x0000,0x0000,0x0000,0x0000,0x0000,0x0000,0x0000,0x0000,0x0000,0x0000,0x0000,0x0000,0x0000,0x0000,0x0000,0x0000,
    /* row 4 */
    0x0000,0x0000,0x0000,0x0000,0x0000,0x0000,0x0000,0x0000,0x0000,0x0000,0x0000,0x0000,0x0000,0x0000,0x0000,0x0000,0x0000,0x0000,0x0000,0x0000,
    0x0000,0x0000,0x0000,0x0000,0x0000,0x0000,0x0000,0x0000,0x0000,0x0000,0x0000,0x0000,0x0000,0x0000,0x0000,0x0000,0x0000,0x0000,0x0000,0x0000,
    0x0000,0x0000,0x0000,0x0000,0x0000,0x0000,0x0000,0x0000,0x0000,0x0000,0x0000,0x0000,0x0000,0x0000,0x0000,0x0000,0x0000,0x0000,0x0000,0x0000,
    0x0000,0x0000,0x0000,0x0000,0x0000,0x0000,0x0000,0x0000,0x0000,0x0000,0x0000,0x0000,0x0000,0x0000,0x0000,0x0000,0x0000,0x0000,0x0000,0x0000,
    0x0000,0x0000,0x0000,0x0000,0x0000,0x0000,0x0000,0x0000,0x0000,0x0000,0x0000,0x0000,0x0000,0x0000,0x0000,0x0000,0x0000,0x0000,0x0000,0x0000,
    0x0000,0x0000,0x0000,0x0000,0x0000,0x0000,0x0000,0x0000,0x0000,0x0000,0x0000,0x0000,0x0000,0x0000,0x0000,0x0000,0x0000,0x0000,0x0000,0x0000,
    0x0000,0x0000,0x0000,0x0000,0x0000,0x0000,0x0000,0x0000,0x0000,0x0000,0x0000,0x0000,0x0000,0x0000,0x0000,0x0000,0x0000,0x0000,0x0000,0x0000,
    0x0000,0x0000,0x0000,0x0000,0x0000,0x0000,0x0000,0x0000,0x0000,0x0000,0x0000,0x0000,0x0000,0x0000,0x0000,0x0000,0x0000,0x0000,0x0000,0x0000,
    0x0000,0x0000,0x0000,0x0000,0x0000,0x0000,0x0000,0x0000,0x0000,0x0000,0x0000,0x0000,0x0000,0x0000,0x0000,0x0000,0x0000,0x0000,0x0000,0x0000,
    0x0000,0x0000,0x0000,0x0000,0x0000,0x0000,0x0000,0x0000,0x0000,0x0000,0x0000,0x0000,0x0000,0x0000,0x0000,0x0000,0x0000,0x0000,0x0000,0x0000,
    /* row 5 */
    0x0000,0x0000,0x0000,0x0000,0x0000,0x0000,0x0000,0x0000,0x0000,0x0000,0x0000,0x0000,0x0000,0x0000,0x0000,0x0000,0x0000,0x0000,0x0000,0x0000,
    0x0000,0x0000,0x0000,0x0000,0x0000,0x0000,0x0000,0x0000,0x0000,0x0000,0x0000,0x0000,0x0000,0x0000,0x0000,0x0000,0x0000,0x0000,0x0000,0x0000,
    0x0000,0x0000,0x0000,0x0000,0x0000,0x0000,0x0000,0x0000,0x0000,0x0000,0x0000,0x0000,0x0000,0x0000,0x0000,0x0000,0x0000,0x0000,0x0000,0x0000,
    0x0000,0x0000,0x0000,0x0000,0x0000,0x0000,0x0000,0x0000,0x0000,0x0000,0x0000,0x0000,0x0000,0x0000,0x0000,0x0000,0x0000,0x0000,0x0000,0x0000,
    0x0000,0x0000,0x0000,0x0000,0x0000,0x0000,0x0000,0x0000,0x0000,0x0000,0x0000,0x0000,0x0000,0x0000,0x0000,0x0000,0x0000,0x0000,0x0000,0x0000,
    0x0000,0x0000,0x0000,0x0000,0x0000,0x0000,0x0000,0x0000,0x0000,0x0000,0x0000,0x0000,0x0000,0x0000,0x0000,0x0000,0x0000,0x0000,0x0000,0x0000,
    0x0000,0x0000,0x0000,0x0000,0x0000,0x0000,0x0000,0x0000,0x0000,0x0000,0x0000,0x0000,0x0000,0x0000,0x0000,0x0000,0x0000,0x0000,0x0000,0x0000,
    0x0000,0x0000,0x0000,0x0000,0x0000,0x0000,0x0000,0x0000,0x0000,0x0000,0x0000,0x0000,0x0000,0x0000,0x0000,0x0000,0x0000,0x0000,0x0000,0x0000,
    0x0000,0x0000,0x0000,0x0000,0x0000,0x0000,0x0000,0x0000,0x0000,0x0000,0x0000,0x0000,0x0000,0x0000,0x0000,0x0000,0x0000,0x0000,0x0000,0x0000,
    0x0000,0x0000,0x0000,0x0000,0x0000,0x0000,0x0000,0x0000,0x0000,0x0000,0x0000,0x0000,0x0000,0x0000,0x0000,0x0000,0x0000,0x0000,0x0000,0x0000,
    /* row 6 */
    0x0000,0x0000,0x0000,0x0000,0x0000,0x0000,0x0000,0x0000,0x0000,0x0000,0x0000,0x0000,0x0000,0x0000,0x0000,0x0000,0x0000,0x0000,0x0000,0x0000,
    0x0000,0x0000,0x0000,0x0000,0x0000,0x0000,0x0000,0x0000,0x0000,0x0000,0x0000,0x0000,0x0000,0x0000,0x0000,0x0000,0x0000,0x0000,0x0000,0x0000,
    0x0000,0x0000,0x0000,0x0000,0x0000,0x0000,0x0000,0x0000,0x0000,0x0000,0x0000,0x0000,0x0000,0x0000,0x0000,0x0000,0x0000,0x0000,0x0000,0x0000,
    0x0000,0x0000,0x0000,0x0000,0x0000,0x0000,0x0000,0x0000,0x0000,0x0000,0x0000,0x0000,0x0000,0x0000,0x0000,0x0000,0x0000,0x0000,0x0000,0x0000,
    0x0000,0x0000,0x0000,0x0000,0x0000,0x0000,0x0000,0x0000,0x0000,0x0000,0x0000,0x0000,0x0000,0x0000,0x0000,0x0000,0x0000,0x0000,0x0000,0x0000,
    0x0000,0x0000,0x0000,0x0000,0x0000,0x0000,0x0000,0x0000,0x0000,0x0000,0x0000,0x0000,0x0000,0x0000,0x0000,0x0000,0x0000,0x0000,0x0000,0x0000,
    0x0000,0x0000,0x0000,0x0000,0x0000,0x0000,0x0000,0x0000,0x0000,0x0000,0x0000,0x0000,0x0000,0x0000,0x0000,0x0000,0x0000,0x0000,0x0000,0x0000,
    0x0000,0x0000,0x0000,0x0000,0x0000,0x0000,0x0000,0x0000,0x0000,0x0000,0x0000,0x0000,0x0000,0x0000,0x0000,0x0000,0x0000,0x0000,0x0000,0x0000,
    0x0000,0x0000,0x0000,0x0000,0x0000,0x0000,0x0000,0x0000,0x0000,0x0000,0x0000,0x0000,0x0000,0x0000,0x0000,0x0000,0x0000,0x0000,0x0000,0x0000,
    0x0000,0x0000,0x0000,0x0000,0x0000,0x0000,0x0000,0x0000,0x0000,0x0000,0x0000,0x0000,0x0000,0x0000,0x0000,0x0000,0x0000,0x0000,0x0000,0x0000,
    /* row 7 */
    0x0000,0x0000,0x0000,0x0000,0x0000,0x0000,0x0000,0x0000,0x0000,0x0000,0x0000,0x0000,0x0000,0x0000,0x0000,0x0000,0x0000,0x0000,0x0000,0x0000,
    0x0000,0x0000,0x0000,0x0000,0x0000,0x0000,0x0000,0x0000,0x007F,0x0000,0x0000,0x0000,0x0000,0x0000,0x0000,0x0000,0x0000,0x0000,0x0000,0x0000,
    0x0000,0x0000,0x0000,0x0000,0x0000,0x0000,0x0000,0x0000,0x0000,0x0000,0x0000,0x0000,0x0000,0x0000,0x0000,0x0000,0x0000,0x0000,0x0000,0x0000,
    0x0000,0x0000,0x0000,0x0000,0x0000,0x0000,0x0000,0x0000,0x007F,0x0000,0x0000,0x0000,0x0000,0x0000,0x0000,0x0000,0x0000,0x0000,0x0000,0x0000,
    0x0000,0x0000,0x0000,0x0000,0x0000,0x0000,0x0000,0x0000,0x007F,0x0000,0x0000,0x0000,0x0000,0x0000,0x0000,0x0000,0x0000,0x0000,0x0000,0x0000,
    0x0000,0x0000,0x0000,0x0000,0x0000,0x0000,0x0000,0x0000,0x007F,0x0000,0x0000,0x0000,0x0000,0x0000,0x0000,0x0000,0x0000,0x0000,0x0000,0x0000,
    0x0000,0x0000,0x0000,0x0000,0x0000,0x0000,0x0000,0x0000,0x007F,0x0000,0x0000,0x0000,0x0000,0x0000,0x0000,0x0000,0x0000,0x0000,0x0000,0x0000,
    0x0000,0x0000,0x0000,0x0000,0x0000,0x0000,0x0000,0x0000,0x007F,0x0000,0x0000,0x0000,0x0000,0x0000,0x0000,0x0000,0x0000,0x0000,0x0000,0x0000,
    0x0000,0x0000,0x0000,0x0000,0x0000,0x0000,0x0000,0x0000,0x0000,0x0000,0x0000,0x0000,0x0000,0x0000,0x0000,0x0000,0x0000,0x0000,0x0000,0x0000,
    0x0000,0x0000,0x0000,0x0000,0x0000,0x0000,0x0000,0x0000,0x007F,0x0000,0x0000,0x0000,0x0000,0x0000,0x0000,0x0000,0x0000,0x0000,0x0000,0x0000,
    /* row 8 */
    0x0000,0x0000,0x0000,0x0000,0x0000,0x0000,0x0000,0x0000,0x0475,0x3000,0x0000,0x0000,0x0000,0x0000,0x0000,0x0000,0x0000,0x0000,0x0000,0x0000,
    0x0000,0x0000,0x0000,0x0000,0x0000,0x0000,0x0000,0x0000,0x1FFF,0xFC00,0x0000,0x0000,0x0000,0x0000,0x0000,0x0000,0x0000,0x0000,0x0000,0x0000,
    0x0000,0x0000,0x0000,0x0000,0x0000,0x0000,0x0000,0x0000,0x0425,0x3000,0x0000,0x0000,0x0000,0x0000,0x0000,0x0000,0x0000,0x0000,0x0000,0x0000,
    0x0000,0x0000,0x0000,0x0000,0x0000,0x0000,0x0000,0x0000,0x1FFF,0xFC00,0x0000,0x0000,0x0000,0x0000,0x0000,0x0000,0x0000,0x0000,0x0000,0x0000,
    0x0000,0x0000,0x0000,0x0000,0x0000,0x0000,0x0000,0x0000,0x1FAF,0xFC00,0x0000,0x0000,0x0000,0x0000,0x0000,0x0000,0x0000,0x0000,0x0000,0x0000,
    0x0000,0x0000,0x0000,0x0000,0x0000,0x0000,0x0000,0x0000,0x1FFF,0xFC00,0x0000,0x0000,0x0000,0x0000,0x0000,0x0000,0x0000,0x0000,0x0000,0x0000,
    0x0000,0x0000,0x0000,0x0000,0x0000,0x0000,0x0000,0x0000,0x1C50,0x3C00,0x0000,0x0000,0x0000,0x0000,0x0000,0x0000,0x0000,0x0000,0x0000,0x0000,
    0x0000,0x0000,0x0000,0x0000,0x0000,0x0000,0x0000,0x0000,0x1FFF,0xFC00,0x0000,0x0000,0x0000,0x0000,0x0000,0x0000,0x0000,0x0000,0x0000,0x0000,
    0x0000,0x0000,0x0000,0x0000,0x0000,0x0000,0x0000,0x0000,0x03FF,0xC000,0x0000,0x0000,0x0000,0x0000,0x0000,0x0000,0x0000,0x0000,0x0000,0x0000,
    0x0000,0x0000,0x0000,0x0000,0x0000,0x0000,0x0000,0x0000,0x1FFF,0xFC00,0x0000,0x0000,0x0000,0x0000,0x0000,0x0000,0x0000,0x0000,0x0000,0x0000,
    /* row 9 */
    0x0000,0x0000,0x0000,0x0000,0x0000,0x0000,0x0000,0x0001,0xFFFF,0xF800,0x0000,0x0000,0x0000,0x0000,0x0000,0x0000,0x0000,0x0000,0x0000,0x0000,
    0x0000,0x0000,0x0000,0x0000,0x0000,0x0000,0x0000,0x0001,0xFFFF,0xFF80,0x0000,0x0000,0x0000,0x0000,0x0000,0x0000,0x0000,0x0000,0x0000,0x0000,
    0x0000,0x0000,0x0000,0x0000,0x0000,0x0000,0x0000,0x0001,0xDBFF,0xF800,0x0000,0x0000,0x0000,0x0000,0x0000,0x0000,0x0000,0x0000,0x0000,0x0000,
    0x0000,0x0000,0x0000,0x0000,0x0000,0x0000,0x0000,0x0001,0xFFFF,0xFF80,0x0000,0x0000,0x0000,0x0000,0x0000,0x0000,0x0000,0x0000,0x0000,0x0000,
    0x0000,0x0000,0x0000,0x0000,0x0000,0x0000,0x0000,0x0001,0xD3FF,0xFF80,0x0000,0x0000,0x0000,0x0000,0x0000,0x0000,0x0000,0x0000,0x0000,0x0000,
    0x0000,0x0000,0x0000,0x0000,0x0000,0x0000,0x0000,0x0001,0xFFFF,0xFF80,0x0000,0x0000,0x0000,0x0000,0x0000,0x0000,0x0000,0x0000,0x0000,0x0000,
    0x0000,0x0000,0x0000,0x0000,0x0000,0x0000,0x0000,0x0000,0xEFFF,0xA180,0x0000,0x0000,0x0000,0x0000,0x0000,0x0000,0x0000,0x0000,0x0000,0x0000,
    0x0000,0x0000,0x0000,0x0000,0x0000,0x0000,0x0000,0x0001,0xFFFF,0xFF80,0x0000,0x0000,0x0000,0x0000,0x0000,0x0000,0x0000,0x0000,0x0000,0x0000,
    0x0000,0x0000,0x0000,0x0000,0x0000,0x0000,0x0000,0x0000,0x3FFF,0xFE00,0x0000,0x0000,0x0000,0x0000,0x0000,0x0000,0x0000,0x0000,0x0000,0x0000,
    0x0000,0x0000,0x0000,0x0000,0x0000,0x0000,0x0000,0x0001,0xFFFF,0xFF80,0x0000,0x0000,0x0000,0x0000,0x0000,0x0000,0x0000,0x0000,0x0000,0x0000,
    /* row 10 */
    0x0000,0x0000,0x0000,0x0000,0x0000,0x0000,0x0000,0x0005,0xFF01,0xFF40,0x0000,0x0000,0x0000,0x0000,0x0006,0x7000,0x0000,0x0000,0x0000,0x0000,
    0x0000,0x0000,0x0000,0x0000,0x0000,0x0000,0x0000,0x0007,0xFFFF,0xFFE0,0x0000,0x0000,0x0000,0x0000,0x0007,0xF000,0x0000,0x0000,0x0000,0x0000,
    0x0000,0x0000,0x0000,0x0000,0x0000,0x0000,0x0000,0x0004,0x7600,0xBF40,0x0000,0x0000,0x0000,0x0000,0x0004,0x4000,0x0000,0x0000,0x0000,0x0000,
    0x0000,0x0000,0x0000,0x0000,0x0000,0x0000,0x0000,0x0007,0xFFFF,0xFFE0,0x0000,0x0000,0x0000,0x0000,0x0007,0xF000,0x0000,0x0000,0x0000,0x0000,
    0x0000,0x0000,0x0000,0x0000,0x0000,0x0000,0x0000,0x0006,0x76FE,0xBFE0,0x0000,0x0000,0x0000,0x0000,0x0007,0xF000,0x0000,0x0000,0x0000,0x0000,
    0x0000,0x0000,0x0000,0x0000,0x0000,0x0000,0x0000,0x0007,0xFFFF,0xFFE0,0x0000,0x0000,0x0000,0x0000,0x0007,0xF000,0x0000,0x0000,0x0000,0x0000,
    0x0000,0x0000,0x0000,0x0000,0x0000,0x0000,0x0000,0x0005,0xFD01,0x5460,0x0000,0x0000,0x0000,0x0000,0x0007,0xF000,0x0000,0x0000,0x0000,0x0000,
    0x0000,0x0000,0x0000,0x0000,0x0000,0x0000,0x0000,0x0007,0xFFFF,0xFFE0,0x0000,0x0000,0x0000,0x0000,0x0007,0xF000,0x0000,0x0000,0x0000,0x0000,
    0x0000,0x0000,0x0000,0x0000,0x0000,0x0000,0x0000,0x0003,0xFFFF,0xFF80,0x0000,0x0000,0x0000,0x0000,0x0000,0x0000,0x0000,0x0000,0x0000,0x0000,
    0x0000,0x0000,0x0000,0x0000,0x0000,0x0000,0x0000,0x0007,0xFFFF,0xFFE0,0x0000,0x0000,0x0000,0x0000,0x0007,0xF000,0x0000,0x0000,0x0000,0x0000,
    /* row 11 */
    0x0000,0x0000,0x0000,0x0000,0x0000,0x0000,0x0000,0x001F,0xE7FF,0xF7D0,0x0000,0x0000,0x0000,0x0000,0x002F,0xCA00,0x0000,0x0000,0x0000,0x0000,
    0x0000,0x0000,0x0000,0x0000,0x0000,0x0000,0x0000,0x003F,0xFFFF,0xFFF8,0x0000,0x0000,0x0000,0x0000,0x003F,0xFE00,0x0000,0x0000,0x0000,0x0000,
    0x0000,0x0000,0x0000,0x0000,0x0000,0x0000,0x0000,0x0013,0x87FF,0xF7D0,0x0000,0x0000,0x0000,0x0000,0x0020,0x4000,0x0000,0x0000,0x0000,0x0000,
    0x0000,0x0000,0x0000,0x0000,0x0000,0x0000,0x0000,0x003F,0xFFFF,0xFFF8,0x0000,0x0000,0x0000,0x0000,0x003F,0xFE00,0x0000,0x0000,0x0000,0x0000,
    0x0000,0x0000,0x0000,0x0000,0x0000,0x0000,0x0000,0x0033,0x9FFF,0xFFF8,0x0000,0x0000,0x0000,0x0000,0x0030,0x7600,0x0000,0x0000,0x0000,0x0000,
    0x0000,0x0000,0x0000,0x0000,0x0000,0x0000,0x0000,0x003F,0xFFFF,0xFFF8,0x0000,0x0000,0x0000,0x0000,0x003F,0xFE00,0x0000,0x0000,0x0000,0x0000,
    0x0000,0x0000,0x0000,0x0000,0x0000,0x0000,0x0000,0x003F,0xE7FF,0xF298,0x0000,0x0000,0x0000,0x0000,0x002F,0xCA00,0x0000,0x0000,0x0000,0x0000,
    0x0000,0x0000,0x0000,0x0000,0x0000,0x0000,0x0000,0x003F,0xFFFF,0xFFF8,0x0000,0x0000,0x0000,0x0000,0x003F,0xFE00,0x0000,0x0000,0x0000,0x0000,
    0x0000,0x0000,0x0000,0x0000,0x0000,0x0000,0x0000,0x000F,0xF800,0x0FE0,0x0000,0x0000,0x0000,0x0000,0x001F,0xBC00,0x0000,0x0000,0x0000,0x0000,
    0x0000,0x0000,0x0000,0x0000,0x0000,0x0000,0x0000,0x003F,0xFFFF,0xFFF8,0x0000,0x0000,0x0000,0x0000,0x003F,0xFE00,0x0000,0x0000,0x0000,0x0000,
    /* row 12 */
    0x0000,0x0000,0x0000,0x0000,0x0000,0x0000,0x0000,0x003F,0xBFFF,0xFFF4,0x0000,0x0000,0x0000,0x0000,0x006D,0x7A80,0x0000,0x0000,0x0000,0x0000,
    0x0000,0x0000,0x0000,0x0000,0x0000,0x0000,0x0000,0x00FF,0xFFFF,0xFFFC,0x0000,0x0000,0x0000,0x0000,0x00FF,0xFF80,0x0000,0x0000,0x0000,0x0000,
    0x0000,0x0000,0x0000,0x0000,0x0000,0x0000,0x0000,0x001E,0xBFFF,0xFFE4,0x0000,0x0000,0x0000,0x0000,0x0067,0xBA80,0x0000,0x0000,0x0000,0x0000,
    0x0000,0x0000,0x0000,0x0000,0x0000,0x0000,0x0000,0x00FF,0xFFFF,0xFFFC,0x0000,0x0000,0x0000,0x0000,0x00FF,0xFF80,0x0000,0x0000,0x0000,0x0000,
    0x0000,0x0000,0x0000,0x0000,0x0000,0x0000,0x0000,0x00DE,0xFFFF,0xFFEC,0x0000,0x0000,0x0000,0x0000,0x00F7,0xBF80,0x0000,0x0000,0x0000,0x0000,
    0x0000,0x0000,0x0000,0x0000,0x0000,0x0000,0x0000,0x00FF,0xFFFF,0xFFFC,0x0000,0x0000,0x0000,0x0000,0x00FF,0xFF80,0x0000,0x0000,0x0000,0x0000,
    0x0000,0x0000,0x0000,0x0000,0x0000,0x0000,0x0000,0x00BD,0xBFFF,0xFE54,0x0000,0x0000,0x0000,0x0000,0x00EF,0xF800,0x0000,0x0000,0x0000,0x0000,
    0x0000,0x0000,0x0000,0x0000,0x0000,0x0000,0x0000,0x00FF,0xFFFF,0xFFFC,0x0000,0x0000,0x0000,0x0000,0x00FF,0xFF80,0x0000,0x0000,0x0000,0x0000,
    0x0000,0x0000,0x0000,0x0000,0x0000,0x0000,0x0000,0x007F,0x4000,0x01F8,0x0000,0x0000,0x0000,0x0000,0x001F,0xC700,0x0000,0x0000,0x0000,0x0000,
    0x0000,0x0000,0x0000,0x0000,0x0000,0x0000,0x0000,0x00FF,0xFFFF,0xFFFC,0x0000,0x0000,0x0000,0x0000,0x00FF,0xFF80,0x0000,0x0000,0x0000,0x0000,
    /* row 13 */
    0x0000,0x0000,0x0000,0x0000,0x0000,0x0000,0x0000,0x01FF,0xFFFF,0xFFBB,0x0000,0x0000,0x0000,0x0000,0x01FF,0xFFC0,0x0000,0x0000,0x0000,0x0000,
    0x0000,0x0000,0x0000,0x0000,0x0000,0x0000,0x0000,0x01FF,0xFFFF,0xFFFF,0x0000,0x0000,0x0000,0x0000,0x03FF,0xFFC0,0x0000,0x0000,0x0000,0x0000,
    0x0000,0x0000,0x0000,0x0000,0x0000,0x0000,0x0000,0x0167,0xFFFF,0xFFBB,0x0000,0x0000,0x0000,0x0000,0x01FF,0xBE40,0x0000,0x0000,0x0000,0x0000,
    0x0000,0x0000,0x0000,0x0000,0x0000,0x0000,0x0000,0x01FF,0xFFFF,0xFFFF,0x0000,0x0000,0x0000,0x0000,0x03FF,0xFFC0,0x0000,0x0000,0x0000,0x0000,
    0x0000,0x0000,0x0000,0x0000,0x0000,0x0000,0x0000,0x0167,0xFFFF,0xFFFF,0x0000,0x0000,0x0000,0x0000,0x03FF,0xBE40,0x0000,0x0000,0x0000,0x0000,
    0x0000,0x0000,0x0000,0x0000,0x0000,0x0000,0x0000,0x01FF,0xFFFF,0xFFFF,0x0000,0x0000,0x0000,0x0000,0x03FF,0xFFC0,0x0000,0x0000,0x0000,0x0000,
    0x0000,0x0000,0x0000,0x0000,0x0000,0x0000,0x0000,0x01FF,0xFFFF,0xFF8A,0x0000,0x0000,0x0000,0x0000,0x03FF,0xFF80,0x0000,0x0000,0x0000,0x0000,
    0x0000,0x0000,0x0000,0x0000,0x0000,0x0000,0x0000,0x01FF,0xFFFF,0xFFFF,0x0000,0x0000,0x0000,0x0000,0x03FF,0xFFC0,0x0000,0x0000,0x0000,0x0000,
    0x0000,0x0000,0x0000,0x0000,0x0000,0x0000,0x0000,0x00F8,0x0000,0x007C,0x0000,0x0000,0x0000,0x0000,0x001F,0xC180,0x0000,0x0000,0x0000,0x0000,
    0x0000,0x0000,0x0000,0x0000,0x0000,0x0000,0x0000,0x01FF,0xFFFF,0xFFFF,0x0000,0x0000,0x0000,0x0000,0x03FF,0xFFC0,0x0000,0x0000,0x0000,0x0000,
    /* row 14 */
    0x0000,0x0000,0x0000,0x0000,0x0000,0x0000,0x0000,0x01CB,0xFFFF,0xFFEF,0x0000,0x0000,0x0000,0x0000,0x033F,0xFF60,0x0000,0x0000,0x0000,0x0000,
    0x0000,0x0000,0x0000,0x0000,0x0000,0x0000,0x0000,0x07FF,0xFFFF,0xFFFF,0x8000,0x0000,0x0000,0x0000,0x07FF,0xFFE0,0x0000,0x0000,0x0000,0x0000,
    0x0000,0x0000,0x0000,0x0000,0x0000,0x0000,0x0000,0x01CB,0xFFFF,0xFFEF,0x0000,0x0000,0x0000,0x0000,0x011F,0xBEA0,0x0000,0x0000,0x0000,0x0000,
    0x0000,0x0000,0x0000,0x0000,0x0000,0x0000,0x0000,0x07FF,0xFFFF,0xFFFF,0x8000,0x0000,0x0000,0x0000,0x07FF,0xFFE0,0x0000,0x0000,0x0000,0x0000,
    0x0000,0x0000,0x0000,0x0000,0x0000,0x0000,0x0000,0x07FF,0xFFFF,0xFFFF,0x8000,0x0000,0x0000,0x0000,0x05DF,0xBEA0,0x0000,0x0000,0x0000,0x0000,
    0x0000,0x0000,0x0000,0x0000,0x0000,0x0000,0x0000,0x07FF,0xFFFF,0xFFFF,0x8000,0x0000,0x0000,0x0000,0x07FF,0xFFE0,0x0000,0x0000,0x0000,0x0000,
    0x0000,0x0000,0x0000,0x0000,0x0000,0x0000,0x0000,0x05CB,0xFFFF,0xFFE5,0x8000,0x0000,0x0000,0x0000,0x073F,0xFFC0,0x0000,0x0000,0x0000,0x0000,
    0x0000,0x0000,0x0000,0x0000,0x0000,0x0000,0x0000,0x07FF,0xFFFF,0xFFFF,0x8000,0x0000,0x0000,0x0000,0x07FF,0xFFE0,0x0000,0x0000,0x0000,0x0000,
    0x0000,0x0000,0x0000,0x0000,0x0000,0x0000,0x0000,0x03F4,0x0000,0x001E,0x0000,0x0000,0x0000,0x0000,0x03FF,0xC1C0,0x0000,0x0000,0x0000,0x0000,
    0x0000,0x0000,0x0000,0x0000,0x0000,0x0000,0x0000,0x07FF,0xFFFF,0xFFFF,0x8000,0x0000,0x0000,0x0000,0x07FF,0xFFE0,0x0000,0x0000,0x0000,0x0000,
    /* row 15 */
    0x0000,0x0000,0x0000,0x0000,0x0000,0x0000,0x0000,0x0797,0xFFFF,0xFFF2,0x8000,0x0000,0x0000,0x0000,0x06FF,0xBEB0,0x0000,0x0000,0x0000,0x0000,
    0x0000,0x0000,0x0000,0x0000,0x0000,0x0000,0x0000,0x0FFF,0xFFFF,0xFFFF,0xC000,0x0000,0x0000,0x0000,0x07FF,0xFFF0,0x0000,0x0000,0x0000,0x0000,
    0x0000,0x0000,0x0000,0x0000,0x0000,0x0000,0x0000,0x0217,0xFFFF,0xFFF0,0x8000,0x0000,0x0000,0x0000,0x039F,0xBED0,0x0000,0x0000,0x0000,0x0000,
    0x0000,0x0000,0x0000,0x0000,0x0000,0x0000,0x0000,0x0FFF,0xFFFF,0xFFFF,0xC000,0x0000,0x0000,0x0000,0x07FF,0xFFF0,0x0000,0x0000,0x0000,0x0000,
    0x0000,0x0000,0x0000,0x0000,0x0000,0x0000,0x0000,0x0A7F,0xFFFF,0xFFFD,0xC000,0x0000,0x0000,0x0000,0x039F,0xFFD0,0x0000,0x0000,0x0000,0x0000,
    0x0000,0x0000,0x0000,0x0000,0x0000,0x0000,0x0000,0x0FFF,0xFFFF,0xFFFF,0xC000,0x0000,0x0000,0x0000,0x07FF,0xFFF0,0x0000,0x0000,0x0000,0x0000,
    0x0000,0x0000,0x0000,0x0000,0x0000,0x0000,0x0000,0x0797,0xFFFF,0xFFF2,0xC000,0x0000,0x0000,0x0000,0x07FF,0xBEE0,0x0000,0x0000,0x0000,0x0000,
    0x0000,0x0000,0x0000,0x0000,0x0000,0x0000,0x0000,0x0FFF,0xFFFF,0xFFFF,0xC000,0x0000,0x0000,0x0000,0x07FF,0xFFF0,0x0000,0x0000,0x0000,0x0000,
    0x0000,0x0000,0x0000,0x0000,0x0000,0x0000,0x0000,0x0FE8,0x0000,0x000F,0x0000,0x0000,0x0000,0x0000,0x07FF,0xC1E0,0x0000,0x0000,0x0000,0x0000,
    0x0000,0x0000,0x0000,0x0000,0x0000,0x0000,0x0000,0x0FFF,0xFFFF,0xFFFF,0xC000,0x0000,0x0000,0x0000,0x07FF,0xFFF0,0x0000,0x0000,0x0000,0x0000,
    /* row 16 */
    0x0000,0x0000,0x0000,0x0000,0x0000,0x0000,0x0000,0x3F2F,0xFFFF,0xFFFD,0x4000,0x0000,0x0000,0x0000,0x07D7,0xAED8,0x0000,0x0000,0x0000,0x0000,
    0x0000,0x0000,0x0000,0x0000,0x0000,0x0000,0x0000,0x3FFF,0xFFFF,0xFFFF,0xE000,0x0000,0x0000,0x0000,0x0FFF,0xFFF8,0x0000,0x0000,0x0000,0x0000,
    0x0000,0x0000,0x0000,0x0000,0x0000,0x0000,0x0000,0x2C2F,0xFFFF,0xFFFD,0x4000,0x0000,0x0000,0x0000,0x0781,0xAEE8,0x0000,0x0000,0x0000,0x0000,
    0x0000,0x0000,0x0000,0x0000,0x0000,0x0000,0x0000,0x3FFF,0xFFFF,0xFFFF,0xE000,0x0000,0x0000,0x0000,0x0FFF,0xFFF8,0x0000,0x0000,0x0000,0x0000,
    0x0000,0x0000,0x0000,0x0000,0x0000,0x0000,0x0000,0x2CFF,0xFFFF,0xFFFF,0xE000,0x0000,0x0000,0x0000,0x0FA9,0xFFE8,0x0000,0x0000,0x0000,0x0000,
    0x0000,0x0000,0x0000,0x0000,0x0000,0x0000,0x0000,0x3FFF,0xFFFF,0xFFFF,0xE000,0x0000,0x0000,0x0000,0x0FFF,0xFFF8,0x0000,0x0000,0x0000,0x0000,
    0x0000,0x0000,0x0000,0x0000,0x0000,0x0000,0x0000,0x1F2F,0xFFFF,0xFFFC,0x6000,0x0000,0x0000,0x0000,0x07D7,0xAEF0,0x0000,0x0000,0x0000,0x0000,
    0x0000,0x0000,0x0000,0x0000,0x0000,0x0000,0x0000,0x3FFF,0xFFFF,0xFFFF,0xE000,0x0000,0x0000,0x0000,0x0FFF,0xFFF8,0x0000,0x0000,0x0000,0x0000,
    0x0000,0x0000,0x0000,0x0000,0x0000,0x0000,0x0000,0x1FD0,0x0000,0x0003,0x8000,0x0000,0x0000,0x0000,0x0FFF,0xD1F0,0x0000,0x0000,0x0000,0x0000,
    0x0000,0x0000,0x0000,0x0000,0x0000,0x0000,0x0000,0x3FFF,0xFFFF,0xFFFF,0xE000,0x0000,0x0000,0x0000,0x0FFF,0xFFF8,0x0000,0x0000,0x0000,0x0000,
    /* row 17 */
    0x0000,0x0000,0x0000,0x0000,0x0000,0x0000,0x0000,0x3E5F,0xFFFF,0xFFFE,0xE000,0x0000,0x0000,0x0000,0x0FE4,0x9EF8,0x0000,0x0000,0x0000,0x0000,
    0x0000,0x0000,0x0000,0x0000,0x0000,0x0000,0x0000,0x7FFF,0xFFFF,0xFFFF,0xF000,0x0000,0x0000,0x0000,0x1FFF,0xFFF8,0x0000,0x0000,0x0000,0x0000,
    0x0000,0x0000,0x0000,0x0000,0x0000,0x0000,0x0000,0x185F,0xFFFF,0xFFFE,0xE000,0x0000,0x0000,0x0000,0x0FC4,0x1EE0,0x0000,0x0000,0x0000,0x0000,
    0x0000,0x0000,0x0000,0x0000,0x0000,0x0000,0x0000,0x7FFF,0xFFFF,0xFFFF,0xF000,0x0000,0x0000,0x0000,0x1FFF,0xFFF8,0x0000,0x0000,0x0000,0x0000,
    0x0000,0x0000,0x0000,0x0000,0x0000,0x0000,0x0000,0x59FF,0xFFFF,0xFFFF,0xF000,0x0000,0x0000,0x0000,0x1FDF,0x7FE8,0x0000,0x0000,0x0000,0x0000,
    0x0000,0x0000,0x0000,0x0000,0x0000,0x0000,0x0000,0x7FFF,0xFFFF,0xFFFF,0xF000,0x0000,0x0000,0x0000,0x1FFF,0xFFF8,0x0000,0x0000,0x0000,0x0000,
    0x0000,0x0000,0x0000,0x0000,0x0000,0x0000,0x0000,0x7E5F,0xFFFF,0xFFFE,0x7000,0x0000,0x0000,0x0000,0x1FA4,0x9EF8,0x0000,0x0000,0x0000,0x0000,
    0x0000,0x0000,0x0000,0x0000,0x0000,0x0000,0x0000,0x7FFF,0xFFFF,0xFFFF,0xF000,0x0000,0x0000,0x0000,0x1FFF,0xFFF8,0x0000,0x0000,0x0000,0x0000,
    0x0000,0x0000,0x0000,0x0000,0x0000,0x0000,0x0000,0x3FA0,0x0000,0x0001,0x8000,0x0000,0x0000,0x0000,0x0FFB,0xE1F0,0x0000,0x0000,0x0000,0x0000,
    0x0000,0x0000,0x0000,0x0000,0x0000,0x0000,0x0000,0x7FFF,0xFFFF,0xFFFF,0xF000,0x0000,0x0000,0x0000,0x1FFF,0xFFF8,0x0000,0x0000,0x0000,0x0000,
    /* row 18 */
    0x0000,0x0000,0x0000,0x0000,0x0000,0x0000,0x0000,0x7CAF,0xFFFF,0xFFFE,0xF000,0x0000,0x0000,0x0000,0x1FD2,0xF3F0,0x0000,0x0000,0x0000,0x0000,
    0x0000,0x0000,0x0000,0x0000,0x0000,0x0000,0x0000,0xFFFF,0xFFFF,0xFFFF,0xF800,0x0000,0x0000,0x0000,0x1FFF,0xFFFC,0x0000,0x0000,0x0000,0x0000,
    0x0000,0x0000,0x0000,0x0000,0x0000,0x0000,0x0000,0x30AF,0xFFFF,0xFFFE,0xF000,0x0000,0x0000,0x0000,0x0702,0xA3D0,0x0000,0x0000,0x0000,0x0000,
    0x0000,0x0000,0x0000,0x0000,0x0000,0x0000,0x0000,0xFFFF,0xFFFF,0xFFFF,0xF800,0x0000,0x0000,0x0000,0x1FFF,0xFFFC,0x0000,0x0000,0x0000,0x0000,
    0x0000,0x0000,0x0000,0x0000,0x0000,0x0000,0x0000,0xB3FF,0xFFFF,0xFFFF,0xF800,0x0000,0x0000,0x0000,0x072F,0xAFD4,0x0000,0x0000,0x0000,0x0000,
    0x0000,0x0000,0x0000,0x0000,0x0000,0x0000,0x0000,0xFFFF,0xFFFF,0xFFFF,0xF800,0x0000,0x0000,0x0000,0x1FFF,0xFFFC,0x0000,0x0000,0x0000,0x0000,
    0x0000,0x0000,0x0000,0x0000,0x0000,0x0000,0x0000,0xFCAF,0xFFFF,0xFFFE,0x3800,0x0000,0x0000,0x0000,0x1FD2,0xF3F4,0x0000,0x0000,0x0000,0x0000,
    0x0000,0x0000,0x0000,0x0000,0x0000,0x0000,0x0000,0xFFFF,0xFFFF,0xFFFF,0xF800,0x0000,0x0000,0x0000,0x1FFF,0xFFFC,0x0000,0x0000,0x0000,0x0000,
    0x0000,0x0000,0x0000,0x0000,0x0000,0x0000,0x0000,0x7F50,0x0000,0x0001,0xC000,0x0000,0x0000,0x0000,0x1FFD,0x7CF8,0x0000,0x0000,0x0000,0x0000,
    0x0000,0x0000,0x0000,0x0000,0x0000,0x0000,0x0000,0xFFFF,0xFFFF,0xFFFF,0xF800,0x0000,0x0000,0x0000,0x1FFF,0xFFFC,0x0000,0x0000,0x0000,0x0000,
    /* row 19 */
    0x0000,0x0000,0x0000,0x0000,0x0000,0x0000,0x0001,0xFE5F,0xFFFF,0xFFFF,0x5800,0x0000,0x0000,0x0000,0x1FE5,0xEFF8,0x0000,0x0000,0x0000,0x0000,
    0x0000,0x0000,0x0000,0x0000,0x0000,0x0000,0x0001,0xFFFF,0xFFFF,0xFFFF,0xFC00,0x0000,0x0000,0x0000,0x3FFF,0xFFFC,0x0000,0x0000,0x0000,0x0000,
    0x0000,0x0000,0x0000,0x0000,0x0000,0x0000,0x0001,0x605F,0xFFFF,0xFFFF,0x5800,0x0000,0x0000,0x0000,0x0F45,0xBE20,0x0000,0x0000,0x0000,0x0000,
    0x0000,0x0000,0x0000,0x0000,0x0000,0x0000,0x0001,0xFFFF,0xFFFF,0xFFFF,0xFC00,0x0000,0x0000,0x0000,0x3FFF,0xFFFC,0x0000,0x0000,0x0000,0x0000,
    0x0000,0x0000,0x0000,0x0000,0x0000,0x0000,0x0001,0x61FF,0xFFFF,0xFFFF,0xFC00,0x0000,0x0000,0x0000,0x2F5F,0xBE24,0x0000,0x0000,0x0000,0x0000,
    0x0000,0x0000,0x0000,0x0000,0x0000,0x0000,0x0001,0xFFFF,0xFFFF,0xFFFF,0xFC00,0x0000,0x0000,0x0000,0x3FFF,0xFFFC,0x0000,0x0000,0x0000,0x0000,
    0x0000,0x0000,0x0000,0x0000,0x0000,0x0000,0x0000,0xFE5F,0xFFFF,0xFFFF,0x1C00,0x0000,0x0000,0x0000,0x3FA5,0xFFFC,0x0000,0x0000,0x0000,0x0000,
    0x0000,0x0000,0x0000,0x0000,0x0000,0x0000,0x0001,0xFFFF,0xFFFF,0xFFFF,0xFC00,0x0000,0x0000,0x0000,0x3FFF,0xFFFC,0x0000,0x0000,0x0000,0x0000,
    0x0000,0x0000,0x0000,0x0000,0x0000,0x0000,0x0000,0xFFA0,0x0000,0x0000,0xE000,0x0000,0x0000,0x0000,0x1FFA,0x7FF8,0x0000,0x0000,0x0000,0x0000,
    0x0000,0x0000,0x0000,0x0000,0x0000,0x0000,0x0001,0xFFFF,0xFFFF,0xFFFF,0xFC00,0x0000,0x0000,0x0000,0x3FFF,0xFFFC,0x0000,0x0000,0x0000,0x0000,
    /* row 20 */
    0x0000,0x0000,0x0000,0x0000,0x0000,0x0000,0x0000,0xFCAF,0xFFFF,0xFFFF,0xDE00,0x0000,0x0000,0x0000,0x3FC2,0xFD56,0x0000,0x0000,0x0000,0x0000,
    0x0000,0x0000,0x0000,0x0000,0x0000,0x0000,0x0001,0xFFFF,0xFFFF,0xFFFF,0xFE00,0x0000,0x0000,0x0000,0x3FFF,0xFFFE,0x0000,0x0000,0x0000,0x0000,
    0x0000,0x0000,0x0000,0x0000,0x0000,0x0000,0x0000,0xC0AF,0xFFFF,0xFFFF,0xDE00,0x0000,0x0000,0x0000,0x0702,0xFF44,0x0000,0x0000,0x0000,0x0000,
    0x0000,0x0000,0x0000,0x0000,0x0000,0x0000,0x0001,0xFFFF,0xFFFF,0xFFFF,0xFE00,0x0000,0x0000,0x0000,0x3FFF,0xFFFE,0x0000,0x0000,0x0000,0x0000,
    0x0000,0x0000,0x0000,0x0000,0x0000,0x0000,0x0001,0xC3FF,0xFFFF,0xFFFF,0xFE00,0x0000,0x0000,0x0000,0x273F,0xFFEE,0x0000,0x0000,0x0000,0x0000,
    0x0000,0x0000,0x0000,0x0000,0x0000,0x0000,0x0001,0xFFFF,0xFFFF,0xFFFF,0xFE00,0x0000,0x0000,0x0000,0x3FFF,0xFFFE,0x0000,0x0000,0x0000,0x0000,
    0x0000,0x0000,0x0000,0x0000,0x0000,0x0000,0x0000,0xFCAF,0xFFFF,0xFFFF,0x9C00,0x0000,0x0000,0x0000,0x3FC2,0xFFF6,0x0000,0x0000,0x0000,0x0000,
    0x0000,0x0000,0x0000,0x0000,0x0000,0x0000,0x0001,0xFFFF,0xFFFF,0xFFFF,0xFE00,0x0000,0x0000,0x0000,0x3FFF,0xFFFE,0x0000,0x0000,0x0000,0x0000,
    0x0000,0x0000,0x0000,0x0000,0x0000,0x0000,0x0001,0xFF50,0x0000,0x0000,0x6000,0x0000,0x0000,0x0000,0x1FFD,0x7F18,0x0000,0x0000,0x0000,0x0000,
    0x0000,0x0000,0x0000,0x0000,0x0000,0x0000,0x0001,0xFFFF,0xFFFF,0xFFFF,0xFE00,0x0000,0x0000,0x0000,0x3FFF,0xFFFE,0x0000,0x0000,0x0000,0x0000,
    /* row 21 */
    0x0000,0x0000,0x0000,0x0000,0x0000,0x0000,0x0003,0xF95F,0xFFFF,0xFFFF,0xAC00,0x0000,0x0000,0x0000,0x1F85,0x7F82,0x0000,0x0000,0x0000,0x0000,
    0x0000,0x0000,0x0000,0x0000,0x0000,0x0000,0x0003,0xFFFF,0xFFFF,0xFFFF,0xFE00,0x0000,0x0000,0x0000,0x3FFF,0xFFFE,0x0000,0x0000,0x0000,0x0000,
    0x0000,0x0000,0x0000,0x0000,0x0000,0x0000,0x0002,0x815F,0xFFFF,0xFFFF,0xAC00,0x0000,0x0000,0x0000,0x0A05,0x6A80,0x0000,0x0000,0x0000,0x0000,
    0x0000,0x0000,0x0000,0x0000,0x0000,0x0000,0x0003,0xFFFF,0xFFFF,0xFFFF,0xFE00,0x0000,0x0000,0x0000,0x3FFF,0xFFFE,0x0000,0x0000,0x0000,0x0000,
    0x0000,0x0000,0x0000,0x0000,0x0000,0x0000,0x0002,0x87FF,0xFFFF,0xFFFF,0xFE00,0x0000,0x0000,0x0000,0x2A7F,0xEAFC,0x0000,0x0000,0x0000,0x0000,
    0x0000,0x0000,0x0000,0x0000,0x0000,0x0000,0x0003,0xFFFF,0xFFFF,0xFFFF,0xFE00,0x0000,0x0000,0x0000,0x3FFF,0xFFFE,0x0000,0x0000,0x0000,0x0000,
    0x0000,0x0000,0x0000,0x0000,0x0000,0x0000,0x0003,0xF95F,0xFFFF,0xFFFF,0x9C00,0x0000,0x0000,0x0000,0x1F85,0x7FFE,0x0000,0x0000,0x0000,0x0000,
    0x0000,0x0000,0x0000,0x0000,0x0000,0x0000,0x0003,0xFFFF,0xFFFF,0xFFFF,0xFE00,0x0000,0x0000,0x0000,0x3FFF,0xFFFE,0x0000,0x0000,0x0000,0x0000,
    0x0000,0x0000,0x0000,0x0000,0x0000,0x0000,0x0001,0xFEA0,0x0000,0x0000,0x6200,0x0000,0x0000,0x0000,0x3FFA,0xFF02,0x0000,0x0000,0x0000,0x0000,
    0x0000,0x0000,0x0000,0x0000,0x0000,0x0000,0x0003,0xFFFF,0xFFFF,0xFFFF,0xFE00,0x0000,0x0000,0x0000,0x3FFF,0xFFFE,0x0000,0x0000,0x0000,0x0000,
    /* row 22 */
    0x0000,0x0000,0x0000,0x0000,0x0000,0x0000,0x0001,0xF2BF,0xFEAB,0xFFFF,0x9700,0x0000,0x0000,0x0000,0x4F4B,0x7F02,0x0000,0x0000,0x0000,0x0000,
    0x0000,0x0000,0x0000,0x0000,0x0000,0x0000,0x0007,0xFFFF,0xFFFF,0xFFFF,0xFF00,0x0000,0x0000,0x0000,0x7FFF,0xFFFE,0x0000,0x0000,0x0000,0x0000,
    0x0000,0x0000,0x0000,0x0000,0x0000,0x0000,0x0001,0xC2BF,0xFEAB,0xFFFF,0x9700,0x0000,0x0000,0x0000,0x540B,0x5400,0x0000,0x0000,0x0000,0x0000,
    0x0000,0x0000,0x0000,0x0000,0x0000,0x0000,0x0007,0xFFFF,0xFFFF,0xFFFF,0xFF00,0x0000,0x0000,0x0000,0x7FFF,0xFFFE,0x0000,0x0000,0x0000,0x0000,
    0x0000,0x0000,0x0000,0x0000,0x0000,0x0000,0x0007,0xCFFF,0xFFFF,0xFFFF,0xFF00,0x0000,0x0000,0x0000,0x74BF,0xD4FE,0x0000,0x0000,0x0000,0x0000,
    0x0000,0x0000,0x0000,0x0000,0x0000,0x0000,0x0007,0xFFFF,0xFFFF,0xFFFF,0xFF00,0x0000,0x0000,0x0000,0x7FFF,0xFFFE,0x0000,0x0000,0x0000,0x0000,
    0x0000,0x0000,0x0000,0x0000,0x0000,0x0000,0x0005,0xF2BF,0xFEAB,0xFFFF,0x9F00,0x0000,0x0000,0x0000,0x2F4B,0x7FFE,0x0000,0x0000,0x0000,0x0000,
    0x0000,0x0000,0x0000,0x0000,0x0000,0x0000,0x0007,0xFFFF,0xFFFF,0xFFFF,0xFF00,0x0000,0x0000,0x0000,0x7FFF,0xFFFE,0x0000,0x0000,0x0000,0x0000,
    0x0000,0x0000,0x0000,0x0000,0x0000,0x0000,0x0003,0xFD40,0x0154,0x0000,0x6000,0x0000,0x0000,0x0000,0x1FF4,0xFF00,0x0000,0x0000,0x0000,0x0000,
    0x0000,0x0000,0x0000,0x0000,0x0000,0x0000,0x0007,0xFFFF,0xFFFF,0xFFFF,0xFF00,0x0000,0x0000,0x0000,0x7FFF,0xFFFE,0x0000,0x0000,0x0000,0x0000,
    /* row 23 */
    0x0000,0x0000,0x0000,0x0000,0x0000,0x0000,0x000F,0xE17F,0xF5BD,0xFFFF,0xE780,0x0000,0x0000,0x0000,0x6A96,0xFF14,0x0000,0x0000,0x0000,0x0000,
    0x0000,0x0000,0x0000,0x0000,0x0000,0x0000,0x000F,0xFFFF,0xFFFF,0xFFFF,0xFF80,0x0000,0x0000,0x0000,0x7FFF,0xFFFE,0x0000,0x0000,0x0000,0x0000,
    0x0000,0x0000,0x0000,0x0000,0x0000,0x0000,0x000D,0x897F,0xF5BD,0xFFFF,0xE780,0x0000,0x0000,0x0000,0x6816,0x0016,0x0000,0x0000,0x0000,0x0000,
    0x0000,0x0000,0x0000,0x0000,0x0000,0x0000,0x000F,0xFFFF,0xFFFF,0xFFFF,0xFF80,0x0000,0x0000,0x0000,0x7FFF,0xFFFE,0x0000,0x0000,0x0000,0x0000,
    0x0000,0x0000,0x0000,0x0000,0x0000,0x0000,0x000D,0x9FFF,0xFFFF,0xFFFF,0xFF80,0x0000,0x0000,0x0000,0x7D7F,0x00FE,0x0000,0x0000,0x0000,0x0000,
    0x0000,0x0000,0x0000,0x0000,0x0000,0x0000,0x000F,0xFFFF,0xFFFF,0xFFFF,0xFF80,0x0000,0x0000,0x0000,0x7FFF,0xFFFE,0x0000,0x0000,0x0000,0x0000,
    0x0000,0x0000,0x0000,0x0000,0x0000,0x0000,0x0007,0xE17F,0xF5FD,0xFFFF,0xDF80,0x0000,0x0000,0x0000,0x3A97,0xFFE8,0x0000,0x0000,0x0000,0x0000,
    0x0000,0x0000,0x0000,0x0000,0x0000,0x0000,0x000F,0xFFFF,0xFFFF,0xFFFF,0xFF80,0x0000,0x0000,0x0000,0x7FFF,0xFFFE,0x0000,0x0000,0x0000,0x0000,
    0x0000,0x0000,0x0000,0x0000,0x0000,0x0000,0x0003,0xFE80,0x0A02,0x0000,0x2000,0x0000,0x0000,0x0000,0x07E8,0xFF02,0x0000,0x0000,0x0000,0x0000,
    0x0000,0x0000,0x0000,0x0000,0x0000,0x0000,0x000F,0xFFFF,0xFFFF,0xFFFF,0xFF80,0x0000,0x0000,0x0000,0x7FFF,0xFFFE,0x0000,0x0000,0x0000,0x0000,
    /* row 24 */
    0x0000,0x0000,0x0000,0x0000,0x0000,0x0000,0x0007,0xC2FF,0xEDF4,0xFFFF,0xD780,0x0000,0x0000,0x0000,0x05B5,0xFFAA,0x0000,0x0000,0x0000,0x0000,
    0x0000,0x0000,0x0000,0x0000,0x0000,0x0000,0x000F,0xFFFF,0xFFFF,0xFFFF,0xFFC0,0x0000,0x0000,0x0000,0x7FFF,0xFFFE,0x0000,0x0000,0x0000,0x0000,
    0x0000,0x0000,0x0000,0x0000,0x0000,0x0000,0x0005,0x02FF,0xEDF4,0xFFFF,0xD780,0x0000,0x0000,0x0000,0x0575,0x00A8,0x0000,0x0000,0x0000,0x0000,
    0x0000,0x0000,0x0000,0x0000,0x0000,0x0000,0x000F,0xFFFF,0xFFFF,0xFFFF,0xFFC0,0x0000,0x0000,0x0000,0x7FFF,0xFFFE,0x0000,0x0000,0x0000,0x0000,
    0x0000,0x0000,0x0000,0x0000,0x0000,0x0000,0x000D,0x3FFF,0xFF1F,0xFFFF,0xFFC0,0x0000,0x0000,0x0000,0x7F7F,0x00FE,0x0000,0x0000,0x0000,0x0000,
    0x0000,0x0000,0x0000,0x0000,0x0000,0x0000,0x000F,0xFFFF,0xFFFF,0xFFFF,0xFFC0,0x0000,0x0000,0x0000,0x7FFF,0xFFFE,0x0000,0x0000,0x0000,0x0000,
    0x0000,0x0000,0x0000,0x0000,0x0000,0x0000,0x000F,0xC2FF,0xEE0C,0xFFFF,0xDFC0,0x0000,0x0000,0x0000,0x7DBF,0xFF56,0x0000,0x0000,0x0000,0x0000,
    0x0000,0x0000,0x0000,0x0000,0x0000,0x0000,0x000F,0xFFFF,0xFFFF,0xFFFF,0xFFC0,0x0000,0x0000,0x0000,0x7FFF,0xFFFE,0x0000,0x0000,0x0000,0x0000,
    0x0000,0x0000,0x0000,0x0000,0x0000,0x0000,0x0003,0xFD00,0x1003,0x0000,0x2000,0x0000,0x0000,0x0000,0x03C0,0xFF00,0x0000,0x0000,0x0000,0x0000,
    0x0000,0x0000,0x0000,0x0000,0x0000,0x0000,0x000F,0xFFFF,0xFFFF,0xFFFF,0xFFC0,0x0000,0x0000,0x0000,0x7FFF,0xFFFE,0x0000,0x0000,0x0000,0x0000,
    /* row 25 */
    0x0000,0x0000,0x0000,0x0000,0x0000,0x0000,0x001F,0x97FF,0x97FC,0xFFFF,0xC6E0,0x0000,0x0000,0x0000,0x43F5,0xFF54,0x0000,0x0000,0x0000,0x0000,
    0x0000,0x0000,0x0000,0x0000,0x0000,0x0000,0x001F,0xFFFF,0xFFFF,0xFFFF,0xFFE0,0x0000,0x0000,0x0000,0x7FFF,0xFFFE,0x0000,0x0000,0x0000,0x0000,
    0x0000,0x0000,0x0000,0x0000,0x0000,0x0000,0x001E,0x17FF,0x97FC,0xFFFF,0xC6E0,0x0000,0x0000,0x0000,0x4088,0x8054,0x0000,0x0000,0x0000,0x0000,
    0x0000,0x0000,0x0000,0x0000,0x0000,0x0000,0x001F,0xFFFF,0xFFFF,0xFFFF,0xFFE0,0x0000,0x0000,0x0000,0x7FFF,0xFFFE,0x0000,0x0000,0x0000,0x0000,
    0x0000,0x0000,0x0000,0x0000,0x0000,0x0000,0x001E,0x7FFF,0xF80F,0xFFFF,0xFFE0,0x0000,0x0000,0x0000,0x7C8E,0x81FC,0x0000,0x0000,0x0000,0x0000,
    0x0000,0x0000,0x0000,0x0000,0x0000,0x0000,0x001F,0xFFFF,0xFFFF,0xFFFF,0xFFE0,0x0000,0x0000,0x0000,0x7FFF,0xFFFE,0x0000,0x0000,0x0000,0x0000,
    0x0000,0x0000,0x0000,0x0000,0x0000,0x0000,0x000F,0x97FF,0x9804,0xFFFF,0xDFC0,0x0000,0x0000,0x0000,0x3FF7,0xFFA8,0x0000,0x0000,0x0000,0x0000,
    0x0000,0x0000,0x0000,0x0000,0x0000,0x0000,0x001F,0xFFFF,0xFFFF,0xFFFF,0xFFE0,0x0000,0x0000,0x0000,0x7FFF,0xFFFE,0x0000,0x0000,0x0000,0x0000,
    0x0000,0x0000,0x0000,0x0000,0x0000,0x0000,0x0003,0xE800,0x6003,0x0000,0x2000,0x0000,0x0000,0x0000,0x03F9,0xFE02,0x0000,0x0000,0x0000,0x0000,
    0x0000,0x0000,0x0000,0x0000,0x0000,0x0000,0x001F,0xFFFF,0xFFFF,0xFFFF,0xFFE0,0x0000,0x0000,0x0000,0x7FFF,0xFFFE,0x0000,0x0000,0x0000,0x0000,
    /* row 26 */
    0x0000,0x0000,0x0000,0x0000,0x0000,0x0000,0x000B,0x2FFF,0x2FFA,0xFFFF,0xDD60,0x0000,0x0000,0x0000,0x6BFF,0x7FAE,0x0000,0x0000,0x0000,0x0000,
    0x0000,0x0000,0x0000,0x0000,0x0000,0x0000,0x001F,0xFFFF,0xFFFF,0xFFFF,0xFFE0,0x0000,0x0000,0x0000,0x7FFF,0xFFFE,0x0000,0x0000,0x0000,0x0000,
    0x0000,0x0000,0x0000,0x0000,0x0000,0x0000,0x0008,0x2FFF,0x2FF2,0xFFFF,0xDD40,0x0000,0x0000,0x0000,0x6800,0x80A8,0x0000,0x0000,0x0000,0x0000,
    0x0000,0x0000,0x0000,0x0000,0x0000,0x0000,0x001F,0xFFFF,0xFFFF,0xFFFF,0xFFE0,0x0000,0x0000,0x0000,0x7FFF,0xFFFE,0x0000,0x0000,0x0000,0x0000,
    0x0000,0x0000,0x0000,0x0000,0x0000,0x0000,0x001C,0xFFFF,0xF757,0xFFFF,0xFFE0,0x0000,0x0000,0x0000,0x7C00,0x01FE,0x0000,0x0000,0x0000,0x0000,
    0x0000,0x0000,0x0000,0x0000,0x0000,0x0000,0x001F,0xFFFF,0xFFFF,0xFFFF,0xFFE0,0x0000,0x0000,0x0000,0x7FFF,0xFFFE,0x0000,0x0000,0x0000,0x0000,
    0x0000,0x0000,0x0000,0x0000,0x0000,0x0000,0x001B,0x2FFF,0x3006,0xFFFF,0xD7E0,0x0000,0x0000,0x0000,0x17FF,0x7F56,0x0000,0x0000,0x0000,0x0000,
    0x0000,0x0000,0x0000,0x0000,0x0000,0x0000,0x001F,0xFFFF,0xFFFF,0xFFFF,0xFFE0,0x0000,0x0000,0x0000,0x7FFF,0xFFFE,0x0000,0x0000,0x0000,0x0000,
    0x0000,0x0000,0x0000,0x0000,0x0000,0x0000,0x0007,0xD000,0xC001,0x0000,0x2000,0x0000,0x0000,0x0000,0x03FF,0xFE00,0x0000,0x0000,0x0000,0x0000,
    0x0000,0x0000,0x0000,0x0000,0x0000,0x0000,0x001F,0xFFFF,0xFFFF,0xFFFF,0xFFE0,0x0000,0x0000,0x0000,0x7FFF,0xFFFE,0x0000,0x0000,0x0000,0x0000,
    /* row 27 */
    0x0000,0x0000,0x0000,0x0000,0x0000,0x0000,0x000C,0x7FFF,0x5FFA,0x7FFF,0xC2B0,0x0000,0x0000,0x0000,0x57FF,0x7FFE,0x0000,0x0000,0x0000,0x0000,
    0x0000,0x0000,0x0000,0x0000,0x0000,0x0000,0x001F,0xFFFF,0xFFFF,0xFFFF,0xFFF0,0x0000,0x0000,0x0000,0x7FFF,0xFFFE,0x0000,0x0000,0x0000,0x0000,
    0x0000,0x0000,0x0000,0x0000,0x0000,0x0000,0x000C,0x7FFF,0x5FB2,0x7FFF,0xC2B0,0x0000,0x0000,0x0000,0x5401,0x41FC,0x0000,0x0000,0x0000,0x0000,
    0x0000,0x0000,0x0000,0x0000,0x0000,0x0000,0x001F,0xFFFF,0xFFFF,0xFFFF,0xFFF0,0x0000,0x0000,0x0000,0x7FFF,0xFFFE,0x0000,0x0000,0x0000,0x0000,
    0x0000,0x0000,0x0000,0x0000,0x0000,0x0000,0x001F,0xFFFF,0xEE07,0xFFFF,0xFFF0,0x0000,0x0000,0x0000,0x7D51,0xF5FE,0x0000,0x0000,0x0000,0x0000,
    0x0000,0x0000,0x0000,0x0000,0x0000,0x0000,0x001F,0xFFFF,0xFFFF,0xFFFF,0xFFF0,0x0000,0x0000,0x0000,0x7FFF,0xFFFE,0x0000,0x0000,0x0000,0x0000,
    0x0000,0x0000,0x0000,0x0000,0x0000,0x0000,0x001C,0x7FFF,0x6006,0x7FFF,0xDFE0,0x0000,0x0000,0x0000,0x2BFE,0xBE02,0x0000,0x0000,0x0000,0x0000,
    0x0000,0x0000,0x0000,0x0000,0x0000,0x0000,0x001F,0xFFFF,0xFFFF,0xFFFF,0xFFF0,0x0000,0x0000,0x0000,0x7FFF,0xFFFE,0x0000,0x0000,0x0000,0x0000,
    0x0000,0x0000,0x0000,0x0000,0x0000,0x0000,0x0003,0x8000,0x8001,0x8000,0x2000,0x0000,0x0000,0x0000,0x02AE,0x0A00,0x0000,0x0000,0x0000,0x0000,
    0x0000,0x0000,0x0000,0x0000,0x0000,0x0000,0x001F,0xFFFF,0xFFFF,0xFFFF,0xFFF0,0x0000,0x0000,0x0000,0x7FFF,0xFFFE,0x0000,0x0000,0x0000,0x0000,
    /* row 28 */
    0x0000,0x0000,0x0000,0x0000,0x0000,0x0000,0x001F,0xFFFE,0xFFFB,0xFFFF,0xE550,0x0000,0x0000,0x0000,0x7FFF,0xFFFE,0x0000,0x0000,0x0000,0x0000,
    0x0000,0x0000,0x0000,0x0000,0x0000,0x0000,0x001F,0xFFFF,0xFFFF,0xFFFF,0xFFF0,0x0000,0x0000,0x0000,0x7FFF,0xFFFE,0x0000,0x0000,0x0000,0x0000,
    0x0000,0x0000,0x0000,0x0000,0x0000,0x0000,0x001F,0xFFFE,0xFD53,0xFFFF,0xE550,0x0000,0x0000,0x0000,0x7C01,0xFC38,0x0000,0x0000,0x0000,0x0000,
    0x0000,0x0000,0x0000,0x0000,0x0000,0x0000,0x001F,0xFFFF,0xFFFF,0xFFFF,0xFFF0,0x0000,0x0000,0x0000,0x7FFF,0xFFFE,0x0000,0x0000,0x0000,0x0000,
    0x0000,0x0000,0x0000,0x0000,0x0000,0x0000,0x001F,0xFFFF,0xD807,0xFFFF,0xFFF0,0x0000,0x0000,0x0000,0x7EAB,0xFEFE,0x0000,0x0000,0x0000,0x0000,
    0x0000,0x0000,0x0000,0x0000,0x0000,0x0000,0x001F,0xFFFF,0xFFFF,0xFFFF,0xFFF0,0x0000,0x0000,0x0000,0x7FFF,0xFFFE,0x0000,0x0000,0x0000,0x0000,
    0x0000,0x0000,0x0000,0x0000,0x0000,0x0000,0x001F,0xFFFE,0xC006,0xFFFF,0xFFF0,0x0000,0x0000,0x0000,0x03FE,0x03C6,0x0000,0x0000,0x0000,0x0000,
    0x0000,0x0000,0x0000,0x0000,0x0000,0x0000,0x001F,0xFFFF,0xFFFF,0xFFFF,0xFFF0,0x0000,0x0000,0x0000,0x7FFF,0xFFFE,0x0000,0x0000,0x0000,0x0000,
    0x0000,0x0000,0x0000,0x0000,0x0000,0x0000,0x0000,0x0001,0x0001,0x0000,0x0000,0x0000,0x0000,0x0000,0x0154,0x0100,0x0000,0x0000,0x0000,0x0000,
    0x0000,0x0000,0x0000,0x0000,0x0000,0x0000,0x001F,0xFFFF,0xFFFF,0xFFFF,0xFFF0,0x0000,0x0000,0x0000,0x7FFF,0xFFFE,0x0000,0x0000,0x0000,0x0000,
    /* row 29 */
    0x0000,0x0000,0x0000,0x0000,0x0000,0x0000,0x003F,0xFFFF,0xFFFB,0xFFFF,0xD010,0x0000,0x0000,0x0000,0x3DFF,0xFFFE,0x0000,0x0000,0x0000,0x0000,
    0x0000,0x0000,0x0000,0x0000,0x0000,0x0000,0x003F,0xFFFF,0xFFFF,0xFFFF,0xFFF8,0x0000,0x0000,0x0000,0x3FFF,0xFFFE,0x0000,0x0000,0x0000,0x0000,
    0x0000,0x0000,0x0000,0x0000,0x0000,0x0000,0x003F,0xFFFF,0xFAA3,0xFFFF,0xD010,0x0000,0x0000,0x0000,0x3C01,0xFC1A,0x0000,0x0000,0x0000,0x0000,
    0x0000,0x0000,0x0000,0x0000,0x0000,0x0000,0x003F,0xFFFF,0xFFFF,0xFFFF,0xFFF8,0x0000,0x0000,0x0000,0x3FFF,0xFFFE,0x0000,0x0000,0x0000,0x0000,
    0x0000,0x0000,0x0000,0x0000,0x0000,0x0000,0x003F,0xFFFF,0xF007,0xFFFF,0xFFF8,0x0000,0x0000,0x0000,0x3F57,0xFD7C,0x0000,0x0000,0x0000,0x0000,
    0x0000,0x0000,0x0000,0x0000,0x0000,0x0000,0x003F,0xFFFF,0xFFFF,0xFFFF,0xFFF8,0x0000,0x0000,0x0000,0x3FFF,0xFFFE,0x0000,0x0000,0x0000,0x0000,
    0x0000,0x0000,0x0000,0x0000,0x0000,0x0000,0x001F,0xFFFF,0x8006,0xFFFF,0xCFF8,0x0000,0x0000,0x0000,0x01FE,0x03E6,0x0000,0x0000,0x0000,0x0000,
    0x0000,0x0000,0x0000,0x0000,0x0000,0x0000,0x003F,0xFFFF,0xFFFF,0xFFFF,0xFFF8,0x0000,0x0000,0x0000,0x3FFF,0xFFFE,0x0000,0x0000,0x0000,0x0000,
    0x0000,0x0000,0x0000,0x0000,0x0000,0x0000,0x0000,0x0000,0x0001,0x0000,0x2000,0x0000,0x0000,0x0000,0x02A8,0x0280,0x0000,0x0000,0x0000,0x0000,
    0x0000,0x0000,0x0000,0x0000,0x0000,0x0000,0x003F,0xFFFF,0xFFFF,0xFFFF,0xFFF8,0x0000,0x0000,0x0000,0x3FFF,0xFFFE,0x0000,0x0000,0x0000,0x0000,
    /* row 30 */
    0x0000,0x0000,0x0000,0x0000,0x0000,0x0040,0x002F,0xFFFE,0x7FFD,0xFFFF,0xF010,0x0000,0x0000,0x0000,0x3FFF,0xFEFE,0x0000,0x0000,0x0000,0x0000,
    0x0000,0x0000,0x0000,0x0000,0x8000,0x01E0,0x003F,0xFFFF,0xFFFF,0xFFFF,0xFFF8,0x0000,0x0000,0x0000,0x3FFF,0xFFFE,0x0000,0x0000,0x0000,0x0000,
    0x0000,0x0000,0x0000,0x0000,0x8000,0x01A0,0x002F,0xFFFE,0x7544,0xFFFF,0xF010,0x0000,0x0000,0x0000,0x3803,0xF808,0x0000,0x0000,0x0000,0x0000,
    0x0000,0x0000,0x0000,0x0000,0x8000,0x01E0,0x003F,0xFFFF,0xFFFF,0xFFFF,0xFFF8,0x0000,0x0000,0x0000,0x3FFF,0xFFFE,0x0000,0x0000,0x0000,0x0000,
    0x0000,0x0000,0x0000,0x0000,0x8000,0x0040,0x003F,0xFFFF,0xE006,0xFFFF,0xFFF8,0x0000,0x0000,0x0000,0x3FFF,0xF6FE,0x0000,0x0000,0x0000,0x0000,
    0x0000,0x0000,0x0000,0x0000,0x8000,0x01E0,0x003F,0xFFFF,0xFFFF,0xFFFF,0xFFF8,0x0000,0x0000,0x0000,0x3FFF,0xFFFE,0x0000,0x0000,0x0000,0x0000,
    0x0000,0x0000,0x0000,0x0000,0x8000,0x00E0,0x000F,0xFFFE,0x8005,0xFFFF,0xEFF8,0x0000,0x0000,0x0000,0x07FC,0x06F4,0x0000,0x0000,0x0000,0x0000,
    0x0000,0x0000,0x0000,0x0000,0x8000,0x01E0,0x003F,0xFFFF,0xFFFF,0xFFFF,0xFFF8,0x0000,0x0000,0x0000,0x3FFF,0xFFFE,0x0000,0x0000,0x0000,0x0000,
    0x0000,0x0000,0x0000,0x0000,0x0000,0x0100,0x0010,0x0001,0x0003,0x0000,0x0000,0x0000,0x0000,0x0000,0x0000,0x0100,0x0000,0x0000,0x0000,0x0000,
    0x0000,0x0000,0x0000,0x0000,0x8000,0x01E0,0x003F,0xFFFF,0xFFFF,0xFFFF,0xFFF8,0x0000,0x0000,0x0000,0x3FFF,0xFFFE,0x0000,0x0000,0x0000,0x0000,
    /* row 31 */
    0x0000,0x0000,0x0000,0x0008,0x0C00,0x0FF8,0x0017,0xFFFD,0x7FFE,0xFFFF,0xD008,0x0000,0x0000,0x0000,0x3BFF,0xFD70,0x0000,0x0000,0x0000,0x0000,
    0x0000,0x0000,0x0000,0x000F,0xFC00,0x3FFE,0x001F,0xFFFF,0xFFFF,0xFFFF,0xFFF8,0x0000,0x0000,0x0000,0x3FFF,0xFFFC,0x0000,0x0000,0x0000,0x0000,
    0x0000,0x0000,0x0000,0x0002,0xA000,0x1C1E,0x0017,0xFFFD,0x6AAE,0xFFFF,0xD008,0x0000,0x0000,0x0000,0x3807,0xF810,0x0000,0x0000,0x0000,0x0000,
    0x0000,0x0000,0x0000,0x000F,0xFC00,0x3FFE,0x001F,0xFFFF,0xFFFF,0xFFFF,0xFFF8,0x0000,0x0000,0x0000,0x3FFF,0xFFFC,0x0000,0x0000,0x0000,0x0000,
    0x0000,0x0000,0x0000,0x000A,0xA800,0x03E0,0x001F,0xFFFF,0xC00F,0xFFFF,0xFFF8,0x0000,0x0000,0x0000,0x2BFF,0xAD70,0x0000,0x0000,0x0000,0x0000,
    0x0000,0x0000,0x0000,0x000F,0xFC00,0x3FFE,0x001F,0xFFFF,0xFFFF,0xFFFF,0xFFF8,0x0000,0x0000,0x0000,0x3FFF,0xFFFC,0x0000,0x0000,0x0000,0x0000,
    0x0000,0x0000,0x0000,0x0007,0xF400,0x2FF8,0x0017,0xFFFD,0x8004,0xFFFF,0xEFF8,0x0000,0x0000,0x0000,0x07F8,0x056C,0x0000,0x0000,0x0000,0x0000,
    0x0000,0x0000,0x0000,0x000F,0xFC00,0x3FFE,0x001F,0xFFFF,0xFFFF,0xFFFF,0xFFF8,0x0000,0x0000,0x0000,0x3FFF,0xFFFC,0x0000,0x0000,0x0000,0x0000,
    0x0000,0x0000,0x0000,0x000F,0xF800,0x1FFE,0x0008,0x0002,0x0003,0x0000,0x0000,0x0000,0x0000,0x0000,0x0000,0x0280,0x0000,0x0000,0x0000,0x0000,
    0x0000,0x0000,0x0000,0x000F,0xFC00,0x3FFE,0x001F,0xFFFF,0xFFFF,0xFFFF,0xFFF8,0x0000,0x0000,0x0000,0x3FFF,0xFFFC,0x0000,0x0000,0x0000,0x0000,
    /* row 32 */
    0x0000,0x0000,0x0003,0x83E5,0x5000,0x3FFF,0xA79B,0xFFFF,0x7FF6,0xFFFF,0xE0A4,0x0000,0x0000,0x0000,0x3FF7,0xFBF4,0x0000,0x0000,0x0000,0x0000,
    0x0000,0x0000,0x0003,0xFFFF,0xFF00,0xFFFF,0xFFFF,0xFFFF,0xFFFF,0xFFFF,0xFFFC,0x0000,0x0000,0x0000,0x3FFF,0xFFFC,0x0000,0x0000,0x0000,0x0000,
    0x0000,0x0000,0x0000,0x101F,0xFB00,0x5FF3,0x1F9B,0xFFFF,0x5506,0xFFFF,0xE0A4,0x0000,0x0000,0x0000,0x1807,0xF038,0x0000,0x0000,0x0000,0x0000,
    0x0000,0x0000,0x0003,0xFFFF,0xFF00,0xFFFF,0xFFFF,0xFFFF,0xFFFF,0xFFFF,0xFFFC,0x0000,0x0000,0x0000,0x3FFF,0xFFFC,0x0000,0x0000,0x0000,0x0000,
    0x0000,0x0000,0x0001,0x93BF,0xFB00,0xBFFC,0xA0FF,0xFFFF,0xC00F,0xFFFF,0xFFFC,0x0000,0x0000,0x0000,0x17F5,0x4BFC,0x0000,0x0000,0x0000,0x0000,
    0x0000,0x0000,0x0003,0xFFFF,0xFF00,0xFFFF,0xFFFF,0xFFFF,0xFFFF,0xFFFF,0xFFFC,0x0000,0x0000,0x0000,0x3FFF,0xFFFC,0x0000,0x0000,0x0000,0x0000,
    0x0000,0x0000,0x0002,0x7C5F,0xFF00,0x3FFF,0xE73B,0xFFFF,0x800C,0xFFFF,0xDF58,0x0000,0x0000,0x0000,0x07F8,0x0BC0,0x0000,0x0000,0x0000,0x0000,
    0x0000,0x0000,0x0003,0xFFFF,0xFF00,0xFFFF,0xFFFF,0xFFFF,0xFFFF,0xFFFF,0xFFFC,0x0000,0x0000,0x0000,0x3FFF,0xFFFC,0x0000,0x0000,0x0000,0x0000,
    0x0000,0x0000,0x0001,0xFF3F,0xFC00,0x7FFF,0x1FC4,0x0000,0x0003,0x0000,0x0000,0x0000,0x0000,0x0000,0x0000,0x0400,0x0000,0x0000,0x0000,0x0000,
    0x0000,0x0000,0x0003,0xFFFF,0xFF00,0xFFFF,0xFFFF,0xFFFF,0xFFFF,0xFFFF,0xFFFC,0x0000,0x0000,0x0000,0x3FFF,0xFFFC,0x0000,0x0000,0x0000,0x0000,
    /* row 33 */
    0x0000,0x0003,0xF800,0xA80A,0xAB40,0xFFFF,0xFFF1,0xFFFD,0x7FEB,0xFFFF,0xB554,0x0000,0x0000,0x0000,0x1EEF,0xF598,0x0000,0x0000,0x0000,0x0000,
    0x0000,0x000F,0xFC1F,0xFFFF,0xFFC3,0xFFFF,0xFFFF,0xFFFF,0xFFEF,0xFFFF,0xFFFC,0x0000,0x0000,0x0000,0x1FFF,0xFFF8,0x0000,0x0000,0x0000,0x0000,
    0x0000,0x000F,0xFC13,0xFCBF,0xFC83,0xBFFE,0xFFA1,0xFFFD,0x7A89,0xFFFF,0xB554,0x0000,0x0000,0x0000,0x1C0F,0xFA18,0x0000,0x0000,0x0000,0x0000,
    0x0000,0x000F,0xFC1F,0xFFFF,0xFFC3,0xFFFF,0xFFFF,0xFFFF,0xFFEF,0xFFFF,0xFFFC,0x0000,0x0000,0x0000,0x1FFF,0xFFF8,0x0000,0x0000,0x0000,0x0000,
    0x0000,0x0000,0x0013,0xFCBF,0xFFC0,0x7FFF,0x3FFF,0xFFFF,0x800D,0xFFFF,0xFFFC,0x0000,0x0000,0x0000,0x06E0,0x1F88,0x0000,0x0000,0x0000,0x0000,
    0x0000,0x000F,0xFC1F,0xFFFF,0xFFC3,0xFFFF,0xFFFF,0xFFFF,0xFFEF,0xFFFF,0xFFFC,0x0000,0x0000,0x0000,0x1FFF,0xFFF8,0x0000,0x0000,0x0000,0x0000,
    0x0000,0x000C,0x041F,0xFFFF,0xFC83,0xFFFF,0xFFD9,0xFFFD,0x800B,0xFFFF,0xCAA8,0x0000,0x0000,0x0000,0x03F0,0x0FE0,0x0000,0x0000,0x0000,0x0000,
    0x0000,0x000F,0xFC1F,0xFFFF,0xFFC3,0xFFFF,0xFFFF,0xFFFF,0xFFEF,0xFFFF,0xFFFC,0x0000,0x0000,0x0000,0x1FFF,0xFFF8,0x0000,0x0000,0x0000,0x0000,
    0x0000,0x0003,0xF80F,0xFF7F,0xFF00,0xFFFF,0xFFE6,0x0002,0x0006,0x0000,0x0000,0x0000,0x0000,0x0000,0x0000,0x0000,0x0000,0x0000,0x0000,0x0000,
    0x0000,0x000F,0xFC1F,0xFFFF,0xFFC3,0xFFFF,0xFFFF,0xFFFF,0xFFEF,0xFFFF,0xFFFC,0x0000,0x0000,0x0000,0x1FFF,0xFFF8,0x0000,0x0000,0x0000,0x0000,
    /* row 34 */
    0x0000,0x0025,0x4505,0x0280,0x0321,0xFFFF,0xFFEE,0xAFFF,0x7FCD,0xFFFF,0xEBE0,0x0000,0x0000,0x0000,0x097F,0xEB70,0x0000,0x0000,0x0000,0x0000,
    0x0000,0x007F,0xFF3F,0xFFFF,0xFFE7,0xFFFF,0xFFFF,0xFFFF,0xFFDF,0xFFFF,0xFFFC,0x0000,0x0000,0x0000,0x0FFF,0xFFF0,0x0000,0x0000,0x0000,0x0000,
    0x0000,0x0067,0xCF3F,0xFC7F,0xFCC6,0x7F00,0x3FEE,0xAFFF,0x7449,0xFFFF,0xEBE0,0x0000,0x0000,0x0000,0x080F,0xF430,0x0000,0x0000,0x0000,0x0000,
    0x0000,0x007F,0xFF3F,0xFFFF,0xFFE7,0xFFFF,0xFFFF,0xFFFF,0xFFDF,0xFFFF,0xFFFC,0x0000,0x0000,0x0000,0x0FFF,0xFFF0,0x0000,0x0000,0x0000,0x0000,
    0x0000,0x001F,0xF03F,0xFEFF,0xFFC1,0xFFFF,0xFFDB,0xFFFF,0x801B,0xFFFF,0xDFFC,0x0000,0x0000,0x0000,0x0170,0x1F10,0x0000,0x0000,0x0000,0x0000,
    0x0000,0x007F,0xFF3F,0xFFFF,0xFFE7,0xFFFF,0xFFFF,0xFFFF,0xFFDF,0xFFFF,0xFFFC,0x0000,0x0000,0x0000,0x0FFF,0xFFF0,0x0000,0x0000,0x0000,0x0000,
    0x0000,0x005F,0xFA3F,0xFD7F,0xFCE7,0xFFFF,0xFFE1,0xAFFF,0x801D,0xFFFF,0x941C,0x0000,0x0000,0x0000,0x07F0,0x1FC0,0x0000,0x0000,0x0000,0x0000,
    0x0000,0x007F,0xFF3F,0xFFFF,0xFFE7,0xFFFF,0xFFFF,0xFFFF,0xFFDF,0xFFFF,0xFFFC,0x0000,0x0000,0x0000,0x0FFF,0xFFF0,0x0000,0x0000,0x0000,0x0000,
    0x0000,0x003F,0xFD1F,0xFFFF,0xFF01,0xFFFF,0xFFF0,0x5000,0x0006,0x0000,0x0000,0x0000,0x0000,0x0000,0x0000,0x0000,0x0000,0x0000,0x0000,0x0000,
    0x0000,0x007F,0xFF3F,0xFFFF,0xFFE7,0xFFFF,0xFFFF,0xFFFF,0xFFDF,0xFFFF,0xFFFC,0x0000,0x0000,0x0000,0x0FFF,0xFFF0,0x0000,0x0000,0x0000,0x0000,
    /* row 35 */
    0x0000,0x083F,0xFBA0,0x0000,0x0013,0xFFFF,0xFFEF,0xCD7F,0x7F97,0xFFFF,0x7CFE,0x0000,0x0000,0x0000,0x0C2F,0xFEF0,0x0000,0x0000,0x0000,0x0000,
    0x0000,0x19FF,0xFFFF,0xFFFF,0xFFFF,0xFFFF,0xFFFF,0xFFFF,0xFF9F,0xFFFF,0xFFFF,0x8000,0x0000,0x0000,0x0FFF,0xFFF0,0x0000,0x0000,0x0000,0x0000,
    0x0000,0x19BF,0xFF9E,0xA8EA,0xBDEC,0xEA00,0x00B0,0xCD7F,0x7A17,0xFFFF,0x7CFE,0x0000,0x0000,0x0000,0x0C0F,0xC0D0,0x0000,0x0000,0x0000,0x0000,
    0x0000,0x19FF,0xFFFF,0xFFFF,0xFFFF,0xFFFF,0xFFFF,0xFFFF,0xFF9F,0xFFFF,0xFFFF,0x8000,0x0000,0x0000,0x0FFF,0xFFF0,0x0000,0x0000,0x0000,0x0000,
    0x0000,0x007F,0xF87E,0xA8EA,0xBDE3,0xFFFF,0xFFE8,0x7FFF,0x801F,0xFFFF,0xBFFF,0x8000,0x0000,0x0000,0x0020,0x3AA0,0x0000,0x0000,0x0000,0x0000,
    0x0000,0x19FF,0xFFFF,0xFFFF,0xFFFF,0xFFFF,0xFFFF,0xFFFF,0xFF9F,0xFFFF,0xFFFF,0x8000,0x0000,0x0000,0x0FFF,0xFFF0,0x0000,0x0000,0x0000,0x0000,
    0x0000,0x11FF,0xFC1F,0xFFFF,0xFFFF,0xFFFF,0xFFE8,0x3D7F,0x8013,0xFFFF,0x83FF,0x8000,0x0000,0x0000,0x03F0,0x3F00,0x0000,0x0000,0x0000,0x0000,
    0x0000,0x19FF,0xFFFF,0xFFFF,0xFFFF,0xFFFF,0xFFFF,0xFFFF,0xFF9F,0xFFFF,0xFFFF,0x8000,0x0000,0x0000,0x0FFF,0xFFF0,0x0000,0x0000,0x0000,0x0000,
    0x0000,0x08FF,0xFFBF,0xFFFF,0xFE03,0xFFFF,0xFFF0,0x0280,0x000C,0x0000,0x0000,0x0000,0x0000,0x0000,0x0000,0x0000,0x0000,0x0000,0x0000,0x0000,
    0x0000,0x19FF,0xFFFF,0xFFFF,0xFFFF,0xFFFF,0xFFFF,0xFFFF,0xFF9F,0xFFFF,0xFFFF,0x8000,0x0000,0x0000,0x0FFF,0xFFF0,0x0000,0x0000,0x0000,0x0000,
    /* row 36 */
    0x0001,0x82FF,0xDFA0,0x0000,0x0127,0xFFFF,0xFFFF,0xFE6A,0x7F1B,0xFFFF,0xE9FF,0x6000,0x0000,0x0000,0x060F,0xFDE0,0x0000,0x0000,0x0000,0x0000,
    0x0003,0xFFFF,0xFFFF,0xFFFF,0xFFFF,0xFFFF,0xFFFF,0xFFFF,0xFF3F,0xFFFF,0xFFFF,0xF000,0x0000,0x0000,0x07FF,0xFFE0,0x0000,0x0000,0x0000,0x0000,
    0x0003,0xCEFF,0xFFF5,0x5555,0x5CD5,0xD400,0x0017,0x0E6A,0x7C1B,0xFFFF,0xE9F7,0x4000,0x0000,0x0000,0x0605,0x01A0,0x0000,0x0000,0x0000,0x0000,
    0x0003,0xFFFF,0xFFFF,0xFFFF,0xFFFF,0xFFFF,0xFFFF,0xFFFF,0xFF3F,0xFFFF,0xFFFF,0xF000,0x0000,0x0000,0x07FF,0xFFE0,0x0000,0x0000,0x0000,0x0000,
    0x0000,0x31FF,0xFC15,0x5555,0x5DCB,0xFFFF,0xFFFC,0x07FF,0x803F,0xFFFF,0x3FE7,0xF000,0x0000,0x0000,0x0000,0x3540,0x0000,0x0000,0x0000,0x0000,
    0x0003,0xFFFF,0xFFFF,0xFFFF,0xFFFF,0xFFFF,0xFFFF,0xFFFF,0xFF3F,0xFFFF,0xFFFF,0xF000,0x0000,0x0000,0x07FF,0xFFE0,0x0000,0x0000,0x0000,0x0000,
    0x0002,0x7DFF,0xFC5F,0xFFFF,0xFEF7,0xFFFF,0xFFE8,0x01EA,0x8033,0xFFFF,0x181C,0x7000,0x0000,0x0000,0x01F0,0x7E00,0x0000,0x0000,0x0000,0x0000,
    0x0003,0xFFFF,0xFFFF,0xFFFF,0xFFFF,0xFFFF,0xFFFF,0xFFFF,0xFF3F,0xFFFF,0xFFFF,0xF000,0x0000,0x0000,0x07FF,0xFFE0,0x0000,0x0000,0x0000,0x0000,
    0x0001,0xFFFF,0xFFBF,0xFFFF,0xFF07,0xFFFF,0xFFF0,0x0015,0x000C,0x0000,0x07FF,0x8000,0x0000,0x0000,0x0000,0x0000,0x0000,0x0000,0x0000,0x0000,
    0x0003,0xFFFF,0xFFFF,0xFFFF,0xFFFF,0xFFFF,0xFFFF,0xFFFF,0xFF3F,0xFFFF,0xFFFF,0xF000,0x0000,0x0000,0x07FF,0xFFE0,0x0000,0x0000,0x0000,0x0000,
    /* row 37 */
    0x0030,0xE7EA,0xA9A0,0x0000,0x004F,0xFFFF,0xFFF3,0xFFF3,0xFC3F,0xFFFF,0xEFFF,0xF406,0x8000,0x0000,0x015F,0xEBC0,0x0000,0x0000,0x0000,0x0000,
    0x003F,0xFFFF,0xFFFF,0xFFFF,0xFFFF,0xFFFF,0xFFFF,0xFFFF,0xFC3F,0xFFFF,0xFFFF,0xFC7F,0x8000,0x0000,0x03FF,0xFFC0,0x0000,0x0000,0x0000,0x0000,
    0x003C,0xEFFA,0xA9EA,0xAA2A,0xAFBA,0xA000,0x0012,0xA873,0xFC37,0xFFFF,0x6EAA,0xF438,0x0000,0x0000,0x0012,0x0540,0x0000,0x0000,0x0000,0x0000,
    0x003F,0xFFFF,0xFFFF,0xFFFF,0xFFFF,0xFFFF,0xFFFF,0xFFFF,0xFC3F,0xFFFF,0xFFFF,0xFC7F,0x8000,0x0000,0x03FF,0xFFC0,0x0000,0x0000,0x0000,0x0000,
    0x0003,0xF3FF,0xFE0A,0xAA2A,0xAF87,0xFFFF,0xFFFA,0x003F,0x8037,0xFFFF,0x7BFF,0xFC06,0x8000,0x0000,0x0240,0xA680,0x0000,0x0000,0x0000,0x0000,
    0x003F,0xFFFF,0xFFFF,0xFFFF,0xFFFF,0xFFFF,0xFFFF,0xFFFF,0xFC3F,0xFFFF,0xFFFF,0xFC7F,0x8000,0x0000,0x03FF,0xFFC0,0x0000,0x0000,0x0000,0x0000,
    0x000F,0xFBFF,0xFE5F,0xFFFF,0xFFE7,0xFFFF,0xFFE4,0x000F,0x802F,0xFFFE,0x27FF,0xB857,0x8000,0x0000,0x00A0,0x7800,0x0000,0x0000,0x0000,0x0000,
    0x003F,0xFFFF,0xFFFF,0xFFFF,0xFFFF,0xFFFF,0xFFFF,0xFFFF,0xFC3F,0xFFFF,0xFFFF,0xFC7F,0x8000,0x0000,0x03FF,0xFFC0,0x0000,0x0000,0x0000,0x0000,
    0x003F,0xFFFF,0xFFBF,0xFFFF,0xFE0F,0xFFFF,0xFFF8,0x0000,0x0018,0x0000,0x1FFF,0xC028,0x0000,0x0000,0x0000,0x0000,0x0000,0x0000,0x0000,0x0000,
    0x003F,0xFFFF,0xFFFF,0xFFFF,0xFFFF,0xFFFF,0xFFFF,0xFFFF,0xFC3F,0xFFFF,0xFFFF,0xFC7F,0x8000,0x0000,0x03FF,0xFFC0,0x0000,0x0000,0x0000,0x0000,
    /* row 38 */
    0x009F,0xC300,0x05C0,0x0000,0x01EF,0xFFFF,0xFFF7,0xFFFF,0xFC5F,0xFFF9,0xBFFF,0xFAFF,0xC170,0x0000,0x01BF,0x5F80,0x0000,0x0000,0x0000,0x0000,
    0x00FF,0xFFFF,0xFFFF,0xFFFF,0xFFFF,0xFFFF,0xFFFF,0xFFFF,0xFC7F,0xFFFF,0xFFFF,0xFEFF,0xF7FE,0x0000,0x01FF,0xFF80,0x0000,0x0000,0x0000,0x0000,
    0x009F,0xEB2A,0x85F0,0x0000,0x5415,0x4000,0x001B,0x55D7,0xFC5F,0xFFF8,0xB5FF,0x5A54,0xF3FC,0x0000,0x0001,0x0300,0x0000,0x0000,0x0000,0x0000,
    0x00FF,0xFFFF,0xFFFF,0xFFFF,0xFFFF,0xFFFF,0xFFFF,0xFFFF,0xFC7F,0xFFFF,0xFFFF,0xFEFF,0xF7FE,0x0000,0x01FF,0xFF80,0x0000,0x0000,0x0000,0x0000,
    0x007F,0xF7D5,0x7E30,0x0000,0x552F,0xFFFF,0xFFE6,0x0001,0x807F,0xFFFE,0xFDFD,0xDE3F,0x0000,0x0000,0x0030,0x0C00,0x0000,0x0000,0x0000,0x0000,
    0x00FF,0xFFFF,0xFFFF,0xFFFF,0xFFFF,0xFFFF,0xFFFF,0xFFFF,0xFC7F,0xFFFF,0xFFFF,0xFEFF,0xF7FE,0x0000,0x01FF,0xFF80,0x0000,0x0000,0x0000,0x0000,
    0x007F,0xFFFF,0xFE3F,0xFFFF,0xFEDF,0xFFFF,0xFFF4,0x0000,0x005F,0xFFFA,0x1E07,0xFC7F,0xC772,0x0000,0x0040,0xF000,0x0000,0x0000,0x0000,0x0000,
    0x00FF,0xFFFF,0xFFFF,0xFFFF,0xFFFF,0xFFFF,0xFFFF,0xFFFF,0xFC7F,0xFFFF,0xFFFF,0xFEFF,0xF7FE,0x0000,0x01FF,0xFF80,0x0000,0x0000,0x0000,0x0000,
    0x00FF,0xFFFF,0xFFDF,0xFFFF,0xFF0F,0xFFFF,0xFFF8,0x0000,0x0030,0x0004,0x7FFF,0xE07F,0xF1FC,0x0000,0x0000,0x0000,0x0000,0x0000,0x0000,0x0000,
    0x00FF,0xFFFF,0xFFFF,0xFFFF,0xFFFF,0xFFFF,0xFFFF,0xFFFF,0xFC7F,0xFFFF,0xFFFF,0xFEFF,0xF7FE,0x0000,0x01FF,0xFF80,0x0000,0x0000,0x0000,0x0000,
    /* row 39 */
    0x007A,0xA000,0x0180,0x0000,0x005F,0xFFFF,0xFFF7,0xFFFF,0xFEEF,0xFFFB,0x7940,0xF87F,0xE7FE,0x0200,0x004F,0xDB00,0x0000,0x0000,0x0000,0x0000,
    0x00FF,0xFFFF,0xFFFF,0xFFFF,0xFFFF,0xFFFF,0xFFFF,0xFFFF,0xFEFF,0xFFFF,0xFFFF,0xFFFF,0xFFFF,0xC3F8,0x007F,0xFF00,0x0000,0x0000,0x0000,0x0000,
    0x007F,0xF9FF,0xF1E8,0x0000,0x03B2,0x0000,0x0013,0x00BE,0xFEEF,0xFFF9,0x7940,0xF87F,0xBEFB,0xC1F8,0x0000,0x1E00,0x0000,0x0000,0x0000,0x0000,
    0x00FF,0xFFFF,0xFFFF,0xFFFF,0xFFFF,0xFFFF,0xFFFF,0xFFFF,0xFEFF,0xFFFF,0xFFFF,0xFFFF,0xFFFF,0xC3F8,0x007F,0xFF00,0x0000,0x0000,0x0000,0x0000,
    0x00FF,0xE600,0x0E28,0x0000,0x03CF,0xFFFF,0xFFEE,0x0000,0x00FF,0xFFFD,0xBFFF,0xFF3F,0xC3FC,0x0200,0x0011,0xC000,0x0000,0x0000,0x0000,0x0000,
    0x00FF,0xFFFF,0xFFFF,0xFFFF,0xFFFF,0xFFFF,0xFFFF,0xFFFF,0xFEFF,0xFFFF,0xFFFF,0xFFFF,0xFFFF,0xC3F8,0x007F,0xFF00,0x0000,0x0000,0x0000,0x0000,
    0x00FF,0xFFFF,0xFE7F,0xFFFF,0xFF8F,0xFFFF,0xFFF4,0x0000,0x00EF,0xFFFC,0x6140,0x2FFF,0xE7FE,0x4218,0x0020,0x2000,0x0000,0x0000,0x0000,0x0000,
    0x00FF,0xFFFF,0xFFFF,0xFFFF,0xFFFF,0xFFFF,0xFFFF,0xFFFF,0xFEFF,0xFFFF,0xFFFF,0xFFFF,0xFFFF,0xC3F8,0x007F,0xFF00,0x0000,0x0000,0x0000,0x0000,
    0x00FF,0xFFFF,0xFF9F,0xFFFF,0xFE1F,0xFFFF,0xFFF8,0x0000,0x0030,0x0000,0xFEBF,0xF07F,0xFFFF,0x81E0,0x0000,0x0000,0x0000,0x0000,0x0000,0x0000,
    0x00FF,0xFFFF,0xFFFF,0xFFFF,0xFFFF,0xFFFF,0xFFFF,0xFFFF,0xFEFF,0xFFFF,0xFFFF,0xFFFF,0xFFFF,0xC3F8,0x007F,0xFF00,0x0000,0x0000,0x0000,0x0000,
    /* row 40 */
    0x0054,0x0000,0x00C0,0x0000,0x01DF,0xFFE7,0xFFF7,0xFFFF,0xFEFF,0xFFFE,0xC800,0x76FF,0xEFFF,0x47FC,0x01F4,0x7C00,0x0000,0x0000,0x0000,0x0000,
    0x00FF,0xFFFF,0xFFFF,0xFFFF,0xFFFF,0xFFFF,0xFFFF,0xFFFF,0xFFFF,0xFFFF,0xFFFF,0xFFFF,0xFFFF,0xFFFF,0x01FF,0xFC00,0x0000,0x0000,0x0000,0x0000,
    0x0075,0x1FFF,0xFDF0,0x0000,0x0424,0x0038,0x001B,0xC055,0x7CFF,0xFFFE,0xC800,0x76D5,0x77FC,0xF95F,0x000B,0x8000,0x0000,0x0000,0x0000,0x0000,
    0x00FF,0xFFFF,0xFFFF,0xFFFF,0xFFFF,0xFFFF,0xFFFF,0xFFFF,0xFFFF,0xFFFF,0xFFFF,0xFFFF,0xFFFF,0xFFFF,0x01FF,0xFC00,0x0000,0x0000,0x0000,0x0000,
    0x00FF,0xE000,0x0230,0x0000,0x055F,0xFFC7,0xFFE7,0x8000,0x01FF,0xFFFD,0x7FFF,0xFFBF,0xCFFF,0x07F0,0x000B,0x4000,0x0000,0x0000,0x0000,0x0000,
    0x00FF,0xFFFF,0xFFFF,0xFFFF,0xFFFF,0xFFFF,0xFFFF,0xFFFF,0xFFFF,0xFFFF,0xFFFF,0xFFFF,0xFFFF,0xFFFF,0x01FF,0xFC00,0x0000,0x0000,0x0000,0x0000,
    0x00FF,0xFFFF,0xFF3F,0xFFFF,0xFEBF,0xFFE7,0xFFF4,0x0000,0x01DF,0xFFF8,0x8800,0x157F,0xEFFF,0x57FD,0x01F4,0x0000,0x0000,0x0000,0x0000,0x0000,
    0x00FF,0xFFFF,0xFFFF,0xFFFF,0xFFFF,0xFFFF,0xFFFF,0xFFFF,0xFFFF,0xFFFF,0xFFFF,0xFFFF,0xFFFF,0xFFFF,0x01FF,0xFC00,0x0000,0x0000,0x0000,0x0000,
    0x00FF,0xFFFF,0xFFDF,0xFFFF,0xFF1F,0xFFFF,0xFFF8,0x0000,0x0060,0x0001,0xF7FF,0xF87F,0xFFFF,0xEFFE,0x0000,0x0000,0x0000,0x0000,0x0000,0x0000,
    0x00FF,0xFFFF,0xFFFF,0xFFFF,0xFFFF,0xFFFF,0xFFFF,0xFFFF,0xFFFF,0xFFFF,0xFFFF,0xFFFF,0xFFFF,0xFFFF,0x01FF,0xFC00,0x0000,0x0000,0x0000,0x0000,
    /* row 41 */
    0x0020,0x0000,0x0080,0x0000,0x003F,0xFF9B,0xFFF7,0xCFFF,0xFDFF,0xFFFF,0xC000,0x3DFF,0xFFFF,0x9FFE,0x0006,0x6000,0x0000,0x0000,0x0000,0x0000,
    0x00FF,0xFFFF,0xFFFF,0xFFFF,0xFFFF,0xFFFF,0xFFFF,0xCFFF,0xFFFF,0xFFFF,0xFFFF,0xFFFF,0xFFFF,0xFFFF,0xC3FF,0xE000,0x0000,0x0000,0x0000,0x0000,
    0x0068,0x5FFF,0xFDE0,0x0000,0x01E0,0x0044,0x001B,0xC02A,0xB9FF,0xFFFB,0xC000,0x3DE0,0x12FE,0xFFF9,0xC081,0x8000,0x0000,0x0000,0x0000,0x0000,
    0x00FF,0xFFFF,0xFFFF,0xFFFF,0xFFFF,0xFFFF,0xFFFF,0xCFFF,0xFFFF,0xFFFF,0xFFFF,0xFFFF,0xFFFF,0xFFFF,0xC3FF,0xE000,0x0000,0x0000,0x0000,0x0000,
    0x00FF,0xA000,0x0220,0x0000,0x011F,0xFFA3,0xFFE7,0xC000,0x03FF,0xFFFB,0xFFFF,0xFFBF,0xEFFF,0x0FFE,0x0087,0x8000,0x0000,0x0000,0x0000,0x0000,
    0x00FF,0xFFFF,0xFFFF,0xFFFF,0xFFFF,0xFFFF,0xFFFF,0xCFFF,0xFFFF,0xFFFF,0xFFFF,0xFFFF,0xFFFF,0xFFFF,0xC3FF,0xE000,0x0000,0x0000,0x0000,0x0000,
    0x00FF,0xFFFF,0xFF7F,0xFFFF,0xFFBF,0xFF83,0xFFF4,0x0000,0x03BF,0xFFF2,0x4000,0x0E7F,0xFFFF,0x9FFE,0x43F9,0xE000,0x0000,0x0000,0x0000,0x0000,
    0x00FF,0xFFFF,0xFFFF,0xFFFF,0xFFFF,0xFFFF,0xFFFF,0xCFFF,0xFFFF,0xFFFF,0xFFFF,0xFFFF,0xFFFF,0xFFFF,0xC3FF,0xE000,0x0000,0x0000,0x0000,0x0000,
    0x00FF,0xFFFF,0xFF9F,0xFFFF,0xFE3F,0xFFC7,0xFFF8,0x0000,0x00C0,0x0001,0xBFFF,0xF87F,0xFFFF,0xFFFF,0x83FE,0x0000,0x0000,0x0000,0x0000,0x0000,
    0x00FF,0xFFFF,0xFFFF,0xFFFF,0xFFFF,0xFFFF,0xFFFF,0xCFFF,0xFFFF,0xFFFF,0xFFFF,0xFFFF,0xFFFF,0xFFFF,0xC3FF,0xE000,0x0000,0x0000,0x0000,0x0000,
    /* row 42 */
    0x0040,0x0000,0x0000,0x0000,0x007F,0xFF8F,0xFFFB,0xA1FF,0xFBBF,0xFFED,0xAA80,0x19FF,0xFFFF,0xBFFF,0x0154,0x3802,0x6C00,0x0000,0x0000,0x0000,
    0x00FF,0xFFFF,0xFFFF,0xFFFF,0xFFFF,0xFFFF,0xFFFF,0xE1FF,0xFFFF,0xFFFF,0xFFFF,0xFFFF,0xFFFF,0xFFFF,0xF7FF,0xF807,0xFC00,0x0000,0x0000,0x0000,
    0x0042,0xFFFF,0xFEF0,0x0000,0x0120,0x0082,0x0017,0xA015,0x53BF,0xFFE5,0xAA80,0x1980,0x0017,0xFFFE,0xF7FF,0xC005,0x9000,0x0000,0x0000,0x0000,
    0x00FF,0xFFFF,0xFFFF,0xFFFF,0xFFFF,0xFFFF,0xFFFF,0xE1FF,0xFFFF,0xFFFF,0xFFFF,0xFFFF,0xFFFF,0xFFFF,0xF7FF,0xF807,0xFC00,0x0000,0x0000,0x0000,
    0x00FD,0x0000,0x0110,0x0000,0x015F,0xFF11,0xFFEB,0xC000,0x07FF,0xFFF7,0xFFFF,0xFFFF,0xFFFF,0x1FFF,0x07FF,0xC005,0xD000,0x0000,0x0000,0x0000,
    0x00FF,0xFFFF,0xFFFF,0xFFFF,0xFFFF,0xFFFF,0xFFFF,0xE1FF,0xFFFF,0xFFFF,0xFFFF,0xFFFF,0xFFFF,0xFFFF,0xF7FF,0xF807,0xFC00,0x0000,0x0000,0x0000,
    0x00FF,0xFFFF,0xFFFF,0xFFFF,0xFFBF,0xFFE3,0xFFF8,0x4000,0x073F,0xFFF0,0xAA80,0x027F,0xFFFF,0xBFFF,0x37FF,0xF803,0xBC00,0x0000,0x0000,0x0000,
    0x00FF,0xFFFF,0xFFFF,0xFFFF,0xFFFF,0xFFFF,0xFFFF,0xE1FF,0xFFFF,0xFFFF,0xFFFF,0xFFFF,0xFFFF,0xFFFF,0xF7FF,0xF807,0xFC00,0x0000,0x0000,0x0000,
    0x00FF,0xFFFF,0xFF1F,0xFFFF,0xFE3F,0xFF83,0xFFF4,0x0000,0x01C0,0x0003,0x557F,0xFC7F,0xFFFF,0xFFFF,0xC3FF,0xC000,0x4000,0x0000,0x0000,0x0000,
    0x00FF,0xFFFF,0xFFFF,0xFFFF,0xFFFF,0xFFFF,0xFFFF,0xE1FF,0xFFFF,0xFFFF,0xFFFF,0xFFFF,0xFFFF,0xFFFF,0xF7FF,0xF807,0xFC00,0x0000,0x0000,0x0000,
    /* row 43 */
    0x0000,0x0000,0x0080,0x0000,0x003F,0xFF17,0xFFF5,0xE01F,0xF77F,0xFFDE,0xC000,0x0D7F,0xFFFF,0xFFFF,0x80AA,0xBE1C,0x0780,0x0000,0x0000,0x0000,
    0x01FF,0xFFFF,0xFFFF,0xFFFF,0xFFFF,0xFFFF,0xFFFF,0xE01F,0xFFFF,0xFFFF,0xFFFF,0xFFFF,0xFFFF,0xFFFF,0xFFFF,0xFE1F,0xFF80,0x0000,0x0000,0x0000,
    0x0117,0xFFFF,0xFDE0,0x0000,0x01C0,0x0082,0x0019,0xE002,0xA57F,0xFFCE,0xC000,0x0D00,0x0002,0x42BF,0x7FFF,0xC002,0xE000,0x0000,0x0000,0x0000,
    0x01FF,0xFFFF,0xFFFF,0xFFFF,0xFFFF,0xFFFF,0xFFFF,0xE01F,0xFFFF,0xFFFF,0xFFFF,0xFFFF,0xFFFF,0xFFFF,0xFFFF,0xFE1F,0xFF80,0x0000,0x0000,0x0000,
    0x00E8,0x0000,0x0220,0x0000,0x01BF,0xFF29,0xFFE7,0xE000,0x0DFF,0xFFE7,0xFFFF,0xFF7F,0xFFFF,0xBFFF,0x87FF,0xE00E,0xE600,0x0000,0x0000,0x0000,
    0x01FF,0xFFFF,0xFFFF,0xFFFF,0xFFFF,0xFFFF,0xFFFF,0xE01F,0xFFFF,0xFFFF,0xFFFF,0xFFFF,0xFFFF,0xFFFF,0xFFFF,0xFE1F,0xFF80,0x0000,0x0000,0x0000,
    0x01FF,0xFFFF,0xFF7F,0xFFFF,0xFF7F,0xFF43,0xFFF6,0x0000,0x0E7F,0xFFE0,0xC000,0x02FF,0xFFFF,0xFFFF,0xDFFF,0xDE13,0xF980,0x0000,0x0000,0x0000,
    0x01FF,0xFFFF,0xFFFF,0xFFFF,0xFFFF,0xFFFF,0xFFFF,0xE01F,0xFFFF,0xFFFF,0xFFFF,0xFFFF,0xFFFF,0xFFFF,0xFFFF,0xFE1F,0xFF80,0x0000,0x0000,0x0000,
    0x00FF,0xFFFF,0xFF9F,0xFFFF,0xFE3F,0xFF83,0xFFF8,0x0000,0x0380,0x0003,0x3FFF,0xFC7F,0xFFFF,0xFFFF,0xA3FF,0xE00F,0xFE00,0x0000,0x0000,0x0000,
    0x01FF,0xFFFF,0xFFFF,0xFFFF,0xFFFF,0xFFFF,0xFFFF,0xE01F,0xFFFF,0xFFFF,0xFFFF,0xFFFF,0xFFFF,0xFFFF,0xFFFF,0xFE1F,0xFF80,0x0000,0x0000,0x0000,
    /* row 44 */
    0x0100,0x0160,0x0000,0x00C0,0x003F,0xFF3D,0xFFFF,0xE000,0xEEFF,0xFFB8,0x0F80,0x057F,0xFFFF,0xFFFF,0xC500,0x0F01,0x40EF,0x0000,0x0000,0x0000,
    0x01FF,0xFFFF,0xFFFF,0xFFFF,0xFFFF,0xFFFF,0xFFFF,0xE000,0xFFFF,0xFFFF,0xFFFF,0xFFFF,0xFFFF,0xFFFF,0xFFFF,0xFF7F,0xFFFF,0xC000,0x0000,0x0000,
    0x013F,0xFFFF,0xFEF0,0x0020,0x01C0,0x0102,0x8013,0xE000,0x4EFF,0xFF90,0x0D00,0x0500,0x0000,0x0005,0x73FF,0xF07F,0xFE10,0xC000,0x0000,0x0000,
    0x01FF,0xFFFF,0xFFFF,0xFFFF,0xFFFF,0xFFFF,0xFFFF,0xE000,0xFFFF,0xFFFF,0xFFFF,0xFFFF,0xFFFF,0xFFFF,0xFFFF,0xFF7F,0xFFFF,0xC000,0x0000,0x0000,
    0x00C0,0x0000,0x0110,0x0020,0x013F,0xFE01,0x7FEF,0xE000,0x1FFF,0xFFD7,0xFFFF,0xFF7F,0xFFFF,0xFFFF,0x87FF,0xF07F,0xFED0,0xC000,0x0000,0x0000,
    0x01FF,0xFFFF,0xFFFF,0xFFFF,0xFFFF,0xFFFF,0xFFFF,0xE000,0xFFFF,0xFFFF,0xFFFF,0xFFFF,0xFFFF,0xFFFF,0xFFFF,0xFF7F,0xFFFF,0xC000,0x0000,0x0000,
    0x00FF,0xFE9F,0xFFFF,0xFFFF,0xFF3F,0xFFC1,0xFFFC,0x0000,0x1CFF,0xFFC4,0x0F80,0x02FF,0xFFFF,0xFFFF,0xABFF,0xFF3F,0xFF3F,0x0000,0x0000,0x0000,
    0x01FF,0xFFFF,0xFFFF,0xFFFF,0xFFFF,0xFFFF,0xFFFF,0xE000,0xFFFF,0xFFFF,0xFFFF,0xFFFF,0xFFFF,0xFFFF,0xFFFF,0xFF7F,0xFFFF,0xC000,0x0000,0x0000,
    0x01FF,0xFF7F,0xFF1F,0xFF1F,0xFE7F,0xFF03,0xFFF0,0x0000,0x0700,0x0003,0xF07F,0xFC7F,0xFFFF,0xFFFF,0xD7FF,0xC01F,0xFFC0,0x0000,0x0000,0x0000,
    0x01FF,0xFFFF,0xFFFF,0xFFFF,0xFFFF,0xFFFF,0xFFFF,0xE000,0xFFFF,0xFFFF,0xFFFF,0xFFFF,0xFFFF,0xFFFF,0xFFFF,0xFF7F,0xFFFF,0xC000,0x0000,0x0000,
    /* row 45 */
    0x0080,0x0070,0x0080,0x01E0,0x017F,0xFE77,0xFFF3,0xC000,0x1DFF,0xFF7D,0xBFE0,0x0D7F,0xFFFF,0xFFFF,0xC200,0x37C0,0x0040,0x5000,0x0000,0x0000,
    0x01FF,0xFFFF,0xFFFF,0xFFFF,0xFFFF,0xFFFF,0xFFFF,0xE000,0x3FFF,0xFFFF,0xFFFF,0xFFFF,0xFFFF,0xFFFF,0xFFFF,0xFFFF,0xFFFF,0xF000,0x0000,0x0000,
    0x01FF,0xFE17,0xFFE0,0x0018,0x00C0,0x0142,0x415B,0xC000,0x1DFF,0xFF3D,0xBEE0,0x0D80,0x0000,0x0002,0xFBFF,0x883F,0xFF1E,0x2000,0x0000,0x0000,
    0x01FF,0xFFFF,0xFFFF,0xFFFF,0xFFFF,0xFFFF,0xFFFF,0xE000,0x3FFF,0xFFFF,0xFFFF,0xFFFF,0xFFFF,0xFFFF,0xFFFF,0xFFFF,0xFFFF,0xF000,0x0000,0x0000,
    0x0080,0x0188,0x0020,0x0118,0x003F,0xFE09,0xBEA3,0xE000,0x3FFF,0xFFA7,0xE07F,0xFF7F,0xFFFF,0xFFFF,0x83FF,0xA87F,0xFF5E,0x6000,0x0000,0x0000,
    0x01FF,0xFFFF,0xFFFF,0xFFFF,0xFFFF,0xFFFF,0xFFFF,0xE000,0x3FFF,0xFFFF,0xFFFF,0xFFFF,0xFFFF,0xFFFF,0xFFFF,0xFFFF,0xFFFF,0xF000,0x0000,0x0000,
    0x01FF,0xFE0F,0xFF7F,0xFE1F,0xFF3F,0xFE83,0xFFF4,0x2000,0x39FF,0xFF81,0xC020,0x027F,0xFFFF,0xFFFF,0x8FFF,0xDFBF,0xFFBF,0xB000,0x0000,0x0000,
    0x01FF,0xFFFF,0xFFFF,0xFFFF,0xFFFF,0xFFFF,0xFFFF,0xE000,0x3FFF,0xFFFF,0xFFFF,0xFFFF,0xFFFF,0xFFFF,0xFFFF,0xFFFF,0xFFFF,0xF000,0x0000,0x0000,
    0x00FF,0xFC1F,0xFF9F,0xFE0F,0xFE7F,0xFF03,0xFFF8,0x0000,0x0E00,0x0002,0x001F,0xFCFF,0xFFFF,0xFFFF,0xF7FF,0xE07F,0xFFFF,0xC000,0x0000,0x0000,
    0x01FF,0xFFFF,0xFFFF,0xFFFF,0xFFFF,0xFFFF,0xFFFF,0xE000,0x3FFF,0xFFFF,0xFFFF,0xFFFF,0xFFFF,0xFFFF,0xFFFF,0xFFFF,0xFFFF,0xF000,0x0000,0x0000,
    /* row 46 */
    0x0100,0x0420,0x0000,0x00F0,0x037F,0xFE7D,0xFFFF,0xF000,0x5BFF,0xFEFD,0xFFA8,0x057F,0xFFFF,0xFFFF,0xD500,0x0C00,0x0001,0x3C00,0x0000,0x0000,
    0x01FF,0xFFFF,0xFFFF,0xFFFF,0xFFFF,0xFFFF,0xFFFF,0xF000,0x7FFF,0xFFFF,0xFFFF,0xFFFF,0xFFFF,0xFFFF,0xFFFF,0xFFFF,0xFFFF,0xFE1F,0xF800,0x0000,
    0x013F,0xFC0B,0xFFF0,0x0300,0x0080,0x0102,0xAA93,0xF000,0x5BFF,0xFE7D,0xFF88,0x0580,0x0000,0x0001,0x77FF,0xF37F,0xFF1F,0xC21F,0xF800,0x0000,
    0x01FF,0xFFFF,0xFFFF,0xFFFF,0xFFFF,0xFFFF,0xFFFF,0xF000,0x7FFF,0xFFFF,0xFFFF,0xFFFF,0xFFFF,0xFFFF,0xFFFF,0xFFFF,0xFFFF,0xFE1F,0xF800,0x0000,
    0x00C0,0x03D4,0x0030,0x02C0,0x027F,0xFE01,0x556F,0xF000,0x7FFF,0xFF43,0x005F,0xFF7F,0xFFFF,0xFFFF,0x8FFF,0xF37F,0xFF1F,0xE215,0x4000,0x0000,
    0x01FF,0xFFFF,0xFFFF,0xFFFF,0xFFFF,0xFFFF,0xFFFF,0xF000,0x7FFF,0xFFFF,0xFFFF,0xFFFF,0xFFFF,0xFFFF,0xFFFF,0xFFFF,0xFFFF,0xFE1F,0xF800,0x0000,
    0x00FF,0xF80F,0xFFFF,0xFE1F,0xFD7F,0xFE81,0xFFFC,0x0000,0x53FF,0xFF02,0x0000,0x027F,0xFFFF,0xFFFF,0xE7FF,0xFDFF,0xFFFF,0xDC00,0x0000,0x0000,
    0x01FF,0xFFFF,0xFFFF,0xFFFF,0xFFFF,0xFFFF,0xFFFF,0xF000,0x7FFF,0xFFFF,0xFFFF,0xFFFF,0xFFFF,0xFFFF,0xFFFF,0xFFFF,0xFFFF,0xFE1F,0xF800,0x0000,
    0x01FF,0xFC0F,0xFF1F,0xFC0F,0xFE7F,0xFF03,0xFFF0,0x0000,0x3C00,0x0000,0x001F,0xFCFF,0xFFFF,0xFFFF,0xD7FF,0xC0FF,0xFFFF,0xE000,0x0000,0x0000,
    0x01FF,0xFFFF,0xFFFF,0xFFFF,0xFFFF,0xFFFF,0xFFFF,0xF000,0x7FFF,0xFFFF,0xFFFF,0xFFFF,0xFFFF,0xFFFF,0xFFFF,0xFFFF,0xFFFF,0xFE1F,0xF800,0x0000,
    /* row 47 */
    0x0180,0x0050,0x0080,0x02F0,0x007F,0xFE77,0xFFE7,0xF000,0xB7FF,0xFFFF,0xFFFC,0x017F,0xFFFF,0xFFFF,0xC200,0x1800,0x0000,0x1E0A,0x0280,0x0000,
    0x01FF,0xFFFF,0xFFFF,0xFFFF,0xFFFF,0xFFFF,0xFFFF,0xF000,0xFFFF,0xFFFF,0xFFFF,0xFFFF,0xFFFF,0xFFFF,0xFFFF,0xFFFF,0xFFFF,0xFFFF,0xFFE0,0x0000,
    0x01FF,0xFA0F,0xFDA0,0x0100,0x0180,0x0102,0x555F,0xF000,0xB7FF,0xFEFB,0xF00C,0x0180,0x0000,0x0000,0xFFFF,0xA6FF,0xAF3F,0xE135,0xF8E0,0x0000,
    0x01FF,0xFFFF,0xFFFF,0xFFFF,0xFFFF,0xFFFF,0xFFFF,0xF000,0xFFFF,0xFFFF,0xFFFF,0xFFFF,0xFFFF,0xFFFF,0xFFFF,0xFFFF,0xFFFF,0xFFFF,0xFFE0,0x0000,
    0x0080,0x05A0,0x0260,0x0090,0x017F,0xFE09,0xAAA7,0xF000,0xFFFF,0xFE81,0xE01F,0xFE7F,0xFFFF,0xFFFF,0x87FF,0xA2FF,0xAF3F,0xE135,0xF840,0x0000,
    0x01FF,0xFFFF,0xFFFF,0xFFFF,0xFFFF,0xFFFF,0xFFFF,0xF000,0xFFFF,0xFFFF,0xFFFF,0xFFFF,0xFFFF,0xFFFF,0xFFFF,0xFFFF,0xFFFF,0xFFFF,0xFFE0,0x0000,
    0x00FF,0xFA0F,0xFF3F,0xFE0F,0xFEFF,0xFF83,0xFFE0,0x0000,0xA7FF,0xFC00,0x0014,0x027F,0xFFFF,0xFFFF,0xEFFF,0xFBFF,0xFFFF,0xFE0A,0x0080,0x0000,
    0x01FF,0xFFFF,0xFFFF,0xFFFF,0xFFFF,0xFFFF,0xFFFF,0xF000,0xFFFF,0xFFFF,0xFFFF,0xFFFF,0xFFFF,0xFFFF,0xFFFF,0xFFFF,0xFFFF,0xFFFF,0xFFE0,0x0000,
    0x01FF,0xF80F,0xFF9F,0xFC0F,0xFE7F,0xFE03,0xFFF8,0x0000,0x7800,0x0000,0x000B,0xFCFF,0xFFFF,0xFFFF,0xD7FF,0xC1FF,0xFFFF,0xC0FF,0xFF00,0x0000,
    0x01FF,0xFFFF,0xFFFF,0xFFFF,0xFFFF,0xFFFF,0xFFFF,0xF000,0xFFFF,0xFFFF,0xFFFF,0xFFFF,0xFFFF,0xFFFF,0xFFFF,0xFFFF,0xFFFF,0xFFFF,0xFFE0,0x0000,
    /* row 48 */
    0x0100,0x0018,0x0000,0x0120,0x027F,0xFF7F,0xFFFF,0xF001,0xEFFF,0xFFFF,0xF830,0x057F,0xFFFF,0xFFFF,0x9400,0x3000,0x0000,0x357F,0xFF20,0x0000,
    0x01FF,0xFFFF,0xFFFF,0xFFFF,0xFFFF,0xFFFF,0xFFFF,0xF001,0xFFFF,0xFFFF,0xFFFF,0xFFFF,0xFFFF,0xFFFF,0xFFFF,0xFFFF,0xFFFF,0xFFFF,0xFFF8,0x0000,
    0x017F,0xFC0F,0xFFF0,0x02D0,0x0180,0x0202,0xAA97,0xF001,0xEFFF,0xFDFF,0xD810,0x05A0,0x0000,0x0000,0x3FFF,0x8DF5,0x557F,0xCB80,0x00C8,0x0000,
    0x01FF,0xFFFF,0xFFFF,0xFFFF,0xFFFF,0xFFFF,0xFFFF,0xF001,0xFFFF,0xFFFF,0xFFFF,0xFFFF,0xFFFF,0xFFFF,0xFFFF,0xFFFF,0xFFFF,0xFFFF,0xFFF8,0x0000,
    0x0080,0x03E0,0x0030,0x0300,0x037F,0xFD01,0x556F,0xF001,0xFFFF,0xFD01,0x9FFF,0xFE5F,0xFFFF,0xFFFF,0xC7FF,0x8DF5,0x557F,0xCA80,0x00C8,0x0000,
    0x01FF,0xFFFF,0xFFFF,0xFFFF,0xFFFF,0xFFFF,0xFFFF,0xF001,0xFFFF,0xFFFF,0xFFFF,0xFFFF,0xFFFF,0xFFFF,0xFFFF,0xFFFF,0xFFFF,0xFFFF,0xFFF8,0x0000,
    0x00FF,0xFC07,0xFFFF,0xFC0F,0xFCFF,0xFF83,0xFFF8,0x0001,0x4FFF,0xF800,0x07F0,0x027F,0xFFFF,0xFFFF,0xEFFF,0xF7FF,0xFFFF,0xF57F,0xFF00,0x0000,
    0x01FF,0xFFFF,0xFFFF,0xFFFF,0xFFFF,0xFFFF,0xFFFF,0xF001,0xFFFF,0xFFFF,0xFFFF,0xFFFF,0xFFFF,0xFFFF,0xFFFF,0xFFFF,0xFFFF,0xFFFF,0xFFF8,0x0000,
    0x01FF,0xF00F,0xFF1F,0xFC0F,0xFE7F,0xFE03,0xFFF0,0x0000,0xF000,0x0000,0x001F,0xFCFF,0xFFFF,0xFFFF,0xD7FF,0xC3FF,0xFFFF,0xC0FF,0xFFF0,0x0000,
    0x01FF,0xFFFF,0xFFFF,0xFFFF,0xFFFF,0xFFFF,0xFFFF,0xF001,0xFFFF,0xFFFF,0xFFFF,0xFFFF,0xFFFF,0xFFFF,0xFFFF,0xFFFF,0xFFFF,0xFFFF,0xFFF8,0x0000,
    /* row 49 */
    0x0100,0x0018,0x0180,0x05A0,0x027F,0xFE7F,0xFFEF,0xF001,0x9FFF,0xEFFF,0xAFF0,0x01FF,0xFDFF,0xFFFF,0xC800,0x4000,0x0000,0x7895,0x03E4,0x0000,
    0x01FF,0xFFFF,0xFFFF,0xFFFF,0xFFFF,0xFFFF,0xFFFF,0xF007,0xFFFF,0xFFFF,0xFFFF,0xFFFF,0xFFFF,0xFFFF,0xFFFF,0xFFFF,0xFFFF,0xFFFF,0xFFFE,0x0000,
    0x017F,0xF80F,0xFDA0,0x0250,0x0180,0x0300,0x5557,0xF001,0x9FFF,0xEFFE,0xAFB0,0x0080,0x0B00,0x0000,0xFFFF,0xBBEA,0xAAAA,0x866A,0xFC1E,0x0000,
    0x01FF,0xFFFF,0xFFFF,0xFFFF,0xFFFF,0xFFFF,0xFFFF,0xF007,0xFFFF,0xFFFF,0xFFFF,0xFFFF,0xFFFF,0xFFFF,0xFFFF,0xFFFF,0xFFFF,0xFFFF,0xFFFE,0x0000,
    0x0080,0x07E0,0x0260,0x0780,0x027F,0xFC03,0xAAAF,0xF007,0xFFFF,0xFA00,0xFDBF,0xFE7F,0xF4FF,0xFFFF,0x87FF,0xFBEA,0xAAAA,0xC66A,0xFC1A,0x0000,
    0x01FF,0xFFFF,0xFFFF,0xFFFF,0xFFFF,0xFFFF,0xFFFF,0xF007,0xFFFF,0xFFFF,0xFFFF,0xFFFF,0xFFFF,0xFFFF,0xFFFF,0xFFFF,0xFFFF,0xFFFF,0xFFFE,0x0000,
    0x00FF,0xF807,0xFE3F,0xF80F,0xFC7F,0xFF83,0xFFE8,0x0004,0x9FFF,0xF000,0x62E0,0x02FF,0xFDFF,0xFFFF,0xF7FF,0xA7FF,0xFFFF,0xB880,0x03E4,0x0000,
    0x01FF,0xFFFF,0xFFFF,0xFFFF,0xFFFF,0xFFFF,0xFFFF,0xF007,0xFFFF,0xFFFF,0xFFFF,0xFFFF,0xFFFF,0xFFFF,0xFFFF,0xFFFF,0xFFFF,0xFFFF,0xFFFE,0x0000,
    0x01FF,0xF00F,0xFF9F,0xFC0F,0xFEFF,0xFE03,0xFFF0,0x0003,0xE000,0x0000,0x1FFF,0xFCFF,0xFBFF,0xFFFF,0xCFFF,0xC7FF,0xFFFF,0xC1FF,0xFFF8,0x0000,
    0x01FF,0xFFFF,0xFFFF,0xFFFF,0xFFFF,0xFFFF,0xFFFF,0xF007,0xFFFF,0xFFFF,0xFFFF,0xFFFF,0xFFFF,0xFFFF,0xFFFF,0xFFFF,0xFFFF,0xFFFF,0xFFFE,0x0000,
    /* row 50 */
    0x0000,0x001A,0x8000,0x0570,0x007F,0xFF7B,0xFFE7,0xF00F,0x3FFF,0xDFFE,0x7FC0,0x07FF,0xF3FF,0xF7FF,0x8400,0x6800,0x0000,0x706A,0xBA7E,0x0000,
    0x01FF,0xFFFF,0xFFFF,0xFFFF,0xFFFF,0xFFFF,0xFFFF,0xF01F,0xFFFF,0xFFFF,0xFFFF,0xFFFF,0xFFFF,0xFFFF,0xFFFF,0xFFFF,0xFFFF,0xFFFF,0xFFFF,0x0000,
    0x007F,0xFC0B,0xFEF0,0x0280,0x0380,0x0A00,0xAAB7,0xF00F,0x3FFF,0xDFFA,0x5FC0,0x07A0,0x1000,0x0C00,0x3FFF,0x97D5,0x5555,0x0F95,0x4581,0x0000,
    0x01FF,0xFFFF,0xFFFF,0xFFFF,0xFFFF,0xFFFF,0xFFFF,0xF01F,0xFFFF,0xFFFF,0xFFFF,0xFFFF,0xFFFF,0xFFFF,0xFFFF,0xFFFF,0xFFFF,0xFFFF,0xFFFF,0x0000,
    0x0180,0x03E4,0x0130,0x0550,0x027F,0xF503,0x554F,0x701C,0xFFFF,0xE401,0xF7FF,0xFE5F,0xE5FF,0xF3FF,0xC7FF,0xCFD5,0x5555,0x4D95,0x4581,0x0000,
    0x01FF,0xFFFF,0xFFFF,0xFFFF,0xFFFF,0xFFFF,0xFFFF,0xF01F,0xFFFF,0xFFFF,0xFFFF,0xFFFF,0xFFFF,0xFFFF,0xFFFF,0xFFFF,0xFFFF,0xFFFF,0xFFFF,0x0000,
    0x01FF,0xFC05,0x7FFF,0xF80F,0xFE7F,0xFF87,0xFFE8,0x001B,0x3FFF,0xE001,0x3800,0x00FF,0xF9FF,0xF7FF,0xF7FF,0xA7FF,0xFFFF,0xB000,0x007C,0x0000,
    0x01FF,0xFFFF,0xFFFF,0xFFFF,0xFFFF,0xFFFF,0xFFFF,0xF01F,0xFFFF,0xFFFF,0xFFFF,0xFFFF,0xFFFF,0xFFFF,0xFFFF,0xFFFF,0xFFFF,0xFFFF,0xFFFF,0x0000,
    0x01FF,0xF00F,0xFF1F,0xFC0F,0xFCFF,0xFE03,0xFFF0,0x0007,0xC000,0x0000,0xFFFF,0xFCFF,0xF0FF,0xFFFF,0xCFFF,0xCFFF,0xFFFF,0xC1FF,0xFFFE,0x0000,
    0x01FF,0xFFFF,0xFFFF,0xFFFF,0xFFFF,0xFFFF,0xFFFF,0xF01F,0xFFFF,0xFFFF,0xFFFF,0xFFFF,0xFFFF,0xFFFF,0xFFFF,0xFFFF,0xFFFF,0xFFFF,0xFFFF,0x0000,
    /* row 51 */
    0x0000,0x1011,0x51A0,0x5590,0x007F,0xFE7B,0xFFFF,0xF02E,0x7FFF,0xBFFD,0xE540,0x13FF,0xF5FF,0xEBFF,0xA800,0x3000,0x0000,0x6855,0x553E,0x0000,
    0x01FF,0xFFFF,0xFFFF,0xFFFF,0xFFFF,0xFFFF,0xFFFF,0xF03F,0xFFFF,0xFFFF,0xFFFF,0xFFFF,0xFFFF,0xFFFF,0xFFFF,0xFFFF,0xFFFF,0xFFFF,0xFFFF,0x8000,
    0x007F,0xF80F,0xFDA0,0x0260,0x0381,0x0305,0x5547,0xF02E,0x7FFF,0x9FF5,0xE540,0x1300,0x0480,0x0200,0x77FF,0xCFA8,0x02AA,0x97AA,0xAAC0,0x8000,
    0x01FF,0xFFFF,0xFFFF,0xFFFF,0xFFFF,0xFFFF,0xFFFF,0xF03F,0xFFFF,0xFFFF,0xFFFF,0xFFFF,0xFFFF,0xFFFF,0xFFFF,0xFFFF,0xFFFF,0xFFFF,0xFFFF,0x8000,
    0x0180,0x07E0,0x0240,0x5790,0x027E,0xFC02,0xAABE,0xB03B,0xFFFF,0xC807,0xBFFF,0xFEFF,0xFA7F,0xE5FF,0x87FF,0xDFA8,0x02AA,0xD5AA,0xAAC0,0x8000,
    0x01FF,0xFFFF,0xFFFF,0xFFFF,0xFFFF,0xFFFF,0xFFFF,0xF03F,0xFFFF,0xFFFF,0xFFFF,0xFFFF,0xFFFF,0xFFFF,0xFFFF,0xFFFF,0xFFFF,0xFFFF,0xFFFF,0x8000,
    0x01FF,0xE80E,0xAE1F,0xA80F,0xFE7F,0xFF87,0xFFF8,0x0024,0x7FFF,0xC000,0xC540,0x10FF,0xF0FF,0xF3FF,0x9FFF,0xEFFF,0xFFFF,0xA800,0x003E,0x0000,
    0x01FF,0xFFFF,0xFFFF,0xFFFF,0xFFFF,0xFFFF,0xFFFF,0xF03F,0xFFFF,0xFFFF,0xFFFF,0xFFFF,0xFFFF,0xFFFF,0xFFFF,0xFFFF,0xFFFF,0xFFFF,0xFFFF,0x8000,
    0x01FF,0xF00F,0xFFBF,0xFC0F,0xFCFF,0xFE03,0xFFE0,0x001F,0x8000,0x0003,0xFABF,0xECFF,0xE0FF,0xE3FF,0xEFFF,0x8FFF,0xFFFF,0xC1FF,0xFFFF,0x0000,
    0x01FF,0xFFFF,0xFFFF,0xFFFF,0xFFFF,0xFFFF,0xFFFF,0xF03F,0xFFFF,0xFFFF,0xFFFF,0xFFFF,0xFFFF,0xFFFF,0xFFFF,0xFFFF,0xFFFF,0xFFFF,0xFFFF,0x8000,
    /* row 52 */
    0x0000,0x101A,0xA922,0xA572,0x027F,0xFE6B,0xFFE7,0xF87C,0xFFFF,0xFFF7,0x2000,0x02FF,0xE7FF,0xD5FF,0x8000,0x1000,0x0000,0x40AA,0xAAEF,0x4000,
    0x01FF,0xFFFF,0xFFFF,0xFFFF,0xFFFF,0xFFFF,0xFFFF,0xF8FF,0xFFFF,0xFFFF,0xFFFF,0xFFFF,0xFFFF,0xFFFF,0xFFFF,0xFFFF,0xFFFF,0xFFFF,0xFFFF,0xE000,
    0x007F,0xFC0F,0xFFB0,0x0280,0x0182,0x0B04,0xAAB7,0xF87C,0xFFFF,0xFFE5,0x2000,0x022A,0xA080,0x2200,0x77FF,0x6D00,0x1555,0x3F55,0x5510,0x6000,
    0x01FF,0xFFFF,0xFFFF,0xFFFF,0xFFFF,0xFFFF,0xFFFF,0xF8FF,0xFFFF,0xFFFF,0xFFFF,0xFFFF,0xFFFF,0xFFFF,0xFFFF,0xFFFF,0xFFFF,0xFFFF,0xFFFF,0xE000,
    0x0180,0x03E0,0x0052,0xA552,0x007D,0xF413,0x5547,0x50FF,0xFFFF,0x900F,0xFFFF,0xFCD5,0x487F,0xC9FF,0x87FF,0x5D00,0x1555,0x7F55,0x5510,0x2000,
    0x01FF,0xFFFF,0xFFFF,0xFFFF,0xFFFF,0xFFFF,0xFFFF,0xF8FF,0xFFFF,0xFFFF,0xFFFF,0xFFFF,0xFFFF,0xFFFF,0xFFFF,0xFFFF,0xFFFF,0xFFFF,0xFFFF,0xE000,
    0x01FF,0xEC05,0x569D,0x580D,0xFE7F,0xFE83,0xFFE8,0x00D0,0xFFFF,0x000B,0x2000,0x01FF,0xF0FF,0xC1FF,0xBFFF,0xCFFF,0xFFFF,0x8000,0x000F,0x4000,
    0x01FF,0xFFFF,0xFFFF,0xFFFF,0xFFFF,0xFFFF,0xFFFF,0xF8FF,0xFFFF,0xFFFF,0xFFFF,0xFFFF,0xFFFF,0xFFFF,0xFFFF,0xFFFF,0xFFFF,0xFFFF,0xFFFF,0xE000,
    0x01FF,0xF00F,0xFF3F,0xFC0F,0xFCFF,0xFF07,0xFFF0,0x003F,0x0000,0x0007,0xDFFF,0xFCFF,0xE0FF,0xE3FF,0xCFFF,0x9FFF,0xFFFF,0xC1FF,0xFFFF,0x8000,
    0x01FF,0xFFFF,0xFFFF,0xFFFF,0xFFFF,0xFFFF,0xFFFF,0xF8FF,0xFFFF,0xFFFF,0xFFFF,0xFFFF,0xFFFF,0xFFFF,0xFFFF,0xFFFF,0xFFFF,0xFFFF,0xFFFF,0xE000,
    /* row 53 */
    0x0000,0x1011,0x5565,0x51B5,0x547F,0xFF7F,0xFFF7,0xF975,0xFFFF,0xFFEF,0x1114,0x16FF,0xC7FF,0xF5FF,0x8000,0x6000,0x1000,0x62F5,0x5557,0x1000,
    0x01FF,0xFFFF,0xFFFF,0xFFFF,0xFFFF,0xFFFF,0xFFFF,0xF9FF,0xFFFF,0xFFFF,0xFFFF,0xFFFF,0xFFFF,0xFFFF,0xFFFF,0xFFFF,0xFFFF,0xFFFF,0xFFFF,0xF000,
    0x007F,0xF807,0xFF80,0x0640,0x0395,0x4015,0x5567,0xF975,0xFFFF,0xFFCB,0x1114,0x1315,0x2000,0x1200,0x7FFF,0x0A00,0x02A8,0x9F0A,0xAAA8,0xC000,
    0x01FF,0xFFFF,0xFFFF,0xFFFF,0xFFFF,0xFFFF,0xFFFF,0xF9FF,0xFFFF,0xFFFF,0xFFFF,0xFFFF,0xFFFF,0xFFFF,0xFFFF,0xFFFF,0xFFFF,0xFFFF,0xFFFF,0xF000,
    0x0180,0x07E8,0x0025,0x5785,0x566A,0xBF02,0xAA96,0xB9FF,0xFFFF,0x201F,0xFFFF,0xFCEA,0xC8FF,0xE9FF,0x8FFF,0x0A00,0x12A8,0x990A,0xAAA8,0xC000,
    0x01FF,0xFFFF,0xFFFF,0xFFFF,0xFFFF,0xFFFF,0xFFFF,0xF9FF,0xFFFF,0xFFFF,0xFFFF,0xFFFF,0xFFFF,0xFFFF,0xFFFF,0xFFFF,0xFFFF,0xFFFF,0xFFFF,0xF000,
    0x01FF,0xE80E,0xAA9A,0xAC1A,0xAA7F,0xFF87,0xFFF8,0x0125,0xFFFE,0x0015,0x1114,0x15FF,0xD0FF,0xE1FF,0xDFFF,0xFFFF,0xEFFF,0xE200,0x0007,0x1000,
    0x01FF,0xFFFF,0xFFFF,0xFFFF,0xFFFF,0xFFFF,0xFFFF,0xF9FF,0xFFFF,0xFFFF,0xFFFF,0xFFFF,0xFFFF,0xFFFF,0xFFFF,0xFFFF,0xFFFF,0xFFFF,0xFFFF,0xF000,
    0x01FF,0xF00F,0xFF3F,0xF80F,0xFCFF,0xFE07,0xFFE0,0x00FA,0x0000,0x000E,0xEEEB,0xE8FF,0xE0FF,0xC3FF,0xAFFF,0x9FFF,0xFFFF,0x81FF,0xFFFF,0xA000,
    0x01FF,0xFFFF,0xFFFF,0xFFFF,0xFFFF,0xFFFF,0xFFFF,0xF9FF,0xFFFF,0xFFFF,0xFFFF,0xFFFF,0xFFFF,0xFFFF,0xFFFF,0xFFFF,0xFFFF,0xFFFF,0xFFFF,0xF000,
    /* row 54 */
    0x0000,0x1022,0xA96A,0xA362,0xAA7F,0xFE37,0xFFDF,0xFBCB,0xFFFF,0xFFDA,0x280A,0xA6FF,0xEFFF,0xCDFF,0x9000,0x8000,0x0400,0x4100,0x0AAB,0x6800,
    0x01FF,0xFFFF,0xFFFF,0xFFFF,0xFFFF,0xFFFF,0xFFFF,0xFFFF,0xFFFF,0xFFFF,0xFFFF,0xFFFF,0xFFFF,0xFFFF,0xFFFF,0xFFFF,0xFFFF,0xFFFF,0xFFFF,0xF800,
    0x00FF,0xF81F,0xFFA0,0x0490,0x01AA,0x892A,0xAAAF,0xFBCB,0xFFFF,0xFF9A,0x280A,0xA52A,0x8080,0x0200,0xFFFD,0x7400,0x7941,0x3CFF,0xF554,0xE800,
    0x01FF,0xFFFF,0xFFFF,0xFFFF,0xFFFF,0xFFFF,0xFFFF,0xFFFF,0xFFFF,0xFFFF,0xFFFF,0xFFFF,0xFFFF,0xFFFF,0xFFFF,0xFFFF,0xFFFF,0xFFFF,0xFFFF,0xF800,
    0x0100,0x07C0,0x000A,0xA752,0xAA55,0x7645,0x555D,0x477F,0xFFFC,0x0037,0xFFFF,0xFCD5,0x607F,0xD1FF,0x0FFD,0xF400,0x7141,0x38FF,0xF554,0x8000,
    0x01FF,0xFFFF,0xFFFF,0xFFFF,0xFFFF,0xFFFF,0xFFFF,0xFFFF,0xFFFF,0xFFFF,0xFFFF,0xFFFF,0xFFFF,0xFFFF,0xFFFF,0xFFFF,0xFFFF,0xFFFF,0xFFFF,0xF800,
    0x01FF,0xE81D,0x5695,0x5C1D,0x547F,0xFE87,0xFFD0,0x068B,0xFFFC,0x002A,0x280A,0xA4FF,0xF0FF,0xE1FF,0xEFFF,0x3FFF,0xC7FF,0xC100,0x0003,0x6800,
    0x01FF,0xFFFF,0xFFFF,0xFFFF,0xFFFF,0xFFFF,0xFFFF,0xFFFF,0xFFFF,0xFFFF,0xFFFF,0xFFFF,0xFFFF,0xFFFF,0xFFFF,0xFFFF,0xFFFF,0xFFFF,0xFFFF,0xF800,
    0x01FF,0xF00F,0xFF3F,0xF80F,0xFCFF,0xFF0F,0xFFE0,0x01F4,0x0000,0x001D,0xD7F5,0x59FF,0xC0FF,0xC3FF,0x9FFF,0x9FFF,0x83FF,0x83FF,0xFFFF,0x9000,
    0x01FF,0xFFFF,0xFFFF,0xFFFF,0xFFFF,0xFFFF,0xFFFF,0xFFFF,0xFFFF,0xFFFF,0xFFFF,0xFFFF,0xFFFF,0xFFFF,0xFFFF,0xFFFF,0xFFFF,0xFFFF,0xFFFF,0xF800,
    /* row 55 */
    0x0000,0x0025,0x5445,0x51E5,0x56FF,0xFFEF,0xFFCF,0xFB97,0xFFF7,0xFFD5,0x55D5,0x52FF,0xEEFF,0xD7FF,0x8000,0x8000,0x8C00,0x606A,0xC556,0xBC00,
    0x03FF,0xFFFF,0xFFFF,0xFFFF,0xFFFF,0xFFFF,0xFFFF,0xFFFF,0xFFFF,0xFFFF,0xFFFF,0xFFFF,0xFFFF,0xFFFF,0xFFFF,0xFFFF,0xFFFF,0xFFFF,0xFFFF,0xFC00,
    0x027F,0xF817,0xFF80,0x0610,0x0115,0x5511,0x554F,0xFB97,0xFFF7,0xFF55,0x55D5,0x5155,0x4000,0x5200,0xFFFA,0x4800,0x7200,0x1C37,0x5AA9,0x3000,
    0x03FF,0xFFFF,0xFFFF,0xFFFF,0xFFFF,0xFFFF,0xFFFF,0xFFFF,0xFFFF,0xFFFF,0xFFFF,0xFFFF,0xFFFF,0xFFFF,0xFFFF,0xFFFF,0xFFFF,0xFFFF,0xFFFF,0xFC00,
    0x0180,0x07C8,0x0005,0x57D5,0x54EA,0xAA8E,0xAABE,0x9FFF,0xFFF8,0x006F,0xFFFF,0xFCAA,0xA1FF,0x89FF,0x1FFA,0xC800,0x0A00,0x1815,0x9AA9,0x0000,
    0x03FF,0xFFFF,0xFFFF,0xFFFF,0xFFFF,0xFFFF,0xFFFF,0xFFFF,0xFFFF,0xFFFF,0xFFFF,0xFFFF,0xFFFF,0xFFFF,0xFFFF,0xFFFF,0xFFFF,0xFFFF,0xFFFF,0xFC00,
    0x03FF,0xF81A,0xABBA,0xAC1A,0xAAFF,0xFF8F,0xFFD0,0x0A17,0xFFF8,0x0015,0x55D5,0x54FF,0xF0FF,0xE3FF,0xDFFF,0x3FFF,0x83FF,0xE06A,0xC002,0xB400,
    0x03FF,0xFFFF,0xFFFF,0xFFFF,0xFFFF,0xFFFF,0xFFFF,0xFFFF,0xFFFF,0xFFFF,0xFFFF,0xFFFF,0xFFFF,0xFFFF,0xFFFF,0xFFFF,0xFFFF,0xFFFF,0xFFFF,0xFC00,
    0x01FF,0xE00F,0xFE3F,0xF80F,0xFC7F,0xFF1F,0xFFE0,0x07E8,0x0000,0x003A,0xAA2A,0xA9FF,0xC0FF,0xC3FF,0xAFFF,0xBFFF,0x01FF,0x8380,0x3FFF,0xC800,
    0x03FF,0xFFFF,0xFFFF,0xFFFF,0xFFFF,0xFFFF,0xFFFF,0xFFFF,0xFFFF,0xFFFF,0xFFFF,0xFFFF,0xFFFF,0xFFFF,0xFFFF,0xFFFF,0xFFFF,0xFFFF,0xFFFF,0xFC00,
    /* row 56 */
    0x0100,0x1036,0xA94A,0xA366,0xAF7F,0xFFBF,0xFFEF,0xDEBF,0xFFBF,0xFFEA,0xAB8A,0xA7FF,0xCBFF,0xCFFF,0x0000,0x4001,0x4000,0xC000,0x0ABD,0x1E00,
    0x03FF,0xFFFF,0xFFFF,0xFFFF,0xFFFF,0xFFFF,0xFFFF,0xFFFF,0xFFFF,0xFFFF,0xFFFF,0xFFFF,0xFFFF,0xFFFF,0xFFFF,0xFFFF,0xFFFF,0xFFFF,0xFFFF,0xFE00,
    0x03FF,0xF81F,0xFF80,0x0490,0x000A,0xA832,0xAACF,0x5EBF,0xFFB7,0xFF6A,0xAB0A,0xA12A,0xA000,0x4200,0xEFF5,0x9000,0xBF01,0x3FFF,0xF542,0xB800,
    0x03FF,0xFFFF,0xFFFF,0xFFFF,0xFFFF,0xFFFF,0xFFFF,0xFFFF,0xFFFF,0xFFFF,0xFFFF,0xFFFF,0xFFFF,0xFFFF,0xFFFF,0xFFFF,0xFFFF,0xFFFF,0xFFFF,0xFE00,
    0x0100,0x07C0,0x000A,0xA756,0xAFF5,0x57DD,0x5535,0x7FFF,0xFFF0,0x007F,0xFC7F,0xFCD5,0x45FF,0x91FF,0x0FF5,0x9000,0x4301,0xB155,0x1542,0xA000,
    0x03FF,0xFFFF,0xFFFF,0xFFFF,0xFFFF,0xFFFF,0xFFFF,0xFFFF,0xFFFF,0xFFFF,0xFFFF,0xFFFF,0xFFFF,0xFFFF,0xFFFF,0xFFFF,0xFFFF,0xFFFF,0xFFFF,0xFE00,
    0x03FF,0xE809,0x56B5,0x5C19,0x507F,0xFFFF,0xFFF0,0x24BF,0xFFA0,0x004A,0xAC4A,0xA5FF,0xF1FF,0xE3FF,0x7FFF,0xFFFF,0x03FF,0x4000,0x0001,0x1A00,
    0x03FF,0xFFFF,0xFFFF,0xFFFF,0xFFFF,0xFFFF,0xFFFF,0xFFFF,0xFFFF,0xFFFF,0xFFFF,0xFFFF,0xFFFF,0xFFFF,0xFFFF,0xFFFF,0xFFFF,0xFFFF,0xFFFF,0xFE00,
    0x01FF,0xF01F,0xFF3F,0xF80F,0xFC7F,0xFFFF,0xFFC0,0x1F40,0x0040,0x0035,0x5035,0x59FF,0xC0FF,0xC3FF,0x9FFF,0x3FFE,0x01FF,0x8000,0x0FFF,0xC400,
    0x03FF,0xFFFF,0xFFFF,0xFFFF,0xFFFF,0xFFFF,0xFFFF,0xFFFF,0xFFFF,0xFFFF,0xFFFF,0xFFFF,0xFFFF,0xFFFF,0xFFFF,0xFFFF,0xFFFF,0xFFFF,0xFFFF,0xFE00,
    /* row 57 */
    0x0200,0x0067,0xD845,0x56F5,0x533F,0xFFFF,0xFFFF,0x797F,0xFF3F,0xFFB5,0x5FD5,0x57FF,0xEEFF,0x9BFF,0x8000,0x8000,0x8000,0x8001,0x71FC,0x9E00,
    0x03FF,0xFFFF,0xFFFF,0xFFFF,0xFFFF,0xFFFF,0xFFFF,0xFFFF,0xFFFF,0xFFFF,0xFFFF,0xFFFF,0xFFFF,0xFFFF,0xFFFF,0xFFFF,0xFFFF,0xFFFF,0xFFFF,0xFF00,
    0x02FF,0xF817,0xFF80,0x0110,0x04D5,0x54B7,0x555F,0x797F,0xFF2F,0xFE95,0x5855,0x5555,0x4555,0x4000,0xEFAA,0x6003,0x7E00,0x7FFE,0xAA03,0x3D00,
    0x03FF,0xFFFF,0xFFFF,0xFFFF,0xFFFF,0xFFFF,0xFFFF,0xFFFF,0xFFFF,0xFFFF,0xFFFF,0xFFFF,0xFFFF,0xFFFF,0xFFFF,0xFFFF,0xFFFF,0xFFFF,0xFFFF,0xFF00,
    0x0100,0x0788,0x0005,0x52C5,0x572A,0xABE8,0xAAF8,0xEFFF,0xFFE8,0x00DF,0xF83F,0xFCAA,0xB0AA,0x83FF,0x0FAA,0x6002,0xAA00,0xF980,0x0203,0x2100,
    0x03FF,0xFFFF,0xFFFF,0xFFFF,0xFFFF,0xFFFF,0xFFFF,0xFFFF,0xFFFF,0xFFFF,0xFFFF,0xFFFF,0xFFFF,0xFFFF,0xFFFF,0xFFFF,0xFFFF,0xFFFF,0xFFFF,0xFF00,
    0x01FF,0xF818,0x27BA,0xAC0A,0xAC3F,0xFFFF,0xFFA0,0xD17F,0xFF40,0x0035,0x5015,0x51FF,0xE0FF,0xA7FF,0x7FFF,0xFFFE,0x03FF,0x0000,0x0000,0x9C00,
    0x03FF,0xFFFF,0xFFFF,0xFFFF,0xFFFF,0xFFFF,0xFFFF,0xFFFF,0xFFFF,0xFFFF,0xFFFF,0xFFFF,0xFFFF,0xFFFF,0xFFFF,0xFFFF,0xFFFF,0xFFFF,0xFFFF,0xFF00,
    0x03FF,0xE01F,0xFE3F,0xF81F,0xF87F,0xFFFF,0xFFC0,0x3E80,0x0080,0x006A,0xA02A,0xA9FF,0xC1FF,0xC3FF,0x9FFF,0x3FFC,0x01FF,0x8000,0x07FF,0xC200,
    0x03FF,0xFFFF,0xFFFF,0xFFFF,0xFFFF,0xFFFF,0xFFFF,0xFFFF,0xFFFF,0xFFFF,0xFFFF,0xFFFF,0xFFFF,0xFFFF,0xFFFF,0xFFFF,0xFFFF,0xFFFF,0xFFFF,0xFF00,
    /* row 58 */
    0x0000,0x104F,0xFA4A,0xAF66,0xA9BF,0xFFFF,0xFFDE,0xFAFF,0xFF7F,0xFF4A,0xBFCA,0xA7FF,0xDBFF,0x8BFF,0x4000,0x4000,0x0000,0x0000,0xB8FE,0x1800,
    0x03FF,0xFFFF,0xFFFF,0xFFFF,0xFFFF,0xFFFF,0xFFFF,0xFFFF,0xFFFF,0xFFFF,0xFFFF,0xFFFF,0xFFFF,0xFFFF,0xFFFF,0xFFFF,0xFFFF,0xFFFF,0xFFFF,0xFF00,
    0x02FF,0xF82F,0xFF00,0x0080,0x064A,0xAAAE,0xAFDE,0xFAFF,0xFF7F,0xFE4A,0xB54A,0xA56A,0x512A,0x4400,0xFF54,0x8003,0xFF01,0xFFFF,0x5701,0xF800,
    0x03FF,0xFFFF,0xFFFF,0xFFFF,0xFFFF,0xFFFF,0xFFFF,0xFFFF,0xFFFF,0xFFFF,0xFFFF,0xFFFF,0xFFFF,0xFFFF,0xFFFF,0xFFFF,0xFFFF,0xFFFF,0xFFFF,0xFF00,
    0x0100,0x0790,0x008A,0xAB46,0xAD35,0x5551,0x5053,0xFFFF,0xFF90,0x00BF,0xF07F,0xFC95,0x94D5,0x93FF,0x1F54,0xC003,0x0301,0xF444,0x0701,0xE000,
    0x03FF,0xFFFF,0xFFFF,0xFFFF,0xFFFF,0xFFFF,0xFFFF,0xFFFF,0xFFFF,0xFFFF,0xFFFF,0xFFFF,0xFFFF,0xFFFF,0xFFFF,0xFFFF,0xFFFF,0xFFFF,0xFFFF,0xFF00,
    0x03FF,0xE830,0x0535,0x5419,0x543F,0xFFFF,0xFFA0,0x4AFF,0xFF80,0x00CA,0xA00A,0xA1FF,0xE1FF,0xA3FF,0xBFFF,0x3FFC,0x03FF,0x8000,0x0000,0x1800,
    0x03FF,0xFFFF,0xFFFF,0xFFFF,0xFFFF,0xFFFF,0xFFFF,0xFFFF,0xFFFF,0xFFFF,0xFFFF,0xFFFF,0xFFFF,0xFFFF,0xFFFF,0xFFFF,0xFFFF,0xFFFF,0xFFFF,0xFF00,
    0x01FF,0xF01F,0xFE3F,0xF81F,0xF87F,0xFFFF,0xFFC1,0xF500,0x0000,0x0075,0x4035,0x59FF,0xC1FF,0xC7FF,0x5FFF,0x7FFC,0x01FF,0x0000,0x03FF,0xC700,
    0x03FF,0xFFFF,0xFFFF,0xFFFF,0xFFFF,0xFFFF,0xFFFF,0xFFFF,0xFFFF,0xFFFF,0xFFFF,0xFFFF,0xFFFF,0xFFFF,0xFFFF,0xFFFF,0xFFFF,0xFFFF,0xFFFF,0xFF00,
    /* row 59 */
    0x0215,0x10CF,0xFA5D,0x77A7,0xF77F,0xFFFB,0xFF9B,0x97FF,0xFFFF,0xFF75,0x7FFD,0x57FF,0x9FFF,0x9BFF,0x0001,0x0000,0x0E00,0x001F,0xF1FE,0x8E00,
    0x03FF,0xFFFF,0xFFFF,0xFFFF,0xFFFF,0xFFFF,0xFFFF,0xFFFF,0xFFFF,0xFFFF,0xFFFF,0xFFFF,0xFFFF,0xFFFF,0xFFFF,0xFFFF,0xFFFF,0xFFFF,0xFFFF,0xFF80,
    0x02FF,0xF80F,0xFF80,0x0040,0x0025,0x5555,0x5FCB,0x97FF,0xFFF8,0x0175,0x6A7D,0x5775,0x5955,0x4504,0xFEAA,0xA007,0xF000,0xFFE0,0x0E01,0x3E00,
    0x03FF,0xFFFF,0xFFFF,0xFFFF,0xFFFF,0xFFFF,0xFFFF,0xFFFF,0xFFFF,0xFFFF,0xFFFF,0xFFFF,0xFFFF,0xFFFF,0xFFFF,0xFFFF,0xFFFF,0xFFFF,0xFFFF,0xFF80,
    0x0100,0x07B0,0x001D,0x7387,0xF29A,0xAAAA,0xA026,0x7FFF,0xFF20,0x00FF,0xE07F,0xF88A,0x80AA,0x82FB,0x3EAB,0xA006,0x0A00,0xF820,0x0201,0x3000,
    0x03FF,0xFFFF,0xFFFF,0xFFFF,0xFFFF,0xFFFF,0xFFFF,0xFFFF,0xFFFF,0xFFFF,0xFFFF,0xFFFF,0xFFFF,0xFFFF,0xFFFF,0xFFFF,0xFFFF,0xFFFF,0xFFFF,0xFF80,
    0x01EA,0xE830,0x05A2,0x8C18,0x0C3F,0xFFFB,0xFFA5,0x97FF,0xFE00,0x0035,0x601D,0x51FF,0xA1FF,0xA3FF,0xFFFE,0x7FFC,0x01FF,0x8000,0x0000,0x8E00,
    0x03FF,0xFFFF,0xFFFF,0xFFFF,0xFFFF,0xFFFF,0xFFFF,0xFFFF,0xFFFF,0xFFFF,0xFFFF,0xFFFF,0xFFFF,0xFFFF,0xFFFF,0xFFFF,0xFFFF,0xFFFF,0xFFFF,0xFF80,
    0x03FF,0xF03F,0xFE3F,0xF81F,0xF83F,0xFFFF,0xFFC3,0xE800,0x0000,0x00CA,0x8022,0xA9FF,0xC1FF,0xC7FF,0x1FFF,0x7FF8,0x03FF,0x0000,0x03FF,0xC180,
    0x03FF,0xFFFF,0xFFFF,0xFFFF,0xFFFF,0xFFFF,0xFFFF,0xFFFF,0xFFFF,0xFFFF,0xFFFF,0xFFFF,0xFFFF,0xFFFF,0xFFFF,0xFFFF,0xFFFF,0xFFFF,0xFFFF,0xFF80,
    /* row 60 */
    0x002A,0x86DF,0xF84F,0xEF2F,0xFFDF,0xFFF3,0xFFBF,0xFFFF,0xFBFF,0x826B,0x9F9F,0xADFF,0xCFFF,0x8FFF,0x0001,0x0004,0x0600,0x80CA,0xA5FE,0x1E00,
    0x03FF,0xFFFF,0xFFFF,0xFFFF,0xFFFF,0xFFFF,0xFFFF,0xFFFF,0xFFFF,0xFFFF,0xFFFF,0xFFFF,0xFFFF,0xFFFF,0xFFFF,0xFFFF,0xFFFF,0xFFFF,0xFFFF,0xFFC0,
    0x02FF,0xF95F,0xFF00,0x00C0,0x001B,0xAAAD,0xFFFF,0xFFFF,0xFBFF,0x826B,0x951F,0xA0FF,0xC02A,0xC4A8,0xFD50,0x8003,0xF900,0x7F3A,0xA201,0xBE40,
    0x03FF,0xFFFF,0xFFFF,0xFFFF,0xFFFF,0xFFFF,0xFFFF,0xFFFF,0xFFFF,0xFFFF,0xFFFF,0xFFFF,0xFFFF,0xFFFF,0xFFFF,0xFFFF,0xFFFF,0xFFFF,0xFFFF,0xFFC0,
    0x0100,0x0020,0x00CF,0xEB0F,0xFB04,0x5552,0x009F,0xFFFF,0xFC1F,0xFFFF,0xE07F,0xF900,0x11D5,0x1357,0x1D51,0x0002,0x0300,0x7510,0x0201,0xA040,
    0x03FF,0xFFFF,0xFFFF,0xFFFF,0xFFFF,0xFFFF,0xFFFF,0xFFFF,0xFFFF,0xFFFF,0xFFFF,0xFFFF,0xFFFF,0xFFFF,0xFFFF,0xFFFF,0xFFFF,0xFFFF,0xFFFF,0xFFC0,
    0x01D5,0x7820,0x0730,0x1410,0x043F,0xFFF3,0xFF0C,0xFFFF,0xFC00,0x7F2B,0xA01F,0xABFF,0xE1FF,0xA7FF,0xBFFE,0x7FFC,0x01FF,0x800A,0xA400,0x1E00,
    0x03FF,0xFFFF,0xFFFF,0xFFFF,0xFFFF,0xFFFF,0xFFFF,0xFFFF,0xFFFF,0xFFFF,0xFFFF,0xFFFF,0xFFFF,0xFFFF,0xFFFF,0xFFFF,0xFFFF,0xFFFF,0xFFFF,0xFFC0,
    0x03FF,0xF07F,0xFC3F,0xF81F,0xF81F,0xFFFF,0xFFC7,0x0000,0x0000,0x00D4,0x4060,0x51FF,0xC1FF,0xC7FF,0x5FFF,0x7FF8,0x03FF,0x0005,0x5FFF,0xC180,
    0x03FF,0xFFFF,0xFFFF,0xFFFF,0xFFFF,0xFFFF,0xFFFF,0xFFFF,0xFFFF,0xFFFF,0xFFFF,0xFFFF,0xFFFF,0xFFFF,0xFFFF,0xFFFF,0xFFFF,0xFFFF,0xFFFF,0xFFC0,
    /* row 61 */
    0x0055,0x421F,0xF45F,0xFACF,0xFFEF,0xFFEF,0xFF6F,0x7FFF,0xFC2A,0xBBBF,0xDFDF,0xEDFF,0x97FF,0xD7FE,0x2001,0x8000,0x0000,0x8142,0xEBFF,0xEF40,
    0x03FF,0xFFFF,0xFFFF,0xFFFF,0xFFFF,0xFFFF,0xFFFF,0xFFFF,0xFFFF,0xFFFF,0xFFFF,0xFFFF,0xFFFF,0xFFFF,0xFFFF,0xFFFF,0xFFFF,0xFFFF,0xFFFF,0xFFC0,
    0x00FF,0xEF3F,0xFE00,0x0520,0x000D,0xFFDD,0xFF6F,0x7FFF,0xF82A,0xBBBF,0xDEDF,0xEAFF,0x4055,0x0555,0xDAA0,0x0007,0xFC00,0x7EFD,0x1400,0x7F40,
    0x03FF,0xFFFF,0xFFFF,0xFFFF,0xFFFF,0xFFFF,0xFFFF,0xFFFF,0xFFFF,0xFFFF,0xFFFF,0xFFFF,0xFFFF,0xFFFF,0xFFFF,0xFFFF,0xFFFF,0xFFFF,0xFFFF,0xFFC0,
    0x0300,0x10C0,0x01DF,0xFE8F,0xFE02,0x0022,0x00F7,0xFFFF,0xFFFF,0xFFFF,0xE0FF,0xF900,0x8BAA,0xCAAA,0x3AA0,0x0006,0x0000,0x78BD,0x1400,0x1000,
    0x03FF,0xFFFF,0xFFFF,0xFFFF,0xFFFF,0xFFFF,0xFFFF,0xFFFF,0xFFFF,0xFFFF,0xFFFF,0xFFFF,0xFFFF,0xFFFF,0xFFFF,0xFFFF,0xFFFF,0xFFFF,0xFFFF,0xFFC0,
    0x03AA,0xBDE0,0x0A20,0x0030,0x001F,0xFFE7,0xFF0B,0x7FFF,0xFC00,0x023F,0xE01F,0xE9FF,0xA3FF,0xE7FF,0xDFFF,0xFFF8,0x03FF,0x8042,0xE800,0xEF40,
    0x03FF,0xFFFF,0xFFFF,0xFFFF,0xFFFF,0xFFFF,0xFFFF,0xFFFF,0xFFFF,0xFFFF,0xFFFF,0xFFFF,0xFFFF,0xFFFF,0xFFFF,0xFFFF,0xFFFF,0xFFFF,0xFFFF,0xFFC0,
    0x03FF,0xFAFF,0xFC3F,0xF81F,0xF80F,0xFFF7,0xFF9C,0x8000,0x03FF,0xFCC0,0x0060,0x13FF,0xC1FF,0x87FF,0x3FFE,0x7FF8,0x03FF,0x003F,0xFFFF,0x8080,
    0x03FF,0xFFFF,0xFFFF,0xFFFF,0xFFFF,0xFFFF,0xFFFF,0xFFFF,0xFFFF,0xFFFF,0xFFFF,0xFFFF,0xFFFF,0xFFFF,0xFFFF,0xFFFF,0xFFFF,0xFFFF,0xFFFF,0xFFC0,
    /* row 62 */
    0x02AA,0xA53F,0xE09F,0xE54F,0xF7F3,0xFFD7,0xFFB7,0xFFFF,0xFFF5,0x433F,0x9F7F,0xE5FF,0xBDFF,0xD7FF,0x2001,0x002E,0x0C00,0x0100,0xBFFE,0x4F80,
    0x03FF,0xFFFF,0xFFFF,0xFFFF,0xFFFF,0xFFFF,0xFFFF,0xFFFF,0xFFFF,0xFFFF,0xFFFF,0xFFFF,0xFFFF,0xFFFF,0xFFFF,0xFFFF,0xFFFF,0xFFFF,0xFFFF,0xFFC0,
    0x02FF,0xE17F,0xFF40,0x0AA0,0x0806,0xAA7B,0xFF17,0xFFFF,0xFAB5,0x433F,0x91FF,0xE2FF,0xFAAA,0x8AA9,0xD500,0xC001,0xF000,0xFEFF,0x4001,0xFF80,
    0x03FF,0xFFFF,0xFFFF,0xFFFF,0xFFFF,0xFFFF,0xFFFF,0xFFFF,0xFFFF,0xFFFF,0xFFFF,0xFFFF,0xFFFF,0xFFFF,0xFFFF,0xFFFF,0xFFFF,0xFFFF,0xFFFF,0xFFC0,
    0x0100,0x1F80,0x001F,0xE90F,0xFF01,0x5584,0x00AF,0xFFFF,0xFABF,0xFDFF,0xF07F,0xF900,0x2155,0x6556,0x3500,0xC02A,0x0000,0xFAFF,0x4001,0xB000,
    0x03FF,0xFFFF,0xFFFF,0xFFFF,0xFFFF,0xFFFF,0xFFFF,0xFFFF,0xFFFF,0xFFFF,0xFFFF,0xFFFF,0xFFFF,0xFFFF,0xFFFF,0xFFFF,0xFFFF,0xFFFF,0xFFFF,0xFFC0,
    0x0155,0x5FC0,0x1F60,0x1C30,0x080B,0xFFCF,0xFFF7,0xFFFF,0xFD40,0x003F,0xA03F,0xE9FF,0x81FF,0xCFFF,0xDFFF,0xFFD4,0x07FF,0x0000,0x0000,0x4F80,
    0x03FF,0xFFFF,0xFFFF,0xFFFF,0xFFFF,0xFFFF,0xFFFF,0xFFFF,0xFFFF,0xFFFF,0xFFFF,0xFFFF,0xFFFF,0xFFFF,0xFFFF,0xFFFF,0xFFFF,0xFFFF,0xFFFF,0xFFC0,
    0x03FF,0xFFFF,0xF83F,0xF01F,0xF007,0xFFE7,0xFF18,0x0000,0x07FF,0xFCC0,0x40C0,0x13FF,0xC3FF,0x87FF,0x3FFE,0x7FF8,0x03FF,0x01FF,0xFFFF,0x8040,
    0x03FF,0xFFFF,0xFFFF,0xFFFF,0xFFFF,0xFFFF,0xFFFF,0xFFFF,0xFFFF,0xFFFF,0xFFFF,0xFFFF,0xFFFF,0xFFFF,0xFFFF,0xFFFF,0xFFFF,0xFFFF,0xFFFF,0xFFC0,
    /* row 63 */
    0x0055,0x51FF,0xE89F,0xF6CF,0xF77E,0xFE1F,0xFEEF,0xFFFF,0xFFFF,0xF3FF,0xF4FF,0xEFFF,0x97FF,0x97FE,0x0000,0x154C,0x0905,0x0405,0xFFFF,0x2F80,
    0x03FF,0xFFFF,0xFFFF,0xFFFF,0xFFFF,0xFFFF,0xFFFF,0xFFFF,0xFFFF,0xFFFF,0xFFFF,0xFFFF,0xFFFF,0xFFFF,0xFFFF,0xFFFF,0xFFFF,0xFFFF,0xFFFF,0xFFC0,
    0x00FF,0xFDFF,0xFA40,0x0920,0x0801,0xFF8B,0xFF6F,0xFFFF,0xFFFF,0xF3FF,0xF4FF,0xE2FF,0x42D5,0x8B55,0xDA01,0x8003,0xF600,0xFFFA,0x0000,0xFF80,
    0x03FF,0xFFFF,0xFFFF,0xFFFF,0xFFFF,0xFFFF,0xFFFF,0xFFFF,0xFFFF,0xFFFF,0xFFFF,0xFFFF,0xFFFF,0xFFFF,0xFFFF,0xFFFF,0xFFFF,0xFFFF,0xFFFF,0xFFC0,
    0x0300,0x0200,0x055F,0xFEAF,0xFE82,0x0004,0x00FF,0xFFFF,0xFFFF,0xFDFF,0xFF7F,0xF900,0x892A,0x04AA,0x1A00,0x954A,0x0705,0xF3FA,0x0000,0xD000,
    0x03FF,0xFFFF,0xFFFF,0xFFFF,0xFFFF,0xFFFF,0xFFFF,0xFFFF,0xFFFF,0xFFFF,0xFFFF,0xFFFF,0xFFFF,0xFFFF,0xFFFF,0xFFFF,0xFFFF,0xFFFF,0xFFFF,0xFFC0,
    0x03AA,0xAE00,0x1260,0x0830,0x0802,0xFE6F,0xFE8F,0xFFFF,0xFFFF,0xF47F,0xDAFF,0xEBFF,0xA3FF,0xE7FE,0xFFFE,0xEAB4,0x06FA,0x0400,0x0000,0x2F80,
    0x03FF,0xFFFF,0xFFFF,0xFFFF,0xFFFF,0xFFFF,0xFFFF,0xFFFF,0xFFFF,0xFFFF,0xFFFF,0xFFFF,0xFFFF,0xFFFF,0xFFFF,0xFFFF,0xFFFF,0xFFFF,0xFFFF,0xFFC0,
    0x03FF,0xFFFF,0xF83F,0xF01F,0xF001,0xFF8F,0xFF30,0x0000,0x0000,0x0880,0x2180,0x13FF,0xC3FF,0x8FFF,0x3FFE,0x7FF8,0x03FF,0x03FF,0xFFFF,0x8040,
    0x03FF,0xFFFF,0xFFFF,0xFFFF,0xFFFF,0xFFFF,0xFFFF,0xFFFF,0xFFFF,0xFFFF,0xFFFF,0xFFFF,0xFFFF,0xFFFF,0xFFFF,0xFFFF,0xFFFF,0xFFFF,0xFFFF,0xFFC0,
    /* row 64 */
    0x00AA,0xAFFF,0xD09F,0xE1EF,0xFFFF,0xB3AF,0xFEFF,0xFFFF,0xFFFF,0xF37F,0xDFFF,0xE7FF,0xBFFF,0x97FE,0x0002,0x0AAE,0x18A8,0x002F,0xFFFE,0x1F80,
    0x03FF,0xFFFF,0xFFFF,0xFFFF,0xFFFF,0xFFFF,0xFFFF,0xFFFF,0xFFFF,0xFFFF,0xFFFF,0xFFFF,0xFFFF,0xFFFF,0xFFFF,0xFFFF,0xFFFF,0xFFFF,0xFFFF,0xFFE0,
    0x00FF,0xFFFF,0xF440,0x0E20,0x0001,0xA313,0xFEBF,0xFFFF,0xFFFF,0xF37F,0xDFFF,0xE2FF,0xFAAA,0x8AA9,0xD401,0xC011,0xE001,0xF7D0,0x0001,0xFFA0,
    0x03FF,0xFFFF,0xFFFF,0xFFFF,0xFFFF,0xFFFF,0xFFFF,0xFFFF,0xFFFF,0xFFFF,0xFFFF,0xFFFF,0xFFFF,0xFFFF,0xFFFF,0xFFFF,0xFFFF,0xFFFF,0xFFFF,0xFFE0,
    0x0300,0x0000,0x0B5F,0xED8F,0xF700,0x304C,0x03FF,0xFFFF,0xFFFF,0xFDFF,0xFDFF,0xF180,0x0155,0x2556,0x1402,0xCABA,0x10A9,0xE7D0,0x0001,0xE020,
    0x03FF,0xFFFF,0xFFFF,0xFFFF,0xFFFF,0xFFFF,0xFFFF,0xFFFF,0xFFFF,0xFFFF,0xFFFF,0xFFFF,0xFFFF,0xFFFF,0xFFFF,0xFFFF,0xFFFF,0xFFFF,0xFFFF,0xFFE0,
    0x0355,0x5000,0x2460,0x1810,0x0800,0x5C0F,0xFC5F,0xFFFF,0xFFFF,0xF47F,0xC6FF,0xEB7F,0x83FF,0xC7FE,0xFFFC,0xF554,0x0757,0x0000,0x0000,0x1F80,
    0x03FF,0xFFFF,0xFFFF,0xFFFF,0xFFFF,0xFFFF,0xFFFF,0xFFFF,0xFFFF,0xFFFF,0xFFFF,0xFFFF,0xFFFF,0xFFFF,0xFFFF,0xFFFF,0xFFFF,0xFFFF,0xFFFF,0xFFE0,
    0x03FF,0xFFFF,0xF03F,0xF03F,0xF000,0x001F,0xFF20,0x0000,0x0000,0x0880,0x3F00,0x13FF,0xC3FF,0x8FFF,0x3FFE,0x7FF8,0x07FE,0x0FFF,0xFFFF,0x8040,
    0x03FF,0xFFFF,0xFFFF,0xFFFF,0xFFFF,0xFFFF,0xFFFF,0xFFFF,0xFFFF,0xFFFF,0xFFFF,0xFFFF,0xFFFF,0xFFFF,0xFFFF,0xFFFF,0xFFFF,0xFFFF,0xFFFF,0xFFE0,
    /* row 65 */
    0x0055,0x7FFF,0x809F,0x46DF,0x5B4B,0xD55F,0xFE9F,0xFFFF,0xFFFF,0xF7FF,0xF1FF,0xEFFF,0xDFFF,0x9FFE,0x0002,0x1547,0x9955,0x017F,0xFFFF,0x2BC0,
    0x03FF,0xFFFF,0xFFFF,0xFFFF,0xFFFF,0xFFFF,0xFFFF,0xFFFF,0xFFFF,0xFFFF,0xFFFF,0xFFFF,0xFFFF,0xFFFF,0xFFFF,0xFFFF,0xFFFF,0xFFFF,0xFFFF,0xFFC0,
    0x01FF,0xFFFF,0xE840,0x0900,0x0010,0x141F,0xFEDF,0xFFFF,0xFFFF,0xF7FF,0xF1FF,0xE9FF,0x05F7,0x8355,0xE801,0x8000,0x6000,0xEE80,0x0000,0xFFC0,
    0x03FF,0xFFFF,0xFFFF,0xFFFF,0xFFFF,0xFFFF,0xFFFF,0xFFFF,0xFFFF,0xFFFF,0xFFFF,0xFFFF,0xFFFF,0xFFFF,0xFFFF,0xFFFF,0xFFFF,0xFFFF,0xFFFF,0xFFC0,
    0x0200,0x0000,0x175F,0x4E9F,0x5688,0x2A88,0x033F,0xFFFF,0xFFFF,0xFCFF,0xFFFF,0xFA00,0xE208,0x2CAA,0x2802,0x9540,0x8954,0xCE80,0x0000,0x9400,
    0x03FF,0xFFFF,0xFFFF,0xFFFF,0xFFFF,0xFFFF,0xFFFF,0xFFFF,0xFFFF,0xFFFF,0xFFFF,0xFFFF,0xFFFF,0xFFFF,0xFFFF,0xFFFF,0xFFFF,0xFFFF,0xFFFF,0xFFC0,
    0x03AA,0x8000,0x6860,0xB820,0xA82C,0x003F,0xFD1F,0xFFFF,0xFFFF,0xF07F,0xF1FF,0xE3FF,0xC3FF,0xCFFF,0x7FFC,0xEABE,0x06AB,0x0000,0x0000,0x2BC0,
    0x03FF,0xFFFF,0xFFFF,0xFFFF,0xFFFF,0xFFFF,0xFFFF,0xFFFF,0xFFFF,0xFFFF,0xFFFF,0xFFFF,0xFFFF,0xFFFF,0xFFFF,0xFFFF,0xFFFF,0xFFFF,0xFFFF,0xFFC0,
    0x03FF,0xFFFF,0xE03F,0xF03F,0xF010,0x001F,0xFE60,0x0000,0x0000,0x0880,0x0E00,0x13FF,0x83FF,0x8FFE,0xBFFE,0x7FF8,0x0FFE,0x1FFF,0xFFFF,0x8000,
    0x03FF,0xFFFF,0xFFFF,0xFFFF,0xFFFF,0xFFFF,0xFFFF,0xFFFF,0xFFFF,0xFFFF,0xFFFF,0xFFFF,0xFFFF,0xFFFF,0xFFFF,0xFFFF,0xFFFF,0xFFFF,0xFFFF,0xFFC0,
    /* row 66 */
    0x00AF,0xFFFE,0x40CA,0xD98A,0xFF5C,0x7ABF,0xFDFF,0xFFFF,0xFFFF,0xDF3F,0xFFFF,0xEBFF,0xEFFF,0x2FFE,0x0002,0xAAA0,0xD2A9,0x23FF,0xFFFE,0x15C0,
    0x03FF,0xFFFF,0xFFFF,0xFFFF,0xFFFF,0xFFFF,0xFFFF,0xFFFF,0xFFFF,0xFFFF,0xFFFF,0xFFFF,0xFFFF,0xFFFF,0xFFFF,0xFFFF,0xFFFF,0xFFFF,0xFFFF,0xFFC0,
    0x01FF,0xFFFF,0xD100,0x2640,0x002F,0x407F,0xFFFF,0xFFFF,0xFFFF,0xDF3F,0xFFFF,0xEBFF,0x81FE,0x92AB,0xF001,0x4007,0x2000,0xFC00,0x0003,0x7FC0,
    0x03FF,0xFFFF,0xFFFF,0xFFFF,0xFFFF,0xFFFF,0xFFFF,0xFFFF,0xFFFF,0xFFFF,0xFFFF,0xFFFF,0xFFFF,0xFFFF,0xFFFF,0xFFFF,0xFFFF,0xFFFF,0xFFFF,0xFFC0,
    0x0200,0x0000,0x2E4A,0xF54A,0xF590,0x0510,0x017F,0xFFFF,0xFFFF,0xFCFF,0xFFFF,0xF0A0,0x5601,0x0D54,0x7000,0x6AA6,0x12A8,0x9C00,0x0001,0x6A00,
    0x03FF,0xFFFF,0xFFFF,0xFFFF,0xFFFF,0xFFFF,0xFFFF,0xFFFF,0xFFFF,0xFFFF,0xFFFF,0xFFFF,0xFFFF,0xFFFF,0xFFFF,0xFFFF,0xFFFF,0xFFFF,0xFFFF,0xFFC0,
    0x0350,0x0001,0x9135,0x2875,0x081C,0x807F,0xFC3F,0xFFFF,0xFFFF,0xF83F,0xFFFF,0xE75F,0xC7FF,0x5FFF,0xFFFE,0xD55C,0x0D57,0x2000,0x0002,0x15C0,
    0x03FF,0xFFFF,0xFFFF,0xFFFF,0xFFFF,0xFFFF,0xFFFF,0xFFFF,0xFFFF,0xFFFF,0xFFFF,0xFFFF,0xFFFF,0xFFFF,0xFFFF,0xFFFF,0xFFFF,0xFFFF,0xFFFF,0xFFC0,
    0x03FF,0xFFFF,0xC07F,0xD03F,0xF03F,0x003F,0xFE40,0x0000,0x0000,0x00C0,0x0000,0x13FF,0x83FF,0x8FFE,0x3FFC,0x7FF8,0x1FFE,0x1FFF,0xFFFD,0x8000,
    0x03FF,0xFFFF,0xFFFF,0xFFFF,0xFFFF,0xFFFF,0xFFFF,0xFFFF,0xFFFF,0xFFFF,0xFFFF,0xFFFF,0xFFFF,0xFFFF,0xFFFF,0xFFFF,0xFFFF,0xFFFF,0xFFFF,0xFFC0,
    /* row 67 */
    0x01DF,0xFFF1,0x80A6,0x0F87,0x0FFF,0xDF7F,0xFB3F,0xFFFF,0xFFFF,0xB7FF,0xFFBF,0xFBFF,0xBBFF,0x6FFE,0x0002,0x1552,0x055C,0x0FFE,0x77FE,0x8AC0,
    0x07FF,0xFFFF,0xFFFF,0xFFFF,0xFFFF,0xFFFF,0xFFFF,0xFFFF,0xFFFF,0xFFFF,0xFFFF,0xFFFF,0xFFFF,0xFFFF,0xFFFF,0xFFFF,0xFFFF,0xFFFF,0xFFFF,0xFFC0,
    0x05FF,0xFFFD,0xA059,0xF058,0xF025,0x80F7,0xFC3F,0xFFFF,0xFFFF,0xB6FF,0xFFBF,0xFDFF,0xB5FE,0xD75B,0xE001,0x8009,0xC001,0xF000,0x1801,0x7F80,
    0x07FF,0xFFFF,0xFFFF,0xFFFF,0xFFFF,0xFFFF,0xFFFF,0xFFFF,0xFFFF,0xFFFF,0xFFFF,0xFFFF,0xFFFF,0xFFFF,0xFFFF,0xFFFF,0xFFFF,0xFFFF,0xFFFF,0xFFC0,
    0x0200,0x0002,0x5F79,0xAF59,0x0E9A,0x4038,0x02FF,0xFFFF,0xFFFF,0xFEFF,0xFFFF,0xF354,0x0201,0x08A4,0x6000,0x955B,0xC55D,0xF000,0x6801,0xF500,
    0x07FF,0xFFFF,0xFFFF,0xFFFF,0xFFFF,0xFFFF,0xFFFF,0xFFFF,0xFFFF,0xFFFF,0xFFFF,0xFFFF,0xFFFF,0xFFFF,0xFFFF,0xFFFF,0xFFFF,0xFFFF,0xFFFF,0xFFC0,
    0x0620,0x000E,0x205E,0x007E,0x003F,0xE07F,0xFABF,0xFFFF,0xFFFF,0xF0FF,0xFFFF,0xF6AB,0xC3FF,0x0FFF,0xFFFE,0x6AAD,0xFAA2,0x0000,0x3000,0x8AC0,
    0x07FF,0xFFFF,0xFFFF,0xFFFF,0xFFFF,0xFFFF,0xFFFF,0xFFFF,0xFFFF,0xFFFF,0xFFFF,0xFFFF,0xFFFF,0xFFFF,0xFFFF,0xFFFF,0xFFFF,0xFFFF,0xFFFF,0xFFC0,
    0x03FF,0xFFFF,0x8020,0x0020,0x003F,0x80FF,0xFC40,0x0000,0x0000,0x0800,0x0000,0x03FF,0x87FF,0x9FFE,0x3FFC,0x7FFE,0x3FFE,0x3FFF,0x8FFF,0x0000,
    0x07FF,0xFFFF,0xFFFF,0xFFFF,0xFFFF,0xFFFF,0xFFFF,0xFFFF,0xFFFF,0xFFFF,0xFFFF,0xFFFF,0xFFFF,0xFFFF,0xFFFF,0xFFFF,0xFFFF,0xFFFF,0xFFFF,0xFFC0,
    /* row 68 */
    0x00FF,0xE80C,0x00C3,0x7FA7,0xFDBF,0xF1FF,0xFFBF,0xFFFF,0xFFFF,0x4FBF,0xFFFF,0xEBFF,0xAFFF,0x3FFC,0x0001,0x9AA8,0x0AAA,0x1FFE,0x17FE,0x15C0,
    0x07FF,0xFFFF,0xFFFF,0xFFFF,0xFFFF,0xFFFF,0xFFFF,0xFFFF,0xFFFF,0xFFFF,0xFFFF,0xFFFF,0xFFFF,0xFFFF,0xFFFF,0xFFFF,0xFFFF,0xFFFF,0xFFFF,0xFFC0,
    0x05FF,0xFFEE,0x443C,0x0058,0x0040,0xFF6F,0xFABF,0xFFFF,0xFFFF,0x46BF,0xFFFF,0xEDFF,0x85FE,0x96AB,0xA002,0x0007,0x4001,0xA003,0xE00B,0xFFC0,
    0x07FF,0xFFFF,0xFFFF,0xFFFF,0xFFFF,0xFFFF,0xFFFF,0xFFFF,0xFFFF,0xFFFF,0xFFFF,0xFFFF,0xFFFF,0xFFFF,0xFFFF,0xFFFF,0xFFFF,0xFFFF,0xFFFF,0xFFC0,
    0x0200,0x0011,0xBB11,0xFF07,0xFF3F,0x00F0,0x0EFF,0xFFFF,0xFFFF,0xFCFF,0xFFFF,0xF2AA,0x1201,0x0954,0x2003,0x1AAF,0x4AAB,0x2000,0x0001,0xEA00,
    0x07FF,0xFFFF,0xFFFF,0xFFFF,0xFFFF,0xFFFF,0xFFFF,0xFFFF,0xFFFF,0xFFFF,0xFFFF,0xFFFF,0xFFFF,0xFFFF,0xFFFF,0xFFFF,0xFFFF,0xFFFF,0xFFFF,0xFFC0,
    0x0700,0x17F2,0x4400,0x0060,0x007F,0xF1FF,0xF4BF,0xFFFF,0xFFFF,0xE83F,0xFF7F,0xE355,0xC7FF,0x5FFD,0xFFFC,0x6557,0xF554,0x0002,0x000A,0x15C0,
    0x07FF,0xFFFF,0xFFFF,0xFFFF,0xFFFF,0xFFFF,0xFFFF,0xFFFF,0xFFFF,0xFFFF,0xFFFF,0xFFFF,0xFFFF,0xFFFF,0xFFFF,0xFFFF,0xFFFF,0xFFFF,0xFFFF,0xFFC0,
    0x03FF,0xFFFC,0x0000,0x0000,0x003F,0xFFFF,0xF840,0x0000,0x0000,0x1040,0x0000,0x17FF,0x87FF,0x9FFE,0x7FFC,0x7FFF,0xFFFE,0x7FFC,0x0FF5,0x0000,
    0x07FF,0xFFFF,0xFFFF,0xFFFF,0xFFFF,0xFFFF,0xFFFF,0xFFFF,0xFFFF,0xFFFF,0xFFFF,0xFFFF,0xFFFF,0xFFFF,0xFFFF,0xFFFF,0xFFFF,0xFFFF,0xFFFF,0xFFC0,
    /* row 69 */
    0x01FF,0xDF84,0x004F,0xFFEF,0xFABF,0xFFFF,0xF5BF,0xFFFF,0xFFFE,0xBF9F,0xFFFF,0xFBFF,0xFFFF,0x7FFC,0x0051,0x9FFF,0x75FA,0x5FF8,0x77FE,0x2A80,
    0x07FF,0xFFFF,0xFFFF,0xFFFF,0xFFFF,0xFFFF,0xFFFF,0xFFFF,0xFFFF,0xFFFF,0xFFFF,0xFFFF,0xFFFF,0xFFFF,0xFFFF,0xFFFF,0xFFFF,0xFFFF,0xFFFF,0xFFC0,
    0x05FF,0xFFF0,0xA800,0x0000,0x0050,0xC0DF,0xFDBF,0xFFFF,0xFFFE,0xB71F,0xFFFF,0xFDFF,0xF5FF,0x975B,0xA006,0x4000,0x0001,0xA017,0xA855,0xFFC0,
    0x07FF,0xFFFF,0xFFFF,0xFFFF,0xFFFF,0xFFFF,0xFFFF,0xFFFF,0xFFFF,0xFFFF,0xFFFF,0xFFFF,0xFFFF,0xFFFF,0xFFFF,0xFFFF,0xFFFF,0xFFFF,0xFFFF,0xFFC0,
    0x0200,0x000B,0x57BF,0xFFA7,0xFF2F,0x3FE0,0x04FF,0xFFFF,0xFFFF,0xFC7F,0xFFFF,0xF3D4,0x0200,0x08A4,0x2057,0x5FFF,0x75FB,0xA004,0x0801,0xD540,
    0x07FF,0xFFFF,0xFFFF,0xFFFF,0xFFFF,0xFFFF,0xFFFF,0xFFFF,0xFFFF,0xFFFF,0xFFFF,0xFFFF,0xFFFF,0xFFFF,0xFFFF,0xFFFF,0xFFFF,0xFFFF,0xFFFF,0xFFC0,
    0x0600,0x2070,0xA800,0x0018,0x003F,0xFFFF,0xF23F,0xFFFF,0xFFFF,0xF85F,0xFE7F,0xF22B,0x87FF,0x1FFD,0xFFAC,0x6000,0x8A04,0x0010,0x0054,0x2A80,
    0x07FF,0xFFFF,0xFFFF,0xFFFF,0xFFFF,0xFFFF,0xFFFF,0xFFFF,0xFFFF,0xFFFF,0xFFFF,0xFFFF,0xFFFF,0xFFFF,0xFFFF,0xFFFF,0xFFFF,0xFFFF,0xFFFF,0xFFC0,
    0x03FF,0xFF80,0x0000,0x0000,0x007F,0xFFFF,0xF8C0,0x0000,0x0000,0x0020,0x0000,0x07FF,0x87FF,0x9FFE,0x7FF8,0x3FFF,0xFFFE,0x7FE8,0x0FAB,0x0000,
    0x07FF,0xFFFF,0xFFFF,0xFFFF,0xFFFF,0xFFFF,0xFFFF,0xFFFF,0xFFFF,0xFFFF,0xFFFF,0xFFFF,0xFFFF,0xFFFF,0xFFFF,0xFFFF,0xFFFF,0xFFFF,0xFFFF,0xFFC0,
    /* row 70 */
    0x05FF,0x9FE0,0x00BF,0xFFFF,0xF6FF,0xFFFF,0xFF7F,0xFFFF,0xFFF5,0x47CB,0xEB00,0x0FFF,0xF7FF,0x5FFC,0x0021,0xDFFF,0xEFFA,0x3FF8,0x97FE,0x1580,
    0x07FF,0xFFFF,0xFFFF,0xFFFF,0xFFFF,0xFFFF,0xFFFF,0xFFFF,0xFFFF,0xFFFF,0xFFFF,0xFFFF,0xFFFF,0xFFFF,0xFFFF,0xFFFF,0xFFFF,0xFFFF,0xFFFF,0xFFC0,
    0x05FF,0xE005,0x5000,0x0000,0x0048,0x072F,0xFD7F,0xFFFF,0xFFF5,0x474B,0xEA00,0x0DFF,0xC3FE,0x8FAB,0x4006,0x0000,0x0001,0xC0AF,0x62A9,0xFF40,
    0x07FF,0xFFFF,0xFFFF,0xFFFF,0xFFFF,0xFFFF,0xFFFF,0xFFFF,0xFFFF,0xFFFF,0xFFFF,0xFFFF,0xFFFF,0xFFFF,0xFFFF,0xFFFF,0xFFFF,0xFFFF,0xFFFF,0xFFC0,
    0x0200,0x001A,0xAF4F,0xFFDF,0xFD37,0xFFD0,0x1DFF,0xFFFF,0xFFFF,0xFC3F,0xFCFF,0xF200,0x4C01,0x1054,0xC025,0x1FFF,0xEFF9,0xC002,0x0001,0x6A40,
    0x07FF,0xFFFF,0xFFFF,0xFFFF,0xFFFF,0xFFFF,0xFFFF,0xFFFF,0xFFFF,0xFFFF,0xFFFF,0xFFFF,0xFFFF,0xFFFF,0xFFFF,0xFFFF,0xFFFF,0xFFFF,0xFFFF,0xFFC0,
    0x0200,0x6005,0x5000,0x0000,0x007F,0xFFFF,0xE07F,0xFFFF,0xFFFF,0xE82B,0xEC80,0x07FF,0x87FF,0xBFFD,0x7FDC,0x6000,0x1006,0x00A8,0x02A8,0x1580,
    0x07FF,0xFFFF,0xFFFF,0xFFFF,0xFFFF,0xFFFF,0xFFFF,0xFFFF,0xFFFF,0xFFFF,0xFFFF,0xFFFF,0xFFFF,0xFFFF,0xFFFF,0xFFFF,0xFFFF,0xFFFF,0xFFFF,0xFFC0,
    0x07FF,0xE000,0x0000,0x0000,0x007F,0xFFFF,0xF080,0x0000,0x0000,0x1014,0x107F,0xF7FF,0x87FF,0x1FFE,0x7FF8,0x3FFF,0xFFFC,0x7F50,0x0D57,0x0000,
    0x07FF,0xFFFF,0xFFFF,0xFFFF,0xFFFF,0xFFFF,0xFFFF,0xFFFF,0xFFFF,0xFFFF,0xFFFF,0xFFFF,0xFFFF,0xFFFF,0xFFFF,0xFFFF,0xFFFF,0xFFFF,0xFFFF,0xFFC0,
    /* row 71 */
    0x05FF,0x8000,0x005F,0xFFB7,0xECBF,0xFFFF,0xEEFF,0xFFFF,0xFFAA,0xBFFD,0x7F6A,0xAAAF,0xD7FF,0xDFFC,0x0054,0xEFFF,0xFFFE,0x3FF1,0x57FC,0x2A80,
    0x07FF,0xFFFF,0xFFFF,0xFFFF,0xFFFF,0xFFFF,0xFFFF,0xFFFF,0xFFFF,0xFFFF,0xFFFF,0xFFFF,0xFFFF,0xFFFF,0xFFFF,0xFFFF,0xFFFF,0xFFFF,0xFFFF,0xFF80,
    0x05FF,0xE0AA,0xA000,0x0048,0x0054,0x2857,0xE8FF,0xFFFF,0xFFAA,0xB7B1,0x3A00,0x2FFF,0xC955,0x2FFB,0x8003,0x0000,0x0001,0x454E,0xA956,0xFF80,
    0x07FF,0xFFFF,0xFFFF,0xFFFF,0xFFFF,0xFFFF,0xFFFF,0xFFFF,0xFFFF,0xFFFF,0xFFFF,0xFFFF,0xFFFF,0xFFFF,0xFFFF,0xFFFF,0xFFFF,0xFFFF,0xFFFF,0xFF80,
    0x0200,0x1F55,0x5FA7,0xFFA7,0xFB2B,0xFFA8,0x09FF,0xFFFF,0xFFFF,0xFC1F,0xF8FF,0xF880,0x26AA,0x9004,0x0052,0xAFFF,0xFFFC,0x400C,0x0802,0xD500,
    0x07FF,0xFFFF,0xFFFF,0xFFFF,0xFFFF,0xFFFF,0xFFFF,0xFFFF,0xFFFF,0xFFFF,0xFFFF,0xFFFF,0xFFFF,0xFFFF,0xFFFF,0xFFFF,0xFFFF,0xFFFF,0xFFFF,0xFF80,
    0x0200,0x60AA,0xA000,0x0000,0x007F,0xFFFF,0xF17F,0xFFFF,0xFFFF,0xF80D,0x60FF,0xF22F,0x87FF,0x9FFD,0xFFAC,0x1000,0x0002,0x0540,0x0154,0x2A80,
    0x07FF,0xFFFF,0xFFFF,0xFFFF,0xFFFF,0xFFFF,0xFFFF,0xFFFF,0xFFFF,0xFFFF,0xFFFF,0xFFFF,0xFFFF,0xFFFF,0xFFFF,0xFFFF,0xFFFF,0xFFFF,0xFFFF,0xFF80,
    0x07FF,0xE000,0x0000,0x0000,0x007F,0xFFFF,0xE080,0x0000,0x0000,0x0002,0x8000,0x07FF,0x8FFF,0x3FFE,0x7FF8,0x3FFF,0xFFFC,0xFAB0,0x0EAB,0x0000,
    0x07FF,0xFFFF,0xFFFF,0xFFFF,0xFFFF,0xFFFF,0xFFFF,0xFFFF,0xFFFF,0xFFFF,0xFFFF,0xFFFF,0xFFFF,0xFFFF,0xFFFF,0xFFFF,0xFFFF,0xFFFF,0xFFFF,0xFF80,
    /* row 72 */
    0x05FF,0xA200,0x00AF,0xFFFF,0xFAFF,0xFFFF,0xDF7F,0xFFFF,0xFFFF,0xE7FF,0xFFFF,0xFFFE,0xB55F,0x5FFC,0x02AC,0x2FFF,0xFFF8,0x3FF2,0xB7FC,0x1500,
    0x07FF,0xFFFF,0xFFFF,0xFFFF,0xFFFF,0xFFFF,0xFFFF,0xFFFF,0xFFFF,0xFFFF,0xFFFF,0xFFFF,0xFFFF,0xFFFF,0xFFFF,0xFFFF,0xFFFF,0xFFFF,0xFFFF,0xFF80,
    0x05FF,0xE055,0x0000,0x0000,0x004A,0xAABF,0xDD7F,0xFFFF,0xFFFF,0xE7C7,0xCF55,0x5FFE,0xA7FF,0xAA2B,0xC003,0xC000,0x0003,0x6A8D,0x5AAE,0xFF80,
    0x07FF,0xFFFF,0xFFFF,0xFFFF,0xFFFF,0xFFFF,0xFFFF,0xFFFF,0xFFFF,0xFFFF,0xFFFF,0xFFFF,0xFFFF,0xFFFF,0xFFFF,0xFFFF,0xFFFF,0xFFFF,0xFFFF,0xFF80,
    0x0200,0x1DAA,0xFF51,0x5551,0x5535,0x5540,0x11FF,0xFFFF,0xFFFF,0xFC00,0x0400,0x0600,0x4000,0x15D4,0x42A8,0x2FFF,0xFFFA,0x4004,0x0802,0x6A80,
    0x07FF,0xFFFF,0xFFFF,0xFFFF,0xFFFF,0xFFFF,0xFFFF,0xFFFF,0xFFFF,0xFFFF,0xFFFF,0xFFFF,0xFFFF,0xFFFF,0xFFFF,0xFFFF,0xFFFF,0xFFFF,0xFFFF,0xFF80,
    0x0200,0x4055,0x0000,0x0000,0x007F,0xFFFF,0xE17F,0xFFFF,0xFFFF,0xE800,0x0000,0x0001,0x0D5F,0x9FFF,0xFD54,0x1000,0x0004,0x2A80,0x12AC,0x1500,
    0x07FF,0xFFFF,0xFFFF,0xFFFF,0xFFFF,0xFFFF,0xFFFF,0xFFFF,0xFFFF,0xFFFF,0xFFFF,0xFFFF,0xFFFF,0xFFFF,0xFFFF,0xFFFF,0xFFFF,0xFFFF,0xFFFF,0xFF80,
    0x07FF,0xE000,0x0000,0x0000,0x007F,0xFFFF,0xC080,0x0000,0x0000,0x1000,0x0000,0x0000,0x07FF,0x3FFC,0x7FF8,0x1FFF,0xFFFC,0xD570,0x0D53,0x0000,
    0x07FF,0xFFFF,0xFFFF,0xFFFF,0xFFFF,0xFFFF,0xFFFF,0xFFFF,0xFFFF,0xFFFF,0xFFFF,0xFFFF,0xFFFF,0xFFFF,0xFFFF,0xFFFF,0xFFFF,0xFFFF,0xFFFF,0xFF80,
    /* row 73 */
    0x05FF,0xA300,0x0157,0xFFD7,0xFFBF,0xFFFF,0xBE75,0x5500,0x5555,0xC7FF,0xFFFF,0xFC00,0x19D4,0x42B8,0x004A,0x37FF,0xF7F0,0x3FE3,0x27FD,0x2A80,
    0x07FF,0xFFFF,0xFFFF,0xFFFF,0xFFFF,0xFFFF,0xFFFF,0xFFFF,0xFFFF,0xFFFF,0xFFFF,0xFFFF,0xFFFF,0xFFFF,0xFFFF,0xFFFF,0xFFFF,0xFFFF,0xFFFF,0xFF80,
    0x05FF,0xE80A,0x0000,0x0028,0x0055,0x557F,0xB075,0x5500,0x5555,0xD7EF,0xFFFF,0xF800,0x0094,0x3FFE,0x8005,0xC000,0x0007,0x954C,0xCD57,0xFF80,
    0x07FF,0xFFFF,0xFFFF,0xFFFF,0xFFFF,0xFFFF,0xFFFF,0xFFFF,0xFFFF,0xFFFF,0xFFFF,0xFFFF,0xFFFF,0xFFFF,0xFFFF,0xFFFF,0xFFFF,0xFFFF,0xFFFF,0xFF80,
    0x0200,0x14F5,0xFEA8,0xAA80,0x002A,0xAA80,0x21FF,0xFFFF,0xFFFF,0xE802,0xA82A,0x8001,0x6228,0x0001,0x804E,0x07FF,0xF7F6,0x800C,0x0802,0xD500,
    0x07FF,0xFFFF,0xFFFF,0xFFFF,0xFFFF,0xFFFF,0xFFFF,0xFFFF,0xFFFF,0xFFFF,0xFFFF,0xFFFF,0xFFFF,0xFFFF,0xFFFF,0xFFFF,0xFFFF,0xFFFF,0xFFFF,0xFF80,
    0x0200,0x480A,0x0000,0x0000,0x003F,0xFFFF,0xC075,0x5500,0x5555,0xC800,0x0000,0x03FE,0x8403,0xA2BA,0xFFB0,0x1800,0x080C,0x1540,0x0555,0x2A80,
    0x07FF,0xFFFF,0xFFFF,0xFFFF,0xFFFF,0xFFFF,0xFFFF,0xFFFF,0xFFFF,0xFFFF,0xFFFF,0xFFFF,0xFFFF,0xFFFF,0xFFFF,0xFFFF,0xFFFF,0xFFFF,0xFFFF,0xFF80,
    0x07FF,0xE000,0x0000,0x0000,0x007F,0xFFFF,0x818A,0xAAFF,0xAAAA,0x3000,0x0000,0x0000,0x0000,0x1FFC,0x7FF8,0x0FFF,0xFFF8,0xEAB0,0x1AAA,0x0000,
    0x07FF,0xFFFF,0xFFFF,0xFFFF,0xFFFF,0xFFFF,0xFFFF,0xFFFF,0xFFFF,0xFFFF,0xFFFF,0xFFFF,0xFFFF,0xFFFF,0xFFFF,0xFFFF,0xFFFF,0xFFFF,0xFFFF,0xFF80,
    /* row 74 */
    0x01FF,0xA1E0,0x0AAF,0xFEFB,0xFFBF,0xFFFF,0xFE00,0xAF50,0xAFFF,0xFFFF,0xFFFF,0xFEA0,0x2800,0x27E9,0x5E8C,0x33FF,0xE7F8,0x7FE6,0x6FFD,0x1500,
    0x07FF,0xFFFF,0xFFFF,0xFFFF,0xFFFF,0xFFFF,0xFFFF,0xFFFF,0xFFFF,0xFFFF,0xFFFF,0xFFFF,0xFFFF,0xFFFF,0xFFFF,0xFFFF,0xFFFF,0xFFFF,0xFFFF,0xFF80,
    0x01FF,0xF000,0x0000,0x0104,0x002A,0xAABF,0xFE00,0xA500,0xAFFF,0xFFF3,0xFFFF,0xFEA0,0x2200,0x1440,0xA003,0xC800,0x0007,0xAACD,0xBAAF,0xFF80,
    0x07FF,0xFFFF,0xFFFF,0xFFFF,0xFFFF,0xFFFF,0xFFFF,0xFFFF,0xFFFF,0xFFFF,0xFFFF,0xFFFF,0xFFFF,0xFFFF,0xFFFF,0xFFFF,0xFFFF,0xFFFF,0xFFFF,0xFF80,
    0x0600,0x0E1F,0xF550,0x0000,0x0015,0x5541,0xC1FF,0xFFFF,0xFFF5,0x1801,0x0015,0x01A0,0x1000,0xC816,0xFE88,0x0BFF,0xE7FD,0x8008,0x1002,0x6A80,
    0x07FF,0xFFFF,0xFFFF,0xFFFF,0xFFFF,0xFFFF,0xFFFF,0xFFFF,0xFFFF,0xFFFF,0xFFFF,0xFFFF,0xFFFF,0xFFFF,0xFFFF,0xFFFF,0xFFFF,0xFFFF,0xFFFF,0xFF80,
    0x0600,0x5000,0x0000,0x0000,0x007F,0xFFFE,0x0000,0xAFFF,0x5000,0x0000,0x0000,0x015F,0xC7FF,0x1000,0xA174,0x0400,0x1804,0x2AC4,0x0AAD,0x1500,
    0x07FF,0xFFFF,0xFFFF,0xFFFF,0xFFFF,0xFFFF,0xFFFF,0xFFFF,0xFFFF,0xFFFF,0xFFFF,0xFFFF,0xFFFF,0xFFFF,0xFFFF,0xFFFF,0xFFFF,0xFFFF,0xFFFF,0xFF80,
    0x07FF,0xE000,0x0000,0x0000,0x003F,0xFFFF,0x01FF,0x5000,0x0000,0x0000,0x0000,0x0000,0x0000,0x0000,0x5FF8,0x07FF,0xFFF8,0xD530,0x1552,0x0000,
    0x07FF,0xFFFF,0xFFFF,0xFFFF,0xFFFF,0xFFFF,0xFFFF,0xFFFF,0xFFFF,0xFFFF,0xFFFF,0xFFFF,0xFFFF,0xFFFF,0xFFFF,0xFFFF,0xFFFF,0xFFFF,0xFFFF,0xFF80,
    /* row 75 */
    0x01FF,0xA1F5,0x555F,0xFFFE,0x1E1F,0xFFFD,0xFFFF,0xFFFF,0xFFFF,0xFFFF,0xFFFF,0xFF55,0x5E00,0x2801,0x00C0,0xFB7F,0x27F4,0x7FC3,0x8FFC,0x2800,
    0x07FF,0xFFFF,0xFFFF,0xFFFE,0x1E3F,0xFFFF,0xFFFF,0xFFFF,0xFFFF,0xFFFF,0xFFFF,0xFFFF,0xFFFF,0xFFFF,0xFFFF,0xFFFF,0xFFFF,0xFFFF,0xFFFF,0xFF80,
    0x01FF,0xE800,0x0000,0x0000,0x0017,0xD7FF,0xBFFF,0xFFEF,0xFFFF,0xFFEA,0xFFFF,0xFF55,0x582A,0x0000,0xFF3F,0x0400,0x0003,0xF57C,0x6D5F,0xFF80,
    0x07FF,0xFFFF,0xFFFF,0xFFFE,0x1E3F,0xFFFF,0xFFFF,0xFFFF,0xFFFF,0xFFFF,0xFFFF,0xFFFF,0xFFFF,0xFFFF,0xFFFF,0xFFFF,0xFFFF,0xFFFF,0xFFFF,0xFF80,
    0x0600,0x160A,0xAAA0,0x0000,0x0038,0x2805,0x81AA,0x8000,0x0000,0x0000,0x0000,0x0015,0x2200,0x4804,0x7F3C,0x477F,0x27F3,0x803C,0x2003,0xD780,
    0x07FF,0xFFFF,0xFFFF,0xFFFE,0x1E3F,0xFFFF,0xFFFF,0xFFFF,0xFFFF,0xFFFF,0xFFFF,0xFFFF,0xFFFF,0xFFFF,0xFFFF,0xFFFF,0xFFFF,0xFFFF,0xFFFF,0xFF80,
    0x0600,0x4800,0x0000,0x0000,0x002F,0xFFF8,0x0000,0x0000,0x0000,0x0000,0x0000,0x00AA,0x83FF,0x9FFA,0x00F8,0x0080,0xD80C,0x7540,0x0D5C,0x2800,
    0x07FF,0xFFFF,0xFFFF,0xFFFE,0x1E3F,0xFFFF,0xFFFF,0xFFFF,0xFFFF,0xFFFF,0xFFFF,0xFFFF,0xFFFF,0xFFFF,0xFFFF,0xFFFF,0xFFFF,0xFFFF,0xFFFF,0xFF80,
    0x07FF,0xE000,0x0000,0x0000,0x001F,0xFFFE,0x0000,0x0000,0x0000,0x0000,0x0000,0x0000,0x0000,0x0000,0x0000,0x03FF,0xFFF8,0x8AB0,0x32A2,0x0000,
    0x07FF,0xFFFF,0xFFFF,0xFFFE,0x1E3F,0xFFFF,0xFFFF,0xFFFF,0xFFFF,0xFFFF,0xFFFF,0xFFFF,0xFFFF,0xFFFF,0xFFFF,0xFFFF,0xFFFF,0xFFFF,0xFFFF,0xFF80,
    /* row 76 */
    0x03FF,0x80FF,0xAAFE,0x1FF8,0x0007,0xFFFA,0xFFFF,0xFFFF,0xFFFF,0xFFFF,0xFFFF,0xFFAA,0xAC00,0x3001,0xFA82,0x996A,0xCFF9,0x7FF4,0x1FFC,0x5100,
    0x07FF,0xFFFF,0xFFFE,0x1FF8,0x001F,0xFFFF,0xFFFF,0xFFFF,0xFFFF,0xFFFF,0xFFFF,0xFFFF,0xFFFF,0xFFFF,0xFFFF,0xFFFF,0xFFFF,0xFFFF,0xFFFF,0xFF00,
    0x03FF,0xF400,0x0000,0x0000,0x000E,0xAAB2,0xFDFF,0xFFFF,0xFFFF,0xFFFF,0x7FFF,0xFEAA,0xA800,0x0400,0x057D,0x2280,0x3007,0xFEAF,0x7ABB,0xFF00,
    0x07FF,0xFFFF,0xFFFE,0x1FF8,0x001F,0xFFFF,0xFFFF,0xFFFF,0xFFFF,0xFFFF,0xFFFF,0xFFFF,0xFFFF,0xFFFF,0xFFFF,0xFFFF,0xFFFF,0xFFFF,0xFFFF,0xFF00,
    0x0400,0x0B00,0x5500,0x0000,0x0001,0x554E,0x0015,0x5555,0x5555,0x4000,0x0000,0x0000,0x1200,0x0003,0x6FD6,0xA4EA,0xBFFC,0x800B,0x6003,0xAE00,
    0x07FF,0xFFFF,0xFFFE,0x1FF8,0x001F,0xFFFF,0xFFFF,0xFFFF,0xFFFF,0xFFFF,0xFFFF,0xFFFF,0xFFFF,0xFFFF,0xFFFF,0xFFFF,0xFFFF,0xFFFF,0xFFFF,0xFF00,
    0x0400,0x7400,0x0000,0x0000,0x0017,0xFFFD,0x0000,0x0000,0x0000,0x0000,0x0000,0x0055,0x41FF,0xCFFC,0x1000,0x7195,0x7001,0x7EB4,0x1AB8,0x5100,
    0x07FF,0xFFFF,0xFFFE,0x1FF8,0x001F,0xFFFF,0xFFFF,0xFFFF,0xFFFF,0xFFFF,0xFFFF,0xFFFF,0xFFFF,0xFFFF,0xFFFF,0xFFFF,0xFFFF,0xFFFF,0xFFFF,0xFF00,
    0x07FF,0xC000,0x0000,0x0000,0x000F,0xFFF0,0x0000,0x0000,0x0000,0x0000,0x0000,0x0000,0x0000,0x0000,0x0000,0xC07F,0x9FF8,0x8158,0xE546,0x0000,
    0x07FF,0xFFFF,0xFFFE,0x1FF8,0x001F,0xFFFF,0xFFFF,0xFFFF,0xFFFF,0xFFFF,0xFFFF,0xFFFF,0xFFFF,0xFFFF,0xFFFF,0xFFFF,0xFFFF,0xFFFF,0xFFFF,0xFF00,
    /* row 77 */
    0x01FF,0x807F,0xD5F8,0x0000,0x0008,0xFEFF,0xFFFF,0xFFFF,0xFFFF,0xFFFF,0xFFFF,0xFD55,0x5E00,0x1002,0xFEA9,0x7C36,0x0FFA,0x7FFE,0xBFF8,0x2200,
    0x07FF,0xFFFF,0xFFF8,0x0000,0x000F,0xFFFF,0xFFFF,0xFFFF,0xFFFF,0xFFFF,0xFFFF,0xFFFF,0xFFFF,0xFFFF,0xFFFF,0xFFFF,0xFFFF,0xFFFF,0xFFFF,0xFF00,
    0x01FF,0xE800,0x0000,0x0000,0x0009,0xFF9F,0xFEFF,0xFFFF,0xFFFF,0xFF80,0x0000,0xA955,0x4800,0x0000,0x0156,0x01C9,0xC005,0xFF51,0x35FB,0xFF00,
    0x07FF,0xFFFF,0xFFF8,0x0000,0x000F,0xFFFF,0xFFFF,0xFFFF,0xFFFF,0xFFFF,0xFFFF,0xFFFF,0xFFFF,0xFFFF,0xFFFF,0xFFFF,0xFFFF,0xFFFF,0xFFFF,0xFF00,
    0x0600,0x1780,0x2A00,0x0000,0x000A,0x00F8,0x8002,0xA000,0x0000,0x0000,0x0000,0x0280,0xA100,0x6817,0x1555,0x72C9,0x8FFB,0x8001,0x0002,0xDD00,
    0x07FF,0xFFFF,0xFFF8,0x0000,0x000F,0xFFFF,0xFFFF,0xFFFF,0xFFFF,0xFFFF,0xFFFF,0xFFFF,0xFFFF,0xFFFF,0xFFFF,0xFFFF,0xFFFF,0xFFFF,0xFFFF,0xFF00,
    0x0600,0x6800,0x0000,0x0000,0x0004,0xFE60,0x0000,0x0000,0x0000,0x0000,0x0000,0x002A,0x00FF,0x87E8,0x2AA8,0x883E,0x3000,0x7F5E,0xB5F8,0x2200,
    0x07FF,0xFFFF,0xFFF8,0x0000,0x000F,0xFFFF,0xFFFF,0xFFFF,0xFFFF,0xFFFF,0xFFFF,0xFFFF,0xFFFF,0xFFFF,0xFFFF,0xFFFF,0xFFFF,0xFFFF,0xFFFF,0xFF00,
    0x07FF,0xC000,0x0000,0x0000,0x0003,0xFF80,0x0000,0x0000,0x0000,0x0000,0x0000,0x0000,0x0000,0x0000,0x0001,0xF000,0x3FF8,0x80AF,0xCA06,0x0000,
    0x07FF,0xFFFF,0xFFF8,0x0000,0x000F,0xFFFF,0xFFFF,0xFFFF,0xFFFF,0xFFFF,0xFFFF,0xFFFF,0xFFFF,0xFFFF,0xFFFF,0xFFFF,0xFFFF,0xFFFF,0xFFFF,0xFF00,
    /* row 78 */
    0x03FF,0x803F,0xFFC0,0x0000,0x0083,0xC4FF,0xFFFF,0xFFFF,0xFFFF,0xFFE5,0xEFB4,0xAFFF,0xFE00,0x0805,0xFA50,0x3BC1,0xCFE8,0x7FFD,0xFFFC,0x4100,
    0x0FFF,0xFFFF,0xFFC0,0x0000,0x01FF,0xFFFF,0xFFFF,0xFFFF,0xFFFF,0xFFFF,0xFFFF,0xFFFF,0xFFFF,0xFFFF,0xFFFF,0xFFFF,0xFFFF,0xFFFF,0xFFFF,0xFF00,
    0x0BFF,0xF400,0x0000,0x0000,0x0083,0x80FF,0xF55F,0xFFFD,0x4000,0x01E0,0x1048,0x8000,0x5400,0x0000,0x05AF,0x443E,0x0007,0xFFF8,0xFFF9,0xFF00,
    0x0FFF,0xFFFF,0xFFC0,0x0000,0x01FF,0xFFFF,0xFFFF,0xFFFF,0xFFFF,0xFFFF,0xFFFF,0xFFFF,0xFFFF,0xFFFF,0xFFFF,0xFFFF,0xFFFF,0xFFFF,0xFFFF,0xFF00,
    0x0400,0x0BC0,0x0000,0x0000,0x01FF,0xDC54,0x0000,0x0000,0x0000,0x0077,0xEFB4,0x5000,0x01AA,0xF4AF,0x0FAB,0x7C41,0x4FE5,0x8000,0x0001,0xBE00,
    0x0FFF,0xFFFF,0xFFC0,0x0000,0x01FF,0xFFFF,0xFFFF,0xFFFF,0xFFFF,0xFFFF,0xFFFF,0xFFFF,0xFFFF,0xFFFF,0xFFFF,0xFFFF,0xFFFF,0xFFFF,0xFFFF,0xFF00,
    0x0C00,0x7400,0x0000,0x0000,0x017C,0x7F00,0x0000,0x0000,0x0000,0x001F,0xEFBF,0x0000,0x0055,0x0350,0x1053,0xC400,0x3018,0x7FF8,0xFFF8,0x4100,
    0x0FFF,0xFFFF,0xFFC0,0x0000,0x01FF,0xFFFF,0xFFFF,0xFFFF,0xFFFF,0xFFFF,0xFFFF,0xFFFF,0xFFFF,0xFFFF,0xFFFF,0xFFFF,0xFFFF,0xFFFF,0xFFFF,0xFF00,
    0x07FF,0xC000,0x0000,0x0000,0x0000,0x0000,0x0000,0x0000,0x0000,0x0000,0x1040,0x0000,0x0000,0x0000,0x0001,0xF800,0x7FF0,0x8007,0x0006,0x0000,
    0x0FFF,0xFFFF,0xFFC0,0x0000,0x01FF,0xFFFF,0xFFFF,0xFFFF,0xFFFF,0xFFFF,0xFFFF,0xFFFF,0xFFFF,0xFFFF,0xFFFF,0xFFFF,0xFFFF,0xFFFF,0xFFFF,0xFF00,
    /* row 79 */
    0x03FF,0x401C,0x0000,0x0000,0x4AA9,0xFFFF,0xFFFF,0xFFFF,0xF55F,0x0030,0x2AFF,0xBAA0,0x1FFF,0x454F,0xED51,0x05F7,0x9FF1,0x3FFF,0xFFF8,0x2200,
    0x0FFF,0xFFFC,0x0000,0x0000,0x7FFF,0xFFFF,0xFFFF,0xFFFF,0xFFFF,0xFFFF,0xFFFF,0xFFFF,0xFFFF,0xFFFF,0xFFFF,0xFFFF,0xFFFF,0xFFFF,0xFFFF,0xFF00,
    0x0BFF,0xEA00,0x0000,0x0000,0x4AA9,0xFFFF,0xEAAA,0x0000,0x7555,0x0030,0x2AFF,0xFFFF,0x8002,0x4100,0x12AC,0xE200,0x000E,0xBFFF,0x77F9,0xFF00,
    0x0FFF,0xFFFC,0x0000,0x0000,0x7FFF,0xFFFF,0xFFFF,0xFFFF,0xFFFF,0xFFFF,0xFFFF,0xFFFF,0xFFFF,0xFFFF,0xFFFF,0xFFFF,0xFFFF,0xFFFF,0xFFFF,0xFF00,
    0x0400,0x15E0,0x0000,0x0000,0x7FFF,0xFFE8,0x0000,0x0000,0x057F,0xABFF,0xFFFF,0xBA00,0x2000,0xBABA,0x8FF5,0xE708,0x9FF8,0x8000,0x0000,0xDD00,
    0x0FFF,0xFFFC,0x0000,0x0000,0x7FFF,0xFFFF,0xFFFF,0xFFFF,0xFFFF,0xFFFF,0xFFFF,0xFFFF,0xFFFF,0xFFFF,0xFFFF,0xFFFF,0xFFFF,0xFFFF,0xFFFF,0xFF00,
    0x0C00,0xAA00,0x0000,0x0000,0x3FFE,0x0000,0x0000,0x0000,0x0AAA,0xFFF0,0x0000,0x00A1,0xC000,0x0000,0x0006,0xFA00,0x6000,0x3FFF,0x77F8,0x2200,
    0x0FFF,0xFFFC,0x0000,0x0000,0x7FFF,0xFFFF,0xFFFF,0xFFFF,0xFFFF,0xFFFF,0xFFFF,0xFFFF,0xFFFF,0xFFFF,0xFFFF,0xFFFF,0xFFFF,0xFFFF,0xFFFF,0xFF00,
    0x07FF,0xC000,0x0000,0x0000,0x0000,0x0000,0x0000,0x0000,0x0000,0x000F,0xFFFF,0xFFFE,0x0000,0x0000,0x0003,0xFC00,0xFFF0,0xC000,0x8806,0x0000,
    0x0FFF,0xFFFC,0x0000,0x0000,0x7FFF,0xFFFF,0xFFFF,0xFFFF,0xFFFF,0xFFFF,0xFFFF,0xFFFF,0xFFFF,0xFFFF,0xFFFF,0xFFFF,0xFFFF,0xFFFF,0xFFFF,0xFF00,
    /* row 80 */
    0x03FF,0xC008,0x0000,0x0009,0x5550,0xFFFF,0xFFFF,0xF7A0,0x1540,0x017F,0xFFFF,0xFFFF,0xFD50,0xFFFF,0xA56B,0x839B,0x3FE1,0x3FFF,0xFFFC,0x4000,
    0x0FFF,0xFFF8,0x0000,0x000F,0xFFFF,0xFFFF,0xFFFF,0xFFFF,0xFFFF,0xFFFF,0xFFFF,0xFFFF,0xFFFF,0xFFFF,0xFFFF,0xFFFF,0xFFFF,0xFFFF,0xFFFF,0xFF00,
    0x0BFF,0xD400,0x0000,0x0009,0x5550,0xFFFF,0x5400,0xF10A,0x9540,0x017F,0xFFFF,0xFFFF,0xFFFC,0x0000,0x5A90,0x7064,0x001E,0x7FFE,0xCFF9,0xFF00,
    0x0FFF,0xFFF8,0x0000,0x000F,0xFFFF,0xFFFF,0xFFFF,0xFFFF,0xFFFF,0xFFFF,0xFFFF,0xFFFF,0xFFFF,0xFFFF,0xFFFF,0xFFFF,0xFFFF,0xFFFF,0xFFFF,0xFF00,
    0x0400,0x2AF0,0x0000,0x000F,0xFFFF,0xFFC0,0x0000,0x77F5,0x7FFF,0xFFFF,0xFFFF,0xFE80,0x0003,0x0015,0x056B,0xF343,0x3FFC,0x4000,0x0001,0xBF00,
    0x0FFF,0xFFF8,0x0000,0x000F,0xFFFF,0xFFFF,0xFFFF,0xFFFF,0xFFFF,0xFFFF,0xFFFF,0xFFFF,0xFFFF,0xFFFF,0xFFFF,0xFFFF,0xFFFF,0xFFFF,0xFFFF,0xFF00,
    0x0C00,0x1500,0x0000,0x0007,0xFFFF,0x0000,0x0000,0x0FA0,0x0000,0x0000,0x0000,0x017F,0xD42C,0x0000,0x0004,0x7C80,0xC010,0x3FFE,0xCFF8,0x4000,
    0x0FFF,0xFFF8,0x0000,0x000F,0xFFFF,0xFFFF,0xFFFF,0xFFFF,0xFFFF,0xFFFF,0xFFFF,0xFFFF,0xFFFF,0xFFFF,0xFFFF,0xFFFF,0xFFFF,0xFFFF,0xFFFF,0xFF00,
    0x07FF,0xC000,0x0000,0x0000,0x0000,0x0000,0x0000,0x005F,0xFFFF,0xFFFF,0xFFFF,0xFFFF,0xFFD0,0x0000,0x0007,0xFF01,0xFFE0,0xC001,0x1006,0x0000,
    0x0FFF,0xFFF8,0x0000,0x000F,0xFFFF,0xFFFF,0xFFFF,0xFFFF,0xFFFF,0xFFFF,0xFFFF,0xFFFF,0xFFFF,0xFFFF,0xFFFF,0xFFFF,0xFFFF,0xFFFF,0xFFFF,0xFF00,
    /* row 81 */
    0x0BFF,0x4000,0x0000,0x000A,0xAAA1,0xFFFF,0xFFEC,0x2FFF,0xFFFF,0xFFFF,0xFFFF,0xFFEA,0xA3DF,0xE07F,0x5537,0x806C,0x3FE1,0xBFFF,0xBFF8,0x2000,
    0x0FFF,0xFFF8,0x0000,0x00FF,0xFFFF,0xFFFF,0xFFFF,0xFFFF,0xFFFF,0xFFFF,0xFFFF,0xFFFF,0xFFFF,0xFFFF,0xFFFF,0xFFFF,0xFFFF,0xFFFF,0xFFFF,0xFE00,
    0x0BFF,0xFA00,0x0000,0x000A,0xAAA1,0xE0AE,0x80E0,0x2FFF,0xFFFF,0xFFFF,0xD555,0x5FFF,0xFFFF,0xFE00,0xAAC0,0x3810,0x001E,0xFFFD,0xC7F9,0xFE00,
    0x0FFF,0xFFF8,0x0000,0x00FF,0xFFFF,0xFFFF,0xFFFF,0xFFFF,0xFFFF,0xFFFF,0xFFFF,0xFFFF,0xFFFF,0xFFFF,0xFFFF,0xFFFF,0xFFFF,0xFFFF,0xFFFF,0xFE00,
    0x0400,0x05F8,0x0000,0x00FF,0xFFFF,0x8000,0x006F,0xFFFF,0xFFFF,0xD540,0x2AAA,0xA000,0x0000,0x0180,0x0027,0xB87C,0x3FF8,0x4000,0x0000,0xDA00,
    0x0FFF,0xFFF8,0x0000,0x00FF,0xFFFF,0xFFFF,0xFFFF,0xFFFF,0xFFFF,0xFFFF,0xFFFF,0xFFFF,0xFFFF,0xFFFF,0xFFFF,0xFFFF,0xFFFF,0xFFFF,0xFFFF,0xFE00,
    0x0400,0xBA00,0x0000,0x00FF,0xFFFE,0x0000,0x001C,0x0000,0x0000,0x2ABF,0xFFFF,0xFFEA,0xAAA0,0x1E00,0x0008,0x7F93,0xC000,0xBFFD,0x87F8,0x2000,
    0x0FFF,0xFFF8,0x0000,0x00FF,0xFFFF,0xFFFF,0xFFFF,0xFFFF,0xFFFF,0xFFFF,0xFFFF,0xFFFF,0xFFFF,0xFFFF,0xFFFF,0xFFFF,0xFFFF,0xFFFF,0xFFFF,0xFE00,
    0x0FFF,0xC000,0x0000,0x0000,0x0000,0x0000,0x0003,0xFFFF,0xFFFF,0xFFFF,0xFFFF,0xFFFF,0xFFFF,0xE000,0x000F,0xFFEF,0xFFE0,0x4002,0x1806,0x0000,
    0x0FFF,0xFFF8,0x0000,0x00FF,0xFFFF,0xFFFF,0xFFFF,0xFFFF,0xFFFF,0xFFFF,0xFFFF,0xFFFF,0xFFFF,0xFFFF,0xFFFF,0xFFFF,0xFFFF,0xFFFF,0xFFFF,0xFE00,
    /* row 82 */
    0x0178,0x4008,0x0000,0x0155,0x5550,0xBFFF,0xE61F,0xFFFF,0xFFFF,0xFFFF,0xFFFE,0xAAD0,0x000A,0xB43B,0xFABB,0xE000,0x7FA0,0x9FFE,0x2FFC,0x4000,
    0x0FFF,0xFFF8,0x0000,0x07FF,0xFFFF,0xFFFF,0xFFFF,0xFFFF,0xFFFF,0xFFFF,0xFFFF,0xFFFF,0xFFFF,0xFFFF,0xFFFF,0xFFFF,0xFFFF,0xFFFF,0xFFFF,0xFE00,
    0x0BFF,0xD500,0x0000,0x0155,0x5550,0xBF00,0x661F,0xFE80,0x000B,0xFFFF,0xFFFE,0xAA80,0x000A,0xAFC4,0x0540,0x1400,0x001F,0x3FFB,0xDFF9,0xFE00,
    0x0FFF,0xFFF8,0x0000,0x07FF,0xFFFF,0xFFFF,0xFFFF,0xFFFF,0xFFFF,0xFFFF,0xFFFF,0xFFFF,0xFFFF,0xFFFF,0xFFFF,0xFFFF,0xFFFF,0xFFFF,0xFFFF,0xFE00,
    0x0400,0x2AF0,0x0000,0x07FF,0xFFFF,0xF000,0x3FFF,0xA17F,0xFFF4,0x02A0,0x0001,0x557F,0xFD50,0x1BCC,0x000B,0xF400,0x7F90,0x2001,0x1000,0xBE00,
    0x0FFF,0xFFF8,0x0000,0x07FF,0xFFFF,0xFFFF,0xFFFF,0xFFFF,0xFFFF,0xFFFF,0xFFFF,0xFFFF,0xFFFF,0xFFFF,0xFFFF,0xFFFF,0xFFFF,0xFFFF,0xFFFF,0xFE00,
    0x0687,0x9500,0x0000,0x07FF,0xFFFF,0x4000,0x1E00,0x5FFF,0xFFFF,0xFD5F,0xFFFF,0xFFFF,0xFFF5,0x4BF0,0x0004,0x1FFF,0x8060,0x1FFA,0x0FF8,0x4000,
    0x0FFF,0xFFF8,0x0000,0x07FF,0xFFFF,0xFFFF,0xFFFF,0xFFFF,0xFFFF,0xFFFF,0xFFFF,0xFFFF,0xFFFF,0xFFFF,0xFFFF,0xFFFF,0xFFFF,0xFFFF,0xFFFF,0xFE00,
    0x0D7F,0xC000,0x0000,0x0000,0x0000,0x0000,0x01FF,0xFFFF,0xFFFF,0xFFFF,0xFFFF,0xFFFF,0xFFFF,0xF400,0x000F,0xFFFF,0xFFC0,0x6004,0x1006,0x0000,
    0x0FFF,0xFFF8,0x0000,0x07FF,0xFFFF,0xFFFF,0xFFFF,0xFFFF,0xFFFF,0xFFFF,0xFFFF,0xFFFF,0xFFFF,0xFFFF,0xFFFF,0xFFFF,0xFFFF,0xFFFF,0xFFFF,0xFE00,
    /* row 83 */
    0x0B01,0x8000,0x0000,0x082A,0xBFE8,0x1FF1,0x43FF,0xFFFF,0xFFFF,0xFFF5,0x452A,0xA002,0x0800,0x005B,0x67D3,0xF001,0xFF01,0x47FC,0x0FF8,0x2000,
    0x0FFF,0xFFF8,0x0000,0x3FFF,0xFFFF,0xFFFF,0xFFFF,0xFFFF,0xFFFF,0xFFFF,0xFFFF,0xFFFF,0xFFFF,0xFFFF,0xFFFF,0xFFFF,0xFFFF,0xFFFF,0xFFFF,0xFE00,
    0x0FFF,0xC800,0x0000,0x082A,0xBFE8,0x1FF1,0x43FF,0x00AA,0x05FF,0xFFF5,0x5500,0x0002,0xAFFF,0xE804,0x9828,0x0BA0,0x007E,0x97C7,0xFFFB,0xFE00,
    0x0FFF,0xFFF8,0x0000,0x3FFF,0xFFFF,0xFFFF,0xFFFF,0xFFFF,0xFFFF,0xFFFF,0xFFFF,0xFFFF,0xFFFF,0xFFFF,0xFFFF,0xFFFF,0xFFFF,0xFFFF,0xFFFF,0xFE00,
    0x0000,0x3578,0x0000,0x3FFF,0xFFFF,0xFE3F,0xFFD0,0xFFFF,0xFA05,0x400A,0xAAFF,0xFFFF,0xFFFF,0xE85E,0x800B,0xFBA1,0xFF60,0x1000,0x3002,0xDE00,
    0x0FFF,0xFFF8,0x0000,0x3FFF,0xFFFF,0xFFFF,0xFFFF,0xFFFF,0xFFFF,0xFFFF,0xFFFF,0xFFFF,0xFFFF,0xFFFF,0xFFFF,0xFFFF,0xFFFF,0xFFFF,0xFFFF,0xFE00,
    0x04FE,0x4A80,0x0000,0x3FFF,0xFFFF,0xE00F,0x402F,0xFFFF,0xFFFA,0xBFFF,0xFFFF,0xFFFF,0xFFFF,0xFFA5,0xE00C,0x0FFE,0x00C0,0x07C4,0x0FF8,0x2000,
    0x0FFF,0xFFF8,0x0000,0x3FFF,0xFFFF,0xFFFF,0xFFFF,0xFFFF,0xFFFF,0xFFFF,0xFFFF,0xFFFF,0xFFFF,0xFFFF,0xFFFF,0xFFFF,0xFFFF,0xFFFF,0xFFFF,0xFE00,
    0x0FFF,0x8000,0x0000,0x0000,0x0000,0x0000,0xBFFF,0xFFFF,0xFFFF,0xFFFF,0xFFFF,0xFFFF,0xFFFF,0xFFFA,0x0007,0xFFFF,0xFF80,0x3838,0x1006,0x0000,
    0x0FFF,0xFFF8,0x0000,0x3FFF,0xFFFF,0xFFFF,0xFFFF,0xFFFF,0xFFFF,0xFFFF,0xFFFF,0xFFFF,0xFFFF,0xFFFF,0xFFFF,0xFFFF,0xFFFF,0xFFFF,0xFFFF,0xFE00,
    /* row 84 */
    0x08D3,0x8008,0x0000,0x0057,0xFFFF,0xD560,0x7FFF,0xFFFF,0xFFFF,0xFF48,0x0000,0x080F,0x7FFA,0xA800,0xBFB3,0xF803,0xFE00,0xB290,0x0FF8,0x4000,
    0x0FFF,0xFFF8,0x0003,0xFFFF,0xFFFF,0xFFFF,0xFFFF,0xFFFF,0xFFFF,0xFFFF,0xFFFF,0xFFFF,0xFFFF,0xFFFF,0xFFFF,0xFFFF,0xFFFF,0xFFFF,0xFFFF,0xFE00,
    0x0BFC,0x0500,0x0000,0x0057,0xFFFF,0xD560,0x7F81,0x5502,0xFFFF,0xFFE8,0x0000,0x02AA,0x8000,0x0000,0x0048,0x0140,0x00FF,0x455F,0xFFFB,0xFE00,
    0x0FFF,0xFFF8,0x0003,0xFFFF,0xFFFF,0xFFFF,0xFFFF,0xFFFF,0xFFFF,0xFFFF,0xFFFF,0xFFFF,0xFFFF,0xFFFF,0xFFFF,0xFFFF,0xFFFF,0xFFFF,0xFFFF,0xFE00,
    0x0400,0x7AF0,0x0003,0xFFFF,0xFFFF,0xFFFF,0xF87F,0xFFFD,0x0280,0x0017,0xFFFF,0x5805,0x7FFA,0xA800,0xBC83,0xF943,0xFEE0,0x1540,0x3003,0xBE00,
    0x0FFF,0xFFF8,0x0003,0xFFFF,0xFFFF,0xFFFF,0xFFFF,0xFFFF,0xFFFF,0xFFFF,0xFFFF,0xFFFF,0xFFFF,0xFFFF,0xFFFF,0xFFFF,0xFFFF,0xFFFF,0xFFFF,0xFE00,
    0x072C,0x0500,0x0003,0xFFFF,0xFFFF,0xFFE0,0x07FF,0xFFFF,0xFD7F,0xFFFF,0xFFFF,0xF550,0x0005,0x57FF,0x4304,0x07FC,0x0180,0x1010,0x0FF8,0x4000,
    0x0FFF,0xFFF8,0x0003,0xFFFF,0xFFFF,0xFFFF,0xFFFF,0xFFFF,0xFFFF,0xFFFF,0xFFFF,0xFFFF,0xFFFF,0xFFFF,0xFFFF,0xFFFF,0xFFFF,0xFFFF,0xFFFF,0xFE00,
    0x0FD0,0x0000,0x0000,0x0000,0x0000,0x001F,0xFFFF,0xFFFF,0xFFFF,0xFFFF,0xFFFF,0xFFFF,0xFFFF,0xFFFF,0xFC07,0xFFFF,0xFF00,0x0FE0,0x1006,0x0000,
    0x0FFF,0xFFF8,0x0003,0xFFFF,0xFFFF,0xFFFF,0xFFFF,0xFFFF,0xFFFF,0xFFFF,0xFFFF,0xFFFF,0xFFFF,0xFFFF,0xFFFF,0xFFFF,0xFFFF,0xFFFF,0xFFFF,0xFE00,
    /* row 85 */
    0x08F0,0x0008,0x0002,0x0AFF,0xFFF5,0x500B,0xFFFF,0xFFFF,0xFFFE,0xF501,0x7EA0,0x0000,0x2AAF,0xFFFF,0xFFAD,0xFFFF,0xFC01,0x4200,0x07FC,0x2000,
    0x0FFF,0xFFF8,0x001F,0xFFFF,0xFFFF,0xFFFF,0xFFFF,0xFFFF,0xFFFF,0xFFFF,0xFFFF,0xFFFF,0xFFFF,0xFFFF,0xFFFF,0xFFFF,0xFFFF,0xFFFF,0xFFFF,0xFE00,
    0x0E00,0x0200,0x0002,0x0AFF,0xFFF5,0x500B,0xF0AA,0x017F,0xFFFF,0xF501,0x57FF,0xFFFF,0xD550,0x0000,0x0050,0x0000,0x01FE,0xBFFF,0xF7FF,0xFE00,
    0x0FFF,0xFFF8,0x001F,0xFFFF,0xFFFF,0xFFFF,0xFFFF,0xFFFF,0xFFFF,0xFFFF,0xFFFF,0xFFFF,0xFFFF,0xFFFF,0xFFFF,0xFFFF,0xFFFF,0xFFFF,0xFFFF,0xFE00,
    0x010F,0xFD70,0x001F,0xFFFF,0xFFFF,0xFFFF,0xCFFF,0xFE81,0x5000,0x0AFE,0x895B,0xFFFF,0xFFFF,0xFFFF,0xFFD5,0xFFFF,0xFDA0,0x2582,0xB003,0xDE00,
    0x0FFF,0xFFF8,0x001F,0xFFFF,0xFFFF,0xFFFF,0xFFFF,0xFFFF,0xFFFF,0xFFFF,0xFFFF,0xFFFF,0xFFFF,0xFFFF,0xFFFF,0xFFFF,0xFFFF,0xFFFF,0xFFFF,0xFE00,
    0x0600,0x0280,0x001F,0xFFFF,0xFFF5,0x5000,0x3FFF,0xFFFE,0xAFFE,0xFFFE,0xA15F,0xFFFF,0xD550,0x0000,0x0062,0x0000,0x0300,0x0200,0x07FC,0x2000,
    0x0FFF,0xFFF8,0x001F,0xFFFF,0xFFFF,0xFFFF,0xFFFF,0xFFFF,0xFFFF,0xFFFF,0xFFFF,0xFFFF,0xFFFF,0xFFFF,0xFFFF,0xFFFF,0xFFFF,0xFFFF,0xFFFF,0xFE00,
    0x0800,0x0000,0x0000,0x0000,0x000A,0xAFFF,0xFFFF,0xFFFF,0xFFFF,0xFFFF,0xFEA0,0x0000,0x2AAF,0xFFFF,0xFF83,0xFFFF,0xFE00,0x0000,0x1802,0x0000,
    0x0FFF,0xFFF8,0x001F,0xFFFF,0xFFFF,0xFFFF,0xFFFF,0xFFFF,0xFFFF,0xFFFF,0xFFFF,0xFFFF,0xFFFF,0xFFFF,0xFFFF,0xFFFF,0xFFFF,0xFFFF,0xFFFF,0xFE00,
    /* row 86 */
    0x0E00,0x0000,0x0041,0x5FFF,0xEAA0,0x015F,0xFFFF,0xFFFF,0xF55F,0x3D50,0x0000,0x0555,0x55FF,0xFFFF,0xFFF6,0xFFFF,0xFE00,0xC000,0x0028,0x5000,
    0x0FFF,0xFFF0,0x00FF,0xFFFF,0xFFFF,0xFFFF,0xFFFF,0xFFFF,0xFFFF,0xFFFF,0xFFFF,0xFFFF,0xFFFF,0xFFFF,0xFFFF,0xFFFF,0xFFFF,0xFFFF,0xFFFF,0xFE00,
    0x0014,0x0100,0x0041,0x5FFF,0xEAA0,0x015F,0xA540,0xBFFF,0xFFFF,0xBFFF,0xFFFF,0xFAAA,0xAA00,0x0000,0x0008,0x0000,0x01FF,0x3FFF,0xFFD7,0xFE00,
    0x0FFF,0xFFF0,0x00FF,0xFFFF,0xFFFF,0xFFFF,0xFFFF,0xFFFF,0xFFFF,0xFFFF,0xFFFF,0xFFFF,0xFFFF,0xFFFF,0xFFFF,0xFFFF,0xFFFF,0xFFFF,0xFFFF,0xFE00,
    0x01EB,0xFEB0,0x00FF,0xFFFF,0xFFFF,0xFFFE,0xDFFF,0x402A,0xA000,0x40A5,0x57FF,0xFFFF,0xFFFF,0xFFFF,0xFFCA,0xFFFF,0xFD00,0x1805,0x1FD7,0x2E00,
    0x0FFF,0xFFF0,0x00FF,0xFFFF,0xFFFF,0xFFFF,0xFFFF,0xFFFF,0xFFFF,0xFFFF,0xFFFF,0xFFFF,0xFFFF,0xFFFF,0xFFFF,0xFFFF,0xFFFF,0xFFFF,0xFFFF,0xFE00,
    0x0014,0x0140,0x00FF,0xFFFF,0xEAA0,0x0001,0x7FFF,0xFFD5,0x5555,0x50AF,0xFFFF,0xFAAA,0xAA00,0x0000,0x0031,0x0000,0x0200,0x0000,0x0000,0x5000,
    0x0FFF,0xFFF0,0x00FF,0xFFFF,0xFFFF,0xFFFF,0xFFFF,0xFFFF,0xFFFF,0xFFFF,0xFFFF,0xFFFF,0xFFFF,0xFFFF,0xFFFF,0xFFFF,0xFFFF,0xFFFF,0xFFFF,0xFE00,
    0x0000,0x0000,0x0000,0x0000,0x155F,0xFFFF,0xFFFF,0xFFFF,0xFFFF,0xFF50,0x0000,0x0555,0x55FF,0xFFFF,0xFFC1,0xFFFF,0xFC00,0x0000,0x1FFE,0x0000,
    0x0FFF,0xFFF0,0x00FF,0xFFFF,0xFFFF,0xFFFF,0xFFFF,0xFFFF,0xFFFF,0xFFFF,0xFFFF,0xFFFF,0xFFFF,0xFFFF,0xFFFF,0xFFFF,0xFFFF,0xFFFF,0xFFFF,0xFE00,
    /* row 87 */
    0x0000,0x0100,0x0282,0xFFFD,0x500A,0xABFF,0xFFFF,0xFFFE,0xAA5A,0x8000,0x0000,0x0ABF,0xFFD5,0x5555,0x555A,0xDFFF,0xD000,0x4000,0x02D0,0x2000,
    0x07FF,0xFFF0,0x07FF,0xFFFF,0xFFFF,0xFFFF,0xFFFF,0xFFFF,0xFFFF,0xFFFF,0xFFFF,0xFFFF,0xFFFF,0xFFFF,0xFFFF,0xFFFF,0xFFFF,0xFFFF,0xFFFF,0xFE00,
    0x0000,0x0000,0x0282,0xFFFD,0x500A,0xABFF,0x4057,0xFFFF,0xFF5F,0xFFFF,0xFFFF,0xF540,0x0000,0x0000,0x0005,0x0000,0x0FFF,0xBFFF,0xFFD1,0xFE00,
    0x07FF,0xFFF0,0x07FF,0xFFFF,0xFFFF,0xFFFF,0xFFFF,0xFFFF,0xFFFF,0xFFFF,0xFFFF,0xFFFF,0xFFFF,0xFFFF,0xFFFF,0xFFFF,0xFFFF,0xFFFF,0xFFFF,0xFE00,
    0x07FF,0xFED0,0x07FF,0xFFFF,0xFFFF,0xFFF4,0xBFA8,0x0154,0x00A1,0x2ABF,0xFFFF,0xFFFF,0xFFD5,0x5555,0x555C,0xDFFF,0xDE80,0x0EAA,0x0D01,0xDE00,
    0x07FF,0xFFF0,0x07FF,0xFFFF,0xFFFF,0xFFFF,0xFFFF,0xFFFF,0xFFFF,0xFFFF,0xFFFF,0xFFFF,0xFFFF,0xFFFF,0xFFFF,0xFFFF,0xFFFF,0xFFFF,0xFFFF,0xFE00,
    0x0000,0x0020,0x07FF,0xFFFD,0x5000,0x000B,0xFFFF,0xFEAA,0xAAA1,0x7FFF,0xFFFF,0xF540,0x002A,0xAAAA,0xAAA0,0x2000,0x2800,0x0000,0x02D0,0x2000,
    0x07FF,0xFFF0,0x07FF,0xFFFF,0xFFFF,0xFFFF,0xFFFF,0xFFFF,0xFFFF,0xFFFF,0xFFFF,0xFFFF,0xFFFF,0xFFFF,0xFFFF,0xFFFF,0xFFFF,0xFFFF,0xFFFF,0xFE00,
    0x0000,0x0000,0x0000,0x0002,0xAFFF,0xFFFF,0xFFFF,0xFFFF,0xFFFE,0x8000,0x0000,0x0ABF,0xFFFF,0xFFFF,0xFFF8,0xFFFF,0xF000,0x0000,0x002E,0x0000,
    0x07FF,0xFFF0,0x07FF,0xFFFF,0xFFFF,0xFFFF,0xFFFF,0xFFFF,0xFFFF,0xFFFF,0xFFFF,0xFFFF,0xFFFF,0xFFFF,0xFFFF,0xFFFF,0xFFFF,0xFFFF,0xFFFF,0xFE00,
    /* row 88 */
    0x0000,0x0080,0x1417,0xFFAA,0x015F,0xFFFF,0xFFFF,0xFF55,0x5540,0x0000,0x0005,0x5555,0x2AAB,0xFFEA,0x8575,0xCFFE,0xE000,0x2000,0x1008,0x1000,
    0x03FF,0xFFF0,0x1FFF,0xFFFF,0xFFFF,0xFFFF,0xFFFF,0xFFFF,0xFFFF,0xFFFF,0xFFFF,0xFFFF,0xFFFF,0xFFFF,0xFFFF,0xFFFF,0xFFFF,0xFFFF,0xFFFF,0xFE00,
    0x0000,0x0000,0x1417,0xFFAA,0x015F,0xFFFE,0xABFF,0xFFFF,0xFFFF,0xFFFF,0xFFFA,0xAAAA,0xD554,0x0015,0x7A8A,0x2000,0x1FFF,0xDFFF,0xEFF7,0xFE00,
    0x03FF,0xFFF0,0x1FFF,0xFFFF,0xFFFF,0xFFFF,0xFFFF,0xFFFF,0xFFFF,0xFFFF,0xFFFF,0xFFFF,0xFFFF,0xFFFF,0xFFFF,0xFFFF,0xFFFF,0xFFFF,0xFFFF,0xFE00,
    0x03FF,0xFF70,0x1FFF,0xFFFF,0xFFFF,0xFFA9,0x5402,0xAA00,0x0015,0x57FF,0xFFFF,0xFFFF,0xD554,0x0015,0x7FF8,0x2FFE,0xDD00,0x0554,0x0000,0xEE00,
    0x03FF,0xFFF0,0x1FFF,0xFFFF,0xFFFF,0xFFFF,0xFFFF,0xFFFF,0xFFFF,0xFFFF,0xFFFF,0xFFFF,0xFFFF,0xFFFF,0xFFFF,0xFFFF,0xFFFF,0xFFFF,0xFFFF,0xFE00,
    0x0000,0x0000,0x1FFF,0xFFAA,0x0000,0x0057,0xFFFD,0x5555,0x40BF,0xFFFF,0xFFFA,0xAAAA,0xFFFF,0xFFFF,0xFA8C,0x7001,0x2000,0x0000,0x0000,0x1000,
    0x03FF,0xFFF0,0x1FFF,0xFFFF,0xFFFF,0xFFFF,0xFFFF,0xFFFF,0xFFFF,0xFFFF,0xFFFF,0xFFFF,0xFFFF,0xFFFF,0xFFFF,0xFFFF,0xFFFF,0xFFFF,0xFFFF,0xFE00,
    0x0000,0x0000,0x0000,0x0055,0xFFFF,0xFFFF,0xFFFF,0xFFFF,0xFF40,0x0000,0x0005,0x5555,0x0000,0x0000,0x0570,0x1FFF,0xC000,0x0000,0x0000,0x0000,
    0x03FF,0xFFF0,0x1FFF,0xFFFF,0xFFFF,0xFFFF,0xFFFF,0xFFFF,0xFFFF,0xFFFF,0xFFFF,0xFFFF,0xFFFF,0xFFFF,0xFFFF,0xFFFF,0xFFFF,0xFFFF,0xFFFF,0xFE00,
    /* row 89 */
    0x0100,0x0050,0x2AAF,0xD550,0x2FFF,0xFFFF,0xFFFF,0xFAAA,0xA800,0x1540,0x0005,0xFA00,0x0000,0x0000,0x0000,0x43F7,0x8000,0x5000,0x1000,0x2A00,
    0x01FF,0xFFF0,0xFFFF,0xFFFF,0xFFFF,0xFFFF,0xFFFF,0xFFFF,0xFFFF,0xFFFF,0xFFFF,0xFFFF,0xFFFF,0xFFFF,0xFFFF,0xFFFF,0xFFFF,0xFFFF,0xFFFF,0xFE00,
    0x0000,0x0000,0x2AAF,0xD550,0x2FFF,0xFFFF,0xFFFF,0xFFFF,0xFFFF,0xEABF,0xFFFA,0x05FF,0xFFFF,0xFFFF,0xFFFF,0xBC00,0x7FFF,0xAFFF,0xEFFF,0xFE00,
    0x01FF,0xFFF0,0xFFFF,0xFFFF,0xFFFF,0xFFFF,0xFFFF,0xFFFF,0xFFFF,0xFFFF,0xFFFF,0xFFFF,0xFFFF,0xFFFF,0xFFFF,0xFFFF,0xFFFF,0xFFFF,0xFFFF,0xFE00,
    0x00FF,0xFFA0,0xFFFF,0xFFFF,0xFFFF,0xFF40,0x5555,0x5000,0x002A,0xAABF,0xFFFA,0x05FE,0xAAAA,0xAAAA,0xAAAA,0x1FF6,0x7B80,0x02A8,0x07FE,0xD400,
    0x01FF,0xFFF0,0xFFFF,0xFFFF,0xFFFF,0xFFFF,0xFFFF,0xFFFF,0xFFFF,0xFFFF,0xFFFF,0xFFFF,0xFFFF,0xFFFF,0xFFFF,0xFFFF,0xFFFF,0xFFFF,0xFFFF,0xFE00,
    0x0000,0x0000,0xFFFF,0xD550,0x0000,0x00BF,0xAAAA,0xAAA0,0x17FF,0xFFFF,0xFFFF,0xFA00,0x0000,0x0000,0x0000,0x0C09,0x8000,0x0000,0x0000,0x2A00,
    0x01FF,0xFFF0,0xFFFF,0xFFFF,0xFFFF,0xFFFF,0xFFFF,0xFFFF,0xFFFF,0xFFFF,0xFFFF,0xFFFF,0xFFFF,0xFFFF,0xFFFF,0xFFFF,0xFFFF,0xFFFF,0xFFFF,0xFE00,
    0x0000,0x0000,0x0000,0x2AAF,0xFFFF,0xFFFF,0xFFFF,0xFFFF,0xE800,0x0000,0x0000,0x0000,0x0000,0x0000,0x0000,0x03FE,0x0000,0x0000,0x0000,0x0000,
    0x01FF,0xFFF0,0xFFFF,0xFFFF,0xFFFF,0xFFFF,0xFFFF,0xFFFF,0xFFFF,0xFFFF,0xFFFF,0xFFFF,0xFFFF,0xFFFF,0xFFFF,0xFFFF,0xFFFF,0xFFFF,0xFFFF,0xFE00,
    /* row 90 */
    0x0080,0x0081,0xD5FF,0xA807,0xFFFF,0xFFFF,0xFFFF,0x5454,0x0000,0x2A00,0xBD00,0x0000,0x0000,0x0000,0x0000,0x0000,0x0000,0x2800,0x0800,0x1400,
    0x00FF,0xFFC3,0xFFFF,0xFFFF,0xFFFF,0xFFFF,0xFFFF,0xFFFF,0xFFFF,0xFFFF,0xFFFF,0xFFFF,0xFFFF,0xFFFF,0xFFFF,0xFFFF,0xFFFF,0xFFFF,0xFFFF,0xFF00,
    0x0000,0x0001,0xD5FF,0xA806,0xAFFF,0xFFFF,0xFFFF,0xFFFF,0xFFFF,0xD5FF,0x42FF,0xFFFF,0xFFFF,0xFFFF,0xFFFF,0xFFFF,0xFFFF,0xD7FF,0xF7FF,0xFF00,
    0x00FF,0xFFC3,0xFFFF,0xFFFF,0xFFFF,0xFFFF,0xFFFF,0xFFFF,0xFFFF,0xFFFF,0xFFFF,0xFFFF,0xFFFF,0xFFFF,0xFFFF,0xFFFF,0xFFFF,0xFFFF,0xFFFF,0xFF00,
    0x007F,0xFF43,0xFFFF,0xFFFE,0xAFFF,0xFA0B,0xEAAA,0x0000,0x0555,0x55FF,0x42FD,0x7FFF,0xFFFF,0xFFFF,0xFFF4,0x01FF,0x5F40,0x0140,0x0755,0xEB00,
    0x00FF,0xFFC3,0xFFFF,0xFFFF,0xFFFF,0xFFFF,0xFFFF,0xFFFF,0xFFFF,0xFFFF,0xFFFF,0xFFFF,0xFFFF,0xFFFF,0xFFFF,0xFFFF,0xFFFF,0xFFFF,0xFFFF,0xFF00,
    0x0000,0x0003,0xFFFF,0xA801,0x5550,0x05F4,0x1555,0x540B,0xFFFF,0xFFFF,0xFD00,0x0000,0x0000,0x0000,0x0000,0x0000,0x0000,0x0000,0x0000,0x1400,
    0x00FF,0xFFC3,0xFFFF,0xFFFF,0xFFFF,0xFFFF,0xFFFF,0xFFFF,0xFFFF,0xFFFF,0xFFFF,0xFFFF,0xFFFF,0xFFFF,0xFFFF,0xFFFF,0xFFFF,0xFFFF,0xFFFF,0xFF00,
    0x0000,0x0000,0x0000,0x57FF,0xFFFF,0xFFFF,0xFFFF,0xFFF4,0x0000,0x0000,0x0000,0x0000,0x0000,0x0000,0x0000,0x0000,0x0000,0x0000,0x0000,0x0000,
    0x00FF,0xFFC3,0xFFFF,0xFFFF,0xFFFF,0xFFFF,0xFFFF,0xFFFF,0xFFFF,0xFFFF,0xFFFF,0xFFFF,0xFFFF,0xFFFF,0xFFFF,0xFFFF,0xFFFF,0xFFFF,0xFFFF,0xFF00,
    /* row 91 */
    0x0000,0x0507,0xBFFF,0xF0FF,0xFFFF,0xFFFF,0xFFEA,0x8080,0x0000,0x015A,0x0000,0x0000,0x0000,0x0000,0x0000,0x4000,0x0000,0x1400,0x0400,0x0A00,
    0x003F,0xFF0F,0xFFFF,0xFFFF,0xFFFF,0xFFFF,0xFFFF,0xFFFF,0xFFFF,0xFFFF,0xFFFF,0xFFFF,0xFFFF,0xFFFF,0xFFFF,0xFFFF,0xFFFF,0xF7FF,0xFFFF,0xFF00,
    0x0000,0x0007,0xBFFF,0xF07E,0xFFEF,0xFFFF,0xFFFF,0xFFFF,0xFFFF,0xFEA5,0xFFFF,0xFFFF,0xFFFF,0xFFFF,0xFFFF,0xBFFF,0xFFFF,0xE3FF,0xFBFF,0xFF00,
    0x003F,0xFF0F,0xFFFF,0xFFFF,0xFFFF,0xFFFF,0xFFFF,0xFFFF,0xFFFF,0xFFFF,0xFFFF,0xFFFF,0xFFFF,0xFFFF,0xFFFF,0xFFFF,0xFFFF,0xF7FF,0xFFFF,0xFF00,
    0x003F,0xFA0F,0xFFFF,0xFF7E,0xFFCD,0x517F,0xD540,0x0000,0x0AAA,0xFEA5,0xFFFF,0xFFFF,0xFFFF,0xFFFF,0xEAAA,0x028E,0xFFA0,0x0000,0x02AA,0xB500,
    0x003F,0xFF0F,0xFFFF,0xFFFF,0xFFFF,0xFFFF,0xFFFF,0xFFFF,0xFFFF,0xFFFF,0xFFFF,0xFFFF,0xFFFF,0xFFFF,0xFFFF,0xFFFF,0xFFFF,0xF7FF,0xFFFF,0xFF00,
    0x0000,0x000F,0xFFFF,0xF0BF,0xAABA,0xAE80,0x2AAA,0x817F,0xFFFF,0xFFFA,0x0000,0x0000,0x0000,0x0000,0x0000,0x0000,0x0000,0x0000,0x0000,0x0A00,
    0x003F,0xFF0F,0xFFFF,0xFFFF,0xFFFF,0xFFFF,0xFFFF,0xFFFF,0xFFFF,0xFFFF,0xFFFF,0xFFFF,0xFFFF,0xFFFF,0xFFFF,0xFFFF,0xFFFF,0xF7FF,0xFFFF,0xFF00,
    0x0000,0x0000,0x0000,0x0FFF,0xFFFF,0xFFFF,0xFFFF,0xFE80,0x0000,0x0000,0x0000,0x0000,0x0000,0x0000,0x0000,0x0000,0x0000,0x0000,0x0000,0x0000,
    0x003F,0xFF0F,0xFFFF,0xFFFF,0xFFFF,0xFFFF,0xFFFF,0xFFFF,0xFFFF,0xFFFF,0xFFFF,0xFFFF,0xFFFF,0xFFFF,0xFFFF,0xFFFF,0xFFFF,0xF7FF,0xFFFF,0xFF00,
    /* row 92 */
    0x0000,0x301F,0xFFFF,0xFE7F,0xFFFF,0xFFFF,0xFD50,0x0000,0x0280,0xBC00,0x0000,0x0000,0x0000,0x0000,0x0000,0x2000,0x0000,0x2200,0x0000,0x0500,
    0x001F,0xF01F,0xFFFF,0xFFFF,0xFFFF,0xFFFF,0xFFFF,0xFFFF,0xFFFF,0xFFFF,0xFFFF,0xFFFF,0xFFFF,0xFFFF,0xFFFF,0xFFFF,0xFFFF,0xE3FF,0xFFFF,0xFF00,
    0x0000,0x001F,0xFFFF,0xFE1F,0xFFFF,0xFFFF,0xFFFF,0xFFFF,0xFD7F,0x43FF,0xFFFF,0xFFFF,0xFFFF,0xFFFF,0xFFFF,0xDFFF,0xFFFF,0xC1FF,0xFFFF,0xFF00,
    0x001F,0xF01F,0xFFFF,0xFFFF,0xFFFF,0xFFFF,0xFFFF,0xFFFF,0xFFFF,0xFFFF,0xFFFF,0xFFFF,0xFFFF,0xFFFF,0xFFFF,0xFFFF,0xFFFF,0xE3FF,0xFFFF,0xFF00,
    0x001F,0xC01F,0xFFFF,0xFF9F,0xFFFA,0xAFFF,0xE940,0x0000,0x1455,0x43DF,0xFFFF,0xFFFF,0xFFFF,0xFFFF,0xFFD5,0x01FF,0xFFD0,0x0000,0x0155,0x5A00,
    0x001F,0xF01F,0xFFFF,0xFFFF,0xFFFF,0xFFFF,0xFFFF,0xFFFF,0xFFFF,0xFFFF,0xFFFF,0xFFFF,0xFFFF,0xFFFF,0xFFFF,0xFFFF,0xFFFF,0xE3FF,0xFFFF,0xFF00,
    0x0000,0x001F,0xFFFF,0xFE7F,0xFFD5,0x5000,0x1410,0x3FFF,0xFFFF,0xFC00,0x0000,0x0000,0x0000,0x0000,0x0000,0x0000,0x0000,0x0000,0x0000,0x0500,
    0x001F,0xF01F,0xFFFF,0xFFFF,0xFFFF,0xFFFF,0xFFFF,0xFFFF,0xFFFF,0xFFFF,0xFFFF,0xFFFF,0xFFFF,0xFFFF,0xFFFF,0xFFFF,0xFFFF,0xE3FF,0xFFFF,0xFF00,
    0x0000,0x0000,0x0000,0x01FF,0xFFFF,0xFFFF,0xFFFF,0xC000,0x0000,0x0000,0x0000,0x0000,0x0000,0x0000,0x0000,0x0000,0x0000,0x0000,0x0000,0x0000,
    0x001F,0xF01F,0xFFFF,0xFFFF,0xFFFF,0xFFFF,0xFFFF,0xFFFF,0xFFFF,0xFFFF,0xFFFF,0xFFFF,0xFFFF,0xFFFF,0xFFFF,0xFFFF,0xFFFF,0xE3FF,0xFFFF,0xFF00,
    /* row 93 */
    0x0004,0x001D,0x7FFF,0xFF4F,0xFFFF,0xEBFF,0xAA80,0x0000,0x0017,0x4540,0x0000,0x0000,0x0000,0x0000,0x0000,0x0000,0x0000,0x4040,0x0400,0x0A00,
    0x0006,0x003F,0xFFFF,0xFFFF,0xFFFF,0xFFFF,0xFFFF,0xFFFF,0xFFFF,0xFFFF,0xFFFF,0xFFFF,0xFFFF,0xFFFF,0xFFFF,0xFFFF,0xFFFF,0xC0FF,0xFFFF,0xFF00,
    0x0000,0x001D,0x7FFF,0xFF47,0xFFFF,0xEBFF,0xFFFF,0xFFFF,0xFFE8,0xBABF,0xFFFF,0xFFFF,0xFFFF,0xFFFF,0xFFFF,0xFFFF,0xFFFF,0x80BF,0xFBFF,0xFF00,
    0x0006,0x003F,0xFFFF,0xFFFF,0xFFFF,0xFFFF,0xFFFF,0xFFFF,0xFFFF,0xFFFF,0xFFFF,0xFFFF,0xFFFF,0xFFFF,0xFFFF,0xFFFF,0xFFFF,0xC0FF,0xFFFF,0xFF00,
    0x0002,0x003F,0xFFFF,0xFFF7,0xFED5,0xFFFF,0xA800,0x0000,0x2AA1,0xEFFF,0xFFFF,0xFFFF,0xAA80,0x000A,0xABEA,0x00AF,0xFFE8,0x0000,0x00AA,0xA500,
    0x0006,0x003F,0xFFFF,0xFFFF,0xFFFF,0xFFFF,0xFFFF,0xFFFF,0xFFFF,0xFFFF,0xFFFF,0xFFFF,0xFFFF,0xFFFF,0xFFFF,0xFFFF,0xFFFF,0xC0FF,0xFFFF,0xFF00,
    0x0000,0x003D,0x7FFF,0xFF4B,0xFFAA,0x0000,0x0287,0xFFFF,0xFFFE,0x0000,0x0000,0x0000,0x0000,0x0000,0x0000,0x0000,0x0000,0x0000,0x0000,0x0A00,
    0x0006,0x003F,0xFFFF,0xFFFF,0xFFFF,0xFFFF,0xFFFF,0xFFFF,0xFFFF,0xFFFF,0xFFFF,0xFFFF,0xFFFF,0xFFFF,0xFFFF,0xFFFF,0xFFFF,0xC0FF,0xFFFF,0xFF00,
    0x0000,0x0002,0x8000,0x00BF,0xFFFF,0xFFFF,0xFFF8,0x0000,0x0000,0x0000,0x0000,0x0000,0x0000,0x0000,0x0000,0x0000,0x0000,0x0000,0x0000,0x0000,
    0x0006,0x003F,0xFFFF,0xFFFF,0xFFFF,0xFFFF,0xFFFF,0xFFFF,0xFFFF,0xFFFF,0xFFFF,0xFFFF,0xFFFF,0xFFFF,0xFFFF,0xFFFF,0xFFFF,0xC0FF,0xFFFF,0xFF00,
    /* row 94 */
    0x0000,0x0006,0x83FF,0xFFA0,0x7FFD,0x57FD,0x5040,0x0000,0x00EA,0xAAA0,0x0000,0x0000,0x0000,0x0000,0x0000,0x2000,0x0000,0x8018,0x0200,0x0500,
    0x0000,0x001F,0xFFFF,0xFFFF,0xFFFF,0xFFFF,0xFFFF,0xFFFF,0xFFFF,0xFFFF,0xFFFF,0xFFC0,0x0000,0x0000,0x001F,0xFFFF,0xFFFF,0x801F,0xFFFF,0xFF00,
    0x0000,0x0006,0x83FF,0xFFA0,0x2BFD,0x57FF,0xFFBF,0xFFFF,0xFF15,0x555F,0xFFFF,0xFFC0,0x0000,0x0000,0x001F,0xDFFF,0xFFFF,0x0007,0xFDFF,0xFF00,
    0x0000,0x001F,0xFFFF,0xFFFF,0xFFFF,0xFFFF,0xFFFF,0xFFFF,0xFFFF,0xFFFF,0xFFFF,0xFFC0,0x0000,0x0000,0x001F,0xFFFF,0xFFFF,0x801F,0xFFFF,0xFF00,
    0x0000,0x001F,0xFFFF,0xFFFF,0xABFF,0xFFFD,0x5040,0x0000,0x543F,0xFFFF,0xFFFD,0x0000,0x0000,0x0000,0x0000,0x0057,0xFFF4,0x0000,0x0055,0x5A00,
    0x0000,0x001F,0xFFFF,0xFFFF,0xFFFF,0xFFFF,0xFFFF,0xFFFF,0xFFFF,0xFFFF,0xFFFF,0xFFC0,0x0000,0x0000,0x001F,0xFFFF,0xFFFF,0x801F,0xFFFF,0xFF00,
    0x0000,0x001E,0x83FF,0xFFA0,0x5400,0x0000,0x00FF,0xFFFF,0xFFC0,0x0000,0x0000,0x0000,0x0000,0x0000,0x0000,0x0000,0x0000,0x0000,0x0000,0x0500,
    0x0000,0x001F,0xFFFF,0xFFFF,0xFFFF,0xFFFF,0xFFFF,0xFFFF,0xFFFF,0xFFFF,0xFFFF,0xFFC0,0x0000,0x0000,0x001F,0xFFFF,0xFFFF,0x801F,0xFFFF,0xFF00,
    0x0000,0x0001,0x7C00,0x005F,0xFFFF,0xFFFF,0xFF00,0x0000,0x0000,0x0000,0x0000,0x0000,0x0000,0x0000,0x0000,0x0000,0x0000,0x0000,0x0000,0x0000,
    0x0000,0x001F,0xFFFF,0xFFFF,0xFFFF,0xFFFF,0xFFFF,0xFFFF,0xFFFF,0xFFFF,0xFFFF,0xFFC0,0x0000,0x0000,0x001F,0xFFFF,0xFFFF,0x801F,0xFFFF,0xFF00,
    /* row 95 */
    0x0000,0x0004,0xF29F,0xFFF4,0x2BEA,0xABAA,0x9800,0x0000,0x1615,0x5551,0x5200,0x0000,0x0000,0x0000,0x0000,0x1000,0x0000,0x0000,0x0100,0x0300,
    0x0000,0x000F,0xFFFF,0xFFFF,0xFFFF,0xFFFF,0xFFFF,0xFFFF,0xFFFF,0xFFFF,0xFFE0,0x0000,0x0000,0x0000,0x0000,0x1FFF,0xFFFE,0x0000,0x01FF,0xFF80,
    0x0000,0x0004,0xF01F,0xFFF4,0x2BEA,0xABFF,0xE2BF,0xFFFF,0xE9EA,0xAAAE,0xADE0,0x0000,0x0000,0x0000,0x0000,0x0FFF,0xFFFE,0x0000,0x00FF,0xFE80,
    0x0000,0x000F,0xFFFF,0xFFFF,0xFFFF,0xFFFF,0xFFFF,0xFFFF,0xFFFF,0xFFFF,0xFFE0,0x0000,0x0000,0x0000,0x0000,0x1FFF,0xFFFE,0x0000,0x01FF,0xFF80,
    0x0000,0x000F,0xFD7F,0xFFFF,0xFFFF,0xFFAA,0x9800,0x0000,0x16BF,0xFFFF,0xFA00,0x0000,0x0000,0x0000,0x0000,0x002B,0xFFE8,0x0000,0x002A,0xAC80,
    0x0000,0x000F,0xFFFF,0xFFFF,0xFFFF,0xFFFF,0xFFFF,0xFFFF,0xFFFF,0xFFFF,0xFFE0,0x0000,0x0000,0x0000,0x0000,0x1FFF,0xFFFE,0x0000,0x01FF,0xFF80,
    0x0000,0x000B,0xF29F,0xFFF4,0x0000,0x0000,0x1FFF,0xFFFF,0xE800,0x0000,0x0000,0x0000,0x0000,0x0000,0x0000,0x0000,0x0000,0x0000,0x0000,0x0300,
    0x0000,0x000F,0xFFFF,0xFFFF,0xFFFF,0xFFFF,0xFFFF,0xFFFF,0xFFFF,0xFFFF,0xFFE0,0x0000,0x0000,0x0000,0x0000,0x1FFF,0xFFFE,0x0000,0x01FF,0xFF80,
    0x0000,0x0000,0x0FE0,0x000B,0xFFFF,0xFFFF,0xE000,0x0000,0x0000,0x0000,0x0000,0x0000,0x0000,0x0000,0x0000,0x0000,0x0000,0x0000,0x0000,0x0000,
    0x0000,0x000F,0xFFFF,0xFFFF,0xFFFF,0xFFFF,0xFFFF,0xFFFF,0xFFFF,0xFFFF,0xFFE0,0x0000,0x0000,0x0000,0x0000,0x1FFF,0xFFFE,0x0000,0x01FF,0xFF80,
    /* row 96 */
    0x0000,0x0006,0x1E5C,0xAAAA,0x0505,0x5550,0x0000,0x0003,0xD6AA,0xAAA4,0x8000,0x0000,0x0000,0x0000,0x0000,0x0000,0x0008,0x0000,0x0080,0x0100,
    0x0000,0x0007,0xFFFF,0xFFFF,0xFFFF,0xFFFF,0xFFFF,0xFFFF,0xFFFF,0xFFFF,0x8000,0x0000,0x0000,0x0000,0x0000,0x07FF,0xFFF8,0x0000,0x00FF,0xFF80,
    0x0000,0x0006,0x1E08,0xAAAA,0x0505,0x57FF,0xC55F,0xFFFC,0x2955,0x555B,0x0000,0x0000,0x0000,0x0000,0x0000,0x07FF,0xFFF0,0x0000,0x007F,0xFF80,
    0x0000,0x0007,0xFFFF,0xFFFF,0xFFFF,0xFFFF,0xFFFF,0xFFFF,0xFFFF,0xFFFF,0x8000,0x0000,0x0000,0x0000,0x0000,0x07FF,0xFFF8,0x0000,0x00FF,0xFF80,
    0x0000,0x0007,0xFFAB,0xFFFF,0xFFFF,0xFD50,0x0000,0x0003,0xD7FF,0xFFF4,0x0000,0x0000,0x0000,0x0000,0x0000,0x0055,0xFFE0,0x0000,0x0015,0x5680,
    0x0000,0x0007,0xFFFF,0xFFFF,0xFFFF,0xFFFF,0xFFFF,0xFFFF,0xFFFF,0xFFFF,0x8000,0x0000,0x0000,0x0000,0x0000,0x07FF,0xFFF8,0x0000,0x00FF,0xFF80,
    0x0000,0x0001,0xFE54,0xAAAA,0x0000,0x0000,0xFFFF,0xFFFC,0x0000,0x0000,0x0000,0x0000,0x0000,0x0000,0x0000,0x0000,0x0000,0x0000,0x0000,0x0100,
    0x0000,0x0007,0xFFFF,0xFFFF,0xFFFF,0xFFFF,0xFFFF,0xFFFF,0xFFFF,0xFFFF,0x8000,0x0000,0x0000,0x0000,0x0000,0x07FF,0xFFF8,0x0000,0x00FF,0xFF80,
    0x0000,0x0000,0x01FF,0x5555,0xFFFF,0xFFFF,0x0000,0x0000,0x0000,0x0000,0x0000,0x0000,0x0000,0x0000,0x0000,0x0000,0x0000,0x0000,0x0000,0x0000,
    0x0000,0x0007,0xFFFF,0xFFFF,0xFFFF,0xFFFF,0xFFFF,0xFFFF,0xFFFF,0xFFFF,0x8000,0x0000,0x0000,0x0000,0x0000,0x07FF,0xFFF8,0x0000,0x00FF,0xFF80,
    /* row 97 */
    0x0000,0x0003,0x43FB,0xE015,0x0000,0xA218,0x0000,0x001A,0xBD55,0x5900,0x0000,0x0000,0x0000,0x0000,0x0000,0x0100,0x0000,0x0000,0x0000,0x0000,
    0x0000,0x0003,0xFFFF,0xFFFF,0xFFFF,0xFFFF,0xFFFF,0xFFFF,0xFFFF,0xFF80,0x0000,0x0000,0x0000,0x0000,0x0000,0x01FF,0xFFE0,0x0000,0x003F,0xFF80,
    0x0000,0x0003,0x43F1,0x4015,0x0000,0xB360,0x0AAF,0xFFC5,0x42AA,0xA680,0x0000,0x0000,0x0000,0x0000,0x0000,0x00FF,0xFFE0,0x0000,0x003F,0xFF80,
    0x0000,0x0003,0xFFFF,0xFFFF,0xFFFF,0xFFFF,0xFFFF,0xFFFF,0xFFFF,0xFF80,0x0000,0x0000,0x0000,0x0000,0x0000,0x01FF,0xFFE0,0x0000,0x003F,0xFF80,
    0x0000,0x0003,0xFFF5,0x5FFF,0xFFFF,0xEE98,0x0000,0x001A,0xBFFF,0xF800,0x0000,0x0000,0x0000,0x0000,0x0000,0x002B,0xFF80,0x0000,0x0002,0xAB80,
    0x0000,0x0003,0xFFFF,0xFFFF,0xFFFF,0xFFFF,0xFFFF,0xFFFF,0xFFFF,0xFF80,0x0000,0x0000,0x0000,0x0000,0x0000,0x01FF,0xFFE0,0x0000,0x003F,0xFF80,
    0x0000,0x0000,0xBFFA,0xA015,0x0000,0x001F,0xFFFF,0xFFE0,0x0000,0x0000,0x0000,0x0000,0x0000,0x0000,0x0000,0x0000,0x0000,0x0000,0x0000,0x0000,
    0x0000,0x0003,0xFFFF,0xFFFF,0xFFFF,0xFFFF,0xFFFF,0xFFFF,0xFFFF,0xFF80,0x0000,0x0000,0x0000,0x0000,0x0000,0x01FF,0xFFE0,0x0000,0x003F,0xFF80,
    0x0000,0x0000,0x000F,0xFFEA,0xFFFF,0xFFE0,0x0000,0x0000,0x0000,0x0000,0x0000,0x0000,0x0000,0x0000,0x0000,0x0000,0x0000,0x0000,0x0000,0x0000,
    0x0000,0x0003,0xFFFF,0xFFFF,0xFFFF,0xFFFF,0xFFFF,0xFFFF,0xFFFF,0xFF80,0x0000,0x0000,0x0000,0x0000,0x0000,0x01FF,0xFFE0,0x0000,0x003F,0xFF80,
    /* row 98 */
    0x0000,0x0001,0xA87E,0x7FFD,0x2800,0x0000,0x0000,0x031F,0xEAA4,0x8000,0x0000,0x0000,0x0000,0x0000,0x0000,0x0020,0x0000,0x0000,0x0000,0x0000,
    0x0000,0x0001,0xFFFF,0xFFFF,0xFFFF,0xFFFF,0xFFFF,0xFFFF,0xFFFF,0xC000,0x0000,0x0000,0x0000,0x0000,0x0000,0x003F,0xFF00,0x0000,0x0007,0xFF80,
    0x0000,0x0001,0xA87E,0x14AD,0x2800,0xAB00,0x015F,0xFCE0,0x155B,0x4000,0x0000,0x0000,0x0000,0x0000,0x0000,0x001F,0xFF00,0x0000,0x0007,0xFF80,
    0x0000,0x0001,0xFFFF,0xFFFF,0xFFFF,0xFFFF,0xFFFF,0xFFFF,0xFFFF,0xC000,0x0000,0x0000,0x0000,0x0000,0x0000,0x003F,0xFF00,0x0000,0x0007,0xFF80,
    0x0000,0x0000,0xFFFF,0x94AF,0xFFFF,0x5400,0x0000,0x031F,0xFFF4,0x0000,0x0000,0x0000,0x0000,0x0000,0x0000,0x0001,0x5400,0x0000,0x0000,0x5580,
    0x0000,0x0001,0xFFFF,0xFFFF,0xFFFF,0xFFFF,0xFFFF,0xFFFF,0xFFFF,0xC000,0x0000,0x0000,0x0000,0x0000,0x0000,0x003F,0xFF00,0x0000,0x0007,0xFF80,
    0x0000,0x0000,0x57FE,0x7F50,0x2800,0x00FF,0xFFFF,0xFC00,0x0000,0x0000,0x0000,0x0000,0x0000,0x0000,0x0000,0x0000,0x0000,0x0000,0x0000,0x0000,
    0x0000,0x0001,0xFFFF,0xFFFF,0xFFFF,0xFFFF,0xFFFF,0xFFFF,0xFFFF,0xC000,0x0000,0x0000,0x0000,0x0000,0x0000,0x003F,0xFF00,0x0000,0x0007,0xFF80,
    0x0000,0x0000,0x0001,0xFFFF,0xD7FF,0xFF00,0x0000,0x0000,0x0000,0x0000,0x0000,0x0000,0x0000,0x0000,0x0000,0x0000,0x0000,0x0000,0x0000,0x0000,
    0x0000,0x0001,0xFFFF,0xFFFF,0xFFFF,0xFFFF,0xFFFF,0xFFFF,0xFFFF,0xC000,0x0000,0x0000,0x0000,0x0000,0x0000,0x003F,0xFF00,0x0000,0x0007,0xFF80,
    /* row 99 */
    0x0000,0x0000,0xD40F,0xF3FE,0x5400,0x1900,0x0000,0x08FF,0xD260,0x0000,0x0000,0x0000,0x0000,0x0000,0x0000,0x0000,0x0000,0x0000,0x0000,0x1000,
    0x0000,0x0000,0xFFFF,0xFFFF,0xFFFF,0xFFFF,0xFFFF,0xFFFF,0xFFE0,0x0000,0x0000,0x0000,0x0000,0x0000,0x0000,0x0000,0x0000,0x0000,0x0000,0x3F00,
    0x0000,0x0000,0xD40F,0xF4B8,0x5400,0x4100,0x02AF,0xE700,0x2D80,0x0000,0x0000,0x0000,0x0000,0x0000,0x0000,0x0000,0x0000,0x0000,0x0000,0x2F00,
    0x0000,0x0000,0xFFFF,0xFFFF,0xFFFF,0xFFFF,0xFFFF,0xFFFF,0xFFE0,0x0000,0x0000,0x0000,0x0000,0x0000,0x0000,0x0000,0x0000,0x0000,0x0000,0x3F00,
    0x0000,0x0000,0x7FFF,0xFCB9,0xFFFF,0xB900,0x0000,0x18FF,0xFA00,0x0000,0x0000,0x0000,0x0000,0x0000,0x0000,0x0000,0x0000,0x0000,0x0000,0x0000,
    0x0000,0x0000,0xFFFF,0xFFFF,0xFFFF,0xFFFF,0xFFFF,0xFFFF,0xFFE0,0x0000,0x0000,0x0000,0x0000,0x0000,0x0000,0x0000,0x0000,0x0000,0x0000,0x3F00,
    0x0000,0x0000,0x2BFF,0xF3FE,0x5400,0x1EFF,0xFFFF,0xE000,0x0000,0x0000,0x0000,0x0000,0x0000,0x0000,0x0000,0x0000,0x0000,0x0000,0x0000,0x0000,
    0x0000,0x0000,0xFFFF,0xFFFF,0xFFFF,0xFFFF,0xFFFF,0xFFFF,0xFFE0,0x0000,0x0000,0x0000,0x0000,0x0000,0x0000,0x0000,0x0000,0x0000,0x0000,0x3F00,
    0x0000,0x0000,0x0000,0x0FFF,0xABFF,0xE000,0x0000,0x0000,0x0000,0x0000,0x0000,0x0000,0x0000,0x0000,0x0000,0x0000,0x0000,0x0000,0x0000,0x0000,
    0x0000,0x0000,0xFFFF,0xFFFF,0xFFFF,0xFFFF,0xFFFF,0xFFFF,0xFFE0,0x0000,0x0000,0x0000,0x0000,0x0000,0x0000,0x0000,0x0000,0x0000,0x0000,0x3F00,
    /* row 100 */
    0x0000,0x0000,0x3A81,0x7E03,0xAA00,0xCAA0,0x0000,0x47FF,0x4000,0x0000,0x0000,0x0000,0x0000,0x0000,0x0000,0x0000,0x0000,0x0000,0x0000,0x0000,
    0x0000,0x0000,0x3FFF,0xFFFF,0xFFFF,0xFFFF,0xFFFF,0xFFFF,0xF000,0x0000,0x0000,0x0000,0x0000,0x0000,0x0000,0x0000,0x0000,0x0000,0x0000,0x0000,
    0x0000,0x0000,0x3A81,0x7E03,0xAA00,0x0AA0,0x055F,0x3800,0xB000,0x0000,0x0000,0x0000,0x0000,0x0000,0x0000,0x0000,0x0000,0x0000,0x0000,0x0000,
    0x0000,0x0000,0x3FFF,0xFFFF,0xFFFF,0xFFFF,0xFFFF,0xFFFF,0xF000,0x0000,0x0000,0x0000,0x0000,0x0000,0x0000,0x0000,0x0000,0x0000,0x0000,0x0000,
    0x0000,0x0000,0x1FFF,0xFFFF,0xFFFF,0xCAA0,0x0000,0xC7FF,0x4000,0x0000,0x0000,0x0000,0x0000,0x0000,0x0000,0x0000,0x0000,0x0000,0x0000,0x0000,
    0x0000,0x0000,0x3FFF,0xFFFF,0xFFFF,0xFFFF,0xFFFF,0xFFFF,0xF000,0x0000,0x0000,0x0000,0x0000,0x0000,0x0000,0x0000,0x0000,0x0000,0x0000,0x0000,
    0x0000,0x0000,0x057F,0xFE03,0xAA00,0xF55F,0xFFFF,0x0000,0x0000,0x0000,0x0000,0x0000,0x0000,0x0000,0x0000,0x0000,0x0000,0x0000,0x0000,0x0000,
    0x0000,0x0000,0x3FFF,0xFFFF,0xFFFF,0xFFFF,0xFFFF,0xFFFF,0xF000,0x0000,0x0000,0x0000,0x0000,0x0000,0x0000,0x0000,0x0000,0x0000,0x0000,0x0000,
    0x0000,0x0000,0x0000,0x01FC,0x55FF,0x0000,0x0000,0x0000,0x0000,0x0000,0x0000,0x0000,0x0000,0x0000,0x0000,0x0000,0x0000,0x0000,0x0000,0x0000,
    0x0000,0x0000,0x3FFF,0xFFFF,0xFFFF,0xFFFF,0xFFFF,0xFFFF,0xF000,0x0000,0x0000,0x0000,0x0000,0x0000,0x0000,0x0000,0x0000,0x0000,0x0000,0x0000,
    /* row 101 */
    0x0000,0x0000,0x0D54,0x0BFF,0xD547,0x5550,0x0000,0x3FEE,0x0000,0x0000,0x0000,0x0000,0x0000,0x0000,0x0000,0x0000,0x0000,0x0000,0x0000,0x0000,
    0x0000,0x0000,0x0FFF,0xFFFF,0xFFFF,0xFFFF,0xFFFF,0xFFFE,0x0000,0x0000,0x0000,0x0000,0x0000,0x0000,0x0000,0x0000,0x0000,0x0000,0x0000,0x0000,
    0x0000,0x0000,0x0D54,0x0BFF,0xD541,0x5550,0x02E3,0xC010,0x0000,0x0000,0x0000,0x0000,0x0000,0x0000,0x0000,0x0000,0x0000,0x0000,0x0000,0x0000,
    0x0000,0x0000,0x0FFF,0xFFFF,0xFFFF,0xFFFF,0xFFFF,0xFFFE,0x0000,0x0000,0x0000,0x0000,0x0000,0x0000,0x0000,0x0000,0x0000,0x0000,0x0000,0x0000,
    0x0000,0x0000,0x0FFF,0xFFFF,0xFFFF,0x5550,0x0004,0x3FE8,0x0000,0x0000,0x0000,0x0000,0x0000,0x0000,0x0000,0x0000,0x0000,0x0000,0x0000,0x0000,
    0x0000,0x0000,0x0FFF,0xFFFF,0xFFFF,0xFFFF,0xFFFF,0xFFFE,0x0000,0x0000,0x0000,0x0000,0x0000,0x0000,0x0000,0x0000,0x0000,0x0000,0x0000,0x0000,
    0x0000,0x0000,0x02AB,0xFFFF,0xD546,0xAAAF,0xFFF8,0x0000,0x0000,0x0000,0x0000,0x0000,0x0000,0x0000,0x0000,0x0000,0x0000,0x0000,0x0000,0x0000,
    0x0000,0x0000,0x0FFF,0xFFFF,0xFFFF,0xFFFF,0xFFFF,0xFFFE,0x0000,0x0000,0x0000,0x0000,0x0000,0x0000,0x0000,0x0000,0x0000,0x0000,0x0000,0x0000,
    0x0000,0x0000,0x0000,0x0000,0x2AB8,0x0000,0x0000,0x0000,0x0000,0x0000,0x0000,0x0000,0x0000,0x0000,0x0000,0x0000,0x0000,0x0000,0x0000,0x0000,
    0x0000,0x0000,0x0FFF,0xFFFF,0xFFFF,0xFFFF,0xFFFF,0xFFFE,0x0000,0x0000,0x0000,0x0000,0x0000,0x0000,0x0000,0x0000,0x0000,0x0000,0x0000,0x0000,
    /* row 102 */
    0x0000,0x0000,0x06EA,0x805F,0xFAB2,0xAAA0,0x0001,0xFC80,0x0000,0x0000,0x0000,0x0000,0x0000,0x0000,0x0000,0x0000,0x0000,0x0000,0x0000,0x0000,
    0x0000,0x0000,0x07FF,0xFFFF,0xFFFF,0xFFFF,0xFFFF,0xFF80,0x0000,0x0000,0x0000,0x0000,0x0000,0x0000,0x0000,0x0000,0x0000,0x0000,0x0000,0x0000,
    0x0000,0x0000,0x06EA,0x805F,0xFA82,0xAAA0,0x051E,0x0300,0x0000,0x0000,0x0000,0x0000,0x0000,0x0000,0x0000,0x0000,0x0000,0x0000,0x0000,0x0000,
    0x0000,0x0000,0x07FF,0xFFFF,0xFFFF,0xFFFF,0xFFFF,0xFF80,0x0000,0x0000,0x0000,0x0000,0x0000,0x0000,0x0000,0x0000,0x0000,0x0000,0x0000,0x0000,
    0x0000,0x0000,0x03FF,0xFFFF,0xFFF2,0xAAA0,0x0021,0xFC00,0x0000,0x0000,0x0000,0x0000,0x0000,0x0000,0x0000,0x0000,0x0000,0x0000,0x0000,0x0000,
    0x0000,0x0000,0x07FF,0xFFFF,0xFFFF,0xFFFF,0xFFFF,0xFF80,0x0000,0x0000,0x0000,0x0000,0x0000,0x0000,0x0000,0x0000,0x0000,0x0000,0x0000,0x0000,
    0x0000,0x0000,0x0115,0x7FFF,0xFABD,0x555F,0xFFC0,0x0000,0x0000,0x0000,0x0000,0x0000,0x0000,0x0000,0x0000,0x0000,0x0000,0x0000,0x0000,0x0000,
    0x0000,0x0000,0x07FF,0xFFFF,0xFFFF,0xFFFF,0xFFFF,0xFF80,0x0000,0x0000,0x0000,0x0000,0x0000,0x0000,0x0000,0x0000,0x0000,0x0000,0x0000,0x0000,
    0x0000,0x0000,0x0000,0x0000,0x0540,0x0000,0x0000,0x0000,0x0000,0x0000,0x0000,0x0000,0x0000,0x0000,0x0000,0x0000,0x0000,0x0000,0x0000,0x0000,
    0x0000,0x0000,0x07FF,0xFFFF,0xFFFF,0xFFFF,0xFFFF,0xFF80,0x0000,0x0000,0x0000,0x0000,0x0000,0x0000,0x0000,0x0000,0x0000,0x0000,0x0000,0x0000,
    /* row 103 */
    0x0000,0x0000,0x01DD,0x5403,0xFD3D,0x5540,0x032F,0x9000,0x0000,0x0000,0x0000,0x0000,0x0000,0x0000,0x0000,0x0000,0x0000,0x0000,0x0000,0x0000,
    0x0000,0x0000,0x01FF,0xFFFF,0xFFFF,0xFFFF,0xFFFF,0xF000,0x0000,0x0000,0x0000,0x0000,0x0000,0x0000,0x0000,0x0000,0x0000,0x0000,0x0000,0x0000,
    0x0000,0x0000,0x01DD,0x5403,0xFD3D,0x5540,0x28D0,0x6000,0x0000,0x0000,0x0000,0x0000,0x0000,0x0000,0x0000,0x0000,0x0000,0x0000,0x0000,0x0000,
    0x0000,0x0000,0x01FF,0xFFFF,0xFFFF,0xFFFF,0xFFFF,0xF000,0x0000,0x0000,0x0000,0x0000,0x0000,0x0000,0x0000,0x0000,0x0000,0x0000,0x0000,0x0000,
    0x0000,0x0000,0x00FF,0xFFFF,0xFFFD,0x5540,0x022F,0x8000,0x0000,0x0000,0x0000,0x0000,0x0000,0x0000,0x0000,0x0000,0x0000,0x0000,0x0000,0x0000,
    0x0000,0x0000,0x01FF,0xFFFF,0xFFFF,0xFFFF,0xFFFF,0xF000,0x0000,0x0000,0x0000,0x0000,0x0000,0x0000,0x0000,0x0000,0x0000,0x0000,0x0000,0x0000,
    0x0000,0x0000,0x0022,0xABFF,0xFD42,0xAABF,0xFC00,0x0000,0x0000,0x0000,0x0000,0x0000,0x0000,0x0000,0x0000,0x0000,0x0000,0x0000,0x0000,0x0000,
    0x0000,0x0000,0x01FF,0xFFFF,0xFFFF,0xFFFF,0xFFFF,0xF000,0x0000,0x0000,0x0000,0x0000,0x0000,0x0000,0x0000,0x0000,0x0000,0x0000,0x0000,0x0000,
    0x0000,0x0000,0x0000,0x0000,0x0280,0x0000,0x0000,0x0000,0x0000,0x0000,0x0000,0x0000,0x0000,0x0000,0x0000,0x0000,0x0000,0x0000,0x0000,0x0000,
    0x0000,0x0000,0x01FF,0xFFFF,0xFFFF,0xFFFF,0xFFFF,0xF000,0x0000,0x0000,0x0000,0x0000,0x0000,0x0000,0x0000,0x0000,0x0000,0x0000,0x0000,0x0000,
    /* row 104 */
    0x0000,0x0000,0x006B,0xFAA8,0x5CEA,0xAA80,0x0B76,0x0000,0x0000,0x0000,0x0000,0x0000,0x0000,0x0000,0x0000,0x0000,0x0000,0x0000,0x0000,0x0000,
    0x0000,0x0000,0x007F,0xFFFF,0xFFFF,0xFFFF,0xFFFF,0x0000,0x0000,0x0000,0x0000,0x0000,0x0000,0x0000,0x0000,0x0000,0x0000,0x0000,0x0000,0x0000,
    0x0000,0x0000,0x006B,0xFAA8,0x5CEA,0xAA80,0x4489,0x0000,0x0000,0x0000,0x0000,0x0000,0x0000,0x0000,0x0000,0x0000,0x0000,0x0000,0x0000,0x0000,
    0x0000,0x0000,0x007F,0xFFFF,0xFFFF,0xFFFF,0xFFFF,0x0000,0x0000,0x0000,0x0000,0x0000,0x0000,0x0000,0x0000,0x0000,0x0000,0x0000,0x0000,0x0000,
    0x0000,0x0000,0x007F,0xFFFF,0xFFEA,0xAA80,0x0174,0x0000,0x0000,0x0000,0x0000,0x0000,0x0000,0x0000,0x0000,0x0000,0x0000,0x0000,0x0000,0x0000,
    0x0000,0x0000,0x007F,0xFFFF,0xFFFF,0xFFFF,0xFFFF,0x0000,0x0000,0x0000,0x0000,0x0000,0x0000,0x0000,0x0000,0x0000,0x0000,0x0000,0x0000,0x0000,
    0x0000,0x0000,0x0014,0x0557,0xFF15,0x557F,0xF000,0x0000,0x0000,0x0000,0x0000,0x0000,0x0000,0x0000,0x0000,0x0000,0x0000,0x0000,0x0000,0x0000,
    0x0000,0x0000,0x007F,0xFFFF,0xFFFF,0xFFFF,0xFFFF,0x0000,0x0000,0x0000,0x0000,0x0000,0x0000,0x0000,0x0000,0x0000,0x0000,0x0000,0x0000,0x0000,
    0x0000,0x0000,0x0000,0x0000,0x0000,0x0000,0x0000,0x0000,0x0000,0x0000,0x0000,0x0000,0x0000,0x0000,0x0000,0x0000,0x0000,0x0000,0x0000,0x0000,
    0x0000,0x0000,0x007F,0xFFFF,0xFFFF,0xFFFF,0xFFFF,0x0000,0x0000,0x0000,0x0000,0x0000,0x0000,0x0000,0x0000,0x0000,0x0000,0x0000,0x0000,0x0000,
    /* row 105 */
    0x0000,0x0000,0x001D,0xFFD5,0x47F5,0x5540,0x0ED0,0x0000,0x0000,0x0000,0x0000,0x0000,0x0000,0x0000,0x0000,0x0000,0x0000,0x0000,0x0000,0x0000,
    0x0000,0x0000,0x001F,0xFFFF,0xFFFF,0xFFFF,0xFFF0,0x0000,0x0000,0x0000,0x0000,0x0000,0x0000,0x0000,0x0000,0x0000,0x0000,0x0000,0x0000,0x0000,
    0x0000,0x0000,0x001D,0xFFD5,0x47F5,0x5540,0x3120,0x0000,0x0000,0x0000,0x0000,0x0000,0x0000,0x0000,0x0000,0x0000,0x0000,0x0000,0x0000,0x0000,
    0x0000,0x0000,0x001F,0xFFFF,0xFFFF,0xFFFF,0xFFF0,0x0000,0x0000,0x0000,0x0000,0x0000,0x0000,0x0000,0x0000,0x0000,0x0000,0x0000,0x0000,0x0000,
    0x0000,0x0000,0x000F,0xFFFF,0xFFF5,0x5540,0x4E80,0x0000,0x0000,0x0000,0x0000,0x0000,0x0000,0x0000,0x0000,0x0000,0x0000,0x0000,0x0000,0x0000,
    0x0000,0x0000,0x001F,0xFFFF,0xFFFF,0xFFFF,0xFFF0,0x0000,0x0000,0x0000,0x0000,0x0000,0x0000,0x0000,0x0000,0x0000,0x0000,0x0000,0x0000,0x0000,
    0x0000,0x0000,0x0002,0x002A,0xB80A,0xAABF,0x8000,0x0000,0x0000,0x0000,0x0000,0x0000,0x0000,0x0000,0x0000,0x0000,0x0000,0x0000,0x0000,0x0000,
    0x0000,0x0000,0x001F,0xFFFF,0xFFFF,0xFFFF,0xFFF0,0x0000,0x0000,0x0000,0x0000,0x0000,0x0000,0x0000,0x0000,0x0000,0x0000,0x0000,0x0000,0x0000,
    0x0000,0x0000,0x0000,0x0000,0x0000,0x0000,0x0000,0x0000,0x0000,0x0000,0x0000,0x0000,0x0000,0x0000,0x0000,0x0000,0x0000,0x0000,0x0000,0x0000,
    0x0000,0x0000,0x001F,0xFFFF,0xFFFF,0xFFFF,0xFFF0,0x0000,0x0000,0x0000,0x0000,0x0000,0x0000,0x0000,0x0000,0x0000,0x0000,0x0000,0x0000,0x0000,
    /* row 106 */
    0x0000,0x0000,0x0003,0xBFFF,0xFFEA,0xAA81,0xDA00,0x0000,0x0000,0x0000,0x0000,0x0000,0x0000,0x0000,0x0000,0x0000,0x0000,0x0000,0x0000,0x0000,
    0x0000,0x0000,0x0003,0xFFFF,0xFFFF,0xFFFF,0xFE00,0x0000,0x0000,0x0000,0x0000,0x0000,0x0000,0x0000,0x0000,0x0000,0x0000,0x0000,0x0000,0x0000,
    0x0000,0x0000,0x0003,0xBFFF,0xFFEA,0xAA80,0x2400,0x0000,0x0000,0x0000,0x0000,0x0000,0x0000,0x0000,0x0000,0x0000,0x0000,0x0000,0x0000,0x0000,
    0x0000,0x0000,0x0003,0xFFFF,0xFFFF,0xFFFF,0xFE00,0x0000,0x0000,0x0000,0x0000,0x0000,0x0000,0x0000,0x0000,0x0000,0x0000,0x0000,0x0000,0x0000,
    0x0000,0x0000,0x0001,0xFFFF,0xFFEA,0xAA83,0x5000,0x0000,0x0000,0x0000,0x0000,0x0000,0x0000,0x0000,0x0000,0x0000,0x0000,0x0000,0x0000,0x0000,
    0x0000,0x0000,0x0003,0xFFFF,0xFFFF,0xFFFF,0xFE00,0x0000,0x0000,0x0000,0x0000,0x0000,0x0000,0x0000,0x0000,0x0000,0x0000,0x0000,0x0000,0x0000,
    0x0000,0x0000,0x0000,0x4000,0x0015,0x557C,0x0000,0x0000,0x0000,0x0000,0x0000,0x0000,0x0000,0x0000,0x0000,0x0000,0x0000,0x0000,0x0000,0x0000,
    0x0000,0x0000,0x0003,0xFFFF,0xFFFF,0xFFFF,0xFE00,0x0000,0x0000,0x0000,0x0000,0x0000,0x0000,0x0000,0x0000,0x0000,0x0000,0x0000,0x0000,0x0000,
    0x0000,0x0000,0x0000,0x0000,0x0000,0x0000,0x0000,0x0000,0x0000,0x0000,0x0000,0x0000,0x0000,0x0000,0x0000,0x0000,0x0000,0x0000,0x0000,0x0000,
    0x0000,0x0000,0x0003,0xFFFF,0xFFFF,0xFFFF,0xFE00,0x0000,0x0000,0x0000,0x0000,0x0000,0x0000,0x0000,0x0000,0x0000,0x0000,0x0000,0x0000,0x0000,
    /* row 107 */
    0x0000,0x0000,0x0000,0xF7FF,0xFFF5,0x550D,0xE000,0x0000,0x0000,0x0000,0x0000,0x0000,0x0000,0x0000,0x0000,0x0000,0x0000,0x0000,0x0000,0x0000,
    0x0000,0x0000,0x0000,0xFFFF,0xFFFF,0xFFFF,0xE000,0x0000,0x0000,0x0000,0x0000,0x0000,0x0000,0x0000,0x0000,0x0000,0x0000,0x0000,0x0000,0x0000,
    0x0000,0x0000,0x0000,0xF7FF,0xFFF5,0x5502,0x0000,0x0000,0x0000,0x0000,0x0000,0x0000,0x0000,0x0000,0x0000,0x0000,0x0000,0x0000,0x0000,0x0000,
    0x0000,0x0000,0x0000,0xFFFF,0xFFFF,0xFFFF,0xE000,0x0000,0x0000,0x0000,0x0000,0x0000,0x0000,0x0000,0x0000,0x0000,0x0000,0x0000,0x0000,0x0000,
    0x0000,0x0000,0x0000,0x3FFF,0xEFF5,0x5518,0x8000,0x0000,0x0000,0x0000,0x0000,0x0000,0x0000,0x0000,0x0000,0x0000,0x0000,0x0000,0x0000,0x0000,
    0x0000,0x0000,0x0000,0xFFFF,0xFFFF,0xFFFF,0xE000,0x0000,0x0000,0x0000,0x0000,0x0000,0x0000,0x0000,0x0000,0x0000,0x0000,0x0000,0x0000,0x0000,
    0x0000,0x0000,0x0000,0x0800,0x000A,0xAAE0,0x0000,0x0000,0x0000,0x0000,0x0000,0x0000,0x0000,0x0000,0x0000,0x0000,0x0000,0x0000,0x0000,0x0000,
    0x0000,0x0000,0x0000,0xFFFF,0xFFFF,0xFFFF,0xE000,0x0000,0x0000,0x0000,0x0000,0x0000,0x0000,0x0000,0x0000,0x0000,0x0000,0x0000,0x0000,0x0000,
    0x0000,0x0000,0x0000,0x0000,0x0000,0x0000,0x0000,0x0000,0x0000,0x0000,0x0000,0x0000,0x0000,0x0000,0x0000,0x0000,0x0000,0x0000,0x0000,0x0000,
    0x0000,0x0000,0x0000,0xFFFF,0xFFFF,0xFFFF,0xE000,0x0000,0x0000,0x0000,0x0000,0x0000,0x0000,0x0000,0x0000,0x0000,0x0000,0x0000,0x0000,0x0000,
    /* row 108 */
    0x0000,0x0000,0x0000,0x0FFF,0xFFEA,0xAAAA,0x0000,0x0000,0x0000,0x0000,0x0000,0x0000,0x0000,0x0000,0x0000,0x0000,0x0000,0x0000,0x0000,0x0000,
    0x0000,0x0000,0x0000,0x0FFF,0xFFFF,0xFFFE,0x0000,0x0000,0x0000,0x0000,0x0000,0x0000,0x0000,0x0000,0x0000,0x0000,0x0000,0x0000,0x0000,0x0000,
    0x0000,0x0000,0x0000,0x0FFF,0xFFEA,0xAA94,0x0000,0x0000,0x0000,0x0000,0x0000,0x0000,0x0000,0x0000,0x0000,0x0000,0x0000,0x0000,0x0000,0x0000,
    0x0000,0x0000,0x0000,0x0FFF,0xFFFF,0xFFFE,0x0000,0x0000,0x0000,0x0000,0x0000,0x0000,0x0000,0x0000,0x0000,0x0000,0x0000,0x0000,0x0000,0x0000,
    0x0000,0x0000,0x0000,0x07F5,0x556A,0xA240,0x0000,0x0000,0x0000,0x0000,0x0000,0x0000,0x0000,0x0000,0x0000,0x0000,0x0000,0x0000,0x0000,0x0000,
    0x0000,0x0000,0x0000,0x0FFF,0xFFFF,0xFFFE,0x0000,0x0000,0x0000,0x0000,0x0000,0x0000,0x0000,0x0000,0x0000,0x0000,0x0000,0x0000,0x0000,0x0000,
    0x0000,0x0000,0x0000,0x0000,0x0015,0x5500,0x0000,0x0000,0x0000,0x0000,0x0000,0x0000,0x0000,0x0000,0x0000,0x0000,0x0000,0x0000,0x0000,0x0000,
    0x0000,0x0000,0x0000,0x0FFF,0xFFFF,0xFFFE,0x0000,0x0000,0x0000,0x0000,0x0000,0x0000,0x0000,0x0000,0x0000,0x0000,0x0000,0x0000,0x0000,0x0000,
    0x0000,0x0000,0x0000,0x0000,0x0000,0x0000,0x0000,0x0000,0x0000,0x0000,0x0000,0x0000,0x0000,0x0000,0x0000,0x0000,0x0000,0x0000,0x0000,0x0000,
    0x0000,0x0000,0x0000,0x0FFF,0xFFFF,0xFFFE,0x0000,0x0000,0x0000,0x0000,0x0000,0x0000,0x0000,0x0000,0x0000,0x0000,0x0000,0x0000,0x0000,0x0000,
    /* row 109 */
    0x0000,0x0000,0x0000,0x01FF,0xFFF5,0x55E0,0x0000,0x0000,0x0000,0x0000,0x0000,0x0000,0x0000,0x0000,0x0000,0x0000,0x0000,0x0000,0x0000,0x0000,
    0x0000,0x0000,0x0000,0x01FF,0xFFFF,0xFFE0,0x0000,0x0000,0x0000,0x0000,0x0000,0x0000,0x0000,0x0000,0x0000,0x0000,0x0000,0x0000,0x0000,0x0000,
    0x0000,0x0000,0x0000,0x01FF,0xFFF5,0x5500,0x0000,0x0000,0x0000,0x0000,0x0000,0x0000,0x0000,0x0000,0x0000,0x0000,0x0000,0x0000,0x0000,0x0000,
    0x0000,0x0000,0x0000,0x01FF,0xFFFF,0xFFE0,0x0000,0x0000,0x0000,0x0000,0x0000,0x0000,0x0000,0x0000,0x0000,0x0000,0x0000,0x0000,0x0000,0x0000,
    0x0000,0x0000,0x0000,0x00FE,0xAAA5,0x5000,0x0000,0x0000,0x0000,0x0000,0x0000,0x0000,0x0000,0x0000,0x0000,0x0000,0x0000,0x0000,0x0000,0x0000,
    0x0000,0x0000,0x0000,0x01FF,0xFFFF,0xFFE0,0x0000,0x0000,0x0000,0x0000,0x0000,0x0000,0x0000,0x0000,0x0000,0x0000,0x0000,0x0000,0x0000,0x0000,
    0x0000,0x0000,0x0000,0x0000,0x000A,0xAA00,0x0000,0x0000,0x0000,0x0000,0x0000,0x0000,0x0000,0x0000,0x0000,0x0000,0x0000,0x0000,0x0000,0x0000,
    0x0000,0x0000,0x0000,0x01FF,0xFFFF,0xFFE0,0x0000,0x0000,0x0000,0x0000,0x0000,0x0000,0x0000,0x0000,0x0000,0x0000,0x0000,0x0000,0x0000,0x0000,
    0x0000,0x0000,0x0000,0x0000,0x0000,0x0000,0x0000,0x0000,0x0000,0x0000,0x0000,0x0000,0x0000,0x0000,0x0000,0x0000,0x0000,0x0000,0x0000,0x0000,
    0x0000,0x0000,0x0000,0x01FF,0xFFFF,0xFFE0,0x0000,0x0000,0x0000,0x0000,0x0000,0x0000,0x0000,0x0000,0x0000,0x0000,0x0000,0x0000,0x0000,0x0000,
    /* row 110 */
    0x0000,0x0000,0x0000,0x003F,0xFFFE,0xEE00,0x0000,0x0000,0x0000,0x0000,0x0000,0x0000,0x0000,0x0000,0x0000,0x0000,0x0000,0x0000,0x0000,0x0000,
    0x0000,0x0000,0x0000,0x003F,0xFFFF,0xFE00,0x0000,0x0000,0x0000,0x0000,0x0000,0x0000,0x0000,0x0000,0x0000,0x0000,0x0000,0x0000,0x0000,0x0000,
    0x0000,0x0000,0x0000,0x003F,0xFFFE,0xE800,0x0000,0x0000,0x0000,0x0000,0x0000,0x0000,0x0000,0x0000,0x0000,0x0000,0x0000,0x0000,0x0000,0x0000,
    0x0000,0x0000,0x0000,0x003F,0xFFFF,0xFE00,0x0000,0x0000,0x0000,0x0000,0x0000,0x0000,0x0000,0x0000,0x0000,0x0000,0x0000,0x0000,0x0000,0x0000,
    0x0000,0x0000,0x0000,0x0007,0xD454,0xC000,0x0000,0x0000,0x0000,0x0000,0x0000,0x0000,0x0000,0x0000,0x0000,0x0000,0x0000,0x0000,0x0000,0x0000,
    0x0000,0x0000,0x0000,0x003F,0xFFFF,0xFE00,0x0000,0x0000,0x0000,0x0000,0x0000,0x0000,0x0000,0x0000,0x0000,0x0000,0x0000,0x0000,0x0000,0x0000,
    0x0000,0x0000,0x0000,0x0000,0x0001,0x1000,0x0000,0x0000,0x0000,0x0000,0x0000,0x0000,0x0000,0x0000,0x0000,0x0000,0x0000,0x0000,0x0000,0x0000,
    0x0000,0x0000,0x0000,0x003F,0xFFFF,0xFE00,0x0000,0x0000,0x0000,0x0000,0x0000,0x0000,0x0000,0x0000,0x0000,0x0000,0x0000,0x0000,0x0000,0x0000,
    0x0000,0x0000,0x0000,0x0000,0x0000,0x0000,0x0000,0x0000,0x0000,0x0000,0x0000,0x0000,0x0000,0x0000,0x0000,0x0000,0x0000,0x0000,0x0000,0x0000,
    0x0000,0x0000,0x0000,0x003F,0xFFFF,0xFE00,0x0000,0x0000,0x0000,0x0000,0x0000,0x0000,0x0000,0x0000,0x0000,0x0000,0x0000,0x0000,0x0000,0x0000,
    /* row 111 */
    0x0000,0x0000,0x0000,0x0001,0xFFFD,0xC000,0x0000,0x0000,0x0000,0x0000,0x0000,0x0000,0x0000,0x0000,0x0000,0x0000,0x0000,0x0000,0x0000,0x0000,
    0x0000,0x0000,0x0000,0x0001,0xFFFF,0xC000,0x0000,0x0000,0x0000,0x0000,0x0000,0x0000,0x0000,0x0000,0x0000,0x0000,0x0000,0x0000,0x0000,0x0000,
    0x0000,0x0000,0x0000,0x0001,0xFFFD,0x8000,0x0000,0x0000,0x0000,0x0000,0x0000,0x0000,0x0000,0x0000,0x0000,0x0000,0x0000,0x0000,0x0000,0x0000,
    0x0000,0x0000,0x0000,0x0001,0xFFFF,0xC000,0x0000,0x0000,0x0000,0x0000,0x0000,0x0000,0x0000,0x0000,0x0000,0x0000,0x0000,0x0000,0x0000,0x0000,
    0x0000,0x0000,0x0000,0x0000,0xAA28,0x0000,0x0000,0x0000,0x0000,0x0000,0x0000,0x0000,0x0000,0x0000,0x0000,0x0000,0x0000,0x0000,0x0000,0x0000,
    0x0000,0x0000,0x0000,0x0001,0xFFFF,0xC000,0x0000,0x0000,0x0000,0x0000,0x0000,0x0000,0x0000,0x0000,0x0000,0x0000,0x0000,0x0000,0x0000,0x0000,
    0x0000,0x0000,0x0000,0x0000,0x0002,0x0000,0x0000,0x0000,0x0000,0x0000,0x0000,0x0000,0x0000,0x0000,0x0000,0x0000,0x0000,0x0000,0x0000,0x0000,
    0x0000,0x0000,0x0000,0x0001,0xFFFF,0xC000,0x0000,0x0000,0x0000,0x0000,0x0000,0x0000,0x0000,0x0000,0x0000,0x0000,0x0000,0x0000,0x0000,0x0000,
    0x0000,0x0000,0x0000,0x0000,0x0000,0x0000,0x0000,0x0000,0x0000,0x0000,0x0000,0x0000,0x0000,0x0000,0x0000,0x0000,0x0000,0x0000,0x0000,0x0000,
    0x0000,0x0000,0x0000,0x0001,0xFFFF,0xC000,0x0000,0x0000,0x0000,0x0000,0x0000,0x0000,0x0000,0x0000,0x0000,0x0000,0x0000,0x0000,0x0000,0x0000,
    /* row 112 */
    0x0000,0x0000,0x0000,0x0000,0x0FF8,0x0000,0x0000,0x0000,0x0000,0x0000,0x0000,0x0000,0x0000,0x0000,0x0000,0x0000,0x0000,0x0000,0x0000,0x0000,
    0x0000,0x0000,0x0000,0x0000,0x0FF8,0x0000,0x0000,0x0000,0x0000,0x0000,0x0000,0x0000,0x0000,0x0000,0x0000,0x0000,0x0000,0x0000,0x0000,0x0000,
    0x0000,0x0000,0x0000,0x0000,0x0750,0x0000,0x0000,0x0000,0x0000,0x0000,0x0000,0x0000,0x0000,0x0000,0x0000,0x0000,0x0000,0x0000,0x0000,0x0000,
    0x0000,0x0000,0x0000,0x0000,0x0FF8,0x0000,0x0000,0x0000,0x0000,0x0000,0x0000,0x0000,0x0000,0x0000,0x0000,0x0000,0x0000,0x0000,0x0000,0x0000,
    0x0000,0x0000,0x0000,0x0000,0x0000,0x0000,0x0000,0x0000,0x0000,0x0000,0x0000,0x0000,0x0000,0x0000,0x0000,0x0000,0x0000,0x0000,0x0000,0x0000,
    0x0000,0x0000,0x0000,0x0000,0x0FF8,0x0000,0x0000,0x0000,0x0000,0x0000,0x0000,0x0000,0x0000,0x0000,0x0000,0x0000,0x0000,0x0000,0x0000,0x0000,
    0x0000,0x0000,0x0000,0x0000,0x0000,0x0000,0x0000,0x0000,0x0000,0x0000,0x0000,0x0000,0x0000,0x0000,0x0000,0x0000,0x0000,0x0000,0x0000,0x0000,
    0x0000,0x0000,0x0000,0x0000,0x0FF8,0x0000,0x0000,0x0000,0x0000,0x0000,0x0000,0x0000,0x0000,0x0000,0x0000,0x0000,0x0000,0x0000,0x0000,0x0000,
    0x0000,0x0000,0x0000,0x0000,0x0000,0x0000,0x0000,0x0000,0x0000,0x0000,0x0000,0x0000,0x0000,0x0000,0x0000,0x0000,0x0000,0x0000,0x0000,0x0000,
    0x0000,0x0000,0x0000,0x0000,0x0FF8,0x0000,0x0000,0x0000,0x0000,0x0000,0x0000,0x0000,0x0000,0x0000,0x0000,0x0000,0x0000,0x0000,0x0000,0x0000,
    /* row 113 */
    0x0000,0x0000,0x0000,0x0000,0x0000,0x0000,0x0000,0x0000,0x0000,0x0000,0x0000,0x0000,0x0000,0x0000,0x0000,0x0000,0x0000,0x0000,0x0000,0x0000,
    0x0000,0x0000,0x0000,0x0000,0x0000,0x0000,0x0000,0x0000,0x0000,0x0000,0x0000,0x0000,0x0000,0x0000,0x0000,0x0000,0x0000,0x0000,0x0000,0x0000,
    0x0000,0x0000,0x0000,0x0000,0x0000,0x0000,0x0000,0x0000,0x0000,0x0000,0x0000,0x0000,0x0000,0x0000,0x0000,0x0000,0x0000,0x0000,0x0000,0x0000,
    0x0000,0x0000,0x0000,0x0000,0x0000,0x0000,0x0000,0x0000,0x0000,0x0000,0x0000,0x0000,0x0000,0x0000,0x0000,0x0000,0x0000,0x0000,0x0000,0x0000,
    0x0000,0x0000,0x0000,0x0000,0x0000,0x0000,0x0000,0x0000,0x0000,0x0000,0x0000,0x0000,0x0000,0x0000,0x0000,0x0000,0x0000,0x0000,0x0000,0x0000,
    0x0000,0x0000,0x0000,0x0000,0x0000,0x0000,0x0000,0x0000,0x0000,0x0000,0x0000,0x0000,0x0000,0x0000,0x0000,0x0000,0x0000,0x0000,0x0000,0x0000,
    0x0000,0x0000,0x0000,0x0000,0x0000,0x0000,0x0000,0x0000,0x0000,0x0000,0x0000,0x0000,0x0000,0x0000,0x0000,0x0000,0x0000,0x0000,0x0000,0x0000,
    0x0000,0x0000,0x0000,0x0000,0x0000,0x0000,0x0000,0x0000,0x0000,0x0000,0x0000,0x0000,0x0000,0x0000,0x0000,0x0000,0x0000,0x0000,0x0000,0x0000,
    0x0000,0x0000,0x0000,0x0000,0x0000,0x0000,0x0000,0x0000,0x0000,0x0000,0x0000,0x0000,0x0000,0x0000,0x0000,0x0000,0x0000,0x0000,0x0000,0x0000,
    0x0000,0x0000,0x0000,0x0000,0x0000,0x0000,0x0000,0x0000,0x0000,0x0000,0x0000,0x0000,0x0000,0x0000,0x0000,0x0000,0x0000,0x0000,0x0000,0x0000,
    /* row 114 */
    0x0000,0x0000,0x0000,0x0000,0x0000,0x0000,0x0000,0x0000,0x0000,0x0000,0x0000,0x0000,0x0000,0x0000,0x0000,0x0000,0x0000,0x0000,0x0000,0x0000,
    0x0000,0x0000,0x0000,0x0000,0x0000,0x0000,0x0000,0x0000,0x0000,0x0000,0x0000,0x0000,0x0000,0x0000,0x0000,0x0000,0x0000,0x0000,0x0000,0x0000,
    0x0000,0x0000,0x0000,0x0000,0x0000,0x0000,0x0000,0x0000,0x0000,0x0000,0x0000,0x0000,0x0000,0x0000,0x0000,0x0000,0x0000,0x0000,0x0000,0x0000,
    0x0000,0x0000,0x0000,0x0000,0x0000,0x0000,0x0000,0x0000,0x0000,0x0000,0x0000,0x0000,0x0000,0x0000,0x0000,0x0000,0x0000,0x0000,0x0000,0x0000,
    0x0000,0x0000,0x0000,0x0000,0x0000,0x0000,0x0000,0x0000,0x0000,0x0000,0x0000,0x0000,0x0000,0x0000,0x0000,0x0000,0x0000,0x0000,0x0000,0x0000,
    0x0000,0x0000,0x0000,0x0000,0x0000,0x0000,0x0000,0x0000,0x0000,0x0000,0x0000,0x0000,0x0000,0x0000,0x0000,0x0000,0x0000,0x0000,0x0000,0x0000,
    0x0000,0x0000,0x0000,0x0000,0x0000,0x0000,0x0000,0x0000,0x0000,0x0000,0x0000,0x0000,0x0000,0x0000,0x0000,0x0000,0x0000,0x0000,0x0000,0x0000,
    0x0000,0x0000,0x0000,0x0000,0x0000,0x0000,0x0000,0x0000,0x0000,0x0000,0x0000,0x0000,0x0000,0x0000,0x0000,0x0000,0x0000,0x0000,0x0000,0x0000,
    0x0000,0x0000,0x0000,0x0000,0x0000,0x0000,0x0000,0x0000,0x0000,0x0000,0x0000,0x0000,0x0000,0x0000,0x0000,0x0000,0x0000,0x0000,0x0000,0x0000,
    0x0000,0x0000,0x0000,0x0000,0x0000,0x0000,0x0000,0x0000,0x0000,0x0000,0x0000,0x0000,0x0000,0x0000,0x0000,0x0000,0x0000,0x0000,0x0000,0x0000,
    /* row 115 */
    0x0000,0x0000,0x0000,0x0000,0x0000,0x0000,0x0000,0x0000,0x0000,0x0000,0x0000,0x0000,0x0000,0x0000,0x0000,0x0000,0x0000,0x0000,0x0000,0x0000,
    0x0000,0x0000,0x0000,0x0000,0x0000,0x0000,0x0000,0x0000,0x0000,0x0000,0x0000,0x0000,0x0000,0x0000,0x0000,0x0000,0x0000,0x0000,0x0000,0x0000,
    0x0000,0x0000,0x0000,0x0000,0x0000,0x0000,0x0000,0x0000,0x0000,0x0000,0x0000,0x0000,0x0000,0x0000,0x0000,0x0000,0x0000,0x0000,0x0000,0x0000,
    0x0000,0x0000,0x0000,0x0000,0x0000,0x0000,0x0000,0x0000,0x0000,0x0000,0x0000,0x0000,0x0000,0x0000,0x0000,0x0000,0x0000,0x0000,0x0000,0x0000,
    0x0000,0x0000,0x0000,0x0000,0x0000,0x0000,0x0000,0x0000,0x0000,0x0000,0x0000,0x0000,0x0000,0x0000,0x0000,0x0000,0x0000,0x0000,0x0000,0x0000,
    0x0000,0x0000,0x0000,0x0000,0x0000,0x0000,0x0000,0x0000,0x0000,0x0000,0x0000,0x0000,0x0000,0x0000,0x0000,0x0000,0x0000,0x0000,0x0000,0x0000,
    0x0000,0x0000,0x0000,0x0000,0x0000,0x0000,0x0000,0x0000,0x0000,0x0000,0x0000,0x0000,0x0000,0x0000,0x0000,0x0000,0x0000,0x0000,0x0000,0x0000,
    0x0000,0x0000,0x0000,0x0000,0x0000,0x0000,0x0000,0x0000,0x0000,0x0000,0x0000,0x0000,0x0000,0x0000,0x0000,0x0000,0x0000,0x0000,0x0000,0x0000,
    0x0000,0x0000,0x0000,0x0000,0x0000,0x0000,0x0000,0x0000,0x0000,0x0000,0x0000,0x0000,0x0000,0x0000,0x0000,0x0000,0x0000,0x0000,0x0000,0x0000,
    0x0000,0x0000,0x0000,0x0000,0x0000,0x0000,0x0000,0x0000,0x0000,0x0000,0x0000,0x0000,0x0000,0x0000,0x0000,0x0000,0x0000,0x0000,0x0000,0x0000,
    /* row 116 */
    0x0000,0x0000,0x0000,0x0000,0x0000,0x0000,0x0000,0x0000,0x0000,0x0000,0x0000,0x0000,0x0000,0x0000,0x0000,0x0000,0x0000,0x0000,0x0000,0x0000,
    0x0000,0x0000,0x0000,0x0000,0x0000,0x0000,0x0000,0x0000,0x0000,0x0000,0x0000,0x0000,0x0000,0x0000,0x0000,0x0000,0x0000,0x0000,0x0000,0x0000,
    0x0000,0x0000,0x0000,0x0000,0x0000,0x0000,0x0000,0x0000,0x0000,0x0000,0x0000,0x0000,0x0000,0x0000,0x0000,0x0000,0x0000,0x0000,0x0000,0x0000,
    0x0000,0x0000,0x0000,0x0000,0x0000,0x0000,0x0000,0x0000,0x0000,0x0000,0x0000,0x0000,0x0000,0x0000,0x0000,0x0000,0x0000,0x0000,0x0000,0x0000,
    0x0000,0x0000,0x0000,0x0000,0x0000,0x0000,0x0000,0x0000,0x0000,0x0000,0x0000,0x0000,0x0000,0x0000,0x0000,0x0000,0x0000,0x0000,0x0000,0x0000,
    0x0000,0x0000,0x0000,0x0000,0x0000,0x0000,0x0000,0x0000,0x0000,0x0000,0x0000,0x0000,0x0000,0x0000,0x0000,0x0000,0x0000,0x0000,0x0000,0x0000,
    0x0000,0x0000,0x0000,0x0000,0x0000,0x0000,0x0000,0x0000,0x0000,0x0000,0x0000,0x0000,0x0000,0x0000,0x0000,0x0000,0x0000,0x0000,0x0000,0x0000,
    0x0000,0x0000,0x0000,0x0000,0x0000,0x0000,0x0000,0x0000,0x0000,0x0000,0x0000,0x0000,0x0000,0x0000,0x0000,0x0000,0x0000,0x0000,0x0000,0x0000,
    0x0000,0x0000,0x0000,0x0000,0x0000,0x0000,0x0000,0x0000,0x0000,0x0000,0x0000,0x0000,0x0000,0x0000,0x0000,0x0000,0x0000,0x0000,0x0000,0x0000,
    0x0000,0x0000,0x0000,0x0000,0x0000,0x0000,0x0000,0x0000,0x0000,0x0000,0x0000,0x0000,0x0000,0x0000,0x0000,0x0000,0x0000,0x0000,0x0000,0x0000,
    /* row 117 */
    0x0000,0x0000,0x0000,0x0000,0x0000,0x0000,0x0000,0x0000,0x0000,0x0000,0x0000,0x0000,0x0000,0x0000,0x0000,0x0000,0x0000,0x0000,0x0000,0x0000,
    0x0000,0x0000,0x0000,0x0000,0x0000,0x0000,0x0000,0x0000,0x0000,0x0000,0x0000,0x0000,0x0000,0x0000,0x0000,0x0000,0x0000,0x0000,0x0000,0x0000,
    0x0000,0x0000,0x0000,0x0000,0x0000,0x0000,0x0000,0x0000,0x0000,0x0000,0x0000,0x0000,0x0000,0x0000,0x0000,0x0000,0x0000,0x0000,0x0000,0x0000,
    0x0000,0x0000,0x0000,0x0000,0x0000,0x0000,0x0000,0x0000,0x0000,0x0000,0x0000,0x0000,0x0000,0x0000,0x0000,0x0000,0x0000,0x0000,0x0000,0x0000,
    0x0000,0x0000,0x0000,0x0000,0x0000,0x0000,0x0000,0x0000,0x0000,0x0000,0x0000,0x0000,0x0000,0x0000,0x0000,0x0000,0x0000,0x0000,0x0000,0x0000,
    0x0000,0x0000,0x0000,0x0000,0x0000,0x0000,0x0000,0x0000,0x0000,0x0000,0x0000,0x0000,0x0000,0x0000,0x0000,0x0000,0x0000,0x0000,0x0000,0x0000,
    0x0000,0x0000,0x0000,0x0000,0x0000,0x0000,0x0000,0x0000,0x0000,0x0000,0x0000,0x0000,0x0000,0x0000,0x0000,0x0000,0x0000,0x0000,0x0000,0x0000,
    0x0000,0x0000,0x0000,0x0000,0x0000,0x0000,0x0000,0x0000,0x0000,0x0000,0x0000,0x0000,0x0000,0x0000,0x0000,0x0000,0x0000,0x0000,0x0000,0x0000,
    0x0000,0x0000,0x0000,0x0000,0x0000,0x0000,0x0000,0x0000,0x0000,0x0000,0x0000,0x0000,0x0000,0x0000,0x0000,0x0000,0x0000,0x0000,0x0000,0x0000,
    0x0000,0x0000,0x0000,0x0000,0x0000,0x0000,0x0000,0x0000,0x0000,0x0000,0x0000,0x0000,0x0000,0x0000,0x0000,0x0000,0x0000,0x0000,0x0000,0x0000,
    /* row 118 */
    0x0000,0x0000,0x0000,0x0000,0x0000,0x0000,0x0000,0x0000,0x0000,0x0000,0x0000,0x0000,0x0000,0x0000,0x0000,0x0000,0x0000,0x0000,0x0000,0x0000,
    0x0000,0x0000,0x0000,0x0000,0x0000,0x0000,0x0000,0x0000,0x0000,0x0000,0x0000,0x0000,0x0000,0x0000,0x0000,0x0000,0x0000,0x0000,0x0000,0x0000,
    0x0000,0x0000,0x0000,0x0000,0x0000,0x0000,0x0000,0x0000,0x0000,0x0000,0x0000,0x0000,0x0000,0x0000,0x0000,0x0000,0x0000,0x0000,0x0000,0x0000,
    0x0000,0x0000,0x0000,0x0000,0x0000,0x0000,0x0000,0x0000,0x0000,0x0000,0x0000,0x0000,0x0000,0x0000,0x0000,0x0000,0x0000,0x0000,0x0000,0x0000,
    0x0000,0x0000,0x0000,0x0000,0x0000,0x0000,0x0000,0x0000,0x0000,0x0000,0x0000,0x0000,0x0000,0x0000,0x0000,0x0000,0x0000,0x0000,0x0000,0x0000,
    0x0000,0x0000,0x0000,0x0000,0x0000,0x0000,0x0000,0x0000,0x0000,0x0000,0x0000,0x0000,0x0000,0x0000,0x0000,0x0000,0x0000,0x0000,0x0000,0x0000,
    0x0000,0x0000,0x0000,0x0000,0x0000,0x0000,0x0000,0x0000,0x0000,0x0000,0x0000,0x0000,0x0000,0x0000,0x0000,0x0000,0x0000,0x0000,0x0000,0x0000,
    0x0000,0x0000,0x0000,0x0000,0x0000,0x0000,0x0000,0x0000,0x0000,0x0000,0x0000,0x0000,0x0000,0x0000,0x0000,0x0000,0x0000,0x0000,0x0000,0x0000,
    0x0000,0x0000,0x0000,0x0000,0x0000,0x0000,0x0000,0x0000,0x0000,0x0000,0x0000,0x0000,0x0000,0x0000,0x0000,0x0000,0x0000,0x0000,0x0000,0x0000,
    0x0000,0x0000,0x0000,0x0000,0x0000,0x0000,0x0000,0x0000,0x0000,0x0000,0x0000,0x0000,0x0000,0x0000,0x0000,0x0000,0x0000,0x0000,0x0000,0x0000
};

#define LOGO_COLORS  32

const UWORD logo_palette[] = {
    0x0000,  /* #000000 */
    0x0111,  /* #111111 */
    0x0014,  /* #001144 */
    0x0400,  /* #440000 */
    0x0130,  /* #113300 */
    0x0034,  /* #003344 */
    0x0227,  /* #222277 */
    0x0710,  /* #771100 */
    0x0541,  /* #554411 */
    0x005A,  /* #0055AA */
    0x0362,  /* #336622 */
    0x072B,  /* #7722BB */
    0x0B10,  /* #BB1100 */
    0x0965,  /* #996655 */
    0x008A,  /* #0088AA */
    0x0E21,  /* #EE2211 */
    0x096C,  /* #9966CC */
    0x0B5E,  /* #BB55EE */
    0x0A90,  /* #AA9900 */
    0x04B2,  /* #44BB22 */
    0x0F63,  /* #FF6633 */
    0x02AE,  /* #22AAEE */
    0x0D8E,  /* #DD88EE */
    0x0FA4,  /* #FFAA44 */
    0x03DF,  /* #33DDFF */
    0x0EBC,  /* #EEBBCC */
    0x07E3,  /* #77EE33 */
    0x0EC2,  /* #EECC22 */
    0x0AE8,  /* #AAEE88 */
    0x0FE4,  /* #FFEE44 */
    0x0AFF,  /* #AAFFFF */
    0x0FEC  /* #FFEECC */
};

#endif /* LOGO_H */
