// Generated by png2amiga 1.0.1.249 — AmigaOS viewer
// https://www.png2amiga.app
//
// Compile: m68k-amiga-elf-gcc -m68000 -Ofast -nostdlib -o out.elf this.cpp support/gcc8_a_support.s support/gcc8_c_support.c
//          elf2hunk out.elf out.exe
//
// Image: 320x213, 5 bitplanes, CAMG 0x0000, 32 colors
// Click left mouse button to exit.

#include "support/gcc8_c_support.h"
#include <proto/exec.h>
#include <proto/dos.h>
#include <proto/graphics.h>
#include <exec/execbase.h>
#include <graphics/gfxbase.h>
#include <graphics/view.h>
#include <hardware/custom.h>
#include <hardware/dmabits.h>

// --- AmigaOS system pointers ---
struct ExecBase *SysBase;
volatile struct Custom *custom;  // $DFF000 custom chip registers
struct GfxBase *GfxBase;

// --- Saved system state (restored on exit) ---
static UWORD SystemInts, SystemDMA, SystemADKCON;
static volatile APTR VBR = 0;  // Vector Base Register (68010+)
static APTR SystemIrq;
struct View *ActiView;

// Read VBR via Supervisor mode (movec VBR,d0)
static __attribute__((interrupt)) void SupervisorGetVBR() {
    __asm__ volatile(".short 0x4e7a, 0x0801");
}

static APTR GetVBR() {
    APTR vbr = 0;
    if (SysBase->AttnFlags & AFF_68010)
        vbr = (APTR)Supervisor((ULONG (*)())SupervisorGetVBR);
    return vbr;
}

// Wait for vertical blank (PAL line 311)
void WaitVbl() {
    while ((*(volatile ULONG*)0xDFF004 & 0x1ff00) != (311<<8)) {}
    while ((*(volatile ULONG*)0xDFF004 & 0x1ff00) == (311<<8)) {}
}

// Read left mouse button from CIA-A port A
__attribute__((always_inline)) inline short MouseLeft() {
    return !((*(volatile UBYTE*)0xbfe001) & 64);
}

// Take over the system: disable OS, DMA, interrupts, save state
void TakeSystem() {
    Forbid();                    // prevent task switching
    SystemADKCON = custom->adkconr; // save audio/disk control
    SystemInts = custom->intenar;    // save interrupt enable bits
    SystemDMA = custom->dmaconr;     // save DMA enable bits
    ActiView = GfxBase->ActiView;    // save current Intuition view
    LoadView(0); WaitTOF(); WaitTOF(); // flush Intuition display
    WaitVbl(); WaitVbl();
    OwnBlitter();                    // exclusive blitter access
    while (*(volatile UWORD*)&custom->dmaconr & (1<<14)) {} // wait blitter done
    Disable();                       // mask all CPU interrupts
    custom->intena = 0x7fff;         // disable all interrupt sources
    custom->intreq = 0x7fff;         // clear pending interrupts
    custom->dmacon = 0x7fff;         // disable all DMA channels
    for (int a = 0; a < 32; a++) custom->color[a] = 0; // black palette
    WaitVbl(); WaitVbl();
    VBR = GetVBR();                  // read vector base (68010+)
    SystemIrq = *(volatile APTR*)(((UBYTE*)VBR) + 0x6c); // save level 3 IRQ
}

// Restore the system: re-enable OS, DMA, interrupts
void FreeSystem() {
    WaitVbl();
    while (*(volatile UWORD*)&custom->dmaconr & (1<<14)) {}
    custom->intena = 0x7fff;
    custom->intreq = 0x7fff;
    custom->dmacon = 0x7fff;
    *(volatile APTR*)(((UBYTE*)VBR) + 0x6c) = SystemIrq;
    custom->cop1lc = (ULONG)GfxBase->copinit;
    custom->cop2lc = (ULONG)GfxBase->LOFlist;
    custom->copjmp1 = 0x7fff;
    custom->intena = SystemInts | 0x8000;
    custom->dmacon = SystemDMA | 0x8000;
    custom->adkcon = SystemADKCON | 0x8000;
    while (*(volatile UWORD*)&custom->dmaconr & (1<<14)) {}
    DisownBlitter();
    Enable();
    LoadView(ActiView); WaitTOF(); WaitTOF();
    Permit();
}

// 320x213, 5 bitplanes, CAMG 0x0000
static const UWORD viewer_planes[] __attribute__((aligned(2))) __attribute__((section(".MEMF_CHIP"))) = {
    0x084F,0xFDFF,0xFF02,0x013F,0xFFFF,0x57DD,0x0055,0x5457,0xFFF4,0xFFFF,0xFAAB,0x4000,0x0000,0x0005,0x2800,0x0000,0x0057,0xFD5F,0xFFFF,0xFFFF,
    0xFFFF,0xFFFF,0xFFFF,0xFFFF,0xFFFB,0xFFF6,0xFFFF,0xFFFF,0xFFFF,0xAFFF,0xFFFF,0xFFFF,0xFFFF,0xFFFA,0xD7FF,0xFFFF,0xFFA8,0x02A0,0x0000,0x0FFF,
    0x084F,0xFDFF,0xFF02,0x013F,0xFFFF,0x57DF,0xF7FF,0xD557,0xFFF4,0xFFFF,0xFAAB,0x4000,0x0000,0x0005,0x2800,0x0000,0x0057,0xFD5F,0xFFFF,0xF000,
    0xF80F,0xFFFF,0xFF00,0x013F,0xFFFB,0x57D4,0x0000,0x0000,0x0000,0xAFFF,0xFFFF,0xFFFF,0xFFFF,0xFFFA,0xD7FF,0xFFFF,0xFFA8,0x02A0,0x0000,0x0000,
    0x07F0,0x0000,0x00FF,0xFEC0,0x0004,0xA82B,0xFFFF,0xFFFF,0xFFFF,0x5000,0x0000,0x0000,0x0000,0x0000,0x0000,0x0000,0x0000,0x0000,0x0000,0x0000,
    0x0D71,0x7FF5,0x03D2,0xF087,0xFFFE,0xAA00,0x0005,0x0374,0x1756,0xDA1F,0xD40F,0xFA71,0x5500,0x0010,0x8001,0x612A,0x015F,0xF57F,0xFFFF,0xFFFF,
    0xFFFF,0xFFFF,0xFFFA,0xFFFF,0xFFFF,0xFFFF,0xFFFF,0xFFFF,0xFFFD,0x75FF,0xFFFF,0xFFFF,0xF55F,0xFFEF,0x7FFF,0xFEFF,0xFEA0,0x0A80,0x4000,0x3FFF,
    0x0D71,0x7FF5,0x03D3,0xF087,0xFFFE,0xAA01,0xFFFA,0xFF74,0x155E,0xDA1F,0xD40F,0xFA71,0x5720,0x0010,0x8001,0x612A,0x015F,0xF57F,0xBFFF,0xC000,
    0xFD01,0x7FF5,0x03C0,0x0087,0xFFFE,0xAA00,0x0005,0x008B,0xEAA0,0x501F,0xFFFF,0xFFFF,0xFFFF,0xFFEF,0x7FFF,0xFEFF,0xFEA0,0x0A80,0x0000,0x0000,
    0x02FE,0x800A,0xFC3F,0xFF78,0x0001,0x55FF,0xFFFF,0xFFFF,0xFFFF,0xAFE0,0x0000,0x0000,0x0000,0x0000,0x0000,0x0000,0x0000,0x0000,0x0000,0x0000,
    0x079D,0x16F8,0x000F,0xF422,0xF024,0x8000,0x0007,0xD800,0x0694,0x003F,0xF57F,0xFEFE,0xAA00,0x0000,0x0490,0xF01C,0x82F5,0x5557,0xFFFF,0xFFFF,
    0xFFFF,0xFFFF,0xFFFF,0xFFFF,0xFFFF,0x7FFF,0xFFFF,0xFFFF,0xFFFF,0xFFFF,0xFFFF,0x7FFF,0xFFFF,0xFFFF,0xFFFF,0xFFFF,0xFD0A,0xAAA8,0x1400,0x5FFF,
    0x079D,0x16F8,0x000F,0xF422,0xF024,0x8001,0x42F8,0x0000,0x07D7,0x523F,0xF57F,0xFEFE,0xAA00,0x0000,0x0490,0xF01C,0x82F5,0x5557,0xEBFF,0xA000,
    0xFFA0,0x16F8,0x0000,0x0002,0xF024,0x0000,0x0007,0xFFFF,0xF828,0x003F,0xFFFF,0x7FFF,0xFFFF,0xFFFF,0xFFFF,0xFFFF,0xFD0A,0xAAA8,0x0000,0x0000,
    0x007F,0xE907,0xFFFF,0xFFFD,0x0FDB,0xFFFF,0xFFFF,0xFFFF,0xFFFF,0xFFC0,0x0000,0x8000,0x0000,0x0000,0x0000,0x0000,0x0000,0x0000,0x0000,0x0000,
    0x819B,0x013F,0x601F,0xFDF8,0x8A09,0x0000,0x5003,0xFE80,0x3900,0x2200,0x7D7F,0xFDC7,0xFD02,0x8000,0xFDC1,0x7066,0x0AA9,0x52BF,0xFFFF,0xFFFF,
    0xFFFB,0xFFE0,0xFFFF,0xFFFF,0xFFF6,0xFFFF,0xFFFF,0xFD7F,0xFFFF,0xFFFF,0xFFEF,0xDBFF,0xFDFF,0xFFFF,0xFFFF,0xFFFF,0xF556,0xAD40,0x4000,0xFFFF,
    0x819F,0x013F,0x601F,0xFDF8,0x8A09,0xF800,0xD47C,0x0280,0x3F83,0xFF80,0x7D7F,0xFDC7,0xFD02,0x8000,0xFDC1,0x7066,0x0AA9,0x52BF,0xBFFF,0x0000,
    0xFF80,0x0120,0x0000,0x0000,0x8A00,0x0000,0x0003,0xFFFF,0xC07C,0x0000,0x7FEF,0xDBC7,0xFFFF,0xFFFF,0xFDFF,0xFFE7,0xF556,0xAD40,0x0000,0x0000,
    0x007F,0xFEDF,0xFFFF,0xFFFF,0x75FF,0xFFFF,0xFFFF,0xFFFF,0xFFFF,0xFFFF,0x8010,0x2438,0x0000,0x0000,0x0200,0x0018,0x0000,0x0000,0x0000,0x0000,
    0x0A83,0x141E,0x215F,0xFC1E,0x0040,0x400A,0xFE25,0x7F03,0xA103,0x4F67,0x3FFF,0xFFE0,0x2EA8,0x2001,0xF382,0x25EE,0x8280,0x257F,0xFFF7,0xDFFF,
    0xBFFF,0xFFF1,0xFFFF,0xFEBF,0xFFBF,0xFFFF,0xFFFF,0xFFAF,0xFFFF,0xFFFF,0xFFC0,0xB51F,0xFFFF,0xFFFF,0xDFFF,0xFFB3,0xFD7F,0xDA80,0xA008,0xFFFF,
    0x0A83,0x141E,0xE15F,0xFD5E,0x00F5,0xB40A,0xFFD0,0x0053,0xA907,0xEF67,0x3FFF,0xFFE8,0x2EA8,0x2001,0xF382,0x25EE,0x8280,0x257F,0x5FF7,0x2000,
    0xFFC0,0x0010,0x0000,0x02A0,0x0000,0x4000,0x002F,0xFFFC,0x56F8,0x1000,0x3FC0,0xB500,0x2FFF,0xFFFF,0xD3FF,0xFFA3,0xFD7F,0xDA80,0x0008,0x0000,
    0x003F,0xFFEF,0xFFFF,0xFFFF,0xFFFF,0xFFFF,0xFFFF,0xFFFF,0xFFFF,0xFFFF,0xC03F,0x4AFF,0xD000,0x0000,0x2C00,0x005C,0x0000,0x0000,0x0000,0x0000,
    0xA57E,0x808D,0x00E8,0xFECF,0xC280,0x00BF,0xED21,0xFFC0,0xA804,0x14BA,0x5D7F,0xFFCF,0x9EF7,0xC001,0xCC40,0x073D,0x2BFE,0x37FF,0xFFD3,0xFFFF,
    0xEFFF,0xFFF2,0xFFFF,0xFFEF,0xFD7F,0xFFFF,0xFFF8,0x17C5,0xFEBF,0xFFFF,0xA280,0x203F,0xFFFF,0xFFFF,0x37BF,0xFEDB,0xFFFF,0x6800,0x002D,0xFFFF,
    0xA57E,0x808D,0xFFE8,0xFEDF,0xC2FD,0xFFBF,0xEF87,0xE83A,0x0144,0x17FA,0x5D7F,0xFFEF,0x9EF7,0xC001,0xDC40,0x073D,0x2BFE,0x37FF,0xFFD2,0x0000,
    0xFFFE,0x0080,0x0017,0x0120,0x0000,0x0000,0x107F,0xFFFF,0xFFFB,0xE804,0x0000,0x2000,0x1FFF,0xFFFF,0x07BF,0xFE1B,0xFFFF,0xE800,0x002C,0x0000,
    0x0001,0xFF7F,0xFFFF,0xFFFF,0xFFFF,0xFFFF,0xFFFF,0xFFFF,0xFFFF,0xFFFF,0xFFFF,0xDFFF,0xE000,0x0000,0xF800,0x01E4,0x0000,0x0000,0x0000,0x0000,
    0x7ABF,0x1EA4,0x00D0,0x3E77,0x4140,0x1C21,0x570A,0xAFFF,0xF800,0x0054,0xA157,0xFC27,0x2DDC,0x0081,0x7000,0x0F3F,0xFFFF,0x8FFF,0xF027,0xFFFF,
    0xFAFF,0xFFFB,0xFFFE,0xFFFF,0xFEBF,0xFFFF,0xFFFB,0x51DF,0xF821,0x6FFF,0x5EA8,0x03FF,0xF76F,0xFF7F,0x8FFF,0xFEC3,0xFFFF,0xD000,0x0FDB,0xFFFF,
    0x7ABF,0x1EA4,0x7F51,0x3E77,0x4172,0x4221,0x57A5,0xFE20,0x07DE,0x93F6,0xA157,0xFEF7,0x2DDC,0x0081,0x7000,0x0F7F,0xFFFF,0x8FFF,0xF024,0x0000,
    0x7FFF,0x0000,0x00AF,0xC008,0x0000,0x3DDE,0xA85F,0xFFFF,0xFFFF,0xFC00,0x0000,0x0008,0x254F,0xFF7F,0x8FFF,0xFE03,0xFFFF,0xF000,0x0FD8,0x0000,
    0x8000,0xFFFF,0xFFFF,0xFFFF,0xFFFF,0xFFFF,0xFFFF,0xFFFF,0xFFFF,0xFFFF,0xFFFF,0xFFFF,0xDAB0,0x0000,0x7000,0x01FC,0x0000,0x0000,0x0000,0x0000,
    0x3FFF,0xCFE8,0x0110,0x16BF,0xB010,0x5F80,0x00C5,0x1FFF,0xFE00,0x0400,0x1423,0xF003,0x12F9,0x5001,0xF010,0x7D2F,0xFFBB,0xDFFF,0xA05F,0x7FFF,
    0xFFF8,0xBFFF,0xFFFE,0x7FFF,0xFFEF,0xFF8B,0xFEA8,0xE1EF,0x4E20,0x5FFF,0xFFDC,0x0FFF,0xED17,0xFFFE,0x1FEF,0xCBD0,0xF557,0xA000,0x5FA3,0xFFEF,
    0x3FFF,0xCFE8,0x1EF1,0x96BF,0xB01A,0xE074,0x0057,0xFE10,0x01FF,0xAC45,0x1C23,0xFF83,0x12F9,0x5001,0xF010,0x7D7F,0xFFBB,0xDFFF,0xA05C,0x8010,
    0x3FF8,0x8000,0x010F,0xE800,0x0000,0x1FFF,0xFFBF,0xFFFF,0xFFFF,0xF000,0x0000,0x007C,0x0017,0xFFFE,0x1FEF,0xC800,0xF513,0xA000,0x5FA0,0x0000,
    0xC007,0x7FFF,0xFFFF,0xFFFF,0xFFFF,0xFFFF,0xFFFF,0xFFFF,0xFFFF,0xFFFF,0xFFFF,0xFFFF,0xFFE8,0x0001,0xE000,0x37FF,0x0AEC,0x0000,0x0000,0x0000,
    0xFFFF,0xE3D4,0x84A0,0x03FB,0xE002,0xAD00,0x01DB,0x8DFE,0x7F50,0x0C3D,0x0003,0xF802,0x8074,0x8002,0xF001,0x028D,0x43EF,0xBFFE,0x00FF,0xFFFF,
    0x0FE0,0x1FD5,0xFFFF,0x8FFB,0xFFFF,0xE500,0x00EC,0x78EF,0x830A,0x7FFF,0xFFFC,0x07EF,0xFF9F,0xFFFD,0x3FFF,0xFFF2,0xBC5F,0x0001,0xFF0F,0xFFDF,
    0xFFFF,0xE3FC,0x9BF4,0x73FF,0xE03D,0x1AFF,0xFF53,0xF701,0x80FF,0x8C3F,0xD003,0xEE92,0x82F4,0x8003,0xF001,0x7FED,0x43EF,0xBFFE,0x00F0,0x0020,
    0x0FE0,0x0000,0x0403,0xFC00,0x0002,0xFFFF,0xFF5B,0xFFFE,0x7FFF,0xF000,0x0000,0x117C,0x001F,0xFFFC,0x3FFF,0x0000,0x004F,0x4001,0xFF00,0x0000,
    0xF01F,0xFFFF,0xFFFF,0xFFFF,0xFFFF,0xFFFF,0xFFBF,0xFFFF,0xFFFF,0xFFFF,0xFFFF,0xFFFF,0xFFE0,0x0003,0xC000,0xFFFF,0xFFB0,0x0000,0x0000,0x0000,
    0xF5FF,0xD0DF,0x38C8,0x807C,0x5FC1,0xF400,0x00FD,0xFBFF,0xFFF8,0x03F0,0x0842,0x3843,0x107F,0x082F,0xFF3C,0xA480,0x06A0,0x7F58,0x61FF,0xFFFF,
    0x0A00,0x2FFF,0x7DFF,0xEFFE,0xDFFF,0xC050,0x0066,0x3F10,0x00E2,0x7FFF,0xFFBD,0xC7DF,0xEFFF,0xF7FD,0xBFDF,0xDFFF,0xF86A,0x80A7,0x9E1F,0xFFFF,
    0xF5FF,0xD0DF,0xB6ED,0x907D,0x7FC6,0x3FEF,0xFEFF,0xC080,0x001F,0x83F4,0x1EEA,0xFFA3,0x3FFF,0x082F,0xFF3C,0x25D0,0x07B0,0x7F58,0x61E0,0x0000,
    0x0000,0x0020,0x4B00,0x7F82,0x8001,0xFFFF,0xFF65,0xFFFF,0xFFFF,0xFC0B,0xE000,0x007C,0x007F,0xF7FD,0xBFDC,0xF800,0x013F,0x80A7,0x9E00,0x0000,
    0xFFFF,0xFFFF,0xFFFF,0xFFFF,0xFFFF,0xFFFF,0xFF9B,0xFFFF,0xFFFF,0xFFFF,0xFFFF,0xFFFF,0xFF80,0x0002,0x4003,0xFFFF,0xFEC0,0x0000,0x0000,0x0000,
    0x4851,0xE03E,0x1021,0x5000,0xBFFD,0x7800,0x017F,0x45FF,0xFFF0,0x0000,0x2805,0x068A,0x707F,0x00BF,0xFF52,0x0501,0x1D45,0xBEB0,0xBFEF,0xFFFF,
    0xB7AE,0x1FFF,0xFE7F,0xFFFD,0xFFFF,0x0302,0xA77E,0x8F40,0x0047,0xA76F,0xFFFA,0xFEFF,0x8FBF,0xFFFF,0xFFFE,0x1FFE,0xE110,0x014F,0x402F,0xFFFF,
    0x4851,0xE03E,0x11AB,0x5002,0xBFFC,0xFFFF,0xFF7F,0x70BF,0x003F,0xF890,0x2BFF,0xB91F,0x7BFF,0x00BF,0xFF55,0xEFC1,0x1DE5,0xBEB0,0xBFC0,0x0000,
    0x0000,0x0001,0xEFD4,0x2FFD,0x4003,0xFFFF,0xFAFE,0xFFFF,0xFFFF,0xFFFF,0xD400,0x07E0,0x003F,0xFFFF,0xFFF3,0xF000,0x03BA,0x414F,0x4010,0x0000,
    0xFFFF,0xFFFF,0xFFFF,0xFFFF,0xFFFF,0xFFFF,0xFF81,0xFFFF,0xFFFF,0xFFFF,0xFFFF,0xFFFF,0xFFC0,0x0000,0x000F,0xFFFF,0xFC40,0x0000,0x0000,0x0000,
    0xA358,0x588C,0x0010,0xF83A,0x0000,0xF000,0x005F,0x8003,0xFFE8,0x0000,0x5400,0x0540,0xE07F,0x57FF,0xFFC0,0x0E0F,0xFAA1,0x6C02,0xFFD7,0xFFFE,
    0x7FFB,0xA7FF,0xFE3F,0xFDBE,0xAF78,0x0F82,0x1DFF,0x10FC,0x0017,0xE115,0xFFFF,0x85FF,0xBFBF,0xFFFF,0xFFFC,0x3FF0,0x0020,0x03FD,0x00BF,0xFFFE,
    0xAB5C,0x59FC,0x03D7,0xFA7B,0x5087,0xFFFD,0xF5DF,0xFFFF,0xC03F,0xFFEA,0x5799,0xFA28,0xFEFF,0x57FF,0xFFCB,0xCE0F,0xFEA1,0x6C02,0xFF68,0x0000,
    0x0000,0x0003,0xFFA8,0x0584,0xAFFF,0xFFFF,0xF7FF,0x7FFF,0xFFFF,0xFFFF,0xA800,0x7FC0,0xA03F,0xFFFF,0xFFC7,0xF000,0x057E,0x93FD,0x0000,0x0001,
    0xFFFF,0xFFFF,0xFFFF,0xFFFF,0xFFFF,0xFFFF,0xFF80,0xFFFF,0xFFFF,0xFFFF,0xFFFF,0xFFFF,0x5FC0,0x0000,0x003F,0xFFFF,0xFA80,0x0000,0x0000,0x0000,
    0xA881,0x2152,0xF001,0x600C,0x8100,0xFC00,0x204D,0x8001,0xFFFF,0x0000,0x0811,0x008B,0xC0BF,0xFFFF,0xEBB0,0x0639,0x5405,0x5541,0x4785,0xFFFC,
    0x5A89,0xDFDF,0xF93F,0xE3CD,0xFA00,0x0225,0xB75F,0xFFFA,0x7060,0xFCA3,0xFFEF,0x2FF6,0x3FEB,0xFFFF,0xFF50,0x1FC0,0x0000,0x0956,0xB8FF,0xFFFF,
    0xADF7,0x218F,0x16C1,0x7C3E,0x85FF,0xFFFA,0x774D,0xFFFF,0x801F,0xFFFC,0x5A13,0xF21B,0xFFBF,0xFFFF,0xEBAF,0xE639,0x7405,0x5541,0x477A,0x0003,
    0x020C,0x0070,0xEFFE,0x83C1,0x7FFF,0xFFFF,0xEFFF,0xBFFF,0xFFFF,0xFFFF,0xA000,0xFDE2,0x00AB,0xFFFF,0xFF17,0xF806,0xABFA,0xABFE,0xB800,0x0000,
    0xFFFF,0xFFFF,0xFFFF,0xFFFF,0xFFFF,0xFFFF,0xFF80,0x7FFF,0xFFFF,0xFFFF,0xFFFF,0xFFFD,0xFF54,0x0000,0x00FF,0xFFF9,0x5400,0x0000,0x0000,0x0000,
    0x4660,0x4FFF,0x9402,0xA002,0x2AA9,0xFD80,0xE1A7,0xC820,0x7FFF,0xD000,0x1002,0x0815,0x4157,0xFEBF,0xD6ED,0x0314,0x4041,0x47A1,0x0294,0x3FFD,
    0xBFE2,0x5FFF,0xFD02,0xA287,0xEA02,0x02C3,0xEE3F,0xFFFE,0x21F0,0x2E83,0xFFFF,0x5FEF,0xBFE9,0xFB4F,0xFFCF,0x0FE0,0x0000,0x163E,0xFDFF,0xFFFE,
    0x467D,0xCFFF,0xEEFF,0xFD7A,0x15FF,0xFF03,0xEFA7,0xDFFF,0xD40F,0xFF7C,0x7002,0xEDF5,0x67D7,0xFFFF,0xD6E8,0xF314,0x4041,0x47A1,0x036B,0xC003,
    0x0002,0x0000,0x1160,0x0285,0xFFFF,0xFF3F,0xF67F,0xDFFF,0xFFFF,0xFFFF,0x8001,0xF005,0x1941,0xFA0F,0xFFD7,0xFC0B,0xBFBE,0xBE7E,0xFC00,0x0000,
    0xFFFF,0xFFFF,0xFFFF,0xFFFF,0xFFFF,0xFFFF,0xFF80,0x3FFF,0xFFFF,0xFFFF,0xFFFF,0xFFFA,0xFEBE,0x05F0,0x003F,0xFFF4,0x4000,0x0180,0x0000,0x0000,
    0x8030,0x37FF,0xD301,0xBC00,0x0100,0x0077,0xEC8F,0xEA00,0xBFFE,0x7948,0x051C,0x083F,0x42EF,0xF27F,0xEEC8,0x0040,0x1000,0x0FF0,0x070C,0xF7FC,
    0x3EB0,0x37FF,0xFF01,0xBD43,0xE07F,0xFF89,0xFC16,0xFFFF,0x0071,0x81EF,0xFFFF,0x9FC4,0xBD93,0xFFDF,0xFFA7,0xD780,0x0000,0x4C3F,0xF9FF,0xFFFF,
    0x803F,0xF7FF,0xFFFF,0xFEBC,0x1FFF,0xFF77,0xE58E,0xEFFF,0xFF8F,0xFE10,0xB51C,0x683F,0xDAFF,0xFC7F,0xEECF,0xA860,0x1000,0x0FF0,0x06F7,0x0883,
    0x0000,0x0000,0x0000,0x0143,0xFFFF,0xFE03,0xEF77,0xEFFF,0xFFFF,0xFFFF,0x4003,0xF004,0x2083,0xF35F,0xFE90,0x7C3F,0xEFFF,0xFC3F,0xF800,0x0000,
    0xFFFF,0xFFFF,0xFFFF,0xFFFF,0xFFFF,0xFFFF,0xFE81,0x1FFF,0xFFFF,0xFFFF,0xFFFF,0xFFFB,0xFF7C,0x0FA0,0x017F,0xFFC0,0x0000,0x03C0,0x0000,0x0000,
    0x04BA,0x0F15,0x7F00,0x5000,0x0000,0x0433,0xC35F,0xD83C,0x7FFF,0xDAE2,0x1D40,0x1BFF,0xF1F4,0x303E,0x84E7,0x0C22,0x0AFD,0xE8C0,0x08A1,0xEFFC,
    0x7FFA,0x0FFD,0x7F00,0x5EAE,0x805D,0x7DCD,0xF607,0xF7C3,0x8045,0xE3FF,0xFD58,0x7C7A,0x8F7D,0xEFCF,0xFB26,0xFF80,0x0000,0x39FF,0xF7FF,0xFFFE,
    0x04BF,0xFF97,0xFFFF,0xF151,0x7FFF,0xFCB8,0xF7DF,0xDFFF,0xFFBF,0xFC50,0x1FE7,0x9BFF,0xFBF4,0x38BE,0xA4EF,0xCC62,0x0AFD,0xE9C0,0x0F5E,0x1182,
    0x8000,0x0068,0x0000,0x0EAF,0xFFFF,0xFE03,0xCCA7,0xFFFF,0xFFFF,0xFFAF,0xE01F,0xE07A,0x8177,0xE00F,0xC03E,0x305D,0xF502,0x3EFF,0xF000,0x0001,
    0x7FFF,0xFFFF,0xFFFF,0xFFFF,0xFFFF,0xFFFF,0xFF40,0x0FFF,0xFFFF,0xFFFF,0xFFFF,0xFF85,0x7E88,0x1FF0,0x7FD1,0xFFA2,0x0AFD,0xC000,0x0000,0x0000,
    0x2F75,0xA380,0x3D00,0x0500,0x0000,0x04DF,0x010F,0x87FF,0xFFF5,0x3E08,0x8000,0x23EA,0xFFF4,0x3FFF,0xA0D6,0x08D7,0xFFD7,0xE08C,0x0153,0xFDF9,
    0xAFF5,0xA3FF,0xBD00,0x3D2D,0x0AA0,0x0620,0xB993,0xEC02,0x002A,0xCFFF,0xFF82,0xFC0A,0x5EFF,0xE213,0x7F57,0xFF02,0x0012,0x3373,0xFFFF,0xFEFD,
    0xEF7F,0xAB80,0x7FFF,0xC2D2,0xFFFF,0xFED4,0xB90F,0x83FF,0xFFDF,0xF0A0,0x007D,0x33EA,0xFFF4,0x3FFF,0x8CCF,0x7CD7,0xFFD7,0xE78C,0x0EBC,0x0285,
    0x4000,0x007F,0x8000,0x3FFF,0xFFFF,0xFD0B,0xCE73,0xF7FF,0xFFFF,0xFF5F,0xFFFF,0xC01F,0x5EFF,0xE213,0x707E,0x002A,0x003A,0x3C73,0xF000,0x0102,
    0x3FFF,0xFFFF,0xFFFF,0xFFFF,0xFFFF,0xFFFF,0xFF80,0x0FFF,0xFFFF,0xFFFF,0xFFFF,0xFFE0,0xA100,0x1DEC,0xFF91,0xFFD5,0xFFC5,0xC000,0x0000,0x0000,
    0x1DE0,0x2200,0x0000,0x0242,0x0000,0x0CFF,0x0027,0xCFFF,0xFFFF,0xFDA2,0xA000,0x140E,0xFFD0,0x5FF1,0x0383,0xE07D,0x076B,0xC000,0x008F,0x8D72,
    0xBDE0,0x22F0,0x4800,0x1081,0x2100,0x1E01,0x298B,0x7000,0x0000,0x05B2,0xF80F,0xFAF3,0xFFFF,0xFA0E,0xFDF7,0x9F92,0xB86E,0xE3FF,0xFFFF,0xFE7B,
    0x9FFF,0xFF0F,0xB7FF,0xEFFF,0xFFFF,0xEED0,0x4327,0x43FF,0xFFFF,0xF810,0x07F0,0xB50E,0xFFD0,0x5FF1,0x439B,0xE87D,0x476B,0xDF8C,0x0F70,0x728B,
    0x4000,0x00FF,0xE82A,0x1FFF,0xFFFF,0xBF2F,0xDF5B,0xFFFF,0xFFFF,0xFFEF,0xFFFF,0x4103,0xFFFF,0xFA00,0x01FF,0x8010,0x40FE,0xFC73,0xF000,0x0104,
    0x3FFF,0xFFFF,0xFFFF,0xFFFF,0xFFFF,0xFFFF,0xFF80,0x8FFF,0xFFFF,0xFFFF,0xFFFF,0xFEFC,0x0000,0x05FF,0xFE10,0x7FEF,0xBF01,0x0000,0x0000,0x0000,
    0x5000,0x0000,0x0000,0x02A8,0x0000,0x3CFF,0x100B,0xFF3F,0xFFFF,0xFFBF,0xC003,0xCDF2,0xA022,0x1FBF,0xFE23,0xE1ED,0x1FFF,0x0AE2,0x6016,0x5B2F,
    0x9000,0x0048,0xC800,0x08BF,0x0080,0x3F02,0x5621,0x52C0,0x00F6,0x81BF,0xC7E3,0xF7FC,0x2FFF,0xF041,0x7FD3,0xDE17,0xE155,0xEB9D,0xEFFF,0xAF37,
    0xFFFF,0xFFB7,0xFFFF,0xF77F,0xFFFF,0xFFC1,0x464B,0x51DF,0xFF09,0x7E00,0x3FFF,0xCFF2,0xA022,0x1FBF,0xFE3B,0xF107,0x1FFF,0x177E,0x6FF9,0xF6DF,
    0x2000,0x005F,0xFFD7,0x5FFF,0xFFF4,0x7C3F,0xBFF5,0xFFBF,0xFFFF,0xFFFF,0xFFF8,0x0001,0x7FFF,0xF001,0x7FDF,0xC0E8,0x0155,0xFC01,0xF000,0x0100,
    0x1FFF,0xFFFF,0xFFFF,0xFFFF,0xFFFF,0xFFFF,0xFF80,0xAFFF,0xFFFF,0xFFFF,0xFFFF,0xFFFE,0x8000,0x0FFE,0x8030,0x3FFF,0xFEAA,0x0000,0x0000,0x0000,
    0x0000,0x0000,0x0000,0x0010,0x0000,0x7DBE,0x791A,0xFFBF,0xFFFF,0xFFFD,0x0001,0x73E7,0x001D,0xFE5F,0xFFA3,0xC0E1,0x57F5,0x625F,0x10E9,0xE339,
    0xCB00,0x0001,0xFBB0,0x001F,0xC002,0xFF5D,0x3F15,0xA030,0x01FD,0x4178,0x7FE7,0xFFF8,0xFFFF,0xE1A0,0xBFD6,0xBD1F,0xA80A,0x93FE,0xBFFE,0xFE2F,
    0xC4FF,0xFFFF,0xFFFF,0xFFFF,0xFFFD,0x7883,0x0F1A,0xA02F,0xFE02,0xBE87,0xFFF9,0x73E7,0x001D,0xFE5F,0xFF9A,0xBD11,0x57F5,0x7FA1,0x9F17,0xFEDF,
    0x3F40,0x81AF,0xFFFF,0x8FFF,0xFFEA,0xF83C,0xFFF5,0xFFFF,0xFFFF,0xFFFF,0xFFFE,0x0000,0xFFFF,0xE000,0xBFFF,0xC2EE,0x000A,0x9C00,0x6000,0x0100,
    0x0FFF,0xFFFF,0xFFFF,0xFFFF,0xFFFF,0xFFFF,0xFF80,0x5F9F,0xFFFF,0xFFFF,0xFFFF,0xFFFF,0x0000,0x1FFF,0x4031,0x7FFF,0xFFF5,0x6000,0x0000,0x0000,
    0x4000,0x0000,0xE000,0x0000,0x0000,0x7F1F,0xF301,0xFFFF,0x6AFF,0xEFF8,0x3801,0x8B4E,0x0017,0xF009,0xFFC7,0x8010,0x01DA,0xCE0F,0xC0F7,0xF53B,
    0xA700,0x0577,0x5FEF,0xE01F,0xF001,0xFCE9,0xE78A,0xE0F1,0xF526,0x9272,0xFEDB,0xFFF0,0xFDE8,0x0FF6,0xFFDC,0x7FFF,0xFE25,0x07FF,0xFFFD,0x7C7F,
    0xE8FF,0xFFDF,0xFFFF,0xFFFF,0xFFFE,0xF732,0x1781,0xE0FF,0xFFD9,0x7D8F,0xFFE5,0x8B4E,0x0017,0xF009,0xFFDC,0x6179,0x45DA,0xF7F0,0x3F0B,0xFEBF,
    0x1FE0,0x1FFF,0xFFFF,0xFFFF,0xFFD9,0xF81D,0xFB7E,0xFFFF,0xFFFF,0xFFFF,0xFFFA,0x7481,0xFFE8,0x0000,0xFFFB,0x9E84,0x0005,0x3800,0x0000,0x0300,
    0x07FF,0xFFFF,0xFFFF,0xFFFF,0xFFFF,0xFFFF,0xFF80,0x1F0F,0xFFFF,0xFFFF,0xFFFF,0xFFFE,0x0017,0xFFFF,0x0033,0xFFFF,0xFFFA,0xC000,0x0000,0x0000,
    0xB840,0x0208,0x5400,0x0000,0x0001,0xFC3F,0x2209,0xDFC7,0xFFFE,0x2BD0,0x7400,0x78C7,0x4ABF,0xD083,0xBFDA,0x06D0,0x0A1F,0x9FCF,0xC6F9,0x992E,
    0xE7C0,0x0FEF,0xE9D3,0xFFFE,0xBEA9,0xE3E1,0x4885,0xA070,0xBD02,0x8107,0xFC7D,0xFEF8,0xB540,0x2FFC,0x7059,0xFFFF,0xF5E0,0x2BFF,0xFFFF,0xF86B,
    0x783F,0xFF87,0xFFFF,0xFFFF,0xFFFF,0xFEDE,0x0A09,0x8047,0xFFFD,0x7EFF,0xFF82,0x79C7,0x4ABF,0xD083,0x3055,0xC6FA,0x4A1F,0xEBF0,0x3907,0xF6AB,
    0x03FB,0xFF9F,0xFFFF,0xFFFF,0xFFFF,0xFC31,0xB7F7,0xFFFF,0xFFFF,0xFFFF,0xFFFD,0x8600,0xB540,0x0000,0xFFF6,0x3900,0x0000,0x7400,0x0000,0x0714,
    0x07FF,0xFFFF,0xFFFF,0xFFFF,0xFFFF,0xFFFF,0xFF00,0x5F8F,0xFFFF,0xFFFF,0xFFFF,0xFFFF,0x4ABF,0xFFFF,0x8FBB,0xFFFF,0xFFFF,0x8000,0x0000,0x0000,
    0xF208,0x0169,0x5700,0x0000,0x0003,0xFDCE,0xC505,0xFFC7,0xFFFD,0x5540,0x2063,0xD1C3,0xF9FC,0x015B,0xDFFC,0x05E0,0x6702,0x17CE,0xBDFB,0xB32B,
    0xD358,0x8593,0xBFEA,0xE0FF,0xFF7F,0xE671,0x3FC8,0x8819,0x5682,0x043E,0xFDFF,0xFFFC,0x0705,0xFFE4,0x78FF,0xDFFF,0xB8FD,0x17FF,0xFFFF,0xFA77,
    0x32A7,0x7E7B,0xFFFF,0xFFFF,0xFFFF,0xFB2F,0xBF05,0x880F,0xFFFF,0xFBFF,0xFE63,0xD1C3,0xFBF9,0x815A,0xD8F5,0x8FE0,0xE702,0xFFF1,0xC207,0xFCB7,
    0x0D5F,0xDF07,0xFFFF,0xFFFF,0xFFFF,0xFCC0,0x41FA,0xFFF7,0xFFFF,0xFFFF,0xFF9C,0x0E00,0x0006,0x0001,0x7FF0,0x7000,0x3800,0xE800,0x0000,0x0708,
    0x03FF,0xFFFF,0xFFFF,0xFFFF,0xFFFF,0xFFFF,0xFE00,0x77CF,0xFFFF,0xFFFF,0xFFFF,0xFFFF,0xFFFF,0xFFFF,0x873B,0xFFFF,0xC7FF,0x0000,0x0000,0x0000,
    0x5800,0x00D0,0x0280,0x0000,0x000F,0xE829,0x6395,0xFDE3,0xFFFE,0xA000,0xE1BF,0x6BFC,0x7762,0xF08D,0xFF7C,0x01A8,0x3790,0x17A7,0xFEF1,0x770F,
    0xE102,0x012C,0xFFFF,0xFFFF,0xFDAF,0xC7FE,0xE0A0,0xF26E,0xA009,0x5BE9,0xF1FF,0xFFFF,0x848F,0xF9F2,0x91BB,0xFFFF,0xC87F,0x07FF,0x7FFF,0xF647,
    0x3AFD,0xFDD1,0xFFFF,0xFFFF,0xFFFF,0xE8D7,0x8795,0xF067,0xFFFF,0xFFFF,0xFFBF,0x6BFC,0x736D,0x718D,0xFB70,0x21A8,0x37D0,0xEFF8,0x010E,0x9CB6,
    0x06F7,0xFF03,0xFFFF,0xFFFF,0xFFFF,0xF828,0x7CEA,0xFFFB,0xFFFF,0xFFFF,0xFE00,0x0000,0x0F17,0x8E02,0x9536,0x0000,0x0800,0xF800,0x8000,0x0B08,
    0x01FF,0xFEFF,0xFFFF,0xFFFF,0xFFFF,0xFFFF,0xFF00,0x0D87,0xFFFF,0xFFFF,0xFFFF,0xFFFF,0xFFFF,0xFFFD,0x6EF9,0xFFFF,0xF7FF,0x0000,0x0000,0x0000,
    0xF400,0x0BF6,0x000A,0xFA00,0x001F,0xC2FF,0x42CB,0xFFC3,0xFFFF,0x4000,0x4179,0x7FFF,0x5F1F,0xD027,0xDFB8,0x2832,0x6B3C,0xC2CF,0x3FF1,0xDB01,
    0xE880,0x040A,0xBFFF,0xFFFF,0xFFFF,0xE57A,0xB170,0x7B43,0xF037,0xFFC1,0xEFFF,0xFFFF,0xF9DB,0x52D8,0x2079,0xD7FD,0xD4FF,0xC7FF,0xFFFF,0xFC43,
    0x1D7F,0xFBF7,0xFFFF,0xFFFF,0xFFFF,0xA204,0xB24B,0xFB41,0xFFFF,0xFFFF,0xF179,0x7FFF,0x56DF,0x803F,0xDFB6,0x2832,0x6B3C,0x7FF1,0xC00E,0x34BE,
    0x037F,0xF000,0xFFFF,0xFFFF,0xFFFF,0x98FF,0x4DF4,0x7FFF,0xFFFF,0xFFFF,0xFE06,0x8000,0x0F3F,0xFF00,0x2036,0x0000,0x5400,0xB800,0x0000,0x0F00,
    0x00FF,0xFFFF,0xFFFF,0xFFFF,0xFFFF,0xFFFF,0xFE80,0x0483,0xFFFF,0xFFFF,0xFFFF,0xFFFF,0xFFFF,0xFFFF,0xDFF9,0xFFFF,0xABFF,0x0000,0x0000,0x0000,
    0xEB40,0x1DE9,0x0002,0xBFFA,0x00FF,0x227F,0xD0E7,0x3FC1,0xFFFF,0x8008,0xA0C0,0x0022,0x8F1F,0xF821,0x7D3A,0x0270,0xF944,0x6E93,0x9FE7,0xD603,
    0xF742,0x8017,0xABFF,0xFFFF,0xFFFF,0x5D8E,0x6C90,0x2C4E,0x5E1F,0xF807,0x44DF,0xC92F,0xED5C,0xB82E,0x82BB,0xFFFF,0xA7FE,0x2FFF,0xFFFF,0xECE3,
    0x1F1F,0xFFE9,0xFFFF,0xFFFF,0xFFFF,0x73FD,0xD087,0x3C41,0xFFFF,0xFFFF,0xF8C0,0x082F,0xE25F,0x4029,0x7D36,0x0270,0xF9C7,0xBFFC,0xE01C,0x291C,
    0x00BF,0xC200,0xFFFF,0xFFFF,0xFFFF,0xC07C,0x6BF8,0xEFFF,0xFFFF,0xFFFF,0xFF3F,0xF7D0,0x1FBF,0xFFD0,0x0074,0x0000,0xA03B,0xD000,0x0000,0x1E00,
    0x007F,0xFDFF,0xFFFF,0xFFFF,0xFFFF,0xBFFF,0x9F60,0x0381,0xFFFF,0xFFFF,0xFFFF,0xFFFF,0xFFFF,0xFFFF,0xFFF9,0xFFFF,0x5FFC,0x0000,0x0000,0x0000,
    0xFDEC,0x3FFD,0x000A,0xD5FF,0xE2F8,0xDCFD,0x03FF,0x23D0,0xFFD4,0x0002,0x0000,0x3B80,0x027F,0xFCFC,0x00AA,0x41F0,0xE506,0x6E91,0x3F4F,0xF602,
    0xFF97,0x4003,0x7BFF,0xFFFF,0xFEFD,0xA3B8,0xF110,0x2094,0xFA3F,0x0040,0x0517,0xEBBF,0xE6FD,0xFCFF,0xFFBA,0xFFFF,0x18FE,0x6FFE,0xFFF7,0xF87A,
    0x03FB,0x3FFD,0xFFFF,0xFFFF,0xF27E,0xFD7D,0x06DF,0x2090,0xFFFF,0xFFBF,0xF800,0x103F,0xE0DE,0x0004,0x00B7,0x41F0,0xE505,0xFFFE,0xC0BE,0x1985,
    0x0007,0x8000,0xFFFF,0xFFFF,0xFDFF,0x20FE,0xFE30,0xFFFF,0xFFFF,0xEB5F,0xFFFF,0xFFC0,0x1F3F,0xFFF8,0x0075,0x0000,0x02FB,0x9001,0x0000,0x0E00,
    0x007F,0xFFFF,0xFFFF,0xFFFF,0xFFFF,0xDFFF,0x0FE0,0x0341,0xFFFF,0xFFFF,0xFFFF,0xFFFF,0xFFFF,0xFFFF,0xFFF8,0xFFFF,0xFFFC,0x0000,0x0000,0x0000,
    0xFEF8,0xFFE8,0x8005,0x6B5F,0xE7FA,0x20F9,0x0427,0x9341,0xFE00,0x0000,0x0502,0xBFC0,0x10FF,0x7AB9,0xFF88,0x2BE5,0x6209,0x0F1B,0x6695,0x7D01,
    0xFFC7,0x0017,0xF7FF,0xFFFF,0xEEF3,0xDDFE,0xFD50,0x124A,0xABFA,0x0020,0x0D00,0xA354,0x68B9,0x7AFB,0xFF98,0xFFFA,0xBEB9,0x4FFF,0xFFE7,0xE879,
    0x01E6,0xFFE8,0xFBFF,0xFFFF,0xF5FF,0x2DFD,0x03A7,0x9240,0x7FFF,0xFFDF,0xF003,0x1F94,0x787E,0x0001,0xFF76,0xABE5,0x614E,0xFFFF,0x997E,0x8286,
    0x0058,0x0000,0x7FFF,0xFFFF,0xFBFD,0x02FC,0xF6D8,0x7FFF,0xFFFF,0xDFE7,0xFFFF,0xFFEB,0x877F,0xFFFE,0x0075,0x8000,0x3FF3,0xB000,0x0008,0x1D00,
    0x003F,0xFFFF,0xFFFF,0xFFFF,0xFFFE,0xFFFF,0x0F00,0x0101,0xFFFF,0xFFFF,0xFFFF,0xFFFF,0xFFFF,0xFFFF,0xFFF8,0x7FFF,0xC2FC,0x0000,0x0000,0x0000,
    0xFFB5,0xFFF5,0x8000,0x01FF,0xE7F1,0xAFF8,0x293E,0x8DB1,0xABA0,0x0001,0x5027,0xFFC1,0x41FF,0xFC7C,0x4538,0x7DDF,0xCB88,0x0B7F,0xB452,0xC703,
    0xFF48,0x000B,0xBBFF,0xFFFF,0xCBE3,0xEDE7,0xF780,0x0882,0x1FFD,0x0D00,0x7921,0x2039,0x7879,0xFC7F,0xDFFF,0xFFE0,0xBDFD,0x0BFF,0xFFDF,0xFC3B,
    0x0088,0xFFF5,0xE1FF,0xFFFF,0xF7FD,0xA3FE,0x257E,0x88B0,0x27FF,0xFFFF,0x8007,0xFFE0,0x01FE,0x0000,0x6557,0x7DDF,0xCB8F,0xFFFF,0xCBDD,0x38C4,
    0x0077,0x0000,0x7FFF,0xFFFF,0xFFFE,0x1FF9,0xFAC1,0x7FCF,0xEFFF,0xEFDF,0xFFFF,0xFFC7,0xC7FF,0xFFFF,0x9AD0,0x0200,0xBA77,0xF400,0x0030,0x0F00,
    0x003F,0xFFFF,0xFFFF,0xFFFF,0xFFFF,0xFFFE,0x0F00,0x0501,0xFFFF,0xFFFF,0xFFFF,0xFFFF,0xFFFF,0xFFFF,0xFFF8,0xFFFF,0x46F8,0x0000,0x0000,0x0000,
    0xFF71,0xFFA8,0x0C00,0x088F,0xDFE1,0xDFFC,0xB8B7,0x0E71,0xE880,0x4104,0xE007,0xFDFB,0xC7FF,0xFD78,0x12AC,0xF73C,0x07BB,0x6069,0x5587,0xCF10,
    0xFF8E,0x0057,0x8EFF,0xFFFF,0xAE11,0xFDCF,0x6741,0x0E04,0x93FE,0x5804,0xEE07,0xD038,0x5CE0,0x7D7F,0xFBFD,0xFFC3,0xF97F,0x607C,0xFE2F,0xFD2C,
    0x00CE,0xFFA8,0x0DFF,0xFFFF,0xFFFF,0xE3F3,0xA0B7,0x0E70,0x8BFF,0xE7FB,0x1003,0xFFC3,0x9BFF,0x8000,0x16D7,0xF73C,0x03BC,0xFFFE,0xABD8,0x30C3,
    0x0031,0x0000,0x73FF,0xFFFF,0xFFFE,0x1FFC,0x7C49,0xFF8F,0xF7FF,0x97EF,0xFFFF,0xFFFF,0xE7FF,0xFFFF,0xE950,0x0803,0xFE07,0x9F83,0x0070,0x0F00,
    0x003F,0xFFFF,0xFFFF,0xFFFF,0xFFFF,0xFFFF,0x9B80,0x0001,0x6FFF,0xFFFF,0xFFFF,0xFFFF,0xFFFF,0xFFFF,0xFFF8,0xFFFC,0x06F8,0x0000,0x0000,0x0000,
    0xB97D,0xBF72,0x5A57,0x7FF1,0xFEF1,0xFFFF,0x7BFA,0x8415,0xF504,0x0400,0x0097,0xFFFF,0xEFFF,0xEEF9,0xFA88,0xE4FA,0x1122,0xE859,0x135F,0x9C02,
    0xFFC2,0x408D,0xDAFF,0xFFF8,0x7C60,0xBAF7,0xA400,0x040D,0x3AFA,0xBC00,0x1EC3,0xC300,0x38F8,0x6EFD,0xFFFD,0x7B05,0xFFDE,0xA879,0xFE7F,0xBC3A,
    0x46C3,0x3F7A,0x5BFF,0xFFFF,0xFFFF,0x45E8,0xE3FA,0x0415,0x37FF,0x47FF,0xE09F,0xFCFF,0xC7FF,0x8001,0xFEF7,0xE4FA,0x172D,0x5FEF,0xEEE0,0x73C5,
    0x003C,0x8000,0x25FF,0xFFFF,0xFFFF,0xFFFF,0x3C05,0xFFEF,0xFBFF,0xB3FF,0xFF7F,0xFFFF,0xFFFF,0xDFFE,0x0072,0x0805,0xFA8F,0xB786,0x0380,0x0C00,
    0x003F,0xFFFF,0xFFFF,0xFFFF,0xFFFF,0xFFFF,0xDBC0,0x8000,0xC7FF,0xFFFF,0xFFFF,0xFFFF,0xFFFF,0xFFFF,0xFFF8,0xFFFA,0x0670,0x4000,0x0100,0x0000,
    0xF972,0xFED0,0x1D3F,0xFFC3,0xFFFF,0xFFE2,0x5828,0x5B1C,0xF80C,0x0200,0x00BF,0xFDFF,0xFFFD,0xBFCA,0x420F,0xC47E,0xAA47,0x5592,0x7D37,0xB618,
    0xFF95,0x012F,0xDFFF,0xFFF0,0x71FE,0xC19F,0x2640,0x1B14,0x7DF2,0x9F00,0x3F97,0xF080,0x117A,0xBFDF,0xBCEF,0xB383,0xF01F,0xFFFB,0xFD3F,0xDD21,
    0x07F9,0x7ED0,0x1DFF,0xFFFF,0xFFFF,0x3FFD,0x8168,0x1B14,0x79FD,0x62FF,0xC0FF,0xFF7F,0xEFF7,0x401F,0xBCF7,0xC46E,0xABF9,0x7FEF,0x97E8,0x48C6,
    0x001E,0x8000,0x22FF,0xFFFF,0xFFFF,0xFFE2,0xFFD7,0xFFFF,0xFFFF,0xF1FF,0xFF7F,0xFFFF,0xFFFF,0xFFE0,0x43F0,0x0813,0xFFBE,0x0004,0x02C0,0x3E00,
    0x0023,0xFFFF,0xFFFF,0xFFFF,0xFFFF,0xFFFF,0xD820,0x4008,0x83FF,0xFFFF,0xFFFF,0xFFFF,0xFFFF,0xFFFF,0xFFF8,0x7FFC,0x0641,0x8000,0x0000,0x0000,
    0x981F,0xFFF0,0x3EBF,0xFFC7,0xFFFF,0xFFE4,0x3DAE,0x71AC,0xF310,0x01C0,0x00FD,0x4BFF,0xFAFA,0xBF00,0x000D,0xF7BF,0x2D8C,0x098D,0x324E,0x91B8,
    0xFFC0,0x000F,0xFFFF,0xFFF5,0xEBFC,0x14BA,0x5650,0x3104,0xBDE4,0x9FE0,0x019F,0xF1BD,0x85E8,0x239F,0xFCFC,0xB742,0xE1CF,0x7FFF,0xFA7F,0xA407,
    0x67DC,0xFFF0,0x3EFF,0xFFFA,0x77FF,0xEF42,0x35AE,0x31A4,0xB2FB,0x61DF,0xFE7F,0xFE42,0x7FF7,0xDC1F,0xFCF7,0xFB17,0x24B7,0xF7FE,0xFDF1,0x6640,
    0x0023,0x0000,0x017F,0xFFFF,0xFFFF,0xFFE5,0xDE51,0xFF5F,0xFDF7,0xD03F,0xFFFF,0xFFFF,0xFFF7,0xFFE0,0x03F2,0x0CAA,0xFE7B,0x8000,0x0780,0x3580,
    0x0003,0xFFFF,0xFFFF,0xFFFF,0xFFFF,0xFFFF,0xA800,0x4008,0x43FF,0xFFFF,0xFFFF,0xFFFF,0xFFFB,0xFFFF,0xFFF8,0x7BFD,0x0F00,0x0000,0x0000,0x0800,
    0x5C4F,0xFFAC,0xAE7F,0xFFDE,0x6FBD,0xCF28,0x6DAD,0xF057,0xD9C0,0x2D60,0x0391,0x1FFF,0xF61F,0xFF00,0x020F,0x887F,0xF737,0xF344,0x95C7,0x9E3D,
    0x7FFC,0x01CB,0xEFFF,0xFFE3,0xBBFA,0x1363,0xA250,0x4051,0x5E0A,0x2EA0,0x007F,0xE75F,0xCBE2,0xDF3F,0xFAFF,0xEDAF,0xF5B6,0x3FFF,0xD5FF,0xBA42,
    0xA3FE,0xF73C,0xAE3F,0xFFFC,0xC7FF,0xED28,0x71AD,0xC051,0x59F5,0xDC7F,0xFFFF,0xF8A0,0x3FFD,0x203F,0xF8F7,0x812F,0xF2CD,0xEDFF,0xFBF8,0x6180,
    0x0001,0x08D0,0x11FF,0xFFFF,0xFFFF,0xFED4,0x3E52,0x7FFF,0xFEFF,0xF11F,0xFFFF,0xFFFF,0xFFFF,0xFFC0,0x07F0,0x367F,0xFB7A,0x0000,0x2E00,0x3E00,
    0x0003,0xFE27,0xFFFF,0xFFFF,0xFFFF,0xFFFF,0xCC00,0x3006,0x81FF,0xFFFF,0xFFFF,0xFFFF,0xFFFF,0xFFFF,0xFFF8,0x7BD0,0x0E01,0x0000,0x0000,0x0000,
    0x1644,0x6CC0,0xEF1F,0xFF81,0x9F99,0x5316,0xD5DE,0xBB47,0xE880,0x04C0,0x0201,0x77FF,0xF77F,0xFE00,0x0069,0x9EBF,0xF981,0x71AF,0x444B,0xFF3F,
    0x3FFB,0x9253,0xEFBF,0xFFFC,0x7066,0x93FD,0x2A20,0x0264,0x2B04,0x1FA0,0x01FE,0x8787,0xEF8F,0xBE3F,0xF8B9,0xDD46,0x0BA2,0x3FFF,0x455F,0xE240,
    0xE1FD,0xCDBC,0xEF7F,0xFFFB,0x8FFF,0xF104,0xD5DE,0x8344,0x28FB,0xE48F,0xFFFF,0xF878,0x18F0,0x403F,0xF8D7,0x9D46,0x06FF,0xEFFF,0xBBB4,0x0080,
    0x0002,0x2264,0x10FF,0xFFFF,0xFFFF,0xEE22,0x2221,0x7EFF,0xFF3F,0xF05F,0xFFFF,0xFFFF,0xFDFF,0xFFC0,0x07D4,0x22BF,0xFF7E,0x8000,0xFE00,0x3F00,
    0x0001,0xFC03,0xFFFF,0xFFFF,0xFFFF,0xFFFF,0xDC00,0x3803,0xC0FF,0xFFFF,0xFFFF,0xFFFF,0xFFFF,0xFFFF,0xFFF8,0x73F9,0xFE01,0x0000,0x0000,0x0000,
    0x9E64,0xB234,0x4537,0xFD2E,0x6F10,0xAE54,0x69A4,0xDD7B,0xB4C1,0x1099,0x0640,0x07C7,0xE6B8,0x3F80,0x004D,0xC67F,0xF111,0x61C9,0xB0F3,0xAE0C,
    0x9FFD,0x0F77,0xC7FF,0xF7EE,0xD0EF,0x3658,0x1E59,0x0348,0x3141,0x1F7F,0x01FF,0xF838,0x9D50,0x319F,0xFD9D,0xBF8C,0x01B2,0x9FF9,0xB3FF,0x9073,
    0xE1FC,0x6BBC,0x450F,0xFBD1,0x3FFF,0xFE74,0x29A4,0xC148,0x30FE,0xF039,0xFFFF,0xFFFF,0x7BE8,0x0E1F,0xFDF7,0xAF8C,0x06FF,0x7FFE,0x4F0C,0x5180,
    0x0002,0xD040,0x3AFF,0xFFFF,0xFFFF,0xD18B,0xD65B,0x3FFF,0xFF3F,0xE082,0x7FFF,0xFFFF,0xFFFF,0xFFE0,0x02F0,0x427F,0xFF6E,0x8007,0xFC00,0x7E00,
    0x0001,0xBC03,0xFFFF,0xFFFF,0xFFFF,0xEFF7,0xE800,0x1C33,0x84FF,0xFFFF,0xFFFF,0xFFFF,0xFFFF,0xFFFF,0xFFF8,0x71F3,0xFE00,0x0000,0x0000,0x0000,
    0x1686,0xDCA6,0x0F1D,0x98FF,0xDFF0,0x8207,0x59DE,0x6FB7,0x9C6C,0x0800,0xE5DF,0x82F0,0x07F4,0x1BC0,0x0049,0xDBFF,0xFFA9,0x6152,0xC9FF,0xCC21,
    0x1EFD,0x48A9,0xCFFB,0xE733,0x238F,0x3D92,0xBC21,0x8388,0x9BA9,0xDFFF,0xC824,0x7D0F,0xF8F4,0x1CCF,0xFF99,0x9C10,0x1CBB,0xDFF3,0xCFFF,0xB8DF,
    0xE1FE,0xEBFA,0x0F07,0xFFCC,0xFC7F,0xC27D,0xB9DE,0x6388,0x9876,0x2800,0xBFFB,0xFFFF,0xFF00,0x070F,0xFFF7,0xCE10,0x02DC,0x7FFD,0x3E84,0xB300,
    0x0001,0x3644,0x30FF,0xFFFF,0xFFFF,0x80BB,0x4221,0x9FF7,0xFF9F,0xF000,0x7FFF,0xFFFF,0xFFFF,0xFFF0,0x00D4,0x31FF,0xEB65,0x800F,0x7000,0x7C00,
    0x0000,0x9C03,0xFFFF,0xFFFF,0xFFFF,0xFFE7,0xFC00,0x0C3F,0x047F,0xFFFF,0xFFFF,0xFFFF,0xFFFF,0xFFFF,0xFFF8,0x61EF,0xFE02,0x0000,0x8000,0x0000,
    0x4F47,0xF842,0x968A,0x97F5,0x1FB2,0x4A06,0x0A8D,0x4FFD,0xCE7E,0x4C2A,0xA7FE,0x05F2,0x6FFA,0x0D98,0x0088,0x692F,0xD1C4,0x7B4E,0x3999,0x742C,
    0x0FDE,0x63F7,0xDFF9,0x680A,0xE6BC,0x7E10,0xF532,0x08C2,0x857A,0xDFD5,0x9011,0xFA0D,0xD3FB,0x12B9,0xFF59,0x2ED0,0x81DB,0x3FEF,0xBDBF,0x8053,
    0xB0BF,0xF7FC,0x9687,0xFFFF,0xF90B,0xCAEE,0xEA8D,0x48C2,0x8474,0x6C22,0xFFEF,0xFFFF,0xBC00,0x0F59,0xFFF7,0xDF81,0x3EFE,0xFFF1,0xFFE6,0x8B80,
    0x4000,0x0C02,0x217F,0xFFFF,0xFFFF,0x81B9,0x0172,0xBFFD,0xFFEF,0xB008,0x3FFF,0xFFFF,0xFFFF,0xFFE6,0x00D4,0xD02E,0xF123,0x801F,0xC240,0x7400,
    0x0000,0x1801,0xFFFF,0xFFFF,0xFFFF,0xFFF3,0xFC00,0x073F,0x4A1F,0xFFFF,0xFFFF,0xFFFF,0xFFFF,0xFFFF,0xFFF8,0x21FF,0x5E04,0x0000,0x0000,0x0000,
    0xBCC3,0xEFC3,0x0807,0x4678,0x09F4,0x3305,0x84DE,0x95F5,0x079F,0x5C10,0x8BA3,0xFBFF,0xFAA8,0xB8A8,0x0059,0xDA5F,0x1524,0x5E90,0x649C,0x607E,
    0x00D3,0xC384,0xEFF7,0xBAE7,0xF7FD,0xFF00,0x7B7E,0x024A,0x01ED,0xFFEF,0xD408,0x00AA,0xFABD,0xB73B,0xFF99,0xAFF5,0x871E,0xCFDF,0x7CFF,0xC581,
    0x433F,0xFFBD,0x0808,0xFD1F,0xFE22,0x10FF,0x7CDE,0x924A,0x018A,0x5C10,0xFFF7,0xFF55,0x0540,0x4FCB,0xFFF7,0xFEFE,0xFAD9,0x7FEF,0xFFE3,0x9A00,
    0xBC04,0x1042,0x11FF,0xFFFF,0xFFDF,0xC79A,0x837F,0x6DF5,0xFFF7,0xA000,0x3FEF,0xFFFF,0xFFFF,0xFFB4,0x00D4,0x2000,0x73E5,0xA03F,0x8300,0x6000,
    0x0000,0x0801,0xFFFF,0xFFFF,0xFFFF,0xFFF0,0xFC00,0x07BF,0x061F,0xFFFF,0xFFFF,0xFFFF,0xFFFF,0xFFFF,0xFFF8,0x41FF,0x1C02,0x0000,0x0000,0x0000,
    0x062A,0xF96A,0x0D87,0x0DC0,0x1CC8,0x7917,0xA43E,0x2777,0xEFE9,0x3001,0x01C0,0x003F,0xF40F,0x071C,0x1C51,0x9B0D,0x4386,0xA423,0x005C,0x601F,
    0x002A,0xE16B,0xFFFC,0xF77F,0xEDF6,0x7E18,0x5345,0x4488,0xEC75,0x3FFE,0x9E3C,0x0037,0xF6FF,0xC07D,0x4381,0x870B,0x23DF,0x87BF,0xDFFF,0xDFE0,
    0xF9DF,0xFFFE,0x0D83,0xF8BF,0xF2C9,0x87E7,0xD006,0x2488,0xEC60,0x3000,0x3FC3,0xFFC8,0x090F,0x3F9D,0x43FF,0xFF04,0xB9FC,0x7FDC,0xFFA3,0x8000,
    0x0600,0x0400,0x007F,0xFFFF,0xFF1F,0xFF30,0x2FFD,0xDF77,0xFFFB,0xCC01,0x7FF3,0xFFFF,0xFFF0,0xFFE2,0xBCD4,0x40F8,0x6203,0xD87F,0xE000,0x6000,
    0x0000,0x0001,0xFFFF,0xFFFF,0xFFFF,0xFFF8,0x7C38,0x03FF,0x038F,0xFFFF,0xFFFF,0xFFFF,0xFFFF,0xFFFF,0xFFF8,0x21F7,0x1C00,0x2000,0x0000,0x0000,
    0x03C5,0x3F05,0x81A2,0x7FD0,0x058D,0x8002,0x8038,0x0254,0xBF48,0x1B61,0xF5A2,0x5567,0xF11F,0xDC2A,0x369F,0x9CAE,0x33E0,0xE183,0x2ABC,0x601F,
    0xD145,0x3F05,0x7FFB,0xFD7F,0xC78F,0x7E08,0x7740,0xC1AB,0x28FE,0xB3DF,0x5F3F,0x005B,0xF17F,0xD07E,0x3E7B,0xC350,0xE3FE,0x27BF,0xBFFF,0x8B60,
    0x2C7F,0xFFFE,0x81A5,0x82AF,0xFDD0,0xFFF7,0x8400,0x01AB,0x28C8,0x0FC1,0x4FE2,0xFFBC,0x0E9F,0xCFAA,0x16F3,0xFCAF,0xDDFF,0xDFFC,0xF543,0x9480,
    0x0380,0x0001,0x005F,0xFFFF,0xF27F,0xFFF5,0x7BFF,0xFE54,0xFF7D,0xFC20,0xBF91,0xFFFF,0xFFE0,0x3FD5,0xE9F4,0x4301,0x1601,0x387F,0xC000,0x6000,
    0x0000,0x0000,0xFFFF,0xFFFF,0xFFFF,0xFFF8,0x0C38,0x03FF,0x9783,0xFFFF,0xFFFF,0xFFFF,0xFFFF,0xFFFF,0xFFF8,0x20FE,0x3C00,0xC000,0x0000,0x0000,
    0x87C2,0x1E7F,0xC083,0x2144,0x823F,0x8C0F,0x7134,0x1201,0xEFD4,0x5A71,0xA921,0x7F06,0xBF07,0x4845,0xA177,0xCE7F,0x2141,0x40C4,0x0CFC,0xDA9F,
    0x7242,0x1E7F,0x3FFF,0xEFFF,0xFF94,0x7410,0x0ECE,0x41FE,0x7E3B,0x4FFE,0xFE7F,0xE0FA,0xBF1F,0xC5FD,0x9C87,0xC281,0x21EC,0xA4BC,0x3FFF,0xC440,
    0x087F,0xFFFF,0xC080,0xD0BB,0x022B,0xFBEF,0xF60C,0x11FE,0x7E10,0x5270,0xE7A1,0x1FFC,0x0047,0xCE05,0xA3FF,0xBFFF,0xDFFF,0xFF7B,0xF303,0x0120,
    0x0780,0x0000,0x007F,0xFFFF,0xFDFF,0xFEF0,0x89F7,0xEE01,0xEFFE,0xBC01,0x0FD0,0xFFFF,0xFFF8,0x3FBA,0x6DF0,0x3122,0x0200,0xBBBF,0xC000,0xDA80,
    0x0000,0x0000,0xFFFF,0xFFFF,0xFFFF,0xFFFC,0x0738,0x03FF,0x91C5,0xFFFF,0xFFFF,0xFFFF,0xFFFF,0xFFFF,0xFFF8,0x6000,0x3C00,0x4040,0x0000,0x2000,
    0x05D7,0x8D60,0xA135,0x71F0,0x04E0,0x288F,0xFBE4,0x0002,0xD860,0xF690,0x8601,0x0F82,0x41F0,0x3E42,0x9396,0xCA1F,0xE4E0,0xA188,0x101F,0x99DF,
    0x885F,0x2D20,0x5FFF,0xD56E,0xFFDF,0xE671,0x057B,0x2BFF,0x23BF,0xFFFF,0x7CBF,0xB37E,0x41F2,0x2076,0x8806,0xDDA5,0xE5FE,0x097F,0xBFFF,0x92A0,
    0x727F,0x5FBF,0xA034,0xAA9E,0x003F,0xF98E,0xF978,0x01FE,0x2020,0xF6B0,0x0341,0x3CFC,0x0002,0x1FCA,0xB3FF,0x3F5F,0xD3FF,0xFEF7,0xEFE1,0x0400,
    0x0580,0x9041,0x000B,0xFFFF,0xFBFF,0xF7F0,0x07E7,0xFE03,0xDFFF,0x0800,0x87F0,0x7FFF,0xFFFD,0xFFBD,0x4790,0x90E8,0x3201,0x5778,0x4000,0x99C0,
    0x0000,0x0000,0xFFFF,0xFFFF,0xFFFF,0xFFFD,0x029C,0x01FC,0xF840,0xFFFF,0xFFFF,0xFFFF,0xFFFF,0xFFFF,0xFFF8,0x6000,0x1C00,0xA080,0x0000,0x6000,
    0x20DF,0x1F7E,0x52B8,0xE031,0x05CF,0x8617,0xFDF7,0x0B04,0x3820,0x7F00,0x4002,0x410A,0x0000,0x7D1E,0x02A6,0xD339,0xCDE7,0x0382,0x0BFF,0x1B97,
    0xD65E,0x0A5E,0x2FFF,0xB2BF,0x1F38,0x00B8,0x0009,0x4AFB,0xC0EF,0xFFFF,0xBFFF,0xBEF6,0x0007,0x512E,0x1426,0x4401,0xE9FF,0x1203,0xFFFE,0x0A68,
    0x097E,0xE09F,0xD018,0x4D4E,0xE0F7,0xF707,0xFD09,0x0AF8,0x4020,0x7F00,0x0002,0x3FFC,0x0007,0x2ED0,0x7FDF,0x3FFB,0xF739,0xFDFF,0xFC00,0x0400,
    0x2081,0x1FE0,0x8007,0xFFFF,0xFFFF,0xF1A0,0x02F7,0xFF07,0xBFFF,0x8000,0x43F0,0x7FFF,0xFFF8,0xFFBF,0xFE80,0xA8C6,0x3A00,0xEC7C,0x0001,0x1B80,
    0x0000,0x0000,0x7FFF,0xFFFF,0xFFFF,0xFFFF,0x80FE,0x01FC,0x7800,0x7FFF,0xFFFF,0xFFFF,0xFFFF,0xFFFF,0xE3F8,0x7000,0x1400,0x0380,0x0000,0xE000,
    0x006F,0x1FFF,0xFFCE,0x301A,0xE2FF,0xEFFF,0x7D23,0xDD86,0xDC0C,0x7D40,0x4218,0x0050,0x0141,0x7DBF,0x6A0E,0x800F,0xCC0C,0xC712,0xC17C,0x399F,
    0xC00A,0x33E0,0x455F,0xE716,0xE532,0xE0F0,0x805D,0x3C7B,0xA60F,0xFFFF,0xBF1F,0xDFA8,0x004B,0x6D22,0x1C02,0x923D,0xEDFE,0x4FFA,0xE7FC,0x3060,
    0x3F9A,0xC000,0x3A92,0x18ED,0x1BCD,0x1F4F,0x7D1D,0x1C7B,0xA40C,0x7F40,0x42F8,0x1FF8,0x010A,0x10FD,0x73FB,0xFFF7,0xF333,0xF8FF,0x3E82,0x0600,
    0x0045,0x1FFF,0xC551,0xFFFF,0xFFFF,0x9000,0x82A3,0xFF86,0xDFFF,0xC000,0x01E2,0x3FFF,0xFFF5,0xFF9F,0xFE2C,0x3E40,0x2E01,0x38E5,0x1800,0x3980,
    0x0000,0x0000,0x3AAF,0xFFFF,0xFFFF,0xFFFF,0x007E,0xC1FD,0x7800,0x3FFF,0xFFFF,0xFFFF,0xFFFF,0xFFFF,0xE7F8,0x6180,0x1000,0x0700,0x0001,0xC000,
    0x81DF,0x9BDE,0xAFEB,0x0B3B,0xD90C,0xF5CE,0x3FA0,0xBFC7,0xBE0E,0x1E81,0x51A4,0x140A,0x0440,0x0000,0x5367,0xA435,0xB434,0xEE58,0x0A3B,0xE40F,
    0x60E8,0x4234,0x17EB,0xEBFE,0x1782,0xF013,0x401F,0x4339,0xFA0F,0xFFFF,0xFFBD,0xFFF4,0x0B84,0x00A0,0x1A63,0x8000,0x71FF,0xE7B7,0xEFFE,0xF070,
    0x1E08,0x2429,0x6800,0x1405,0xEEFF,0x07CC,0xBF9F,0x4339,0xBA0E,0x1E81,0x5146,0x0BFE,0x0FC4,0x00E0,0x6FFB,0x7EFF,0xD711,0x19FF,0xFDC6,0x1B80,
    0x0187,0x9BE7,0xC7E8,0xFCFF,0xFFFF,0x0200,0xC060,0xBFC7,0xFFFF,0xC001,0x50FA,0x1FFF,0xFFFB,0xFFFF,0xCB6C,0xA74E,0x4200,0x11A0,0x1001,0xF400,
    0x0000,0x0018,0x3817,0xFFFF,0xFFFF,0xFDFF,0x003F,0xFCFE,0x0400,0x3FFE,0xAFFF,0xFFFF,0xFFFF,0xFFDF,0xF7F8,0x7FA1,0xBC00,0x0E40,0x0000,0x0000,
    0xE09F,0x11ED,0xD4FD,0xC7F5,0x6101,0xEFF9,0xBD40,0x23C3,0x8207,0x5FB8,0x4049,0x030E,0x2F80,0x0040,0x3BB6,0x5B76,0x05AA,0xB806,0x0603,0xEC0F,
    0x18A4,0x08CD,0x8879,0xD7FE,0x9EE5,0xF235,0x009F,0xDD3C,0x8203,0xFFEF,0xBF4F,0xFEF1,0x1000,0x008A,0xFBA6,0x10C9,0xF17F,0xE81E,0x8E7E,0xEBF0,
    0x0740,0xE51E,0x3700,0x290B,0xFFFA,0x0DCA,0xFDDF,0xDD3C,0x8203,0x5FA8,0x40B9,0x03FF,0x3F80,0x00EA,0xE7FD,0xFFF6,0xBF13,0x7FFB,0xFBFE,0x0000,
    0x008F,0x10F3,0xEBFD,0x3E7F,0xFFFE,0x1006,0x4220,0x23C3,0xFFFF,0xC010,0x00F6,0x0DFF,0xFFFF,0xFFF5,0x63F0,0xFF9B,0xFA00,0x07E1,0x7581,0xEC00,
    0x0000,0x0300,0x1402,0xFCFF,0xFFFF,0xFFFF,0x001F,0xFEFF,0x0004,0x3FFF,0xFFFF,0xFFFF,0xFFFF,0xFFDF,0xFFFB,0xFF04,0x0400,0x0000,0x0000,0x1000,
    0x41E7,0x01C2,0xF8DF,0xC553,0xC183,0xFFE9,0xF7E0,0x21F0,0xE007,0xAB6C,0x0487,0x46FF,0x57F0,0x0A88,0x4291,0xD563,0xB15F,0xAFB1,0x58A6,0x0C7F,
    0xB014,0x68CA,0x86CF,0xF8F0,0x3E37,0xEE59,0x055F,0xDE0F,0x1000,0xFFFB,0xFFFF,0xFF00,0xBC20,0x0ABC,0xC291,0x404C,0x419F,0xF58D,0x588E,0x7980,
    0x0E08,0x963F,0x09EE,0x062F,0xFFC8,0x13A6,0xF7EF,0xDE0F,0x0000,0xAB68,0x0487,0x46FF,0xEBD0,0x00E4,0xFFBF,0xFFF3,0xBE3F,0x7FFE,0xB85E,0x7200,
    0x0187,0x0321,0xF131,0xBBFF,0xFFF4,0x0006,0x0800,0x21F0,0xFFFF,0xE004,0x0460,0x01FF,0xFFFF,0xFFAB,0x4795,0xFF9C,0xEE00,0x0043,0xE0F0,0x7C00,
    0x0000,0x00C0,0x0E00,0x7CFF,0xFFFF,0xFFFF,0x801F,0xFFFF,0xE007,0x1FFF,0xFBFF,0xFFFF,0xFFFF,0xFFDF,0xFFFB,0xFF01,0x1000,0x0000,0x0701,0x8000,
    0x10B7,0x0320,0xD077,0xEF91,0xC411,0xDF81,0x1FD4,0x1438,0x6017,0xE7BE,0x0223,0x827F,0xFFFE,0x1E32,0x6AC1,0xF2AE,0x083C,0xBFD6,0x387F,0x0C7F,
    0xEC44,0x9D05,0xA35E,0xFE24,0x38FD,0x7473,0xA28F,0xEBC7,0x9014,0x3FEF,0xFFFF,0xFFFB,0x556A,0x0217,0x2EE3,0x32A0,0xE1F8,0x3A8F,0x3A7F,0x1280,
    0x0308,0x61FF,0xAEDC,0x82BB,0xFF00,0x8BCC,0x5FF7,0xEBC7,0x8014,0x27AE,0x0223,0x8204,0xAA94,0x1DC0,0x779F,0xEDFF,0x3F03,0x7FFD,0x0008,0x3100,
    0x0087,0x02D0,0x5CA1,0x5577,0xFFEC,0x003E,0xE028,0x1438,0x7FFF,0xF010,0x0200,0x00FF,0xFFFF,0xFF7F,0xF7E3,0xFA5B,0xF61F,0xC023,0x3A77,0x1C00,
    0x0000,0x0020,0x0300,0x38FF,0xFFFF,0xFFFF,0x0007,0xFFFF,0xE003,0xCFFF,0xFDFF,0xFFFF,0xFFFF,0xFFCF,0xFBBF,0xFF00,0x0000,0x0000,0xC780,0xE000,
    0x9566,0x00E6,0x749D,0xDC6D,0x1317,0xFFF9,0xFEE9,0x8004,0x1213,0xF7F2,0x0287,0x003E,0xAFFF,0xFE33,0x6AC5,0x25EC,0xF7B0,0xC084,0x003C,0x58FF,
    0x7D98,0x3CFF,0xE31F,0x946C,0x43FF,0xF077,0x0466,0xFFFB,0xF352,0x5EFD,0xFFFF,0xFFF1,0x53FF,0xF62B,0x6EC5,0x01BA,0x9780,0x1021,0x8E3C,0xF600,
    0x0201,0xC3FD,0xA8FE,0xAF93,0xBCE0,0x0FA8,0xFF9A,0xFFFB,0xF212,0x56FC,0x0287,0x000F,0xFC00,0x09D0,0xF7BF,0xFEDF,0xF650,0xFFDC,0x0000,0xA100,
    0x0006,0x0100,0x5C60,0x60B5,0x75E8,0x001E,0x0155,0x0004,0x1FFF,0xFD02,0x0280,0x003F,0xFFFF,0xFFED,0xF6C7,0x3823,0x0820,0x3F79,0x8E3C,0xF800,
    0x0000,0x0000,0x0300,0x187B,0xFE1F,0xFFFF,0xC0A3,0xFFFF,0xE001,0xA3FF,0xFD7F,0xFFFF,0xFFFF,0xFFDF,0xFBBF,0xFF00,0x201F,0xC007,0xFFC3,0x0000,
    0x82F2,0x11CA,0x9A3E,0xE8C6,0xF17D,0x7FFD,0xF3DC,0x2400,0x0283,0xD9FD,0x8020,0x0020,0x3300,0x3D3F,0xEAD4,0x035D,0xCFC0,0x97A8,0x0006,0xD07F,
    0x6300,0xAFBF,0x03BD,0xCC5E,0xFFEF,0xDC1F,0x084B,0xFBBF,0xFD63,0x5F57,0x7FFF,0xFFFF,0xCDF0,0x0F0F,0xEED0,0x0250,0x0BD6,0xF82D,0xFC07,0x0380,
    0x1E0D,0x43B5,0x667F,0xD739,0x0E80,0x23F0,0xF7BC,0x3BBF,0xF903,0x5957,0x0020,0x003F,0xFEF0,0x30D0,0xF7AF,0xFDFE,0xFF80,0x4FD4,0x0001,0x2C00,
    0x0002,0x0040,0xDCC0,0x38BC,0x0FF2,0x8002,0x0C22,0x4440,0x06FF,0xFCA8,0x8020,0x001F,0xFFFF,0xFF2C,0xE7C4,0x48A3,0x3456,0x687D,0xFC07,0xD000,
    0x0000,0x0000,0x0100,0x0063,0xF00F,0xFFFF,0xE1C1,0xBFFF,0xFB80,0x83FF,0xFFDF,0xFFFF,0xFFFF,0xFFDF,0xFBBF,0xFF00,0x003F,0xB783,0xFFF8,0x0000,
    0x8EF0,0x59AD,0x3A6F,0xF54F,0xA63B,0xFFFB,0xB90D,0xB002,0xAE68,0xD5FB,0xD000,0x02B0,0x0000,0x3E3C,0xEACC,0x711E,0xCAE0,0x0210,0x000E,0x4117,
    0x6308,0xA7FF,0xA1AD,0xF51B,0xFFFF,0x787D,0x46F2,0x2DFD,0xD988,0x9EFF,0xEFFF,0xFD5F,0xFFFC,0x3E34,0xCECD,0x711E,0xEEE0,0xFF9F,0xF80D,0xBAE8,
    0x1207,0x01B2,0xC47F,0xFAF0,0x59CC,0x878A,0xB9BF,0xF1FC,0x8988,0x94FC,0xC000,0x000F,0xFFFC,0x01CB,0xF7B7,0xCEF3,0xFF1F,0x1DE0,0x0001,0x8400,
    0x0C00,0x0000,0x7E10,0x003F,0x5FF4,0x0814,0x44E0,0x6E02,0x6E7F,0xF503,0x1000,0x02BF,0xFFFF,0xFFB0,0xE7E5,0x7CE1,0x11DF,0xFDEF,0xF80F,0xC000,
    0x0000,0x0000,0x0180,0x0060,0xA003,0xFFFF,0xAB40,0x11FF,0xB7E0,0x4BFF,0xFFFF,0xFFFF,0xFFFF,0xFFCF,0xFBBE,0xCF00,0x003F,0xE21F,0xFFF0,0x0000,
    0x46F8,0x2C0F,0x9A17,0xE45C,0x4C6F,0x5D5F,0xC3DE,0xEA97,0x1AAF,0x7FEB,0xEA20,0x0050,0x0002,0x3F77,0xEAB8,0x69BA,0x4F80,0x1002,0x207F,0xE001,
    0xB102,0xD3EF,0xC4D0,0xF67B,0xF3E7,0x5AFF,0x3CF5,0x15FF,0xE55F,0x78BF,0xF5FF,0xFFB7,0xFF50,0x3E7B,0xEEF9,0x794E,0x77C3,0xFFDF,0xF86C,0xCF3E,
    0x0807,0x0098,0x653F,0xF9A3,0xB394,0xA508,0xC33F,0xEAEF,0x995F,0x78BA,0xE020,0x0017,0xFF52,0x05CD,0xF7E7,0xD6BF,0xFE1C,0x0040,0x0000,0x10C0,
    0x0600,0x0010,0x3B68,0x007F,0xBFFB,0xE016,0x3820,0x0590,0x26AF,0xFF41,0x0A20,0x004F,0xFFFF,0xFBF1,0xE7E7,0xF441,0x815F,0xEFDF,0xF87F,0xE000,
    0x0000,0x0000,0x0080,0x0000,0x4000,0x1FFF,0xC7C0,0x187F,0xC3F0,0x07FF,0xFFDF,0xFFFF,0xFFFF,0xFFC7,0xFBBE,0xCF00,0x00FF,0xFFBF,0xFF80,0x0000,
    0xC5F8,0xEE0F,0xB26F,0xFDFF,0x5309,0x27E8,0xD7FC,0x7820,0x6807,0xF7FF,0xF0EC,0x1BBC,0x0000,0x0F7B,0xBAE2,0xD934,0x6F00,0x0008,0x40BA,0x8C83,
    0xF207,0x107F,0xE400,0x3D29,0xF3C1,0x0108,0x7842,0xCFDF,0xC7F8,0x741E,0xAF13,0xE44D,0xFFBF,0xCF75,0xBFE2,0xE5A9,0x3717,0xFF7F,0xF8B4,0x003C,
    0x0800,0x0198,0x7DBF,0xF200,0xACF6,0xDEF7,0x87BE,0xF81E,0x69F8,0x741E,0xA000,0x0009,0xFFBF,0xC3C7,0xC4BF,0xE6FE,0xD868,0x0000,0x0015,0x7340,
    0x0400,0x0000,0x03D0,0x00FF,0xB2FF,0xF808,0x0001,0x07E0,0x5607,0xFFE1,0x50EC,0x1BB7,0xFFFF,0xFDFF,0x8DA6,0xFC83,0x877F,0xFF7F,0xF8AE,0x8C80,
    0x0000,0x0000,0x0040,0x0000,0x4100,0x07FF,0xFFE0,0x083F,0x81FF,0x83FF,0xFFFF,0xFFFF,0xFFFF,0xFFC3,0xF3FF,0xC340,0x00FF,0xFFFF,0xFF40,0x0000,
    0x83F8,0xB00F,0xFA1F,0xE61C,0x5269,0x1D5D,0xF2FF,0xF119,0xA860,0x3C7F,0xF87D,0xFBED,0x0000,0x1749,0x1DC0,0x34F6,0xCC00,0x0008,0x0079,0x0D87,
    0xB807,0x4FFF,0xDE68,0x5607,0xF38D,0x1EFD,0x0D00,0x0EFF,0xF3BF,0xCCAF,0x8783,0x1BBB,0xBF7F,0x977B,0x1FC0,0x357B,0xBCC6,0x192E,0xA016,0x6428,
    0x6C00,0x0008,0x3F9F,0xF9E3,0xADD6,0xFD02,0xFAFF,0xF11F,0xA8BF,0xCC2F,0x8003,0x13AA,0xBF7F,0x81F6,0xE2BF,0xCB8E,0xF9B8,0x0000,0x0016,0x9250,
    0x0000,0x0000,0x01A0,0x007F,0xB3BF,0xE218,0x0C00,0x02F0,0x7740,0x3F50,0x787C,0xEC45,0xFFFF,0xFFFA,0xDEA2,0x8D01,0x00FE,0x192E,0xA02F,0x0D80,
    0x0000,0x0000,0x0040,0x0000,0x4040,0x01FF,0xF3E0,0x0C0F,0x80FF,0xF0FF,0xFFFF,0xFFFF,0xFFFF,0xFFC5,0xE1FF,0xF2C2,0x077F,0xFFFF,0xFFC0,0x0000,
    0x71FD,0x6847,0xB00F,0xF1DE,0x00F2,0x1FBF,0xDED7,0xF201,0xB410,0x4A7F,0xFAF0,0x717E,0x1000,0x0181,0x4980,0xF307,0xE000,0x0000,0x15F9,0x6F87,
    0xD002,0x97BF,0xEC74,0x3BA1,0xA1DA,0x1F39,0x0528,0x0DD7,0xD09F,0xF85B,0x750F,0xF7D7,0xB7CF,0x01BD,0x5F88,0x1765,0x1E00,0x001F,0x95F6,0x0578,
    0x1E00,0x0008,0x7F8F,0xFEA1,0xFF2D,0xFFC6,0xFAD7,0xF203,0xB41F,0xDA5B,0x300F,0xB6D7,0xA7CF,0x01FF,0xF6FF,0xCCFB,0xE5F8,0x0000,0x0006,0x9000,
    0x2000,0x0000,0x01D0,0x007F,0xB35F,0xE020,0x2428,0x09F8,0x5BE0,0x45E4,0xCAF0,0x4F28,0x5FFF,0xFFFF,0x7E8A,0xA5D0,0x3FF8,0x001F,0x95FF,0x6F80,
    0x0000,0x0000,0x0020,0x0000,0x40A0,0x00FF,0xD9D0,0x0607,0x801F,0xB83F,0xFFFF,0xFFFF,0xFFFF,0xFFC3,0xE1F7,0x1A0C,0x03FF,0xFFFF,0xEA00,0x0000,
    0xF3FE,0xEC6B,0xCDCB,0x616B,0x5B40,0x08FF,0xEEB9,0xBAF1,0x1033,0x8330,0x4FF9,0x5D7C,0x8080,0x03C1,0x4F2E,0x1500,0x6401,0xFE20,0x3FF1,0x7D37,
    0x3401,0x1B9F,0xFF36,0xF710,0x60B0,0x4FB0,0x91C6,0x0502,0xC20C,0x102C,0x0C17,0x227F,0xFA80,0xF3E1,0x577E,0x6B27,0x840D,0xFE2F,0x3FF4,0x34C8,
    0x1800,0x000C,0x3B4F,0x7F94,0xA5FF,0xFFCF,0x6EB9,0xB8F0,0x1034,0x032C,0x4416,0x7F3F,0x7A00,0xF3EF,0xF0D7,0xDEFF,0xFBF0,0x0000,0x014E,0x8200,
    0x0000,0x0000,0x0090,0x807B,0xBABF,0xF000,0x11C6,0x420D,0xEFC3,0xECF3,0xFBE9,0xFFC0,0x87FF,0xFFE5,0xF857,0xE8F4,0x13FD,0xFE2F,0x3EBF,0x7D00,
    0x0000,0x0000,0x0020,0x0000,0x4140,0x007F,0xEC10,0x0783,0x000F,0x901F,0xFFFF,0xFFFF,0xFFFF,0xFFDF,0xE7AF,0x8418,0x0FFE,0x01DF,0xC000,0x0000,
    0xF7FE,0xE7A7,0xABDB,0xC15D,0x2180,0x041F,0xFB8C,0x6F88,0x1835,0x978B,0xADF3,0x6789,0x4B20,0x02C1,0x4E80,0x2CE6,0xC800,0xDE08,0xFEC1,0x381F,
    0x3801,0x185F,0xFFF6,0xFE00,0xC070,0x07C0,0x5473,0x12F1,0xA502,0x800E,0x463F,0x181F,0xFF00,0x02F1,0x57A0,0x25C7,0xEDAE,0xDE08,0xBEC8,0x11E0,
    0x0800,0x0008,0x5FDF,0xFEA2,0xDEFF,0xFFFF,0xAB8C,0x7FF8,0x1832,0x978D,0xEA3C,0x7F9E,0xB420,0x13FF,0xF17F,0xDDDB,0x3250,0x0000,0x013E,0xC600,
    0x0000,0x0000,0x0030,0x01FD,0xE17F,0xF820,0x0473,0x8286,0xE7CD,0xE87B,0xFDC3,0xFFE1,0x4BFF,0xFFF3,0xF92F,0xD228,0x17FE,0xDE08,0xFE1F,0x3800,
    0x0000,0x0000,0x0000,0x0000,0x0080,0x001F,0xFA88,0x0101,0x0007,0x0007,0xFFFF,0xFFFF,0xFFFF,0xFFCF,0xE6DF,0xE81C,0x0FFF,0x21F7,0x0000,0x0000,
    0xFFFC,0x0323,0xCED3,0x903C,0x6000,0x061F,0xF869,0x9558,0xA89B,0x7FA7,0x1D83,0x7855,0xFF8F,0x0771,0xD984,0x9F27,0xD000,0x521E,0x878A,0x025F,
    0x5803,0xECDF,0xFBFD,0xFF00,0x00F4,0x07E0,0xB7F6,0x69B5,0xC380,0x8005,0x1FF3,0x005F,0xFFCE,0x1F71,0xD8CF,0xBCA5,0xF73E,0x121A,0x86E4,0x2020,
    0x0000,0x1004,0x37D7,0xEFC3,0x9FFF,0xFFFF,0x4869,0xBD6C,0xA898,0x7FA4,0x03F0,0x780A,0x0043,0x63CF,0xE77B,0x47FA,0x2800,0x0000,0x0015,0xDD80,
    0x0000,0x1000,0x0038,0x00FC,0x62FF,0xF800,0x07F6,0x4383,0xD7E7,0x005F,0xFC0F,0xFFF5,0xFFBD,0xFB53,0xE45B,0x6010,0x173E,0x521E,0x850E,0x0200,
    0x0000,0x0000,0x0000,0x0000,0x0000,0x001F,0xF800,0x0000,0x0003,0x8003,0xFFFF,0xFFFF,0xFFFF,0xFFEF,0xFFB4,0xF80C,0x0FFF,0xADE1,0x7800,0x0000,
    0xF7F8,0x06A8,0xCDA6,0x81B3,0xE460,0x161F,0xDC50,0x4302,0x4101,0x7B81,0x71CC,0x00ED,0xDAEC,0x9247,0x9400,0x0413,0xE800,0xC7DE,0x05C0,0x0C07,
    0x3C06,0x355F,0xFDBB,0xF443,0x5478,0x17F0,0x33AF,0x9C7D,0xD180,0xC003,0xFFFC,0x00FD,0xFFFC,0x7E77,0x9486,0xCDC7,0xEE3C,0x47C3,0xE560,0xE178,
    0x0001,0xF807,0x3FE7,0xFE4D,0x4B9F,0xFFFF,0xCC50,0x5F7E,0x5100,0x7B81,0x8FF0,0x0010,0x27FB,0x8FFF,0xEBFF,0xF7FA,0x1000,0x0000,0x001F,0x1280,
    0x0001,0x7800,0x0248,0x03F0,0xA19F,0xE800,0x038F,0xA081,0xEFFF,0x447C,0x700F,0xFFEF,0xD802,0xEFF7,0xC0FE,0xC82C,0x0E3C,0xC7DF,0xE58C,0x0C00,
    0x0000,0x0000,0x0010,0x0000,0x0060,0x000F,0xFC70,0x0000,0x0001,0x8003,0xFFFF,0xFFFF,0xFFFD,0xF3CF,0xFF60,0x3800,0x07FF,0x3821,0xFA00,0x0000,
    0xC3A4,0x3322,0x7DD7,0xC014,0x4078,0xA707,0xFA68,0x3842,0xA681,0xFF48,0xC80C,0x7DF8,0x5D5A,0x7E43,0xFC1D,0x263B,0x1001,0xFBFD,0x0EE0,0x181F,
    0x7ED9,0x715E,0xE77B,0xFC04,0x0877,0xE7F8,0x0597,0xD67D,0xD781,0x4081,0x3FBF,0xFFF8,0x7FFB,0x7243,0xFC14,0xA379,0xEF40,0x3804,0xCFF0,0x40E0,
    0x0003,0xCD87,0xADD7,0xFFEB,0xB78F,0x5FF7,0xFA68,0x3E7E,0xB681,0x7FC8,0x17B3,0x8200,0x3FFF,0x83FF,0xC3E2,0xDBDE,0xA800,0x0400,0x010F,0xA700,
    0x0001,0xCA00,0x1230,0x03D0,0xC187,0x5808,0x0587,0xC181,0xCFFF,0xC036,0xC84C,0x7DFF,0xC005,0x1FDF,0xC26B,0xE404,0x1F41,0xFBFC,0xCE04,0x1800,
    0x0000,0x3000,0x0088,0x0000,0x0078,0xA007,0xFA78,0x0000,0x0000,0x8001,0xFFFF,0xFFFF,0xFFF8,0xE3FF,0xFFD4,0x1800,0x07FE,0x0003,0xF000,0x0000,
    0x0260,0x1C23,0xE003,0xB640,0x52FD,0x1B8F,0xFEF4,0x3280,0x2D00,0x4CC5,0xE410,0x5FE0,0x352A,0x4C73,0xEC2D,0x1797,0x681F,0x197C,0x3FF4,0x003F,
    0xFD99,0x7C17,0xB91F,0x3600,0x566D,0x01F8,0x014B,0xCDFF,0xD340,0x8101,0xBC1F,0xFFE1,0x7FF9,0x6473,0xFC64,0x9FAB,0x4FB5,0x091E,0x3AF0,0xCAC0,
    0x0007,0xE3CE,0x9FE3,0xFFBF,0xE992,0xFFFF,0xFEB4,0x3FFE,0x3D00,0x4DC5,0xA80F,0xE001,0x7FF5,0xB7FF,0x93D2,0xE766,0xD020,0xE680,0x000B,0x3500,
    0x0001,0xE320,0x5FE4,0x49F3,0x8102,0x4400,0x0103,0xC001,0x43FF,0x323B,0xE7F0,0x1FFF,0x8007,0x7BFF,0x9149,0xE818,0x3FBF,0x187E,0x3504,0x0000,
    0x0000,0x1C00,0x2018,0x0000,0x00FF,0xF007,0xFEFC,0x0000,0x8000,0x8000,0x5FFF,0xFFFF,0xFFF8,0x83FF,0xEFB6,0x1804,0x07C0,0x0003,0xC000,0x0000,
    0xCBA0,0x2520,0x3A48,0x456C,0x7069,0xB55B,0xDFFC,0x39C1,0x0782,0x47A4,0xDEF0,0x0820,0x5802,0x2E22,0x2414,0x03F3,0x003F,0xFFFC,0x3FE8,0x00FF,
    0x345C,0xDD21,0xFDFF,0x12C4,0x1339,0x8AFC,0x202D,0xE6FE,0x7860,0x4040,0xF7FF,0xFC27,0x7FF8,0xE222,0x7476,0x8BFC,0x4DB9,0x4F8C,0x3FF8,0x0700,
    0x0003,0xDADE,0xC7A8,0xEFD3,0x9C96,0x757B,0xDFD6,0x3FFF,0x3F82,0x47E4,0xD50F,0xF407,0x7FF5,0x53FD,0x9BEB,0xEFB6,0xDA00,0x0000,0x0007,0xF800,
    0x0000,0xF812,0xC5A3,0xBAA8,0xE054,0x0A84,0x0007,0xC000,0xC07D,0xF81B,0xDAF0,0x0BFF,0x800E,0xFEF0,0xF16B,0xEC0D,0xCDBE,0xB0FC,0x2000,0x0000,
    0x0000,0x07E0,0x3A5C,0x4500,0x002F,0xF003,0xFFF8,0x0000,0x0180,0x0000,0x2FFF,0xFFFF,0xFFF1,0x83FF,0xCF94,0x1000,0x37C0,0x0003,0xC000,0x0000,
    0xFBD8,0x0098,0x0614,0xFB51,0x4071,0xB563,0x57F4,0x1D01,0x6102,0x21F6,0xFBFE,0x1603,0x3088,0x4100,0x8022,0x0785,0x000F,0x7FFF,0x7FF9,0x317F,
    0x0426,0x029B,0x5E15,0x9770,0x0693,0xEAB4,0xA83B,0xF7FE,0x9EF0,0x2000,0xFDFF,0xFE5F,0xFFF9,0xF160,0x847E,0x17AB,0x878D,0xCD67,0x7FF9,0x0E80,
    0x0001,0xFF6C,0xF9FE,0xECAE,0xB92C,0x157B,0x56CC,0x1FFF,0x7F62,0x21F6,0xF901,0xE85C,0xFF7E,0xBFDF,0xFFDD,0xFFF6,0xF800,0x8000,0x0006,0xC000,
    0x0000,0xFE00,0x7800,0x042D,0x604E,0x4A8C,0x010B,0xE000,0x809D,0xFE09,0xFAFE,0x17FF,0x0087,0xFBE1,0x875D,0xF81B,0x978F,0xFBFF,0x6002,0x4000,
    0x0000,0x01F0,0x07FF,0xFBD0,0x003F,0xF003,0xFFF4,0x0000,0x0000,0x0000,0x07FF,0xFFFF,0xFFF9,0x07BF,0xFBA2,0x0004,0x7FF0,0x0000,0x8001,0x0000,
    0xFF88,0xE474,0xB3C1,0x6C09,0x0089,0x923B,0x69BA,0x1FA0,0x8017,0xA87E,0x3DDF,0x7806,0x0090,0x8B27,0x3800,0xE771,0x000C,0x3FBF,0xFD75,0x83FF,
    0x0076,0x0077,0xAFC3,0xEC08,0x03FF,0x3D54,0x9771,0xE3FF,0x7FE8,0x3840,0x3EDF,0x7BFF,0xFFE8,0xC9E6,0x3C36,0xA7FF,0x15CF,0xBF34,0xFFE1,0x8400,
    0x0001,0x1B8C,0xEC3E,0xB3F6,0xFCF2,0xC23B,0x68CE,0x1FFF,0xFFF7,0xA87E,0x3C80,0x03F9,0xFF7E,0x775F,0xD7FF,0xBFF6,0xEA00,0x0000,0x000A,0x7800,
    0x0000,0xFF88,0x1C02,0x4005,0x7074,0x0DC4,0x8045,0xE000,0x0008,0x6FC1,0xFD7F,0xFFFE,0x008C,0xC7C7,0x047F,0x580E,0x7FCF,0xBCBF,0x4016,0x0000,
    0x0000,0x0070,0x03FD,0xFFF8,0x000F,0xF003,0x7FBA,0x0000,0x0000,0x1000,0x03FF,0xFFFF,0xFFF1,0x3F3F,0xFB80,0x0001,0xFFF3,0xC040,0x0001,0x8000,
    0xFFC0,0x04B0,0xA9C3,0xF108,0xC085,0xB942,0xFFB1,0xE7A1,0x950B,0xD29E,0xA1C0,0x001F,0x8174,0x5EDE,0xF890,0xE964,0x0000,0x07FF,0xFB41,0x838F,
    0x003F,0x7073,0xA90E,0x7139,0xDABF,0xAEBD,0x9F3E,0x3BFE,0xAAFD,0x1E80,0x063D,0x54DF,0xFFFA,0x9E3C,0xF8B6,0x652B,0x6F03,0x8775,0xFF81,0xB400,
    0x0004,0x8B4C,0xFF3D,0x8EF5,0x3DE4,0xD952,0xFBCD,0xE7FF,0xBFFB,0xD29E,0xA035,0x54C0,0x7E9A,0xF12F,0x076F,0x57B6,0x9000,0x0000,0x003E,0x6870,
    0x0000,0x04C8,0x40EC,0xC0F5,0x187A,0x0EAD,0x040E,0x3800,0x4004,0x33E1,0x59C3,0xFFFF,0x816E,0xC0EF,0x046F,0x98DB,0xFF03,0x82EA,0x005C,0x6000,
    0x0000,0x0030,0x0013,0xFF0A,0xE00F,0xF002,0x7FF1,0xC000,0x0000,0x0C00,0x07FF,0xFFFF,0xFFF1,0x7F1F,0xFB90,0x0005,0xFFFF,0xF800,0x0003,0x8000,
    0xFF02,0x0630,0x70E0,0x728B,0x3003,0xA650,0xEFF8,0xB575,0xE806,0xC9B4,0x696C,0x0037,0xA3D4,0xFACD,0xD519,0xA9AC,0x0140,0x1FFF,0xFE82,0x05C3,
    0x00FD,0xF839,0x3AC5,0xF28B,0x30CF,0xB96F,0xBFF7,0x4FDF,0x17FB,0x0F80,0x029E,0x9F37,0xFFF1,0x7A09,0xE3FE,0x03AC,0xBD4A,0xBB85,0xEB0A,0x020C,
    0x0014,0x01CE,0xC7DD,0x8D74,0xCFFF,0xE652,0xF60C,0xB57F,0xFFFF,0xC9B4,0x680E,0x9F00,0x5C29,0xC53E,0x3AE6,0x55F1,0x4000,0x0000,0x007D,0xF830,
    0x0000,0x0748,0x383D,0xC070,0x0FFC,0x19EF,0x0807,0x4A80,0x0000,0x39CB,0x956D,0xFFFF,0xA3CD,0xC5FE,0x2EE7,0xA810,0xFD4A,0xBC7A,0x10BC,0x4060,
    0x0000,0x0030,0x3002,0xFF8F,0xF003,0xF400,0x3FF8,0xB000,0x0000,0x0600,0x03F3,0xFFFF,0xFFF2,0xFA1F,0xD118,0x000F,0xFEBF,0xE000,0x0003,0x8000,
    0xBE00,0x0280,0x1154,0xFEF0,0x278D,0xBC14,0x8AE4,0x14FA,0xF408,0xC483,0x22FF,0x81CB,0xDFF1,0xC1C0,0x3069,0xEC62,0x0060,0x1FFF,0xFE05,0x9B03,
    0x41FF,0xF804,0xAFC3,0xFFE0,0x9FFF,0xF7EE,0xEAF9,0xE1B5,0x0BF7,0x6761,0x03FE,0xBDCB,0xF7F1,0x75A0,0x9BEB,0x0E3E,0x5E46,0x16FF,0xE47F,0xD40C,
    0x0008,0x057F,0x56AB,0xFD2E,0xD873,0x9C15,0xB79F,0xDEFF,0xFFFF,0xC403,0x22FE,0x3C00,0x3C1F,0xFEBF,0x5F83,0x1D81,0xA000,0x0000,0x01FA,0x70F0,
    0x0000,0x03FC,0x101F,0xFF1E,0xF872,0x47EF,0x581B,0xEB00,0x0000,0x3C9D,0xDEFF,0xFFFF,0xC3EE,0xBF7F,0xEF82,0xE05D,0xFE66,0x1D08,0x18FA,0x6060,
    0x0000,0x0000,0x2800,0xFEC1,0x078D,0xF800,0x3FE4,0x1400,0x0000,0x03E0,0x0101,0xFFFF,0xFFF1,0xC01F,0x807C,0x003F,0xFF9F,0xE000,0x0005,0x8000,
    0x8C08,0x097B,0x301D,0xBE5D,0x0520,0x7EEB,0x7728,0x057D,0x6C88,0x2AEC,0x877F,0xE015,0xFFF4,0x8000,0x6163,0xD100,0x00F1,0x3FFE,0xFC88,0xA08E,
    0x73FF,0xF52B,0xFFA9,0xFE37,0x45B7,0xE3F4,0x3797,0xDA02,0x8377,0xCB1C,0x83FF,0xA015,0xEBFB,0x9107,0x6F78,0x5B10,0xA0D1,0x4FDB,0x9E4D,0xA608,
    0x0010,0x03AF,0x356A,0x7E8A,0x70FF,0x9EEB,0xFCFF,0xAFFF,0xEFFF,0xEA0C,0x877F,0x8000,0x34EB,0x7FF8,0x1E9C,0x77CF,0x4000,0x4000,0x0177,0x7979,
    0x0000,0x0050,0x3016,0xFFFA,0x509F,0x83F4,0x88D7,0xFA80,0x1000,0x1EEF,0xFB7F,0xFFFF,0xC30F,0x3FFF,0x3E1F,0xA017,0xE0F1,0x7034,0x21C5,0x4030,
    0x0000,0x0000,0x0801,0xFF1D,0xAF00,0x7C00,0x3F28,0x0500,0x0000,0x01F0,0x0480,0x7FFF,0xFFF0,0xC01F,0xC1E0,0x003F,0xFF0E,0x8000,0x003A,0x8000,
    0xCC00,0x0800,0x9827,0x4F15,0x9D59,0xBFEF,0x18F7,0x1A1F,0xC35A,0x2933,0x7737,0xB002,0x7FA1,0x3080,0xF00A,0x0240,0x0020,0x7FFD,0xFE15,0x1121,
    0x33FB,0xF40D,0x3784,0x3FBE,0x9DDF,0xAD39,0xB9BF,0xB5E0,0x00A5,0xDDCF,0xF6FF,0xD802,0x6BEB,0x393D,0xF303,0x0E3F,0xF034,0x4FCF,0x6F17,0xD360,
    0x0004,0x83F2,0x7CDC,0x7FCE,0xE2FE,0x5FEF,0x4EE8,0x5F1F,0xC3FF,0xF903,0x7737,0x9800,0x175E,0xCF41,0x0FF4,0xF3A0,0x0000,0x0000,0x00EB,0xFDFE,
    0x0000,0x0080,0x182B,0x7FB7,0x6786,0x4530,0xE108,0xE5E0,0x3C00,0x0F33,0x7E37,0xA7FF,0xC05E,0x7FFD,0xC3F8,0x607F,0xF034,0x7038,0x1062,0xC040,
    0x0000,0x0000,0x0000,0xFFDC,0x1801,0xBAC0,0x1E17,0x0A00,0x0000,0x00FC,0x81C8,0x7FFF,0xFFA1,0xC03E,0x3C00,0x001F,0xFFDF,0x8000,0x003C,0x0000,
    0x4002,0x1824,0x100D,0x47CB,0xD6C8,0x0FFF,0xAACE,0x010B,0xE5FF,0xBC32,0x1FAF,0x8980,0x7F88,0x6707,0x8181,0x8300,0x80D9,0xFFFF,0x3940,0x0280,
    0xBFFF,0xE7AB,0xE3D1,0x7FF4,0xF80F,0x9AB0,0xFA77,0xFEF4,0x9400,0x46CD,0xFEFF,0xF785,0x77FC,0x3B87,0x2586,0x1B5F,0xF6D9,0xFE45,0xDFFC,0x2081,
    0x0000,0x00F0,0x3073,0xBF7C,0x913F,0xFFFF,0xA7F9,0xA38B,0xE5FF,0xFC00,0x1FAF,0x8605,0x5C77,0xDAB0,0x7F78,0x67C0,0x0000,0x0000,0x007F,0xFDFE,
    0x0000,0x0000,0x1C0C,0xBFF7,0x6FC7,0xFAB0,0x5511,0xFEF4,0x1E00,0x0732,0x1EAF,0x89FF,0x8074,0xDC95,0xE6F7,0xC0DF,0xF6D9,0xC1B8,0x003F,0xA040,
    0x0000,0x0000,0x0000,0x7FFE,0x1000,0x0540,0x0E0E,0x0100,0x0000,0x00FF,0xE150,0x7FFF,0xFF8B,0xE17A,0x1800,0x003F,0x7F26,0x0000,0x0000,0x0000,
    0x0C00,0x9089,0x1839,0x7B46,0x0D75,0xF3E9,0x3F27,0xA941,0xDAFF,0xF448,0xFEA0,0x9DE0,0xFE00,0xF903,0xC434,0x0040,0x01F3,0xDFFF,0xAFC3,0x0700,
    0xF3FF,0xEF76,0xA3C1,0xFFFC,0xF6AD,0xFDBE,0xF7DF,0xDEBE,0x2A01,0xC177,0x0D5F,0xE3E4,0xFE10,0xFF3A,0x5C47,0x0F5E,0x19D2,0x7C3A,0xFA7F,0x8000,
    0x802D,0x40C0,0x797E,0x5FB3,0x6EAF,0xF3E9,0xBD78,0x73C1,0xDAFF,0xF440,0x0E80,0x8304,0xA1FF,0x0680,0x3FC9,0xFFC0,0x0000,0x0000,0x007F,0xF8FF,
    0x0000,0x0000,0x0400,0xBFF5,0x9152,0x09BE,0x4088,0x56BE,0x2F01,0xEBC8,0xFC20,0x9CFF,0x0018,0x1EBB,0x9AFF,0xCF9E,0x19F3,0x83C0,0x00BC,0xE000,
    0x0000,0x0000,0x0010,0x3FFC,0x0000,0x0640,0x0E07,0xA940,0x0000,0x003F,0xF3FF,0x7FFF,0xFFE7,0xE17C,0x0000,0x003F,0xFE0C,0x0000,0x0000,0x0000,
    0x1C0E,0x0190,0x141D,0xE00C,0x01FF,0x11DD,0xC2FF,0xDBE1,0xC1AA,0x3804,0x781A,0x1FB9,0xC810,0x2107,0xB43A,0x0900,0x03FF,0xDFF6,0x8980,0x0784,
    0xE3F5,0xFF6F,0xEBF3,0x3FF3,0xFF72,0x46FE,0x6C57,0xB5DE,0x3F14,0x801B,0x87E7,0xE2F9,0xC831,0x3980,0xBC02,0x9B19,0x23C0,0xEF9D,0x73F8,0x2020,
    0x40F5,0xC0C0,0x3E7D,0x7FD1,0xDF77,0xF9DD,0xD7F8,0x6E21,0xC1AA,0x3800,0x0002,0x02C3,0x57FE,0xCE30,0x6FC5,0xD7C0,0x0000,0x0000,0x04FF,0xF87B,
    0x000A,0x0000,0x0010,0xBF9C,0x0088,0x00DE,0x3D00,0x241E,0x3F53,0xC7E4,0x781A,0x1D3E,0x1069,0x3EB7,0x087F,0xDED9,0x23BF,0x07E0,0x007A,0xA020,
    0x0000,0x0000,0x000E,0x1FFE,0x0000,0x0720,0x0207,0xDBE0,0x0086,0x001F,0xFFFD,0xFFFF,0xFF87,0xD778,0x1000,0x203F,0xFC00,0x0000,0x0004,0x0000,
    0x0C02,0x1F88,0x1C0E,0x7166,0x0040,0x8AA7,0xE5FE,0x3FFF,0x0B8A,0x1A09,0xBD0E,0x7EC7,0x8CC0,0x420D,0x405E,0x8880,0x0FFF,0xFFE2,0x1F80,0x2F12,
    0xF3FF,0xFDF7,0xE3F5,0x9FD1,0xFF8A,0xBBFE,0x18AA,0xD8F8,0xD97D,0xE20E,0x43F1,0x817D,0x9CC0,0x509D,0x70A7,0xDEAF,0xCE6E,0xDD7F,0xE500,0x0010,
    0x00EF,0xE180,0x3EBF,0xEF93,0xEFB7,0xFAA7,0xE7FD,0x2787,0x0B8F,0xFA08,0x0100,0x017C,0xE3FF,0xCF22,0xBFC5,0x57E0,0x0000,0x0000,0x007F,0xD0FD,
    0x0000,0x0240,0x0000,0x3FEE,0x007F,0x07A6,0x1A00,0xC000,0xFD74,0x07F9,0xBD0E,0x7E82,0x7005,0x1DBC,0x383B,0x576F,0xCF91,0x2F80,0x00FE,0x0060,
    0x0000,0x0000,0x0000,0x1FFC,0x0000,0x0058,0x0407,0x3FFF,0x028E,0x0007,0xFEFF,0xFFFF,0xFF03,0xBE70,0x0040,0xA81F,0xF000,0x0000,0x0000,0x0000,
    0xC60B,0x0F34,0x5C00,0x1197,0x00E3,0x0696,0x433B,0x5EBF,0xFD1C,0x3942,0xFB81,0xFEAF,0x8405,0x650E,0xA85C,0x90A0,0x1FFF,0xFFFD,0xAFC4,0x3325,
    0x39FC,0xFB6B,0xF3FF,0xEFA8,0xFF6F,0xDF7D,0xBFD6,0xA958,0x0FE3,0xC141,0x047E,0x017F,0xEDE5,0x3D4E,0x893C,0xC6BE,0x0B70,0x8FCA,0x5184,0x10A0,
    0x0085,0xE060,0x5E95,0xCF8B,0xEFDC,0xFE96,0x43F9,0x76A7,0xFD1D,0x7940,0x0400,0x0179,0x0BFE,0x83A7,0xFE83,0x7FD0,0x0000,0x0000,0x01BF,0xDCFA,
    0x0002,0x0740,0x3000,0x1FD6,0x001C,0x8315,0xBC04,0xA140,0x0FEE,0x07FE,0xFB81,0xFE80,0x69E3,0xFA68,0x5060,0x573E,0x1C8F,0xE000,0x0078,0x08C0,
    0x0000,0x0080,0x0000,0x3FFC,0x00E3,0x006A,0x0003,0x1EBF,0xF01C,0x0003,0xFFFF,0xFFFF,0xF600,0x1C10,0x201F,0xB80F,0xE000,0x0000,0x0000,0x0000,
    0xA01F,0x3E24,0x2C01,0x300B,0x0028,0x04D5,0x0207,0xAD6F,0x7DBE,0x13FF,0xFD7D,0xD70F,0x945F,0x4159,0x0B60,0xE341,0xFFFF,0xFF7F,0xFD40,0x2257,
    0x5FE5,0xC02B,0xD3FE,0xC560,0xFBDF,0x536E,0xEDF8,0x56B8,0xA3C5,0xF7DE,0x0282,0x2AFF,0xBCD4,0x9811,0x69F0,0xF34D,0x9D9F,0x9CE0,0x0153,0x02C0,
    0x0A07,0xE010,0x3E2B,0x6563,0xE6E2,0xECD5,0x03E7,0xEB67,0x5DBB,0xD3FE,0x0280,0x2AFB,0xCBE5,0x42A7,0x9CDF,0x1FE0,0x0000,0x0000,0x03FF,0xDFE8,
    0x0000,0x0200,0x1800,0x3FDE,0x001F,0x8344,0xFC18,0x1290,0x81DC,0x3FDF,0xFD7D,0xD500,0x788A,0x1B4E,0x7010,0x1CAD,0xEE7D,0xE000,0x00BB,0x1D80,
    0x0000,0x01E0,0x0000,0x1FEC,0x0020,0x003B,0x0003,0x0D0F,0x7E3C,0x0021,0xFFFF,0xFFFF,0xE701,0xFC00,0x002F,0xE01E,0x0000,0x0000,0x0000,0x0000,
    0xC03B,0x8A06,0x0400,0x001E,0x0008,0x8167,0x8698,0xAEFF,0xBD68,0x3DC8,0xFF1F,0xA0BF,0x2840,0x223D,0x305A,0x5100,0xBFFF,0xFFFF,0xFE40,0x801F,
    0x3FC4,0xF629,0xFBFF,0xD0C0,0xFFFD,0xFABE,0xFBE7,0x5700,0x42FF,0xC3FF,0x00FD,0xFFFF,0xE907,0xCA25,0x2258,0xF16C,0x84CA,0x8561,0x00F0,0xC000,
    0x0001,0x6030,0x0E07,0x40D8,0xABFA,0xC567,0x87F8,0xFCFF,0xBD53,0x3DC8,0x00FD,0xFFFF,0x17BC,0x23DB,0xFDA7,0xAFE0,0x0000,0x0000,0x01BF,0x7FE0,
    0x0002,0x0030,0x0400,0x2FFF,0x0007,0x02BE,0xF807,0x0100,0x407C,0x43CE,0xFF02,0x0000,0xF1C3,0xC9C2,0x0802,0xAAEC,0xBF3D,0xF008,0x00BE,0x57C0,
    0x0000,0x01C0,0x0000,0x1FE6,0x0000,0x0001,0x0000,0x0E0F,0xBFB8,0x3C31,0xFFFF,0xFFFF,0xCE00,0x3C7C,0x107F,0x501F,0x4000,0x0000,0x0041,0x8800,
    0xC089,0x0BA6,0x0800,0x3036,0x0009,0x8245,0x8645,0xDFF7,0xFF5A,0x7D83,0x5EED,0x7A5E,0x2177,0x218C,0xF14D,0x8A00,0x77FF,0xFFFF,0xFE00,0x083F,
    0x2377,0xF6A9,0xF1FF,0xCDC0,0xFFF9,0xD8BB,0xF9FA,0x2608,0x15E5,0xBAF8,0xABFF,0xFFFE,0xB368,0x8D5C,0x59ED,0xEA3A,0x7FF6,0xABBF,0x0002,0xEC00,
    0x1E03,0xE050,0x282B,0xFDC6,0x61FF,0xEF45,0x87FD,0xF9F7,0xFF7B,0x7D83,0x2BB3,0xC5DF,0x5F8A,0xDC57,0x3FBA,0x7FF0,0x2000,0x0000,0x01FF,0xF7C0,
    0x0000,0x01F0,0x0600,0x17FF,0x0006,0x01B9,0xF802,0x0008,0x1434,0x3A84,0x544C,0x3A01,0xF215,0x3DD0,0x00B0,0x71FA,0x5F79,0x5000,0x00FE,0xF700,
    0x0000,0x0000,0x0000,0x0FF0,0x0000,0x0002,0x0000,0x0E07,0xEBF8,0x057B,0xFFFF,0xFFFF,0xCC00,0x0228,0x0047,0x800F,0x8000,0x0000,0x0001,0x0800,
    0x92AC,0x0537,0x0600,0x301F,0x0002,0xC0AF,0x06C7,0xBAFE,0xFD92,0x9F97,0x303F,0xFFCE,0x07EA,0x8044,0x8CC4,0x2902,0x69FF,0xFFFF,0xFED0,0xC0BF,
    0x6AD3,0xBA98,0xF1FF,0xC700,0xFFFE,0xFD11,0xFBB8,0x4701,0x02ED,0x5F6A,0xEFFF,0xFFFE,0x1E95,0x0C1C,0xBCE7,0x287A,0x7DBB,0xFF6F,0x86D5,0xF880,
    0x0783,0xE0F8,0x3703,0xF71F,0xAE1F,0xC6EF,0x07FF,0xFAFE,0xFDF3,0xDF87,0x2FE0,0x00CF,0xB880,0x5FB9,0xCFBB,0xF6F8,0x7800,0x0000,0x017F,0x3FC0,
    0x0000,0x0040,0x0E00,0x1EF7,0x0001,0x0351,0xF800,0x0501,0x0274,0x3F12,0x101F,0xFF21,0xB96F,0xDEF8,0x303B,0x807A,0x05C4,0x0000,0x000F,0x3800,
    0x0000,0x0000,0x0000,0x0FE0,0x0000,0x0002,0x0000,0x0206,0xFDF8,0x00FD,0xFFFF,0xFFDF,0xC600,0x2006,0x0044,0x0005,0x8600,0x0000,0x0000,0xC000,
    0xFA3C,0xCA17,0x0080,0xA92B,0x0009,0x02BC,0xE7E1,0xDDC9,0x2F9C,0x0F98,0x145F,0xFF2B,0x2466,0x44EE,0x8B10,0x0101,0x81FF,0xFF7D,0xFD00,0x11FF,
    0x0243,0x35E8,0xF97F,0x4410,0xFFF7,0xFC53,0x985E,0x2236,0xD1F3,0xDAFF,0xFFFF,0xFFDD,0xED4A,0xE0F2,0xB3B1,0x2301,0x23A1,0xFC65,0x8500,0x9100,
    0x05C0,0x00F0,0x5915,0xA41A,0xD7F7,0xE3BC,0xE7FD,0xFDF9,0x2FEF,0x4F98,0x17A0,0x012B,0x595B,0xBF1F,0xCFFF,0xFCFE,0x5000,0x0082,0x07FF,0xFE00,
    0x0000,0x0000,0x0600,0x1BEF,0x0008,0x0143,0x1802,0x0206,0x8170,0x2A80,0x005F,0xFED4,0xF925,0xB510,0x54AF,0xE000,0x83F6,0x0100,0x0091,0xC800,
    0x0000,0x0000,0x0000,0x0FF1,0x0000,0x0000,0x0000,0x0000,0x7EF8,0x157F,0xFFFF,0xFF2B,0x8680,0x4FEC,0x2840,0x0000,0x0E00,0x0000,0x0000,0x0000,
    0xFF0C,0x8435,0x4120,0x8C1F,0x0000,0xA35D,0xFE9F,0xFFD8,0x43BA,0x015E,0x2FDF,0xFF03,0x6CBB,0xFD7E,0x56E0,0x82DF,0x26BB,0xE33F,0xDB06,0x9FFF,
    0x0133,0x7BEA,0xBADF,0x6100,0x7FFF,0x76A2,0x5560,0x0023,0xBC55,0xFFBF,0x7FFF,0xEDFD,0x6D02,0x006B,0xFFE1,0xC222,0x46B8,0x4207,0xD3FE,0x960A,
    0x00C1,0x6050,0x1B02,0xE107,0x2AFF,0xEF5D,0xFFBF,0xFFF9,0x43EB,0xE15E,0xAFE0,0x1302,0xA345,0xFFDC,0x731F,0x7D00,0x9814,0x1CC0,0x24F9,0x6000,
    0x0000,0x0000,0x0400,0x1EFB,0x8000,0x00A2,0x0040,0x0006,0x80F4,0x0100,0x801F,0xFEFC,0xC3BD,0xFE20,0xA91B,0x6000,0x06AB,0x2020,0x04F8,0x4000,
    0x0000,0x0000,0x0000,0x0FF8,0x0000,0x0000,0x0000,0x0000,0x7FF8,0x1EFF,0xFFFF,0xFF03,0xBC03,0xFF10,0x74E4,0x8000,0x0140,0x0000,0x0300,0x8000,
    0xFF02,0x8013,0x8080,0x0DAB,0x0004,0x843D,0xD77F,0xF8FF,0xAB3C,0x8800,0x5FFF,0xCF07,0x95D8,0x6E99,0x0895,0x4A7E,0xD48B,0xEFDF,0xC425,0xF7FF,
    0x20BD,0xFFEC,0x7A7F,0xE000,0x7FFB,0x7BE3,0x2A00,0x0200,0x7FD7,0x7FFF,0xDFFF,0x56F9,0x1548,0x0F47,0x7CB7,0x48C1,0x78BD,0xCD55,0xE465,0xF71E,
    0x0043,0x60D0,0x32A1,0xE803,0x76FF,0xFE3D,0xD7FF,0xF8FF,0x81EF,0xE800,0x7FF0,0xAF06,0xA327,0xF52E,0xEF7A,0xF500,0x0800,0x1C20,0x7FDE,0x4800,
    0x0000,0x0000,0x0500,0x1FFF,0x8000,0x01C2,0x2880,0x0700,0x40E0,0x0000,0x200F,0xE8F8,0xA69F,0xF090,0xEC22,0x0000,0x04BF,0x3002,0x2848,0x0000,
    0x0000,0x0000,0x0000,0x07F8,0x0000,0x0000,0x0100,0x0000,0x3FF8,0x1FFF,0xFFFF,0xFF07,0xF807,0xFE00,0x73CD,0x0000,0x0374,0x0000,0x03B0,0x0000,
    0xFE01,0x24A1,0x4080,0x068B,0x4004,0x8B1D,0xEC7F,0xFD3B,0x9F45,0x14B0,0x3FFF,0xF50E,0x03F1,0x37CD,0x2D01,0x12C7,0x2101,0xDBEF,0xC830,0x13FF,
    0x017E,0xDBFE,0xBB7F,0xE000,0x3FFB,0xD1E2,0x0680,0x0280,0x6797,0xFFFF,0xFFFF,0xCAF2,0x2803,0x3563,0xD591,0x0718,0x05FF,0xABA0,0xFC78,0x533C,
    0x0081,0x5018,0x1BF9,0xE009,0x7FFE,0xFF1D,0xF97F,0xFD3B,0x9AEF,0xB4B0,0x3BFB,0x750D,0xCC0C,0xDF98,0x6AFF,0xE828,0xC000,0x2C10,0x77CF,0xEC00,
    0x0000,0x2000,0x0480,0x1FFF,0x8001,0x00E2,0x1180,0x02C4,0x41F8,0x1000,0x0404,0x80F1,0xEFFE,0xC004,0x60F6,0x0000,0x65FF,0xD402,0x344C,0xCC00,
    0x0000,0x0000,0x0000,0x07F2,0x0000,0x0000,0x0E00,0x0000,0x3FF0,0x0FFF,0xFFFF,0xFF0F,0xF00F,0xE200,0xFF08,0x0000,0x1EFE,0x0000,0x0BB0,0x0000,
    0xFF02,0xA160,0x4040,0x1D9F,0x4000,0xCA80,0x4133,0xF96D,0xD672,0x08FF,0xFC95,0xDF9C,0x0DD9,0x3A31,0x9240,0x9BFA,0xC001,0xF9FF,0x8244,0x03EF,
    0x01FD,0x5EDB,0xB9BF,0xE000,0x3FFF,0x353F,0xBEEC,0x0380,0x29BF,0xBFFF,0xFFFF,0xF064,0x0DD1,0x25CA,0x9AC8,0xC63D,0x5EFD,0xF9D3,0x2256,0x43E8,
    0x0001,0xE01C,0x09FC,0xFC0E,0x7F7F,0xFAC0,0x411B,0xF96D,0xD7C2,0xC8FF,0xFFFD,0xDF9F,0xF22C,0xAF8C,0x6DFF,0x2028,0x0000,0x0600,0x7DBF,0xFC10,
    0x0000,0x0000,0x0600,0x0FFF,0x8000,0x057F,0xBECC,0x0792,0x29E4,0x1000,0x0000,0x3063,0xFFFD,0x9011,0x399C,0x0010,0xDEFD,0xE000,0x201A,0xEC00,
    0x0000,0x0000,0x0000,0x03F1,0x0000,0x0080,0x0030,0x0000,0x17F8,0x0FFF,0xFFFF,0xCF9F,0xF00E,0xC000,0xE600,0x0000,0x3FFE,0x0000,0x1FE0,0x0000,
    0xFF07,0x54A0,0x4000,0x0DCF,0x0000,0x2B88,0x090D,0xDA21,0x03BB,0x0B60,0x470F,0xBF70,0x0258,0x6BA2,0xE0FD,0xFBFC,0x0001,0xFFFF,0xE234,0x015F,
    0x0378,0x2B7D,0xBB7F,0xE000,0x3FFF,0xD477,0xF248,0xA5DA,0x5FCE,0x3FFF,0xFFFC,0x4A88,0x02D2,0x7475,0xCEFD,0x5478,0x3BF9,0x87A9,0xF334,0xC05E,
    0x00A0,0x384B,0x1B5D,0xA80A,0x3A7F,0xFB88,0x0DEB,0xDA21,0x01F3,0x0B7F,0xFFFF,0xBF77,0xF4AC,0x9FDD,0x3FCE,0x0037,0x8000,0x0000,0x3DCF,0xFEA0,
    0x0000,0xC000,0x0480,0x1FFF,0xC000,0x0477,0xF664,0x25DE,0xFFFA,0xF000,0x0000,0x4A87,0xF2FE,0xE002,0x7F00,0x0008,0x3BF9,0xF000,0x1109,0xF800,
    0x0000,0x0000,0x0000,0x07F5,0x0000,0x0388,0x01B0,0x0000,0x03FD,0x0FFF,0xFFFF,0xB57F,0xFD0F,0x8000,0xE000,0x0014,0x7FFE,0x0000,0x0EF0,0x0000,
    0x7F86,0x3960,0x2B48,0x0D8F,0x2000,0xF9DF,0x813F,0x8047,0x0A7C,0xEBB3,0xC01F,0xD804,0x00B8,0x39A9,0xFC89,0xFE77,0x801F,0xDFFF,0x9D19,0x25FF,
    0x90B9,0xC7BE,0xD0B7,0xE000,0x1FFF,0x0660,0x7E2E,0x7BB8,0xFFAF,0xBFFF,0xFFFC,0x67F0,0x17F1,0x6E76,0xD288,0x035F,0xFE1C,0x0FCF,0x9D1B,0x2DD0,
    0x8040,0x3C05,0x0BDF,0xA806,0x3EBE,0xF9DF,0x81C0,0x8047,0x0FD3,0xEBBC,0x3FDF,0x980F,0xE96E,0x8FDE,0xAFFE,0x0080,0x0000,0x2000,0x62FE,0xFE00,
    0x0000,0xC040,0x0400,0x1FFF,0xC000,0x0620,0x7FF0,0x7F38,0xFFFC,0x3803,0xC004,0x400F,0xFBCF,0xF001,0x3300,0x0063,0xFE1F,0xD000,0x60E6,0xC82E,
    0x0000,0x0000,0x0000,0x07F9,0x0000,0x019F,0x8140,0x00C7,0x07FF,0xC7FF,0xFFFB,0xBFFF,0xFC1F,0xC000,0xEC00,0x001C,0x7FE0,0x0000,0x1F01,0x0000,
    0xCBC4,0xB410,0x0002,0x18CF,0xA808,0x73BE,0xF53F,0x84A6,0xD28B,0xF84D,0xEABB,0xEED5,0xEA6D,0x388B,0xBEAB,0xFFB8,0x00BF,0xFBBF,0x4008,0x15C3,
    0x94BB,0x43EF,0xD978,0xE000,0x17F7,0x8541,0x0958,0xFB59,0x3DF1,0xD7FF,0xFFED,0xFEF5,0xFCE3,0x1736,0x8BAA,0x40FD,0x0EB0,0x1BBD,0x4F0C,0x94C1,
    0x2000,0xB467,0xB94A,0xD802,0xBE70,0xF2BE,0xF640,0x04A6,0xDF0F,0x0032,0x15BA,0x010A,0x01FC,0xCFE7,0x74FC,0x0002,0xF000,0x0440,0xFFFF,0xFA00,
    0x8000,0x4800,0x0685,0x1FFF,0xC008,0x0D41,0x0860,0x7B58,0x2E04,0x014D,0xEA28,0x110A,0x139E,0xF008,0x6B10,0x01C7,0xFEBF,0xE002,0x3FC6,0x8043,
    0x0000,0x0000,0x0000,0x07FD,0x0000,0x029E,0xF780,0x00A7,0xDFF8,0x00FF,0xFFD7,0xFFFF,0xFC1F,0xC001,0xF400,0x007F,0xFF40,0x0000,0x0000,0x003C,
    0x71A6,0x4481,0x0087,0x1C4F,0xDC30,0x091F,0xEBDF,0xD5E2,0xBFEC,0x7FFF,0xFBF5,0x1DE9,0x2D62,0x2932,0x4FD2,0xBEC8,0x03FE,0xFB5D,0x64E6,0x7FC0,
    0x8F59,0xBBDE,0xFC78,0xE000,0x03CF,0xE6F1,0x16D8,0x6A0F,0x6940,0x202F,0xDFAD,0x3DE9,0xFE23,0x3EEA,0xFF53,0xD4D9,0xDFEC,0x405D,0x44E6,0x569C,
    0x0010,0x4467,0xACCF,0xF800,0xDFFC,0xC91F,0xFC20,0x55F2,0xB013,0x8050,0x27F2,0xC216,0xC19C,0x97DC,0x807D,0x0156,0x2001,0x04A2,0x9BDF,0x8000,
    0x8000,0x3800,0x0300,0x0FFF,0xE000,0x36F0,0x1780,0x2A07,0x00EC,0x003F,0xF822,0xE216,0xD2FD,0xB802,0xDBA0,0x0097,0xFFFA,0xBB00,0x3E01,0x005C,
    0x0000,0x0000,0x0000,0x07FF,0x0000,0x010E,0xEA00,0x15E8,0xF000,0x007F,0xFFDF,0xFFFB,0x3D1F,0xC001,0x2400,0x006F,0xFC00,0x0000,0x0000,0x003F,
    0xD360,0x5001,0x0387,0x1C4D,0xD062,0x3884,0xA83F,0x80A6,0x7FFF,0x0DFF,0xF09C,0x23D1,0x2FC0,0x0882,0xDFF3,0xBFF8,0x03FB,0xFF75,0x9002,0xFE40,
    0xACDF,0xABFE,0xFC78,0xE000,0x0F9D,0xCBFF,0x51F0,0x3B6D,0x994C,0x4840,0x0FFC,0xEFF3,0x2EC0,0xF577,0xE5F3,0x5F5F,0xF3E2,0x0E04,0x9002,0x8612,
    0x0000,0xD02F,0x8BE7,0xF800,0x5FEE,0xF804,0xAE00,0x44B2,0x4000,0xF03F,0xF897,0x0C2E,0xD5BC,0x7E3D,0x253C,0x4020,0x0004,0x008A,0x6FFF,0x0000,
    0x0000,0x2C00,0x0000,0x0FFF,0xE010,0x0FF7,0x03E0,0x0001,0x80FF,0x003F,0xF013,0xCC0E,0xF27C,0xF080,0x5AC0,0xA0C7,0xF3F9,0xFF71,0x0F00,0x0252,
    0x0000,0x0000,0x0000,0x07FF,0x8000,0x0008,0x7DC0,0x3FCA,0x4000,0x003F,0xFFEF,0xF3F1,0x1D1F,0x8003,0xE000,0x003F,0xFC00,0x0000,0x0000,0x01BF,
    0xE282,0x6509,0x8002,0x1C4E,0xE81B,0x600A,0x1A1F,0xC032,0xBFD7,0x8BBF,0xF260,0x8248,0xD0A6,0x0D1D,0x0FFE,0x6F20,0x0BEF,0x717C,0x1833,0xFC00,
    0x9D7D,0xDBA3,0x7F7C,0xE000,0x07AE,0x9FF5,0x62E0,0x6797,0x7FD6,0x80CC,0x2FF8,0xAFD9,0xF7EF,0x32A0,0x0D6D,0x4BFB,0xABC0,0x1560,0x1B32,0x033C,
    0x0008,0x6C5D,0x816E,0xFC00,0x2F9F,0x600A,0x9D00,0x184A,0xA100,0xFC33,0xD247,0x2DBF,0xCC9B,0xD77F,0xFC15,0xD014,0x0010,0x8083,0xFBFC,0x0000,
    0x0000,0x1006,0x0081,0x0FFF,0xF060,0x1FF5,0x87F0,0x0044,0x40D7,0x003F,0xF207,0x2F93,0x3E79,0xF803,0xC3AA,0x245F,0xABEF,0x757C,0x03C0,0x1F3C,
    0x0000,0x0000,0x0000,0x03FF,0xC000,0x000A,0x79E0,0x3F83,0x8028,0x007F,0xFDFF,0xD060,0x0914,0xE007,0x8050,0x002F,0xF400,0x0E00,0x0400,0x03FF,
    0xF381,0x2815,0x4140,0x9E25,0x706F,0x4000,0x253D,0xE1DD,0x4D24,0xE9FF,0x9001,0x0610,0x3051,0x023F,0x1DED,0x97F0,0x7F2F,0xF8FD,0x6807,0xE800,
    0x8C7E,0xE7FE,0xBE3E,0x4000,0x0790,0xBFFF,0xECB0,0x2647,0xB46D,0xE3F4,0x7F81,0xCD90,0x2F7D,0x91C7,0x08EF,0xC5FF,0x7A27,0xEAD1,0x8B04,0x29CF,
    0x0008,0x6E3D,0x4376,0xDC00,0x17EF,0x6000,0x5740,0x39E4,0x4F02,0xFD8B,0xF07E,0xE3AF,0xFDAE,0x7F30,0xEA12,0x4840,0x00D0,0x002A,0x81F8,0x0200,
    0x0000,0x1002,0x8081,0x2FFF,0xF810,0x1FFF,0xC3D0,0x0020,0x206F,0x007F,0x806E,0xEDAB,0x8DEF,0xF80C,0x9517,0xD20F,0x7F0F,0xFAD5,0xE380,0x0BCF,
    0x0000,0x0001,0x0000,0x03FF,0xE000,0x0000,0x39E0,0x1F83,0xD1D8,0x00FF,0xFFFF,0x1270,0x0210,0xE007,0x0078,0x203F,0x8000,0x0700,0x1E00,0x17FF,
    0xA882,0x841D,0x4082,0x9E2B,0xF35E,0x5106,0xFE3F,0xF09A,0x67E5,0xF83F,0x7F52,0xA23F,0xB350,0x844D,0x2DCF,0xCD10,0x7F08,0x03FB,0x00FF,0xC000,
    0xD77D,0x63DF,0xFE5C,0xC000,0x00A5,0xAEF9,0x3C20,0x0F01,0x99FF,0x7CFF,0xFF57,0xE7FF,0x9E3C,0x96FD,0x0CCD,0x59BA,0x6208,0x03C7,0x0C4F,0x4F82,
    0x000C,0x173F,0xC6DE,0x9C00,0x33DE,0x7106,0xD100,0x10E6,0x671B,0xDBC0,0xFEAD,0x7DCF,0xF5EF,0x7F4A,0x5E31,0x1264,0x00F8,0x0052,0xA048,0x2000,
    0x0000,0x1800,0x01A1,0xEFFF,0xFC21,0x0EF9,0x0730,0x2020,0x983F,0x053F,0x00A5,0x5FF0,0x0CAC,0x7833,0x2136,0xDC6E,0x7F00,0x03AC,0xACB0,0x0F82,
    0x0000,0x0000,0x0000,0x03FF,0xC000,0x0004,0xF8C0,0x1F83,0x63C0,0x80FF,0xFFFA,0x8000,0x0350,0xE00F,0x8078,0x201F,0x8007,0xFC01,0xDF00,0x1FFF,
    0xF141,0x2D05,0xC010,0x2C33,0xFB6E,0x19E6,0x75FF,0xE13D,0x10D4,0xB7BA,0x4685,0x88BC,0x73BA,0x5550,0xEB49,0xB840,0xFDC8,0x15DF,0x024A,0xE01E,
    0x4CBE,0xD0F0,0xBE6F,0xD000,0x0091,0xE619,0x95FC,0x3E96,0xEFBB,0x7D7F,0xF6A7,0xC9BC,0x7778,0x64F9,0xAB49,0xFAAE,0xC102,0x29AF,0xFE42,0xDF90,
    0x0208,0x1DDF,0xEA7B,0xFC00,0xBBEE,0xD9E6,0x6A00,0x0161,0x1174,0xB787,0xBF5A,0x7F7F,0xFCE5,0xBBD7,0x1E96,0x4D40,0x0332,0x00A8,0x0085,0x0000,
    0x0000,0x0200,0x0183,0xEFFF,0xFC11,0x0619,0x8030,0x0000,0x0EC2,0x4838,0x4072,0x77C3,0x0C66,0xE887,0xC054,0x500E,0xFCCA,0x2956,0xFEC8,0x3F9E,
    0x0000,0x0000,0x0007,0xF3FF,0x4000,0x0100,0x7DC0,0x1FA3,0xF1FD,0x80FF,0xFFFD,0x8000,0x0398,0x507E,0x003F,0xA07F,0x0005,0xFE01,0xFD30,0x1FE1,
    0xA001,0xF601,0x1020,0x8E2B,0xFBDF,0x84DB,0x5A8F,0xE0FE,0x0E21,0x3042,0x30E6,0x0224,0xA552,0xE50F,0xCBEB,0xA680,0xBF78,0x0358,0x00DB,0x8007,
    0x46FE,0x19AB,0xBE4F,0x3800,0x0020,0x7B24,0xBC1A,0x0F70,0xB1FF,0xFEFF,0xF8E7,0xD22E,0x9FFE,0xC79F,0x0BE1,0xA786,0x8068,0x0659,0x3CD3,0x9F20,
    0x1F08,0x0FFE,0xD46F,0xEC00,0x7BDF,0xFCFB,0x5D80,0x10F3,0x4FD9,0x31DB,0xDF19,0xFFF5,0xE04F,0xBAE0,0x34DE,0x58F0,0x40E8,0x05FA,0x8004,0x4000,
    0x0F00,0x0000,0x619F,0xA7FF,0xFC20,0x0304,0xA79C,0x1000,0x01D9,0x4600,0x2309,0xFDDB,0x180C,0x90EF,0xC01F,0x6056,0xFF90,0x0603,0xBCD8,0x1F27,
    0x0000,0x0000,0x000F,0xDBFF,0x8000,0x0000,0x19F0,0x0F83,0xFFA6,0x883F,0xFFFE,0x0000,0x07F0,0x611C,0x003F,0x802F,0x0007,0xF807,0xFF20,0x3FF8,
    0x9981,0xD606,0x8011,0x8613,0xFE67,0x5DBF,0xFA2F,0xE0EC,0x5CFD,0xEA1F,0x6118,0x01F3,0xE41A,0x0C9F,0x8126,0xF112,0x6E5C,0x7EBE,0x02FC,0xC02F,
    0x5B7E,0x39FD,0x3E7F,0xBC01,0x0098,0xB240,0x042A,0x0F25,0xA35F,0x677F,0xF9FF,0x81FB,0xFBFE,0xED1A,0x8964,0xF38A,0x6C0D,0x3EBF,0x1EF4,0x5D6B,
    0x3E20,0x0F9E,0xDA6E,0x7401,0xFEE7,0x7DFF,0xFD80,0x10D2,0x5DA5,0xFA9E,0xFE47,0xFFF7,0xFF27,0x5AE2,0xFE9B,0x5D68,0x1FA1,0x57E0,0x0003,0x4000,
    0x0680,0x0000,0x219F,0x73FE,0xFD18,0x8200,0x07AC,0x0002,0x21F1,0x4561,0x0647,0xFE0C,0x1B24,0x716D,0x005B,0x00BA,0x71C5,0x3815,0x1EF8,0x9D6F,
    0x0100,0x0000,0x001F,0x8FFF,0x0000,0x0000,0x39D0,0x0FC1,0xDFFE,0x881F,0xFFB8,0x0000,0x04D8,0x8098,0x003F,0xA045,0x8202,0x800B,0xFD00,0x3FD0,
    0x2C02,0x7400,0x0038,0x0213,0xF9CF,0x91E7,0xCAFF,0x717D,0x0C0A,0xEF79,0x6250,0x029C,0xF8F4,0x101A,0x8003,0x001D,0x10FF,0xF410,0x3FFF,0x833F,
    0xEDFD,0x9BFD,0xFE51,0x1C01,0x0010,0x6E18,0x1788,0x06B6,0xF3FF,0x8F4F,0xFADE,0x23E0,0xF7DC,0x91DE,0x8023,0x8055,0x9543,0xD41F,0x3FFB,0xBB20,
    0x3FD0,0x0F83,0x746F,0xF601,0x79CF,0x91E7,0xCD00,0x0971,0x0FF6,0xFFFF,0xFFEF,0xFE9F,0xFD2F,0x7EE7,0xFFF8,0x7FB6,0xF901,0xDFE0,0x0008,0x8000,
    0x0300,0x0000,0x019F,0xF3FF,0xFE30,0x6E18,0x377C,0x0802,0xF1F8,0x8008,0x050F,0xFD43,0x14E9,0xE1EC,0x007A,0xE12B,0xE982,0x200F,0x3FF7,0x3B3F,
    0x0000,0x0000,0x001E,0x0DFE,0x8000,0x0100,0x0880,0x07C1,0x0FFF,0x4017,0xFFF0,0x003C,0x0BF0,0x0018,0x001F,0x00C0,0x0600,0x001F,0xC000,0x7CC0,
    0x6860,0xD410,0x0C3C,0x0302,0xFC57,0xCA97,0xEBBF,0xF07E,0x50BA,0xE823,0x5680,0x8900,0x41C6,0x4403,0x8095,0x7025,0x65FF,0xCC40,0x2BFC,0xC2FF,
    0x68DF,0x2BEF,0xFA13,0x7C01,0x0028,0x3768,0x1294,0x17AD,0xAFEF,0xBD7F,0xFECC,0x27B6,0x51F6,0x6603,0x85D5,0x7064,0x7D81,0xCC4F,0xEAF8,0xD629,
    0xFFF8,0x0F00,0x1C2D,0xFC00,0xFC57,0xCA97,0xEC00,0x0846,0x53F6,0xEA8B,0xF97F,0xD95F,0xFEEF,0xF9FF,0xFAA3,0xFFFF,0xEA01,0xFFE0,0x0000,0x0000,
    0x0380,0x0000,0x03DF,0xFBFE,0xFFA8,0x3748,0x13B8,0x0001,0xABF8,0x8404,0x069F,0x76FF,0xBFE8,0x31F8,0x0163,0x8050,0x9A00,0x002F,0xEBFC,0xD6D4,
    0x0000,0x0000,0x001E,0x07FF,0x0000,0x08B0,0x0C40,0x07C2,0x57FF,0x4003,0xFFF0,0x8800,0x01F0,0x001C,0x001E,0x0081,0x0400,0x001F,0xD403,0x3D00,
    0x5042,0xA080,0x1B39,0x8518,0xFC45,0xCFAB,0xF37F,0x70AB,0x039B,0x4E0B,0x01F4,0x4580,0xC0A6,0x4006,0x23CB,0xE33B,0xBBFF,0x8234,0xFE60,0xE07F,
    0xD1C3,0x5F7F,0xF611,0x9A00,0x010A,0x3054,0x00EB,0x076C,0x7EEF,0xEDF5,0xFDFD,0x7E38,0xF7DE,0x41A4,0xA2EA,0xA24F,0xFD01,0x821E,0xEEEC,0xC220,
    0x7FBE,0x0781,0xDB2E,0x7E01,0xFC45,0xCFAB,0xFC80,0x0C93,0x07F7,0x5C1F,0xFE0E,0xE5FF,0xE9FF,0xFEFB,0xDFC5,0xFFFB,0xF400,0xFFC0,0x0000,0x4000,
    0x27B8,0x0000,0x04DE,0xF9FF,0xFFBA,0x3014,0x06B0,0x0404,0xF3F8,0x6001,0x000F,0xFA7F,0x2DF8,0x21E9,0x0024,0x0044,0x0600,0x202E,0xFEEC,0xA25F,
    0x0044,0x0000,0x001F,0x07FE,0x0000,0x0FEB,0x0C40,0x03C3,0x0FFF,0x8000,0xFFF0,0x0180,0x13E0,0x001C,0x011F,0x01B0,0x1800,0x001B,0x019F,0x1F80,
    0x2608,0xD000,0x000F,0x7118,0xFD6A,0xFFC1,0x07FF,0xFD4B,0xF99E,0xEB81,0x4A40,0x4000,0x5324,0xD433,0x8BC6,0xDE0A,0x3BFF,0xBAE5,0x5C00,0xB9FA,
    0x261E,0x2FFF,0xFF1D,0x4A02,0x8175,0x023E,0xB650,0x0588,0x0FEF,0xDC5E,0xFBFB,0xBF94,0xE7E4,0xD773,0x2BDE,0xD669,0xF200,0xB2EB,0x5DFC,0xAD12,
    0xFFF5,0x0383,0xEF00,0x0E03,0xFD6A,0xFFC1,0x0800,0x0377,0xFEF6,0xF83F,0xB4BF,0xE07F,0x79FF,0xFACF,0xD7B1,0xF7BE,0x7E00,0xF7EA,0x0000,0x4000,
    0x01B4,0x0000,0x00E3,0x7DFC,0xFFF5,0x0200,0xE9E6,0x0030,0x07F8,0xC000,0x78BF,0xBFFF,0xAFD8,0x21CC,0x0079,0x0825,0x8C00,0x080F,0x5DFC,0xFDEA,
    0x004A,0x0000,0x001C,0x83FE,0x0000,0x0DFF,0x1C00,0x00C2,0xFFFF,0x2000,0xFF40,0x4000,0x13E0,0x0038,0x000E,0x01D2,0x0C00,0x0010,0xA3FF,0x0605,
    0x1201,0x5000,0x00BA,0xF903,0xFFC8,0x67DF,0xBE7F,0x78BC,0xE1BF,0x5A00,0x848A,0x8200,0xA541,0x3207,0x876C,0x541B,0xCF6F,0x68B4,0x3801,0x61F0,
    0x928F,0xAE7F,0xFF1A,0xFB03,0x8156,0x9D20,0x5D14,0x061E,0xBDDF,0xEBFF,0x2F7C,0x3D10,0x8FD1,0x32CB,0xC7FF,0x5421,0xA920,0x48B4,0xBFFD,0x6022,
    0x6FFE,0x03C0,0xF7B5,0x1402,0xBF50,0x67DF,0xA080,0x07E5,0xEEE7,0x543F,0xF8DF,0xC2FF,0xF7BF,0xFF7B,0xFF91,0xFFDF,0xDE90,0xDFFD,0x0000,0x2000,
    0x019E,0x0000,0x004D,0x6DFC,0xFEBF,0x9D20,0x476C,0x0052,0xAFF8,0x6000,0x505D,0x7DFF,0x5BD8,0x014C,0x0091,0xAB00,0x3E00,0x2001,0xBFFD,0x41D2,
    0x0060,0x0000,0x001F,0x83FE,0x41F8,0x02DF,0xB800,0x00A0,0x5FFF,0x8000,0xFFA2,0x8200,0x27E0,0x00B0,0x006E,0x00FA,0x0F00,0x0003,0xC7FE,0x9E0F,
    0x4380,0x6A40,0x0030,0x7C62,0xFDEE,0x77A0,0xD777,0xF3ED,0xE03B,0xE180,0x9715,0x7241,0x5167,0xB40B,0x8FB1,0x8206,0x7DFF,0xD966,0x7200,0xB3F8,
    0xC3A2,0x97FF,0xFF99,0x757E,0x03A3,0x8F5F,0x5BC0,0x0E0F,0xFACF,0xEB7F,0x77EB,0xCD11,0x3F77,0xB70B,0x2F3D,0x92D5,0x9998,0xE963,0x7FF0,0x92E8,
    0x3FFF,0x0020,0x33BA,0x1733,0x3FE2,0x77A0,0xE888,0x01F5,0xFDF3,0xF47F,0xADBF,0xF2FF,0xF75F,0xFEF7,0xFFCE,0x7F2E,0x7E00,0x2FF8,0x0000,0x0000,
    0x007E,0x0000,0x004B,0x6AF0,0xFFBF,0x8F5F,0x4C30,0x0012,0xFCF8,0x6000,0x10AB,0xCDBE,0xA798,0x4278,0x006C,0x7D29,0x8E40,0x700D,0x7FF0,0xB318,
    0x0000,0x0000,0x001F,0x81FC,0xC30C,0x00A0,0xB000,0x0060,0x1FFF,0x8000,0x7F54,0x3240,0x5FE0,0x01F0,0x00F3,0x80D2,0x0F80,0x0003,0x8FFF,0x4C07,
    0x2003,0xB000,0x00F4,0x242A,0x7A8F,0x7700,0x7E7F,0xC02C,0xF91F,0xF245,0x156A,0xBF99,0x2640,0xFD47,0xBF00,0x1103,0x5C3F,0xBFF4,0x0000,0xEFF3,
    0xA003,0xCFFF,0xFF16,0xA5F8,0x0701,0x8DFF,0xB2B0,0x3F95,0xEBEF,0xDFEA,0xBFF7,0xE060,0x7F58,0xFF03,0xCB0C,0x3EC6,0xBE48,0x1FFE,0x9FF8,0xC563,
    0x7FFC,0x0220,0x0DF9,0x9FC5,0x1F9F,0x7700,0x4300,0x00F6,0xD6FF,0xF030,0x493A,0xBF9F,0xBFAF,0xFAFB,0xDFFF,0xF3BB,0x53C0,0x5FF9,0x0000,0x1000,
    0x0034,0x0000,0x000B,0xBBE2,0xFF63,0x8DFF,0x6C00,0x0011,0xFEF0,0x4000,0x1432,0x8006,0x9E8F,0x01DC,0x20AD,0xE6BC,0xABE0,0x200B,0x9FF8,0xEEB3,
    0x0003,0x0000,0x001F,0x40F0,0xE700,0x0200,0xF000,0x0020,0x3DFF,0xA000,0x3FCD,0x7FF9,0x7FF0,0x07F0,0x0072,0x1940,0x0D80,0x0007,0xFFFF,0x000C,
    0x0828,0x5800,0x008D,0x7857,0x7AED,0x0561,0xBFFF,0xF41F,0xD81E,0xC49E,0x9D2A,0x5704,0x2F00,0x08D7,0xBB80,0x781E,0xBF3F,0xE7F8,0x000D,0x3743,
    0x0A2B,0x27FF,0xFF0D,0x51F2,0x0598,0xF837,0xBF80,0x0BFA,0xE8EF,0xFFE1,0x5D3D,0xFCDB,0x7DDD,0x8CD3,0x9D1C,0x365D,0x4838,0x67FC,0x1FAD,0x0152,
    0xF5FF,0x8004,0x3F80,0x172D,0x0672,0x0561,0x4800,0x0001,0xF7F6,0xD200,0x22C2,0x7F2C,0x9FBF,0x7B2B,0xFFFF,0xFDBE,0xAFA0,0x3FF0,0x0000,0x0880,
    0x0007,0x8000,0x0078,0x6D68,0xFE01,0xFABE,0xC000,0x0014,0xBFF8,0x2000,0x1D00,0x3C08,0x3EBD,0x63CC,0x043F,0x9421,0x5F80,0x1804,0x1FAD,0x3653,
    0x0000,0x0000,0x000F,0x80C5,0xFF01,0x0541,0xF000,0x0001,0x7CFF,0xC000,0x1FFF,0xC3F7,0xFF42,0x87F0,0x02E0,0x6BC0,0x07C0,0x000F,0xFFF2,0xC03C,
    0x0303,0x3000,0x000C,0xEFA7,0x7C77,0x5802,0x8FAF,0xF81D,0xA2B7,0xE1F8,0x1FA5,0x9A14,0x8940,0x401F,0xE780,0x3007,0x2F1F,0xC8E8,0x000E,0x3B87,
    0x8683,0xCFFF,0xFF00,0xCF66,0x060F,0x02AD,0xF150,0x07EC,0x434F,0xCF07,0xF7F6,0x7DEF,0xDDFE,0x581F,0x6F96,0x0892,0xC820,0x08ED,0xBF6E,0x2283,
    0x787E,0x0019,0x6F0E,0x1FB8,0x03F1,0x5803,0x7000,0x0003,0xFEFF,0xF400,0xC87F,0x8A14,0xDC9F,0xE7E7,0xF07F,0xF76F,0x3FA0,0x37B5,0x0000,0x0000,
    0x0004,0x0000,0x00FE,0xF011,0xFD00,0xA7FC,0x7E00,0x0010,0x7CF1,0x0000,0x3F8A,0x0004,0x3E9F,0xB008,0x125F,0xCC78,0xC7B0,0x1F5D,0xBF6E,0x3B06,
    0x0000,0x0000,0x000F,0x00E1,0xFE00,0x5803,0x8000,0x0001,0xFDFE,0xE000,0x1FFD,0xFFFB,0xFF60,0x0FF0,0x0FE0,0x3384,0x2FC0,0x0002,0xFFF1,0xC478,
    0x81CD,0x4000,0x0205,0xEE6B,0x3577,0xF800,0x7ADF,0xC03F,0xD2B6,0xFAA0,0x2E89,0xDACD,0xEB0C,0xFEA2,0xE302,0xCC06,0x3B1F,0xE34D,0x000C,0x639F,
    0x83CD,0xBFFF,0xFD8D,0xA47E,0x0FFE,0x5D7E,0x38E0,0x3FCD,0xD7DF,0x4F5F,0xCFAE,0xFFB3,0xFFF1,0x96EA,0xF378,0x22C5,0xE090,0x0F67,0xFEE4,0x621F,
    0x7C3F,0x000F,0xFE08,0x15F9,0x0D51,0xF801,0x8500,0x0003,0xEE6E,0xF005,0xF179,0x64CD,0xDDCE,0xF95F,0xECBF,0xDD3E,0x2F40,0x1CAA,0x0000,0x0000,
    0x0002,0x0000,0x01FD,0xFB80,0xF080,0x5FFC,0xE720,0x0010,0x0CF0,0x0000,0x0ED0,0x0410,0x3EC3,0x1C4D,0x033D,0x3079,0xF7C8,0x1EA7,0xFEEC,0x639E,
    0x0000,0x0000,0x000E,0x0070,0xFA00,0xA003,0x1000,0x0002,0x79FF,0xE000,0x1FFF,0xFBEF,0xFF3C,0x6FB0,0x1FC2,0x4F80,0x0FE0,0x0158,0xFFF3,0x9C60,
    0x07C0,0x0003,0xE0EB,0xFBFB,0x3065,0xEEB8,0xC8AF,0x8018,0xEA57,0x5480,0x1C04,0x7A39,0x9120,0x6828,0xCECC,0x3E22,0x587F,0xE210,0x000F,0xC3FF,
    0xC740,0xFFFC,0x1F61,0xEFEA,0x0F4F,0xEE47,0x84D0,0xFFF2,0x2E6F,0x4F7F,0xFEDE,0xBA47,0xDFDE,0x50E9,0x88FE,0x81C8,0x0C68,0x07F7,0xFAC7,0xC11F,
    0x387F,0x001F,0xFEEC,0x09FD,0x0E71,0xEEB9,0xB720,0x0005,0xD7BF,0xF045,0xF3F5,0x85BB,0xDE71,0xFF56,0xF767,0x7E77,0x5380,0x1C06,0x0000,0x0000,
    0x0080,0x0000,0x017E,0xF011,0xF080,0xFF45,0x7F40,0x000A,0x55F0,0xE000,0x0C20,0xF080,0x3C51,0xEC57,0x2EA3,0xC05D,0xA3B0,0x0DE7,0xFACF,0xC3FE,
    0x0000,0x0000,0x008D,0x0008,0xFF00,0x0002,0x0020,0x0000,0xE8FF,0x0000,0x1FFF,0x007F,0xFFAE,0x1FB8,0x5F1C,0x3FA0,0x57C0,0x03F9,0xFFF0,0x3C00,
    0x0178,0x0000,0xF163,0xE717,0x36FF,0xFC10,0x614C,0xC05F,0x587E,0xC410,0xA938,0xDDD6,0x043E,0xEA49,0x57AA,0xB850,0xFF2F,0xBC14,0x021F,0xC7FF,
    0x801B,0xFFFF,0x0EB9,0xE0EE,0x0CFB,0xFC66,0x4ED3,0xFFB4,0xB8CF,0xABEF,0x5D7C,0xEDAF,0xFFFF,0xFA8C,0x358C,0x5685,0x0EE8,0x46B5,0xFA0C,0x021F,
    0x7E9F,0x800F,0xFF7C,0x1836,0x0100,0xFC11,0x9EE0,0x0003,0xFF36,0xD1C4,0xE7BB,0x227F,0xFA02,0xF5F7,0xC857,0xB97A,0xF550,0x0140,0x0000,0x0000,
    0x0160,0x0000,0x00BF,0x700F,0xFB00,0xFFED,0x2F00,0x0008,0x4578,0xA000,0x1803,0x7028,0x3C38,0x0A86,0x93B5,0x502F,0x0BF8,0x0BE1,0xFA1F,0xC7E0,
    0x0000,0x0000,0x005C,0x8001,0xF000,0x0002,0x0000,0x0003,0xE0FF,0x4000,0x0FFF,0x8057,0xFFFF,0xFF79,0x7C0A,0xAFD0,0xF380,0x07FF,0xFDE0,0x3800,
    0x02B0,0x000C,0x799B,0xFA03,0x1694,0xD003,0x993B,0x41BD,0x46C3,0xA800,0x9EA8,0xEF85,0x08D8,0x161F,0xB3D4,0x7E7C,0xA9C7,0xF612,0x033F,0xCFFF,
    0xA293,0xFFF1,0x8610,0xF58E,0x065F,0x50F8,0x9F77,0xDE57,0xB66F,0x77FF,0x6FFC,0x8D2F,0xFDDB,0xF61C,0x6D10,0x0182,0xAFB4,0x0FDD,0xEF68,0x641F,
    0x5D4F,0x101E,0xFFBC,0x2072,0x094A,0x5002,0x66C0,0xA003,0xDBBB,0xB7C5,0xFFAB,0x1057,0xF726,0xE9E3,0x9C2F,0xFE7D,0xF438,0x000E,0x0068,0x2000,
    0x0038,0x0001,0x005F,0x5001,0xF1D1,0xFFFD,0x0600,0x0008,0x5871,0x4000,0x0002,0xE010,0x7ACE,0x3EB0,0x3FC3,0x8003,0x24F8,0x05CD,0xEF57,0xEFE0,
    0x0000,0x0000,0x003C,0x8001,0xF720,0x8002,0x0800,0x0001,0xE0FE,0x8000,0x0FFF,0x002F,0xFFF1,0xFF7F,0xF004,0x7FFC,0xDB00,0x03F3,0xFC80,0x1000,
    0x21B8,0x0008,0x7DFD,0x6EA3,0x8992,0x9401,0x5F7E,0x38F4,0xC58B,0x3020,0x9457,0x9F9A,0x0822,0xDE33,0xB7BB,0xAEBF,0x7FFD,0xFD66,0x01BF,0xFFFF,
    0xF797,0xFFF6,0x8235,0x81FC,0x0941,0x5C57,0x4FEE,0x7717,0x15AC,0xDFDF,0x6FFF,0x00BB,0x7F7A,0xBE7C,0x5F38,0x5140,0x7D38,0x057F,0xC135,0x44BB,
    0x1C57,0xA818,0x7FFA,0x904F,0x024E,0xB400,0xA081,0xC008,0xFBFB,0x27C7,0xF3D4,0x605F,0x77DF,0xE183,0xA947,0xAEBF,0x8002,0x0218,0x0040,0x4000,
    0x0028,0x0007,0x8078,0xB000,0xF2D1,0xA7FC,0x1200,0x0001,0xF850,0x4000,0x0C03,0xC000,0xF9FD,0x7E30,0x3E84,0x0000,0x7A44,0x011B,0xC1FF,0xBF40,
    0x0000,0x0000,0x003C,0x0000,0xF720,0x7802,0x0C00,0x0000,0xC07F,0x8000,0x07FC,0x003F,0xFF80,0x7FFF,0xF003,0xFFFF,0xFC38,0x00E5,0xFE00,0x0000,
    0x93DB,0xB20F,0x3F73,0x43E0,0xACFF,0xDF03,0xD788,0x8C6C,0x1995,0xE030,0xCA3F,0x5FC0,0x3313,0x7E67,0x374F,0x6A16,0x7FAD,0x7F08,0x02C1,0xFEDE,
    0x6FEC,0x4DF0,0xC0D3,0x2DFF,0x8D2F,0x5F07,0x9FDC,0xD397,0xB9BB,0xBFCF,0x35FE,0xE36F,0xD463,0x6E64,0xBC44,0xF6E9,0x3F2D,0x417F,0xD201,0xB8DE,
    0x0C2F,0xF61F,0x3F3F,0x941E,0xB306,0x2700,0x3A2F,0x6003,0xDEED,0xFFC7,0xFFFC,0xA01F,0xEFED,0xD19F,0x48B7,0x4B96,0xC056,0x80F0,0x0120,0x3921,
    0x0010,0x0800,0xC0F8,0x1001,0x73F0,0xFBFA,0x0820,0x0008,0x4201,0x0000,0x0203,0xB000,0xFBFE,0x3FF0,0x0F00,0x0000,0x7A13,0x0077,0xD2E1,0xC600,
    0x0000,0x0000,0x007C,0x2000,0xE600,0x3C04,0x0440,0x0000,0xE07E,0x4000,0x07FC,0x403F,0xFF80,0x3FFF,0xF003,0xFFFF,0xFC38,0x000F,0xFC1E,0x0000,
    0x5101,0x401A,0x1D17,0x55CC,0x837D,0x10FB,0x5D9E,0xDF3E,0x8F86,0x6131,0xCC3C,0xBBC0,0x43F4,0x5FF8,0x3CBE,0x0696,0xFBC4,0x618E,0x03C1,0xBCED,
    0xAEFE,0xB7E5,0xE244,0x5FF7,0x8A57,0x3DFF,0x9CB7,0xF0C7,0x8DD5,0x5ECE,0x37FD,0xA8BF,0xD7F0,0x5F4A,0xB4BD,0x049E,0xFD47,0xBEBF,0xE441,0x3CED,
    0x000B,0x43BB,0x1F3B,0xFA0B,0xBC80,0xEEFA,0xA249,0x0001,0x7FBE,0x75C7,0xFFFF,0x441F,0xBC0B,0xA0B5,0x4342,0xFB61,0x043A,0xFC70,0x0400,0x7F12,
    0x0000,0xBC04,0xE0B4,0x0000,0xEF2A,0x2CF8,0x1C20,0x0008,0x2020,0x8000,0x0401,0x7801,0x6B74,0x1FFC,0x3C00,0x67C6,0xFE7A,0x8071,0xE7C1,0x8000,
    0x0000,0x0000,0x007F,0x2000,0x6400,0x1304,0x0000,0x0001,0xE27F,0x0000,0x03FC,0xC03F,0xFF80,0x3FFF,0xC003,0xFFFF,0xF83D,0x400F,0xF83E,0x0000,
    0x7C01,0x20EE,0xBF74,0x89D8,0xDDFF,0xEA7D,0xFFC3,0xDE8D,0xADC3,0xD03B,0xA015,0x9BE4,0x2AC0,0x77C0,0xAEDC,0x4EFF,0xE7E9,0x9EE0,0x0EC2,0x324F,
    0x83FE,0xDD11,0x40BE,0xFFF6,0x8D7D,0xC7F9,0x2797,0xE17F,0xA7AD,0x7FCC,0x5BFC,0xBCF9,0xABC0,0x57C4,0x9EDC,0x5FEB,0xF261,0x8137,0x4AE0,0x374F,
    0x007B,0x20FF,0xBF49,0x960B,0xE200,0x10FE,0x2438,0x0012,0x57FB,0xEFC7,0xFBFF,0x643D,0xFD3F,0xA83F,0xD123,0xB114,0x181E,0xDF0B,0x0101,0xFFB0,
    0x0000,0xD700,0x40BD,0x0000,0xFD82,0x2E38,0x1800,0x0009,0xE211,0x0000,0x0400,0x6407,0x05C0,0x1FF8,0x3200,0xF96F,0xFC3C,0x6C5F,0x4FE2,0x0800,
    0x0000,0x2800,0x0076,0x6000,0x6000,0x01C4,0x0000,0x0003,0xE07E,0x8000,0x03FF,0xD83F,0xFE00,0x3FFF,0xCC03,0xFE9F,0xF87F,0xC03C,0xF03C,0x0000,
    0xE801,0x000B,0x9FA0,0x81E3,0x5EFF,0xF7D9,0x63AA,0xBEF5,0x39C7,0xE031,0xD508,0x08F8,0x15BD,0xE800,0x13BD,0x33B7,0xA9B7,0x1EFA,0x1F86,0xFA2A,
    0x17FE,0xFFF4,0x60B1,0x8B3E,0x9F75,0xB8E9,0x832F,0xD121,0x9194,0x3FCF,0x2AFD,0xAC83,0x97E8,0xE801,0x5D8D,0x13E7,0xB8C8,0x417F,0x66A2,0xEA2A,
    0x0037,0x801F,0x9FDE,0xFE1D,0x6100,0x145E,0x1C70,0x003A,0xF7EF,0xDFC7,0xFFFF,0xD73B,0xFE42,0x37FF,0xEC46,0xFC68,0x767F,0xDF05,0x2201,0x7FD5,
    0x0000,0x61E0,0x60FB,0x6000,0x69C2,0x0F94,0x2000,0x0034,0x8208,0x0000,0x0100,0xF41E,0x03F5,0x1FD8,0x1F83,0xFDD7,0xB17F,0xA827,0x7DA6,0x0000,
    0x0000,0x1E00,0x002C,0x0000,0xF600,0x0368,0x0000,0x001B,0x607F,0x8000,0x03FF,0xF83F,0xFC00,0x1FFF,0xE003,0xFE0F,0xF83F,0xC018,0xC078,0x0000,
    0x7000,0x25C0,0xBD08,0x0BD0,0x887F,0xD9BA,0xCF6F,0xF20F,0x63C1,0xC075,0xCF40,0x42E1,0x01BE,0x481E,0x1B78,0x35F8,0xB6A3,0x3D76,0x3185,0xFF1E,
    0x8FFF,0xFFFF,0x428C,0xAE3F,0x8C9F,0x807A,0x0F38,0x89ED,0x75C5,0x7F8E,0x30BF,0xC43E,0x03FE,0x481F,0xE7F0,0x3780,0xE4DC,0x82AF,0xBB41,0xFF1E,
    0x001B,0xE5C3,0xFDF3,0x5C0F,0x7680,0x393D,0x30D0,0x0031,0x9BFB,0xFFC3,0xFFFF,0xB53F,0xFC41,0xB7FF,0xF887,0xCA07,0x7D7F,0xFF0B,0x0F4B,0x7BE5,
    0x0000,0x1FFC,0x0272,0xE001,0x7EE0,0x0F80,0x0000,0x0012,0x8022,0x0000,0x0340,0xB60F,0x8178,0x1E00,0x7CC7,0xFBFF,0x327F,0xC01D,0x9ECE,0x0000,
    0x0000,0x0000,0x008C,0x0000,0xF300,0x00F8,0x0000,0x003C,0x021C,0x8000,0x01FF,0xF81F,0xFE80,0x1FFF,0xFF03,0xFC07,0xF83F,0xC000,0xE030,0x0000,
    0xA000,0x0BFD,0x747B,0x1FE3,0x9B7B,0xC032,0xE897,0xFF72,0xE7A8,0xE211,0xE4C1,0x276E,0xA1E6,0x7004,0xD17C,0x07E8,0x3BB0,0xDF58,0x026B,0x8393,
    0x5FFF,0xFFFA,0x89D7,0x1C1B,0xDB4B,0xC01B,0x29DD,0x50B7,0xBBF1,0xFDEF,0x583E,0xBD17,0x74E2,0x7005,0xEF94,0x1E07,0xEDDF,0x00BF,0xEC43,0x9295,
    0x003D,0xEBFF,0xF4CF,0xF81E,0x6004,0x2035,0x16E8,0x004D,0x4BEF,0xDEC7,0xFEFF,0xC83F,0xDF11,0x8FFF,0xFC83,0xF810,0x743F,0xDF1F,0x3F15,0xEEEC,
    0x0000,0x1FF8,0x0B74,0x4000,0x6970,0x1FC0,0x0000,0x003F,0x8002,0x0000,0x03C1,0xDE1F,0xAA94,0x0C00,0xDEE3,0x7BEF,0xB63F,0xE007,0xFDF8,0x1102,
    0x0000,0x0000,0x0088,0x0001,0xB680,0x0038,0x0000,0x0038,0xC01C,0x0000,0x01FF,0xF03F,0xFFF8,0x1FFF,0xFB03,0xE407,0xF87F,0x8000,0xC200,0x0000,
    0x0000,0x8031,0x407D,0x9FE4,0xC95F,0xC8B5,0xFE8F,0x6D0B,0x37FA,0xA037,0xCAEF,0xB6FF,0xC02D,0xF50E,0x866C,0x6780,0x49AD,0xBFEB,0x8FDF,0x45BF,
    0xFFF7,0xFFFE,0xBFA5,0x9C1F,0xCE80,0xC02F,0x3E9C,0x90CE,0x7BFE,0xEFCE,0xB510,0x3C2C,0xEAFC,0x350F,0x5EC4,0x7703,0xAD1E,0x800E,0xE003,0x44BF,
    0x381F,0xB033,0xC0E7,0x701D,0xB6A0,0x28BA,0x01F0,0x0074,0xE3BB,0xDF43,0xFFFF,0xC92F,0x3F82,0x1AFF,0xF893,0xD878,0x767F,0xBF95,0x75F6,0xBAEE,
    0x0000,0x4FFC,0x3F18,0x0001,0xBFD6,0x1F48,0x0000,0x0037,0xC000,0x0000,0x00EF,0xCE1F,0xD1F5,0x0F80,0xA8E2,0x9983,0xE4FF,0x400C,0x7008,0x1100,
    0x0000,0x0000,0x00C0,0x0003,0xF000,0x0010,0x0000,0x0038,0x0004,0x0000,0x01FF,0xF01F,0xFFF8,0x0FFF,0xFF01,0xEE07,0xF87F,0x8003,0x8A00,0x0000,
    0x0400,0x003A,0xA0EE,0x17F0,0x3FFB,0x4204,0xF96A,0xEF0B,0xE48E,0xA018,0x0650,0x5F95,0xE0D2,0xE703,0x0CF3,0x1D39,0x26C9,0xFF60,0x27EF,0x59F6,
    0xFBFE,0xBFFD,0x5F6E,0xD81B,0xBEF3,0x91FB,0x1C7D,0x10CE,0xFAFF,0xE7E7,0x99AB,0x5966,0xFF5E,0x0B54,0xFDAD,0x9FAA,0xCFDE,0x0091,0xC001,0x59F6,
    0x7E17,0x7B3B,0xE0D1,0xA00F,0xC004,0xC3E8,0x02F0,0x0034,0x71BF,0xDF46,0x3EFB,0xA107,0x1FAD,0x1CFF,0xF10C,0x62C0,0xF83E,0xFF0E,0x25FF,0xB7ED,
    0x0000,0xC4FC,0x1FC1,0x0007,0xCFC0,0x3C0C,0x0100,0x0037,0x0000,0x0001,0xC0FE,0x7E1F,0xE0AE,0x1703,0x09F1,0x0A92,0xECFD,0x8002,0x1800,0x0000,
    0x0000,0x0000,0x0080,0x0003,0xF000,0x0010,0x0000,0x0038,0x0000,0x0000,0x01FF,0xE01F,0xFFF0,0x0FFF,0xFE00,0xFD07,0x707F,0x0001,0xE200,0x0000,
    0x8300,0xC000,0x10BF,0x7FE7,0x7FDF,0x01F6,0xFFBB,0xEF8A,0x1E71,0x404D,0x2B2A,0x1D02,0xAFF7,0xFC86,0x36D6,0x1BEC,0xF77A,0xAFFA,0xB7D7,0x00FA,
    0x7CFF,0xFFFF,0xEFFF,0x6017,0xFC9F,0x8E2F,0x0FFC,0x906C,0xF1FB,0xE7F7,0xF655,0x74F9,0xFFFD,0xAE81,0xB326,0x1B8C,0x1F65,0x1006,0x000A,0x06DB,
    0x1F01,0xC600,0x3801,0x800F,0x8020,0x8600,0x0140,0x0075,0x61BD,0xBF01,0x3F7E,0xA20B,0x5008,0x077F,0xCD25,0xEC10,0x685F,0xAF81,0x83F5,0xF1CD,
    0x0000,0x21FF,0xC781,0x0003,0x0FC0,0x7810,0x0200,0x0036,0x0002,0x0002,0xC0FE,0x3F06,0xAF8F,0x02CE,0x2DF8,0x9E64,0x6C9B,0xC000,0x4800,0x1E20,
    0x0000,0x0000,0x00C0,0x0007,0xF000,0x0000,0x0000,0x0018,0x0000,0x0000,0x00FF,0x4007,0xFFF0,0x01FF,0xFE00,0x7F83,0xF07F,0x0000,0xB400,0x0000,
    0x0000,0x6008,0x0899,0x79F4,0x37EF,0x0F0E,0xFDD2,0xE6C2,0x465A,0x002A,0x04C6,0x7003,0x7EEE,0xD430,0x10BB,0x8D5C,0x67E0,0x5FFE,0x7EB4,0x2283,
    0xFFFF,0xFFFF,0xF728,0xFE07,0xFECF,0xD4CF,0x0AFD,0x1866,0xF9FF,0xE3D7,0xBB3B,0x34FF,0xABFF,0x747F,0x9BE7,0x95DF,0xD906,0x2000,0x0007,0x37D2,
    0x1F83,0xEFC8,0x08CF,0x800F,0x4810,0x8830,0x0200,0x0039,0x30BF,0xFF42,0x1F7C,0x8F3A,0xD511,0x4BCF,0xED5C,0x7AA0,0x60F6,0x6F81,0x80BB,0x216D,
    0x0000,0x003F,0xF7C0,0x000E,0x5DE0,0x7008,0x0700,0x0010,0x0000,0x0001,0xE0FE,0xEE05,0x7EDF,0xAFB0,0x6DE0,0x2AC7,0xE48F,0x8000,0x0140,0xDC00,
    0x0000,0x0000,0x0081,0x0007,0xA000,0x0010,0x0000,0x0020,0x0000,0x0000,0x00FF,0x3003,0xFFE0,0x00FF,0xF618,0x1F03,0xF87F,0x0000,0x7E00,0x0000,
    0x0150,0x9009,0xD531,0x9FE1,0xCDEF,0x466F,0xFFC9,0xE75F,0xDE58,0x143A,0x028C,0x5104,0xD54C,0xAC78,0xF81F,0xEF76,0x0AD7,0xDFBF,0x74EA,0x8519,
    0xFEAF,0xF7FE,0xABA1,0x9D0E,0x79C8,0xF9FF,0x1EDE,0x987F,0x71FA,0xB7C7,0x7D77,0x78FF,0xBFFF,0x24FF,0xFDCF,0xF7EF,0x6B0A,0x2041,0x0813,0x0F9B,
    0x97F8,0x99E9,0xD5CE,0x601F,0xB210,0xF8A4,0x0020,0x0060,0x20BF,0xEB46,0x1FF8,0xEE6C,0x6AB3,0xB707,0x07E8,0x0882,0xF4FF,0xCF80,0x844C,0x866F,
    0x0000,0x7016,0x2B08,0x0000,0x75E0,0x0008,0x0700,0x0000,0x0000,0x0001,0xE07C,0xAC02,0xD5FF,0x5B78,0xCBD0,0x08E0,0xE0FC,0x0000,0x8D21,0x7800,
    0x0000,0x0600,0x0080,0x000F,0x8800,0x0010,0x0000,0x0020,0x0000,0x0000,0x00FF,0x1001,0xFFC0,0x80FF,0xB630,0x1F01,0xF80F,0x0000,0x7A98,0x8000,
    0x0034,0x5C08,0xF17F,0x5CE5,0x96F7,0x0C8B,0xEEF7,0xEEB3,0x8E0C,0xA82C,0x21A8,0xA800,0x3FC0,0xB463,0x9C6F,0xF3B2,0x720D,0x17BF,0xF066,0x988E,
    0xFFCB,0xFFF0,0xAE63,0x5F00,0xF9B4,0xF3C2,0x20FC,0x1023,0x71ED,0xFBD7,0x3FFE,0xAFFF,0x846F,0x717F,0xFBCF,0xF3E2,0x5300,0xE840,0x8152,0x1DAA,
    0x2FF7,0xDDF8,0xF0C0,0xA01E,0x6908,0x207C,0x1168,0x004C,0x203F,0xF480,0x3FF1,0xF5F5,0xFB9E,0x9A9C,0x62E0,0x0C4F,0xEC1D,0x8780,0x807F,0xDF20,
    0x0008,0x2207,0x0F0C,0x0003,0xEFC0,0x0020,0x0600,0x0060,0x0000,0x0003,0xC079,0x9800,0x3FCE,0x6663,0x7C90,0x0CF1,0xECFA,0x0000,0x4A81,0x606E,
    0x0000,0x0000,0x0180,0x001C,0x1000,0x0018,0x0000,0x0020,0x0000,0x0000,0x007E,0x0000,0x7FF1,0x81FF,0x8360,0x0700,0xF004,0x0000,0x353C,0x8011,
    0x8075,0x141D,0x3313,0xDFDE,0x0BFE,0xB828,0x8DCD,0xFF3E,0x8F00,0x0C58,0x303A,0x5C00,0x95D3,0x4805,0x9E3F,0xF417,0x09F4,0x17FF,0x102B,0x01E0,
    0x7F82,0xFDE2,0xDA22,0xDE2A,0x186D,0x47D3,0x15FA,0x802B,0x70E9,0x5FA2,0x6F9C,0x7FFF,0xCBEE,0x88D9,0xE75A,0xB9E7,0x4223,0xE800,0x01AC,0x09B8,
    0x1F75,0x7E7F,0x73CD,0x2011,0xF400,0x00B4,0x6200,0x0040,0x501F,0xF085,0x3FA1,0xAA07,0xDE1F,0x3F3E,0x60A0,0x03FF,0xFDF6,0x07C0,0xC573,0xFF00,
    0x000A,0x0300,0x8F80,0x0000,0xDB80,0x0018,0x2C00,0x0064,0x0000,0x0003,0xC07B,0x0000,0x3E9C,0xC706,0xFBC0,0x07E0,0xD408,0x0000,0x3A48,0x6058,
    0x0000,0x0000,0x0101,0x0010,0x0000,0x0020,0x0000,0x0020,0x0000,0x0000,0x007C,0x0000,0x3FF3,0x00FF,0x0020,0x0210,0x6800,0x0000,0x019F,0x803F,
    0x404D,0x0825,0x5754,0x7EFD,0x1FFE,0xDF5B,0xFB77,0xFF1F,0x8FC0,0xAA58,0x316A,0x0080,0x262A,0xBF4F,0xBFBF,0xD0F8,0x36C0,0x2FDF,0xF238,0x0200,
    0xBFB0,0xFFDA,0xA46D,0xFF07,0x17FB,0xA1D2,0x6D88,0x0008,0x7035,0xFFA4,0x2E7C,0xFF7F,0xFBEA,0xBF57,0x7E30,0xD0E8,0x533F,0xD020,0xC7DB,0xC23C,
    0x02CD,0xFFFF,0x77C2,0x8010,0xE000,0x0024,0x6400,0x0060,0x203F,0x5404,0x3FC1,0x185F,0xFD5F,0xC0B8,0x40C0,0x2F3F,0xE9FC,0x07C0,0x5A24,0x3C00,
    0x0032,0x0000,0x8F82,0x0008,0x9800,0x0008,0x0E00,0x0044,0x0000,0x0003,0xC062,0x0000,0x1F65,0x002D,0xE140,0x0101,0xF400,0x0000,0x2418,0x327C,
    0x0000,0x0000,0x0101,0x0010,0x0000,0x0030,0x0000,0x0020,0x0000,0x0000,0x003C,0x0000,0x3E98,0x001E,0x0080,0x03F0,0x6000,0x0000,0x01FF,0xC1BF,
    0x0036,0x8016,0x8208,0xFFE0,0xF7EC,0x5D00,0xD7AE,0xADCF,0x86A1,0x4279,0x90B7,0xCF80,0x19D8,0xF1AF,0xB687,0xFE93,0xC840,0x1FDB,0xBAD2,0x0C01,
    0xFFC9,0x7FE9,0x733A,0xFE10,0x63FF,0xA203,0x7551,0x9250,0x7853,0xFF80,0xBF0F,0x4FFF,0xE710,0x9BB7,0xE41D,0xFCD3,0xD1BF,0xE024,0x1AD5,0x51D0,
    0x0536,0xDDFF,0x82CD,0x800F,0x2803,0x00F4,0x5801,0x8060,0x401F,0xA805,0x9FE0,0x761F,0xFA37,0x0EC8,0x4964,0x013F,0xD67C,0x07C0,0x6F2A,0xB000,
    0x0009,0x0000,0x7C81,0x0000,0x1400,0x0068,0x2600,0x0004,0x0000,0x0002,0xE017,0xA000,0x1BCE,0x000A,0xF280,0x0220,0x7800,0x0000,0x15D0,0x3DD1,
    0x0000,0x0000,0x0302,0x0018,0x0000,0x0030,0x0000,0x0020,0x0000,0x0001,0x0028,0x0000,0x1C00,0x001C,0x0000,0x01C0,0x6000,0x0000,0x20FF,0x43FE,
    0x6008,0x8001,0x0786,0x3EA4,0x0DFC,0xBF21,0x9B9E,0x434F,0x87CF,0x42F8,0x702D,0xDA04,0x14B8,0x320F,0x7F13,0xFF29,0x4E4E,0x15FD,0x64EC,0x3007,
    0x9FF7,0x7FFE,0xC1B1,0x7D50,0xC1F9,0xC02E,0x6A61,0xBC70,0x781F,0x42E0,0x2F65,0x203F,0xF030,0x520E,0xE777,0xFE29,0x72B1,0xEA02,0xCC60,0x13F4,
    0xFEFA,0xEEFF,0x06CE,0x800B,0x3207,0x00F4,0x0440,0x7840,0x2023,0xFF04,0xFFFA,0x3FFF,0xFB5F,0x8DF0,0x80E8,0x00FE,0xE1FF,0x87E0,0x339F,0xD000,
    0x0005,0x0000,0xFF08,0x0004,0x0C00,0x00D8,0x0000,0x8004,0x0000,0x8403,0x8007,0xC000,0x0787,0x0005,0xD8E0,0x01C0,0xDA00,0x0000,0x04E3,0xE3F7,
    0x0000,0x0000,0x0307,0x0018,0x0000,0x0030,0x0000,0x0020,0x0000,0x0000,0x0008,0x3E00,0x0808,0x0008,0x0300,0x0000,0x6000,0x0000,0x3FFC,0x0FF8,
    0x7602,0xF017,0x0E88,0x1E48,0xEF09,0x2E79,0xD7E1,0x0FCF,0x871F,0xBADB,0x50CB,0x9060,0x0B9F,0x059F,0xF995,0xFFD1,0xBAA5,0x3DEF,0x4FAB,0x1800,
    0x8DFD,0x0FE8,0xE8E8,0x7590,0x2D9C,0xD17E,0x2BEF,0xF074,0x78AE,0xA8E1,0x7F82,0x0E7F,0xFA82,0x3793,0xE167,0xFF11,0xCD5A,0xC213,0xDFE3,0x17F8,
    0xFEFF,0xF97F,0x0FDF,0x8037,0x106B,0x00B4,0x00F0,0xB000,0x4043,0xC507,0x5FF4,0x7F9F,0xFC7F,0xCAE0,0x06E8,0x002F,0xF07F,0x47E0,0x201F,0xE001,
    0x0000,0x0000,0xFF05,0x001A,0x1E14,0x0008,0x0440,0x4004,0x0000,0x5200,0xA01F,0xEA00,0x0381,0x000D,0x9A70,0x00C0,0xE280,0x0000,0x0FA4,0x1FF8,
    0x0000,0x0000,0x0202,0x0000,0x0000,0x0030,0x0000,0x0020,0x0001,0x0002,0x0000,0x3400,0x001E,0x0000,0x0380,0x0000,0x4100,0x0000,0x1FF8,0x07FE,
    0x68EA,0x880B,0x06DC,0x8858,0xEEF4,0xD7F9,0x826E,0x179F,0xC718,0x5584,0xB88F,0xD2A0,0x02EE,0x321F,0xFFEB,0xFFDA,0x4C8C,0x3DE6,0x5718,0x0043,
    0x9715,0x77F4,0xF6FC,0xB7CD,0xACFE,0x68AE,0x7375,0xE862,0x78E4,0x45FC,0xEF28,0x1677,0xF837,0x3619,0xE3EB,0xFF7A,0x8233,0xC21A,0x07A0,0x0980,
    0x6DFE,0x8AFF,0x058F,0xC032,0x1735,0x8038,0x1CF0,0x2000,0x0043,0xEA07,0xBFD0,0x7B1F,0xED0E,0xC9E8,0x0014,0x002F,0x599F,0x87F1,0xF85F,0xE180,
    0x1201,0x7000,0xFB03,0x001A,0x080A,0x0000,0x0040,0x4004,0x0000,0x1003,0x4037,0xA880,0x03C8,0x0007,0x1CC0,0x00E0,0x61E0,0x0000,0x0704,0x09C7,
    0x0000,0x0000,0x0600,0x001C,0x0600,0x0030,0x0000,0x0020,0x0000,0x0000,0x0000,0x7E00,0x0017,0x0000,0x0320,0x0000,0xC100,0x0000,0x5FF8,0x1E38,
    0x7430,0x6805,0xC314,0x3447,0x4BD4,0x0F8B,0x4E1D,0x651F,0x8301,0x8706,0x7817,0x90E0,0x05B3,0x1005,0xFD5F,0xBFDD,0xD780,0x3DF4,0x5CCF,0x1FA0,
    0x8BCD,0x97FA,0x3D74,0x2BE9,0xADFF,0x705C,0xB552,0xDAF2,0x78BD,0xFDF5,0x57F8,0xF6FF,0xFC04,0x5606,0x637F,0x3FED,0x09BF,0xC20C,0x0501,0x1F80,
    0xF5B0,0xED7F,0xC7DB,0xC154,0x13B5,0xC03C,0x08A0,0x6000,0x4043,0x894A,0x7FB0,0x0B0F,0xFE5F,0xA9FA,0x02A0,0x402F,0xD91F,0xC7F3,0xEAF1,0xEEC3,
    0x0A4F,0x1000,0x3810,0xC002,0x0A0A,0x0030,0x0240,0x0004,0x0000,0x0204,0x8047,0x0A00,0x01B8,0x0007,0x1EA0,0x0030,0xE060,0x0000,0xB43E,0x113C,
    0x0000,0x0000,0x0600,0x007C,0x0400,0x0020,0x0800,0x0020,0x0000,0x0003,0x0000,0x7C00,0x000F,0x0000,0x01C0,0x0040,0x8180,0x0000,0x4FC0,0x0E00,
    0x1A0E,0x38A1,0x055F,0x5B1D,0xCA9C,0x82C3,0xB76B,0x2EAB,0x4C00,0x0600,0xC81A,0x8CFA,0x01A1,0x3005,0xDDAB,0xEF8F,0x7710,0x1BD9,0xC45F,0xFA37,
    0xE5F1,0x675E,0xF5EB,0x05E8,0xAAB9,0xFC1C,0x477F,0xF142,0xF13F,0xFCF0,0x5FB8,0x6CF7,0xF81E,0x7606,0x438A,0x6FEE,0xA9CF,0xE420,0x8458,0x0623,
    0xBAFE,0x3FF1,0x0388,0xA062,0x15CF,0x4038,0x08F1,0xF034,0x00CC,0xA14F,0xEFD5,0x1B03,0xFE7F,0x89FE,0x2254,0x1077,0xF99F,0x87FF,0x7BFF,0xFE7C,
    0x0501,0xC00E,0xFE10,0xC077,0x0F00,0x0070,0x0200,0x0000,0x0000,0x0B01,0x1022,0x9200,0x0180,0x0002,0x1E60,0x0060,0x6020,0x0000,0x24A7,0xFB80,
    0x0000,0x0000,0x0410,0x0000,0x0000,0x0020,0x0000,0x0020,0x0000,0x0000,0x8000,0x7C00,0x003F,0x0000,0x01C0,0x0001,0x81C0,0x0001,0xDF0F,0xFC00,
    0x1060,0x7FA0,0x0C8A,0xF7ED,0x1640,0x57FB,0x7834,0x762F,0x0F08,0x8A87,0x6872,0x57CC,0x00FE,0x9D23,0xFA0B,0xFFBD,0xF614,0x2AD9,0x209F,0xF870,
    0xEFBF,0xD05F,0xFCC2,0x68F4,0x645A,0xF87C,0x8D67,0x59D2,0xF033,0xDCFD,0xC790,0x2DD3,0xFC74,0xDB20,0x63CB,0x37BC,0x2A9B,0xD520,0xC010,0x3078,
    0xFFF7,0xFFA0,0x0F65,0x4012,0x89F7,0x8068,0x03A8,0xF8A0,0x00C7,0xB940,0x7FFD,0xDC23,0xFF3F,0x20FE,0x05F4,0x0042,0xFBDF,0xE6FE,0x3FFF,0xFD7E,
    0x0000,0x005F,0xFA38,0x8099,0x1F80,0x0050,0x0000,0x0004,0x0000,0x0302,0x0002,0x0A00,0x0083,0x0001,0x19C0,0x0823,0xC160,0x0105,0x026F,0xCF81,
    0x0000,0x0000,0x0418,0x0060,0x0000,0x0020,0x0000,0x0020,0x0000,0x0000,0x0000,0x7400,0x003E,0x0002,0x0200,0x0001,0x81C0,0x0000,0xFD9F,0xF000,
    0x00D8,0x3F08,0x54A0,0x13B2,0x77B0,0x42C2,0x470B,0x162E,0x8F23,0xC207,0xD438,0xD83E,0x802A,0x395F,0xD74D,0xF7FA,0x5170,0x8E4E,0xB64F,0x8AFA,
    0xFF37,0xC8F7,0xE980,0x3CB7,0x6437,0xFC8D,0xBFFF,0xF9D3,0xF15F,0x347A,0xBBF8,0xB4B1,0xFE14,0xFF5C,0x470C,0x17FD,0x8C7F,0x7132,0x4077,0xCAE3,
    0xA8FD,0xFF08,0x4F47,0xC0C8,0x8833,0xA0F8,0x0004,0x1020,0x0083,0xB1A0,0x1FFF,0x0B41,0xFFEF,0x00F9,0x28B2,0x0803,0xD7FF,0xF25F,0xBFFF,0xBE05,
    0x0000,0x00F7,0xF03F,0x0170,0x1FC8,0x0060,0x0000,0x0004,0x0000,0x0B07,0x0000,0x5200,0x0000,0x0002,0x13C0,0x0003,0xE3A0,0x01A5,0x09D8,0x3FFB,
    0x0000,0x0000,0x1C38,0x00C0,0x0000,0x0000,0x0000,0x0020,0x0000,0x0000,0x0000,0x2C00,0x003E,0x0001,0x0000,0x0001,0x83C0,0x0002,0xF63F,0xC000,
    0x0462,0x1241,0x77F5,0xE2E6,0xB25C,0x8ED8,0x4592,0x262C,0x2D61,0x3B91,0xEC3C,0x7BFE,0x001C,0x2261,0x7BFC,0xD3DE,0xD2F3,0xC6FF,0xA8E5,0xDC2F,
    0xFB9D,0xEDBE,0x8FB0,0xFE0D,0x80DF,0xF11F,0xFE6B,0x59D1,0xD31F,0xFDE1,0xDFF8,0x4FF1,0xFE54,0xED21,0x690D,0x03DF,0x8944,0x3980,0x439A,0x4D6F,
    0xD06E,0xFB00,0x0437,0x95D0,0x4D3D,0x40E4,0x0005,0x9042,0xC09B,0x98AE,0x0FFB,0xB000,0xFFBF,0x10BE,0x8482,0x0C23,0xD7FB,0xCAFF,0xBCFF,0xF940,
    0x0000,0x04FF,0xF07A,0x01E0,0x3E30,0x00B0,0x0000,0x0024,0x0000,0x030E,0x8004,0x0200,0x002A,0x0041,0x1370,0x0001,0x67A4,0x2184,0x1467,0xAF6E,
    0x0000,0x0041,0x787D,0x00C0,0x0000,0x0040,0x0000,0x0000,0x0000,0x0007,0x0000,0x3C00,0x001C,0x0000,0x0080,0x0003,0x83C0,0x0003,0xEBFF,0xD091,
    0x0030,0xAC00,0xF989,0x40BB,0x7EA0,0x2601,0x9730,0xD626,0x9DC0,0x1BA0,0x9B34,0xC435,0x001D,0x33D9,0xDB2C,0xED7E,0x85AD,0xE79C,0xC2DF,0x87E3,
    0xFFCF,0x53FF,0x1385,0x3A1C,0x80E7,0xD87A,0xFDE8,0xE9DB,0xE3A8,0x7C70,0xA6F8,0xD8B8,0xFF41,0xFCD2,0x4B0D,0x0D7D,0x1B48,0x1863,0x3723,0x87FF,
    0xE8BD,0xFC00,0x1483,0x8D80,0x013C,0x016E,0x0007,0x8830,0x003E,0xF85F,0x47FB,0x3740,0x7FBF,0x0074,0xA4F2,0x0287,0x16ED,0xF33C,0xD9FF,0xF81C,
    0x0000,0x03FF,0xE87A,0xC1E0,0x3E10,0x01E8,0x0000,0x0004,0x0003,0x038F,0x8004,0x3200,0x0003,0x000D,0x13D0,0x0003,0x65B2,0x01C0,0x1CDC,0xFC1C,
    0x0000,0x0000,0xF07C,0x00C0,0x0000,0x0090,0x0000,0x0020,0x0000,0x000F,0x0000,0x0C00,0x001C,0x0000,0x8020,0x0003,0x83C0,0x0083,0xE7FF,0x03E3,
    0x8842,0xF100,0xC08D,0x0CA5,0x814A,0x3BCE,0xA255,0x0322,0x1E11,0x9B17,0xFD1C,0xBA67,0x8036,0x135F,0xD10C,0x5AF4,0x292A,0x8C9F,0xA873,0xDA32,
    0xF7BD,0x0EFF,0x3706,0x9CFA,0x61B7,0xE239,0xFDED,0x3CC9,0xE2D3,0xDE77,0x83FC,0x80F8,0x7F66,0xFCFD,0x19AD,0x82FB,0x1749,0xF123,0xFFF2,0xBF7F,
    0xBFFF,0xF100,0xA889,0x7FB0,0x1E00,0x01F0,0x0003,0xC034,0x817D,0xFAA8,0x03FF,0x5D00,0x7FAF,0x0024,0xA6F2,0x0507,0x2FAB,0xF89F,0x000D,0xA48C,
    0x0000,0x0EFF,0xC0F4,0x0080,0x0008,0x053E,0x0000,0x0002,0x000C,0x018A,0xC000,0x2600,0x001D,0x0002,0x43E0,0x0002,0xC0B4,0x03C2,0x97FC,0xFDCC,
    0x0000,0x0000,0x707F,0x81C0,0x0000,0x00C0,0x0000,0x0020,0x0002,0x000F,0x0000,0x1800,0x0002,0x0000,0x8000,0x0007,0x07C0,0x0001,0xFFFF,0x03F3,
    0x7FFF,0xC606,0x7D7E,0xDCAF,0xB50F,0xBFDD,0xB723,0x8B01,0x282B,0xC9B0,0xDE14,0x5966,0xC06B,0xB392,0xE709,0xB6FB,0x13AF,0xF39F,0x80F5,0x8C1F,
    0x4000,0x39F8,0x6B76,0x5D30,0x5F37,0xC2EF,0xFDFE,0xB4C9,0xD4BF,0x6C77,0xA1FC,0x00F8,0x3F82,0xFC72,0x2945,0x4EFE,0x2469,0x8C61,0xDF76,0x7FDD,
    0xFFFF,0xC600,0x6179,0x7FF0,0x10C0,0x0092,0x000A,0xE436,0x836B,0xFE5D,0x00FF,0xB600,0x3F96,0x000F,0x50F2,0x0103,0x27AF,0xFFAE,0x208B,0x402A,
    0x0000,0x39FF,0x90F6,0x81C0,0x20C0,0x0156,0x0001,0x0020,0x0000,0x018F,0xC000,0x6F00,0x003F,0x0000,0x87E8,0x0003,0xCBB0,0x01C0,0xFFFA,0xF3F5,
    0x0000,0x0007,0xE1FF,0x0180,0x0000,0x0038,0x0000,0x0000,0x001C,0x000A,0x0000,0x1000,0x0000,0x0000,0x4000,0x0006,0x0540,0x0001,0xFFFD,0x3FFA,
    0x163D,0xE017,0xF7FC,0xFE5F,0xF7EB,0x51C6,0x5627,0x45E5,0x5BD3,0xEDCD,0xFB0F,0xA6FF,0xC03C,0xA3AA,0xB967,0x7FF9,0xD2FD,0x21D6,0x0165,0xC176,
    0xE9C2,0x1FE8,0x0FF4,0xF5E0,0x7FF5,0xEBDE,0x1DF9,0x5A0D,0xA593,0xFE6F,0x80FD,0x90E0,0x3FE8,0xFC0E,0x9847,0x8FFE,0xA5DC,0x1E28,0x79E7,0xFFF7,
    0xF63D,0xE000,0x23FB,0xF760,0x61E0,0x0129,0xA011,0xE012,0x806F,0xFA32,0x00BC,0x7F00,0x1FAF,0x0055,0x4698,0x0007,0xC7FF,0x3EEE,0x8618,0x0089,
    0x09C2,0x1FFF,0xD1F5,0x0900,0x4140,0x0438,0x0002,0x0030,0x0214,0x0183,0xC002,0x1800,0x001B,0x0020,0x63F0,0x0001,0x0A58,0xC181,0xFEE0,0x3E9D,
    0x0000,0x0017,0xE1FE,0x0380,0x2080,0x0032,0x0000,0x0000,0x0078,0x000C,0x0000,0x2600,0x0004,0x0000,0x0000,0x0006,0x05A0,0x0100,0xFFFF,0xFF7A,
    0x255D,0x708D,0xC36F,0x9E0D,0x85C7,0xAF59,0xFF15,0xD5F5,0x3D8F,0x2B93,0x3F08,0x02EF,0x8821,0xB3AF,0x52DE,0x3DF8,0x23E6,0x718F,0x2C01,0x0C27,
    0xDA22,0x8F70,0x57E4,0x1F32,0xBCD8,0xF7FB,0x1DF8,0xFA3D,0x450F,0x2F2E,0x40FC,0x1CF0,0x7FE1,0xFCAF,0x1A4E,0xCFF6,0xD725,0x2F30,0x2C04,0xFFB7,
    0xF001,0x7000,0x7BEB,0x7DE0,0xCAE0,0x0726,0x0022,0xE012,0x82FF,0x7D6C,0x807F,0xE100,0x0FDF,0x0078,0xA521,0x0004,0xD7FF,0x7F97,0x13FB,0x03C8,
    0x0FFE,0x8FFF,0xF9F4,0xC380,0x4100,0x0022,0xA001,0x0010,0x0028,0xC09F,0x0000,0x2200,0x001E,0x0040,0x63F0,0x000D,0x08F8,0x80C0,0x9E20,0xF3A8,
    0x05DC,0x008F,0x83FF,0x0300,0x80C0,0x0018,0x0000,0x0000,0x00F0,0x0000,0x0000,0x1C00,0x0000,0x0000,0x0000,0x0006,0x0700,0x0100,0x7FFF,0xFC5F,
    0xD700,0xF4FB,0xDC1B,0x549F,0x1BEC,0x8747,0x1B27,0x87E2,0xF901,0x7926,0xFFDE,0x18AF,0x4015,0x86EE,0x2774,0x61EB,0x2DD0,0x71EB,0xBC09,0xE012,
    0xA8FF,0x0B04,0x09B0,0x73A7,0xAA73,0x7F1E,0x4DFE,0xB805,0x8003,0x7E33,0x0076,0x00F0,0xFFB0,0xFD0F,0x0F5E,0xD3FC,0xD254,0x0E94,0x3CFF,0xFF9F,
    0xD700,0xF004,0x31BE,0xDBC0,0xC2E0,0x07B8,0xA092,0xE018,0x87FD,0xFED8,0x003F,0xFF00,0x0FDA,0x8010,0xD081,0x0C0F,0xDFDC,0x7FD7,0x8384,0x1FE9,
    0x28FF,0x0FFF,0xD7E1,0x8600,0x4540,0x041F,0x1001,0x0012,0x008C,0x8104,0x0000,0x2700,0x000F,0x00E0,0x2360,0x0002,0x0DEB,0x8180,0x7C8C,0x1FFD,
    0x0000,0x04FF,0xFBFE,0x0300,0x0080,0x0000,0x0000,0x0000,0x01F2,0x0000,0x0000,0x1800,0x0000,0x0000,0x0080,0x000C,0x0200,0x0000,0x3F73,0xE066,
    0xFFE8,0x100D,0x6F51,0x1F12,0x34F8,0x0FFE,0x7611,0xE3E7,0x7E0B,0x3C51,0x7F8D,0x3555,0x5042,0xA9E2,0x2587,0x91EC,0x34CC,0x9140,0xE0C0,0x5F01,
    0x6017,0xEFF0,0xE810,0xFDEF,0x08F7,0xEEDA,0x1DF8,0xFC03,0x0617,0x3E7E,0x8078,0x42FA,0xDFE7,0xFE21,0x2D07,0xF2E1,0xC2A8,0x2E7F,0x0707,0xFB1F,
    0xFFE8,0x1000,0x101F,0x1440,0xC3C2,0x9E81,0x81A6,0xD018,0x81EB,0x7FE8,0x003E,0x9C00,0x27FA,0x803C,0xF2F8,0x0C1D,0xD6FC,0xBD5F,0xF8BF,0xA0FE,
    0x0017,0xEFFF,0xDFEA,0x0600,0x04C0,0x090E,0x3001,0x000A,0x0162,0x8000,0x0001,0x2900,0x000A,0x01C0,0x0140,0x000E,0x0DC3,0x4180,0x207F,0xFEFF,
    0x8000,0x000F,0x77F5,0x8000,0x0000,0x0000,0x0000,0x0000,0x01FC,0x0000,0x0000,0x1600,0x0005,0x0000,0x0080,0x0008,0x0200,0x0000,0x1F80,0x01E0,
    0xBFA0,0x6000,0x8D93,0x452E,0x3678,0x3554,0x1B30,0x437A,0x7A42,0xFC4A,0xBF57,0xCFFD,0xD00E,0x41CB,0x3C9F,0x5D78,0x3564,0xF066,0xF012,0x6E66,
    0x705F,0x9FFF,0x6C15,0x2451,0x0FDE,0x7563,0x4DE0,0x7C9D,0x0E46,0xFE3D,0x40BE,0xC1EE,0x1D48,0x7D4C,0x041F,0xF6FB,0xC310,0x0F19,0x0801,0xED7F,
    0xBF80,0x6000,0x3408,0x9A80,0xC681,0xDFC0,0xA08F,0xD018,0x81BB,0xFF94,0x001E,0x3600,0x27F9,0x8370,0xC360,0x001B,0xD77C,0xFE5B,0xF7EF,0xEBB9,
    0x007F,0x9FFF,0xBBFB,0x8300,0x0000,0x1A00,0x1000,0x0002,0x00E3,0x0040,0x0001,0x1800,0x4007,0x0080,0x3080,0x0814,0x0CC3,0x0080,0x07FD,0x9CFF,
    0xC020,0x0000,0xD7F5,0x0000,0x0000,0x0000,0x0000,0x0000,0x01FC,0x0000,0x0000,0x0600,0x0000,0x0000,0x0000,0x0008,0x0200,0x0100,0x1802,0x7380,
    0xEFFF,0xD000,0x0A15,0xB83E,0xD51D,0xA6BF,0x1A18,0x01E6,0x7685,0xBE60,0x3F83,0xD4C7,0x3010,0x847F,0x0EAF,0xBF9C,0x8C64,0x615C,0x78FA,0x1C0E,
    0x0800,0x2FFF,0xECF3,0x7E41,0x64FD,0x2281,0x5DE8,0x3E01,0x023F,0xBF7F,0xC077,0xC0FE,0x9FB0,0xF878,0x0EAF,0xD651,0x7214,0x1F63,0x8800,0xA685,
    0xFFFF,0xD000,0x30EC,0x0180,0x0A03,0xFBC0,0xA187,0xD018,0x89C5,0xFED4,0x001F,0x2F00,0x43EF,0x0780,0xF150,0x003F,0xFE7C,0x7F6B,0xFF3F,0x2F51,
    0x1000,0x2FFF,0xBBF9,0x0100,0x8000,0x5400,0x1000,0x000A,0x04C4,0x0000,0x0000,0x1800,0x2000,0x0100,0x1000,0x2808,0x0DC3,0x8180,0x0FC5,0x5F7F,
    0xE000,0x0000,0x57F7,0x0600,0x0001,0x8000,0x0000,0x0000,0x01FA,0x0000,0x0000,0x0400,0x0000,0x0600,0x0000,0x101C,0x0200,0x0000,0x003A,0xF180,
    0x83F8,0xE80B,0xC87A,0xF0BE,0x383C,0xB95E,0xA816,0x81A5,0xEB8E,0x7E28,0x3FCD,0x9DF0,0x543F,0x4AEF,0x517F,0x0B98,0x7760,0x7B1A,0x792B,0xF6FD,
    0x0407,0x17F4,0x30F7,0x7280,0x07FC,0xB0E1,0xFEE4,0xBE51,0x99AE,0xF53F,0xC039,0xC1FF,0x9AFF,0x7460,0x08CB,0xAA55,0x845C,0x2765,0x8002,0x73F9,
    0x7BF8,0xE800,0x18E8,0x0DC1,0xC003,0xF680,0x918D,0x400A,0x045F,0xFED4,0x0017,0x2200,0x21E0,0x8F10,0xA600,0x543E,0xD77C,0x7F6D,0xFEFE,0x7B72,
    0xFC07,0x17FF,0xD7F2,0x0D00,0x8000,0xE900,0x1002,0x0008,0x038F,0x0000,0x0000,0x1C00,0x4000,0x0280,0x5130,0x701C,0x0B83,0x8180,0x07D7,0xFF9D,
    0x0000,0x000B,0xEFFF,0x0600,0x0000,0x0000,0x0000,0x0000,0x01F0,0x0000,0x0000,0x0000,0x0000,0x0F00,0x0000,0x3818,0x0440,0x0000,0x0029,0x8000,
    0xB8FF,0x01FF,0x89DE,0xF64D,0xD621,0xCA1F,0x982F,0x81F3,0x738E,0x7024,0x1AC1,0xA39B,0xD64E,0x900D,0x9CFE,0x8D90,0x0FC2,0xEA5E,0xFF9F,0xCFAA,
    0xBB00,0xFE00,0x07F6,0x7072,0x2FD8,0x4890,0xEFD5,0xFE05,0x81AE,0x733F,0xE53B,0xE01E,0x99E8,0xE332,0x8022,0xAE2D,0xF698,0x15E1,0x0265,0xDFFB,
    0x78FF,0x0000,0x0FE9,0x0D80,0x8146,0x7D60,0x11C5,0x5008,0x0E5F,0xFAD8,0x000F,0x1C60,0x21B9,0x1EC0,0x6301,0x703E,0xFFDE,0xFE6D,0x7F1D,0xEFD4,
    0x0F00,0xFFFF,0xFFF7,0x0A01,0x4001,0xF200,0x000A,0x0002,0x018F,0x0400,0x0000,0x0380,0x4000,0x0E80,0x1000,0x7C1C,0x0961,0x0200,0x0087,0xB038,
    0x0400,0x01FF,0xFFFE,0x0400,0x8000,0x0000,0x1000,0x0000,0x03F0,0x0000,0x0000,0x0000,0x0000,0x1D00,0x0000,0x5030,0x0680,0x0180,0x017A,0x0000,
    0x5128,0xA2E2,0x0816,0x9B07,0xC9B1,0x43D7,0x113D,0x01D3,0xDF80,0x6F90,0x1AC1,0x6B7C,0xFE0F,0xD854,0x4BF2,0xBD8B,0xB7D6,0x3155,0x7D16,0x56FD,
    0x90D7,0x5D00,0x3C17,0x9038,0x7BCC,0x43D0,0xF7D0,0xBE2D,0xABD0,0xF6BF,0xE53F,0xE47F,0xF170,0x126B,0x880E,0xFE2F,0xC7CC,0x4C6A,0x812B,0xD787,
    0x3028,0xA000,0x3C08,0x66C0,0x0602,0xFE78,0x0BC2,0x4000,0x002F,0xFE6D,0x4007,0x1080,0x00F0,0x2FC0,0x3001,0x4034,0x57DA,0x7FEE,0xBDD2,0x7C80,
    0x6FD7,0x5FFF,0xFFF6,0x0901,0x8001,0x7C00,0x100D,0x0002,0x078F,0x0000,0x0000,0x0B80,0x0000,0x2F80,0x4000,0x5C1C,0x0821,0x8180,0x0307,0x8078,
    0x0700,0x02FF,0xFFFE,0x0600,0x0000,0x0000,0x0000,0x0000,0x03F0,0x0000,0x0000,0x0000,0x0000,0x1C00,0x0000,0x2030,0x07C0,0x0380,0x00FC,0x0000,
    0x1480,0x0ADD,0x867A,0x31E5,0x3037,0x55D2,0x1036,0x02FB,0x63C1,0x6460,0x1B5A,0x163E,0xAF27,0xDDB0,0x5FE5,0x7FA4,0x17F0,0xF30D,0x7E6E,0x3C89,
    0x127F,0xF500,0x1FFB,0x3A7B,0x50C1,0x1441,0xF744,0xFD01,0x9FD1,0xF7FF,0xE4BF,0xC2FF,0xB8F8,0x3F0F,0xC01E,0x783F,0xE7CE,0x0C52,0x8006,0x3F8B,
    0xFA00,0x0000,0x1FE4,0xC600,0x8F89,0xBE2C,0x0B8D,0x2004,0x002B,0xFEAD,0x4001,0x2900,0x40D0,0x0240,0x2000,0x8058,0x57FE,0xFFE6,0xBE9F,0xC074,
    0x0DFF,0xFFFF,0xFFFA,0x07C0,0x3006,0x7E38,0x1012,0x0002,0x038F,0x0000,0x0000,0x1100,0x2000,0x03C0,0x1001,0x7C3C,0x0821,0x03C0,0x01F5,0x0000,
    0x0780,0x0AFF,0xFFFE,0x0C00,0x0000,0x0000,0x0000,0x0000,0x07F0,0x0000,0x0000,0x0000,0xC000,0x3C00,0x0000,0x0020,0x07C0,0x0380,0x0008,0x0000,
    0x06C0,0x0968,0x1FDF,0x3AFA,0x7E3F,0x0EFE,0xA74F,0x01FB,0xD314,0xD4F0,0x88CC,0x77F9,0x9F87,0xED30,0x0BD4,0x374E,0x77E9,0x294E,0xBEFF,0xABE3,
    0x683F,0xF680,0x3FFD,0x3E3D,0x2257,0x4631,0x67A0,0xFE01,0xA164,0xFFDF,0xF72F,0x983F,0x3078,0x3F0F,0xC82E,0x505D,0xC3C2,0x1751,0x4043,0x59E3,
    0xE400,0x0000,0x3FE2,0xC540,0x9387,0xFF10,0x1B90,0x8004,0x0E96,0xFE5E,0x4010,0x8000,0xE078,0x12C0,0x3001,0x8830,0x57EF,0x3CA7,0x5EDB,0xAD1C,
    0x1FFF,0xFFFF,0xFFFC,0x0E80,0x2C0F,0x960E,0x000F,0x0002,0x078B,0x0020,0x0000,0x0000,0xF000,0x3F00,0x0000,0x0074,0x0C30,0xC380,0x0124,0xAE04,
    0x03C0,0x097F,0xFFFE,0x0040,0x1000,0x0800,0x0000,0x0000,0x07F0,0x0000,0x0000,0x0001,0xC000,0x0000,0x0000,0x0028,0x03C0,0x03C0,0x0018,0x5000,
    0xAE3F,0xE1C8,0x00FA,0x3CF9,0x2FE1,0x3E5F,0xDF57,0x01FB,0x2F16,0xDC30,0x2965,0x7DDA,0x3F83,0xDF62,0xBFED,0x7F6A,0xD7F9,0x393B,0x3E38,0x4F0D,
    0xF006,0xBE00,0xFBFA,0x363E,0x69C4,0xB9A4,0xB781,0xFE01,0xD7F6,0xFF9F,0xF696,0x823E,0x207C,0x3F9F,0xE81F,0x403F,0xE7CC,0x0544,0xC021,0xFF60,
    0xFC07,0xE000,0xFBF5,0xC340,0x91DF,0x4804,0x03A8,0x0004,0x001F,0xFE5D,0xC018,0x0001,0xC01C,0x0000,0x0000,0x8054,0x37FF,0x3EC7,0xDE26,0x4FD2,
    0x0FFE,0xBFFF,0xFFF8,0x0A80,0x2E0D,0x0E0B,0x0816,0x0002,0x0F19,0x0060,0x0000,0x0001,0xD000,0x1E00,0x1000,0x0014,0x0820,0xC0E0,0x01DA,0x4F8F,
    0x03F9,0x41FF,0xFFFC,0x0440,0x1002,0x8000,0x0000,0x0000,0x07E0,0x0000,0x0000,0x0001,0xE000,0x0000,0x0000,0x0048,0x07C0,0x0380,0x0001,0xB000,
    0x3E01,0xC383,0x81FE,0x6FFC,0x7808,0xA19B,0xD0B5,0x46EC,0x0E0E,0xD870,0x4D68,0x7F9B,0x1FD3,0xE151,0xAF6D,0x1ADC,0x4FF1,0x88FF,0xBB0A,0x3E6D,
    0x71E0,0xBC03,0xBFFA,0x7E3F,0x502E,0x3F60,0x7163,0xBD14,0xF6CE,0xFBCF,0xF29F,0x807F,0x703C,0x30AF,0xE81F,0x2523,0xCFD6,0x97E0,0x400A,0x3A74,
    0xF9EF,0xC003,0xBFF5,0x8000,0xAFD3,0xE004,0x0F0A,0x9003,0x413F,0xFF4E,0xA214,0x8000,0xA00C,0x0E00,0x1000,0xC000,0x2FF7,0x9D03,0xEB0F,0xFFD2,
    0x0EFE,0x87FF,0xFFF8,0x07C0,0x0608,0xC003,0x8234,0x0000,0x0F31,0x0430,0x0000,0x0002,0xF000,0x0000,0x0000,0x004C,0x1028,0x6100,0x04F7,0xFF8F,
    0x07F1,0x7BFF,0xFFFC,0x0000,0x3807,0x0000,0x0000,0x0000,0x07C0,0x0000,0x0000,0x0001,0xC000,0x0000,0x0000,0x0000,0x07C0,0x02C0,0x0000,0x0000,
    0x7C2F,0x5FD0,0x8FFE,0xC7CE,0x0793,0xB029,0xA8E1,0x4155,0x866F,0xFC70,0x28A4,0x7F00,0x5FD9,0xB706,0xD7DE,0x327F,0x6FEA,0x5B9F,0xC7C2,0x6141,
    0xE04A,0x0800,0xFFFA,0xFC4F,0x69ED,0x3FD0,0x317A,0xBEA9,0xF6AF,0xFF97,0xF75F,0x80FF,0x702E,0x58FB,0xD03F,0x2D86,0xC7EF,0x4FE0,0x3802,0x7140,
    0xFC7A,0xF800,0xFFF1,0x0030,0xB947,0xE002,0x470C,0x0402,0x297F,0xFE1D,0xC01A,0x0003,0xA006,0x0000,0x2800,0xC000,0x1FEF,0x5E41,0xFFC7,0xEFFE,
    0x1FF5,0xAFFF,0xFFFC,0x0380,0x2E12,0xC001,0x8A28,0x0000,0x0710,0x0060,0x0000,0x0003,0xF000,0x0000,0x0000,0x0000,0x3010,0xA340,0x003D,0xEE3D,
    0x03C0,0x57FF,0xFFF8,0x0000,0x100F,0x0000,0x0010,0x0000,0x07C0,0x0000,0x0000,0x0000,0x8000,0x0000,0x0000,0x0000,0x07E0,0x0080,0x0000,0x1000,
    0xDDBA,0x8604,0x0BF7,0xA29A,0x7951,0xA81F,0x35CC,0x24A6,0x96FE,0xB428,0x0CEA,0x3F59,0x2FC1,0x717B,0xCFC3,0xC076,0x2D74,0xFCBE,0x6BE0,0x151C,
    0xF11F,0x83A0,0x7FF1,0xFE1B,0x50F7,0xB7E1,0x1467,0xDF5A,0xE6FE,0xF787,0xF31F,0xC0FD,0xE03E,0xFEFD,0x8823,0x9F8F,0xCB33,0x9381,0x1400,0x0010,
    0xF51F,0xFBA0,0x7FF8,0x0164,0xAE8F,0xF000,0xCA3A,0x1001,0x497F,0xFE54,0xF104,0x0002,0xD002,0x0000,0x301C,0x2000,0x1FF7,0xFF40,0x7FE3,0xEAF3,
    0x0EE0,0x7FFF,0xFFF6,0x0080,0x0710,0xC000,0xA230,0x0000,0x0E41,0x0828,0x0000,0x0000,0xE000,0x0000,0x4000,0x4000,0x34C8,0x0180,0x801F,0xFFAC,
    0x0FE0,0x07FF,0xFFF8,0x0000,0x380F,0x0000,0x0018,0x0000,0x0780,0x0000,0x0000,0x0001,0x0000,0x0000,0x0000,0x0000,0x03A0,0x0000,0x0000,0x0000,
    0xD6FD,0xFE87,0x81FF,0x1AE9,0x5F31,0x408F,0x699A,0x6040,0xDD7E,0xDD38,0x2CAC,0x357C,0x2FC4,0xE4FC,0x3EED,0x1877,0x99ED,0xDB3F,0x2AF8,0xFA17,
    0xC01F,0xDDF0,0x1FF7,0xE7B9,0x716F,0x6FF0,0x0A17,0x9FBE,0xADFE,0xFEAB,0xF354,0xCB7F,0x3039,0xFF7F,0x0925,0x978F,0x57E7,0x2DC0,0x8500,0xF200,
    0xF81F,0xDFF0,0x1FF8,0x0006,0xA99D,0xF000,0x9664,0x0A01,0x027F,0xFE6D,0xD203,0x0080,0xC003,0x0000,0xC012,0x6000,0x3FFF,0xFE40,0xAFF8,0x15E8,
    0x2FE0,0x23FF,0xFFF6,0x0004,0x2601,0x8000,0x6008,0x0000,0x0E41,0x0010,0x0000,0x0000,0x0000,0x0000,0x3008,0x0000,0x1410,0x0100,0x5007,0xFFF7,
    0x07E0,0x01FF,0xFFF8,0x0000,0x181E,0x0000,0x0030,0x0000,0x0780,0x0000,0x0000,0x0000,0x0000,0x0000,0x0000,0x0000,0x03E0,0x0000,0x0000,0x0000,
    0x07EE,0xBD83,0x80B8,0xE887,0xAF3F,0x940F,0x6D94,0x6202,0xDB1A,0x347C,0x0C70,0x079F,0xFFC0,0x16BD,0xDD86,0xF1FF,0x8D34,0xEDFF,0xC7F8,0x7FEF,
    0x381F,0xFC40,0x3EE4,0x1779,0x9ADE,0x3BF0,0xCE37,0x9FFE,0xAA3E,0xF7E7,0xF388,0xF91E,0x003F,0x1F7F,0xD247,0x7E0F,0x4FF1,0x9A00,0x0000,0x4782,
    0xC40F,0xFE40,0x3EFF,0x0006,0x7286,0xE800,0x106B,0x0401,0x05FF,0xFE44,0xF107,0x0060,0x0001,0xE000,0x2038,0x0000,0x3FBF,0xFF40,0x4778,0xFA10,
    0xFFF0,0x03FF,0xFFF4,0x0006,0x1D37,0x0000,0x2020,0x0000,0x08C1,0x0838,0x0000,0x0080,0x0000,0x0000,0x5000,0x0000,0x1408,0x0000,0x3807,0xC7EF,
    0x03E0,0x01FF,0xFFF8,0x0000,0x2008,0x0000,0x0010,0x0000,0x0700,0x0000,0x0000,0x0000,0x0000,0x0000,0x0000,0x0000,0x03E0,0x0000,0x0000,0x3800,
    0xE3F8,0x1804,0x39FC,0xCD06,0x3E7F,0x834C,0x5FB8,0x7201,0x5EED,0x7F18,0x8C51,0x3FDD,0xFFE5,0x4CFF,0x92DC,0xFAE9,0x1C2E,0xEEFF,0xC3B8,0x5FFF,
    0xD807,0xA414,0xFFE1,0xBAFC,0x2AFD,0xFDF1,0xFC2F,0x8FFE,0xAE6F,0xFE8B,0xD3AD,0xE31E,0x001B,0x1F3F,0x8D5F,0x3E19,0xDF6D,0x5500,0x0040,0x4AE2,
    0xD808,0x5814,0xFFFA,0x000E,0xD380,0x5000,0x0044,0x0500,0x017F,0xFE6E,0xF206,0x0020,0x0001,0xA000,0x6020,0x0106,0x3FFF,0xFFA0,0x0398,0x7501,
    0x67FF,0xFFFF,0xFFF4,0x0403,0xAC3E,0x0000,0x0030,0x0001,0x0980,0x0030,0x0000,0x00C0,0x0000,0x4000,0x1000,0x0000,0x1410,0x0000,0x3C07,0xCAFE,
    0x3FF0,0x03FF,0xFFF8,0x0001,0x1000,0x0000,0x0000,0x0000,0x0600,0x0000,0x0000,0x0000,0x0000,0x0000,0x0000,0x0000,0x03E0,0x0000,0x0000,0x3501,
    0x9A87,0xE1FF,0xFFFA,0x8417,0x7DBB,0x029F,0xD99C,0xB500,0x7DCE,0x6848,0x4C53,0x1ED5,0xFFE2,0xD5CD,0x1891,0xCD6F,0x7414,0x66FF,0xD1FC,0x29D0,
    0xF500,0x07FF,0xFFE3,0x79FE,0x85BC,0xFDF0,0x6E1F,0x4FFE,0x84DF,0xEB8F,0xF3AF,0xE29E,0x001D,0x1E3F,0x871E,0x2D9F,0xF756,0xDD00,0x2000,0x2E7F,
    0xFB80,0x07FF,0xFFFC,0x0607,0x8746,0x0000,0x0060,0x0281,0x0AFF,0xFE35,0xF080,0x0120,0x0001,0x2000,0x6060,0x1200,0x0FFF,0xFFA0,0xB9EC,0x35AB,
    0x0BFF,0xFFFF,0xFFF0,0x0C01,0x7825,0x0000,0x0000,0x0000,0x0120,0x1460,0x0000,0x00C0,0x0000,0xC000,0x1000,0x0100,0x1C18,0x0000,0x0E03,0xE428,
    0x07FF,0xFFFF,0xFFF8,0x0400,0x801A,0x0000,0x0000,0x0000,0x0E00,0x0000,0x0000,0x0000,0x0000,0x0000,0x0000,0x0000,0x03E0,0x0000,0x0000,0x1BD7,
    0x968C,0x90FF,0xFFD6,0x372B,0x3452,0xC3A7,0x0D3A,0xBA86,0xEEDF,0x7400,0xA421,0x0D89,0xFFF2,0xFBC7,0x00CB,0xFFC0,0xF816,0x448D,0xB832,0x1020,
    0xBD7F,0xE5FF,0xFFEF,0xCFFF,0x157C,0xFCF8,0xF6BF,0x47F8,0x96DF,0xF7BF,0xFBDD,0xF09E,0x000D,0xBC3F,0x8F4C,0x3D73,0xF914,0xB972,0x404C,0x1D66,
    0x77FF,0xF5FF,0xFFF0,0x0C03,0xCFAF,0x0000,0x0045,0x0501,0x09FF,0xFEEA,0xF34E,0x0260,0x0000,0x8000,0x7030,0x000C,0x0FFF,0xFDF2,0x5A7E,0x1E9F,
    0x8AFF,0xDFFF,0xFFF0,0x0600,0xA02C,0x0000,0x0000,0x0000,0x0120,0x0800,0x0000,0x0180,0x0000,0x4000,0x0000,0x0380,0x1C98,0x0200,0x0781,0xF000,
    0x01FF,0xFFFF,0xFFF8,0x0C00,0x0012,0x0000,0x0000,0x0000,0x0E00,0x0000,0x0000,0x0000,0x0000,0x0000,0x0000,0x0000,0x03E0,0x0000,0x0000,0x0FFF,
    0xFDD9,0xCE3F,0xA732,0x5FB5,0x65C6,0xF77E,0xE44C,0x391E,0x2FFF,0xDC30,0xF406,0x0FB3,0xFF71,0xBBA7,0x8E03,0xBB50,0xD817,0x610A,0xD038,0xF849,
    0x7886,0x51FF,0xFDCB,0xF3FF,0x7FFE,0xF8F1,0xFFCF,0xC7E0,0xDFFF,0xDFFF,0xFBFF,0xF83C,0x008E,0xBC7F,0xCF8C,0x7E53,0xC917,0x9CF5,0x2C07,0x0FBC,
    0x3FD7,0xDFFF,0xFAF4,0x0E03,0xCA39,0x0000,0x0030,0x8281,0x01FF,0xFEAD,0xF9C6,0x0040,0x0000,0x4000,0x3070,0x00AC,0x3FFF,0xFDF5,0x2D3F,0xFC57,
    0xC77F,0xBFFF,0xFFB0,0x0C00,0x803E,0x0000,0x0000,0x0000,0x0000,0x2000,0x0000,0x0380,0x0000,0x0000,0x0000,0x0300,0x0C58,0x0200,0x03C0,0x0808,
    0x00BF,0xFFFF,0xFFF8,0x0600,0x0000,0x0000,0x0000,0x0000,0x0E00,0x0000,0x0000,0x0000,0x0000,0x0000,0x0000,0x0000,0x13E0,0x0000,0x0000,0x07FF,
    0xCEDF,0x647B,0x150F,0x82EA,0xADDC,0xB77F,0xDC49,0xF80B,0x6DED,0xEC50,0xF403,0x5333,0xFF6E,0xB379,0xE250,0xD77C,0x9D95,0xA244,0x013E,0x03FF,
    0xD022,0x19FF,0xFB36,0x7BFF,0xB7B0,0xF8F8,0xFFCE,0x07F4,0x8FED,0xEFFF,0xFBFF,0xFC3C,0x0097,0xBCF9,0xF3DF,0x5C7F,0x8FD5,0xDCBB,0xFE01,0xFA4B,
    0x63DD,0xBDFF,0xF4D8,0x0201,0xC22B,0x0000,0x0030,0x0140,0x11FF,0xFEFA,0xF36A,0x00C0,0x0000,0xE006,0x0C20,0x2280,0x787C,0xFFFB,0xFF7F,0xFDB4,
    0x1FFF,0x7FFF,0xF008,0x0500,0x4074,0x0000,0x0000,0x0001,0x0012,0x1000,0x0000,0x0300,0x0000,0x0000,0x0000,0x0100,0x0D9A,0x0100,0x00C0,0x0643,
    0x0C13,0xFFFF,0xFFF8,0x0E00,0x0008,0x0000,0x0000,0x0000,0x0E00,0x0000,0x0000,0x0000,0x0000,0x0000,0x1800,0x0200,0x13E0,0x0000,0x0000,0x01BC,
    0x6157,0xF1FE,0x1E6E,0x7FBD,0xD8FE,0xEF7F,0x5E42,0xFC5A,0xBBFE,0x5C78,0xF601,0x7B76,0xFF7B,0xDEF8,0x6B7A,0x669F,0x4FDD,0xA040,0x103B,0x027F,
    0x60A7,0xABFF,0xF9F9,0xF2BF,0xD7B7,0xF0F8,0xDD8D,0x03A4,0xCBFE,0x5FFF,0xF9FF,0xF479,0x0087,0xD1F8,0x03FD,0xFC1F,0x5FC9,0xDEBF,0xEFC0,0xFE93,
    0xE807,0xFBFF,0xFE6C,0x0BC1,0xE000,0x0000,0x20B0,0x0281,0x05FF,0xFDF5,0xF9F7,0x0080,0x0000,0x6007,0x9C00,0x0360,0xBA3F,0xFEFF,0xFF7B,0xFF6D,
    0xDFF8,0x1FFF,0x8800,0x0D80,0x0078,0x0000,0x1010,0x0000,0x1201,0xA000,0x0000,0x0300,0x0000,0x0000,0x6800,0x0480,0x1FDA,0x0100,0x0004,0x0113,
    0x075F,0xFFFF,0xF7FC,0x0600,0x0000,0x0000,0x0000,0x0000,0x0C00,0x0000,0x0000,0x0000,0x0000,0x0000,0x1C00,0x0200,0x01E0,0x0000,0x0000,0x00EC,
    0xA3C7,0x54E6,0xAE1E,0x5BEF,0xC85D,0x527A,0x5F79,0xBE3D,0xB9F7,0x78F0,0xF311,0xEF12,0xB739,0x6DE3,0xCB3F,0x9D85,0x9FD1,0x33A0,0x0C04,0xCF7C,
    0xAC28,0x283F,0xF1E3,0xFE6F,0xCF77,0xEFFD,0xF0CE,0x41C2,0xC9F7,0x7FFF,0xFDFF,0xF01D,0x48C7,0x73C0,0x09FE,0xBA05,0x9DC9,0x4C5F,0xF3F8,0x3287,
    0x5050,0x7CFF,0xAE1C,0x2FB8,0x70A0,0x0000,0x2000,0x0080,0x07FF,0xFFFF,0xF9BB,0x80E0,0x0000,0x801C,0x3400,0x467A,0x6625,0xFDFF,0xFFDC,0xFD68,
    0xFFFF,0xDFFF,0x2018,0x09C0,0x2078,0x0000,0x3830,0x0001,0x1208,0x8000,0x0000,0x0300,0x0000,0x0063,0xDE00,0x0380,0x1DCE,0x0000,0x0003,0x0017,
    0x0387,0xFFFF,0xDFE4,0x0600,0x0000,0x0000,0x0000,0x0000,0x0C00,0x0000,0x0000,0x0000,0x0000,0x0000,0x3C00,0x0400,0x03F0,0x0000,0x0000,0x00E8,
    0xCCEB,0xBAD8,0xDCF3,0x3864,0xF2E9,0x7EB8,0x72B9,0xBF93,0xB9F7,0xF978,0xF000,0xDD5E,0x0319,0xE15F,0x80B6,0xFFEB,0x5F23,0xC040,0x2E84,0x7780,
    0xCF18,0x5F2E,0xDCCF,0xFFE5,0xEB87,0x66FF,0x8D26,0x407C,0xDDF7,0xFFFF,0xFFFF,0xE01B,0xFCE7,0xFF64,0x40F7,0xF70B,0x4B3B,0xFF3F,0xD578,0x08FC,
    0xFC6B,0xFFFE,0xEBF4,0x865B,0x6450,0x8100,0x2050,0x0040,0x07EF,0xFAFA,0xFDBD,0x82A0,0x0000,0x00B0,0x7F08,0x0014,0xB4E7,0xBF7F,0xFFFC,0x7F00,
    0x33FF,0xFFFF,0xFFB4,0x0820,0x3020,0x0000,0x5028,0x0001,0x1608,0x0000,0x0000,0x0140,0x0000,0x002B,0xCC00,0xA9E0,0x0BBC,0x0080,0x0003,0x808F,
    0x0087,0xFFFF,0x0048,0x07C0,0x0040,0x0000,0x2010,0x0000,0x0800,0x0000,0x0000,0x0000,0x0000,0x0050,0x3E00,0x4600,0x15C0,0x0000,0x0000,0x0070,
    0x72AD,0xF7E2,0x0160,0xA013,0xB633,0x5A6C,0x3BCB,0xDD12,0x19E3,0xFCF0,0xF0F5,0x5DD6,0x839D,0xDAA3,0x9C7F,0xE5D5,0xDAC3,0xC220,0x56AE,0x1BF2,
    0xD203,0xEFF1,0xA1FD,0xF6E3,0xA7B3,0xE67F,0xFFBC,0x22FC,0x5DF3,0xFBFF,0xFF9F,0xE01F,0xFC63,0xDF70,0x9D3F,0xB715,0x9A81,0x7D9F,0xABF1,0x00D0,
    0xFF0F,0xFFF0,0x5E66,0x0F0C,0x784C,0x0180,0x0030,0x0001,0xA7FF,0xFBF7,0xFA97,0x8220,0x0000,0x705C,0x6380,0x582A,0x217F,0xBDFF,0xFF56,0x1B72,
    0x0DFF,0xFFFF,0xFF74,0x0010,0x5000,0x0000,0x0070,0x0000,0x160C,0x0000,0x0000,0x01C0,0x0000,0x00A3,0xBF00,0x13C0,0xDB3C,0x0040,0x0001,0xE4DD,
    0x00FF,0xFFFE,0x0088,0x07E0,0x0000,0x0000,0x0000,0x0000,0x0800,0x0000,0x0000,0x0000,0x0000,0x0078,0x7E00,0x6E03,0x05C0,0x0000,0x0000,0x0020,
    0x28BB,0xDDF6,0x000B,0x3857,0x8E3B,0xFAF1,0x5BE9,0x9F08,0x4DB9,0xF5F1,0x702A,0xEDBE,0x6916,0x72FF,0xE7DC,0x7A70,0x7EE1,0x4120,0x3B42,0x0136,
    0xEA4F,0x81F9,0x00FF,0xFD67,0x9FB3,0xE43F,0xFB9E,0x63FE,0x79B9,0xFBFF,0xFFDF,0xD03E,0x7EE9,0xFD7B,0x7FFF,0x7B41,0x1BC0,0x7E9F,0xC4BC,0x00F8,
    0xBD7F,0xDDFE,0xFF04,0x439A,0xE844,0x0100,0x0430,0x0001,0xB7FF,0xFB5F,0xF5DF,0x8241,0x8000,0x0004,0x9800,0x858F,0x85BF,0xFEFF,0xFFFE,0x0136,
    0x57FF,0xFFFF,0xFFF4,0x0000,0x2438,0x02C0,0x0050,0x0000,0x3246,0x0000,0x0000,0x0180,0x0000,0x00FB,0x1700,0x5D30,0x7ADE,0x0040,0x0001,0xFEB9,
    0x00FF,0xFFFC,0x0008,0x07F0,0x1800,0x0000,0x0020,0x0000,0x0C00,0x0000,0x0000,0x0000,0x0000,0x007C,0xEF00,0x3E03,0x8500,0x0000,0x0000,0x0040,
    0x01FD,0x7617,0x801E,0x640F,0x2D78,0x6F18,0xFF99,0xCFD0,0xCDD9,0xF5F2,0xBCCB,0x4FFF,0xDE2F,0xA6B9,0x6F71,0x32BB,0x9E92,0xC4D1,0x3D00,0x0AC3,
    0xA203,0x80E8,0x011B,0xF7FF,0x3D00,0x739F,0xFC3E,0x319E,0x09D9,0xFBFF,0xF7FF,0xF0FF,0xFFF6,0x78FF,0x7FFE,0x3377,0x9AC0,0x7B0E,0xD2FE,0x00F8,
    0x5DF7,0xF2F8,0xFEE8,0x0C01,0xEEE7,0x80E0,0x01E0,0x0021,0x37FF,0xF2EB,0xF5FF,0xC001,0x7000,0x0146,0x9000,0xCDCC,0x653F,0xBB7E,0xFFFE,0x0A43,
    0xFFFF,0xFFFF,0xFFF4,0x0008,0x1118,0x00C0,0x0230,0x03C0,0xD226,0x0000,0x0000,0x0301,0x9000,0x00BB,0xEF00,0x7D77,0x9AED,0x0020,0x0001,0xF5FC,
    0x000F,0xFFFF,0x0008,0x07F0,0x0C60,0x0360,0x0180,0x0000,0x3C00,0x0000,0x0000,0x0000,0xE000,0x007C,0xFF00,0x1E8B,0x8500,0x0000,0x0000,0x0000,
    0x02FA,0xAFEF,0xCFC4,0x1E27,0x3E4A,0xAF1B,0xBC73,0x0817,0x669C,0xF1F2,0xE055,0xFD73,0xF740,0x46BE,0x6F3D,0xA39D,0x7E43,0xA234,0x3FAD,0x1B5E,
    0x0101,0x0000,0x8879,0xF7CB,0x3F8A,0xB12F,0x8414,0xF4E6,0x669C,0xFFFF,0xFFFF,0xE1DF,0xF7FF,0xB83E,0xFF5A,0x8A3D,0xDE43,0x3DEB,0xC05A,0x1B5E,
    0x56F9,0xA2E2,0x8FC2,0x0629,0xEE75,0x40E0,0x6B88,0x03F9,0x9FFF,0xFBDF,0xF5FF,0xE200,0x0800,0x0141,0x9080,0x55E2,0x813F,0xFDFB,0xFFFF,0x2EF6,
    0xFFFF,0xFFFF,0xF7F4,0x0C14,0x1208,0x02B0,0x1770,0x0124,0x7D63,0x0000,0x0000,0x0001,0xF000,0x00BE,0x7F00,0x3C7B,0xFEFC,0x0000,0x0000,0xFFFD,
    0x0007,0xFFFD,0x7808,0x03F8,0x0DC0,0x01C0,0x2B80,0x01D1,0x3800,0x0000,0x0000,0x0000,0xF804,0x007F,0xFF00,0x1FC7,0x0100,0x0000,0x0000,0x0000,
    0x8037,0xCF97,0xFBB4,0x2514,0xF26E,0xEFFB,0xE407,0x8C4D,0xC4AC,0xFBBA,0xAC7F,0xE68D,0xFBEB,0x07EF,0xFFBC,0x9FDC,0xDF42,0xE01A,0x1FFD,0xFF39,
    0x5FC0,0x0000,0x06C9,0xD7F0,0xFFA7,0xF0EB,0x2588,0x745F,0x04AC,0xF7BF,0xF7FD,0xFBFE,0xFFF3,0xF85F,0xFF97,0x9E5B,0x1F41,0xBFED,0xE02A,0x1F3B,
    0xA033,0xC083,0xE396,0x0D17,0xB214,0x0014,0x5BF0,0x03B6,0x3BFF,0xF6F7,0xF6FD,0xE000,0x000C,0x0030,0x0040,0x6127,0xA097,0xFFFD,0xFFDD,0xFFF7,
    0xFFFF,0xFFFF,0xFFF0,0x0D08,0x0048,0x0100,0x8280,0x00E6,0xFF53,0x0000,0x0000,0x0001,0xF800,0x01CF,0xFF38,0x10DB,0x5EFC,0x0000,0x0000,0x1FDC,
    0x000F,0xFFFC,0x182C,0x02FC,0x0F80,0x00F0,0x7F00,0x01F9,0x3800,0x0000,0x0000,0x0000,0xFC0C,0x003F,0xFF80,0x0F64,0x8100,0x0000,0x0000,0x0000,
    0x018F,0xE83F,0xFE77,0x1C87,0x57F4,0xF89C,0x697E,0x0400,0x84DC,0x73BE,0xFFEE,0x761F,0xFA9E,0x2DD2,0xBF1E,0xDF2F,0xFE20,0x500A,0x1EFE,0xD80E,
    0xAE70,0x1000,0x018F,0xFBFB,0x57C7,0x1770,0x7F49,0xFC84,0x04DC,0x7FBF,0xF7FF,0xFBE7,0xFAB7,0xD212,0xFFFB,0xCFE4,0x4321,0x9FF5,0xE015,0x0A07,
    0x018C,0x7006,0xEE70,0x0484,0xBDCC,0x0063,0x9680,0x03FF,0x7BFF,0xF7DF,0xF7FF,0x6000,0x0550,0x002D,0x40A0,0x60D3,0x9097,0xFFFD,0xFEFF,0xDD9F,
    0xFFFF,0xFFFF,0xFFF4,0x0C06,0x0C70,0x00EC,0x7930,0x004D,0xBF23,0x8000,0x0000,0x0001,0xF80A,0x01D0,0x3F7C,0x10EC,0x6EFC,0x0000,0x0100,0x2FF0,
    0x0003,0xFFF9,0x1008,0x03F8,0x0380,0x0010,0xFF80,0x01FB,0x3800,0x0000,0x0000,0x0000,0xFC04,0x000F,0xFFC0,0x0F03,0x9100,0x0000,0x0000,0x0000,
    0x2C97,0xADFF,0xFBF3,0xAFF8,0x63F2,0x7477,0x3B33,0xC6CF,0xA5AE,0x6B2F,0xF7BF,0xB36B,0xF8A9,0x57EC,0x0EBC,0xC806,0xFA00,0x3205,0x0E94,0xE203,
    0x5368,0x1200,0x0003,0xE84E,0x63C7,0x8BF9,0xFF9C,0x7FDF,0x35AE,0x772F,0xEFBF,0x9996,0xFCA9,0x0A2C,0x1FFE,0xC045,0xFA01,0xFDFA,0xF001,0x8B00,
    0xAC17,0xBFC3,0x835C,0x1849,0xDE0A,0x0008,0xC4C0,0x0030,0xDBFF,0xF6FF,0xEFFE,0x4400,0x0756,0xA013,0xF143,0x3FFB,0x04FF,0x7DFE,0xFFFF,0xEE04,
    0xFFFF,0xFFFF,0xFFF0,0x1FB0,0x1670,0x0077,0x3F30,0x00CF,0x2E51,0x8000,0x0040,0xA201,0xF801,0x41CB,0x8E9E,0x1455,0xFEFE,0x0000,0x0168,0x15FF,
    0x0080,0x7FFC,0x7CA8,0x07FE,0x0180,0x0038,0xFF80,0x01FF,0xB800,0x0000,0x0000,0x0000,0xFC06,0x0007,0xFFE0,0x0F82,0x0100,0x0000,0x0000,0x0000,
    0xA3F3,0xFE1F,0xF87B,0xFFF9,0x1775,0x10EF,0x7F31,0x10E9,0xCD5E,0x232F,0xD2B7,0x1F24,0x847F,0xFD14,0x9F7D,0x8FBC,0x5601,0x3804,0x1603,0x4041,
    0x580C,0x01C0,0x000B,0xF15D,0x1747,0xEFCF,0x7F1E,0xFCEE,0x695E,0x3F2F,0xEEBF,0xD0DA,0xBD97,0x4410,0x9FDA,0x8F84,0xB301,0xDFFF,0xE803,0xFC01,
    0xA2F3,0x8FC7,0xC80C,0x195E,0xFD8C,0x0030,0x90E0,0x0317,0x37FF,0xF7FF,0xE6FF,0xE001,0x7AE0,0x02EF,0x60A7,0x7863,0xE9FF,0xFFFB,0xFFFC,0xFC46,
    0xFFFF,0xFFFF,0xFFF8,0x1EA5,0x02F0,0x0003,0xFF10,0x00F6,0x92A1,0xC000,0x0141,0x4F00,0x4698,0xF902,0x3F18,0x07DC,0xAFFE,0x0000,0x01FF,0x03BF,
    0x0100,0x7FF8,0x3FF0,0x07FA,0x0180,0x003C,0xFFA0,0x00F9,0x3C00,0x0000,0x0000,0x8000,0xFF67,0x0607,0xFFE7,0x0FE3,0x5000,0x0000,0x0000,0x0000,
    0x7EFF,0xD7F5,0xFCFD,0xD9E9,0x48F6,0x3420,0x3F61,0x1A2C,0xDCAE,0x232F,0xDBB7,0x3F9E,0x4F84,0xF1F3,0x0D68,0x9514,0x1AC1,0x1802,0x0E27,0x7F80,
    0x8100,0x2000,0x0005,0xCAFB,0x49A7,0xCB23,0x7F2E,0xE7FD,0x74AE,0x3F2F,0xE7BF,0xD149,0xAFE7,0x7FF3,0x4F87,0x9FF7,0xBA80,0xEFFD,0xF026,0x21D0,
    0x7AF3,0xC711,0x780B,0x3B56,0xBF1D,0x00DF,0xC090,0x00D3,0xAFFF,0xEADF,0xE7B6,0x6020,0xF07B,0x8E0C,0xF293,0x6AEB,0xE4FF,0x7FFF,0xFFD9,0xFFD4,
    0xFFFF,0xDFFF,0xFFF4,0x15FB,0x0360,0x003C,0xBFE0,0x007E,0x0551,0xC000,0x0041,0x5F10,0xBF80,0x7803,0xBD69,0x153C,0x4EBE,0x0000,0x01FE,0x002C,
    0x040C,0x3FEE,0x87F8,0x0FFC,0x0090,0x001F,0xFF80,0x00FF,0xB800,0x0000,0x0000,0xA000,0x5FFF,0x8703,0xFF86,0x0FC3,0xF100,0x0000,0x0000,0x0003,
    0x802F,0xE57B,0xFB0A,0x93FE,0x227C,0x3BDC,0x5061,0x2C03,0xBEF5,0x8BBF,0x89C6,0x3F7D,0x9F96,0x76EC,0x006D,0x903D,0x0A48,0x9000,0x4413,0xFFAB,
    0x5FD0,0x1A00,0x0002,0x93FE,0x23AF,0xC7DF,0x7FAE,0xD782,0xF0F5,0x9FBF,0xF6DE,0x5FB8,0x9FFF,0x76E9,0xFF4F,0x80FB,0x6900,0x77FF,0xB812,0x43B3,
    0x802E,0x2200,0x900D,0x6CA1,0xFC84,0x0023,0xAF10,0x007D,0x01FF,0xFEEF,0x95CF,0xE0C2,0x6069,0x0917,0xFF92,0x7FCA,0xF5FB,0xFFFD,0xBFC1,0xFFE4,
    0xFFFF,0xE5FF,0xFFF0,0x0FFF,0x02F0,0x003C,0xD060,0x0062,0x9E00,0xE000,0x0020,0x4FBD,0x3F96,0x7F02,0x00E5,0x0B1D,0xDFB6,0x0800,0x03D2,0x000F,
    0x0001,0xDFFF,0x6FF8,0x1FFF,0x0100,0x003F,0xFF80,0x00FD,0x2000,0x0000,0x0000,0xB040,0xFFFF,0x8F07,0xFF82,0x1FE3,0xB000,0x0000,0x002C,0x0000,
    0x0017,0x28FF,0x7F7D,0xE602,0x0D6E,0xC7C0,0x0EF9,0xC087,0xADD5,0x12CB,0xB6FF,0x070C,0xFFBE,0x70D0,0x40DF,0x1E54,0x4AE0,0xD001,0x060C,0xFBEB,
    0xFFE8,0xF7D0,0x801F,0xE6F2,0x07CD,0x7FA4,0x09C6,0xBE78,0xF7D5,0x5FFF,0xE9F7,0x874C,0xFFFE,0x70DF,0xFCCB,0x0064,0x4B80,0xABFF,0xF80C,0x03B9,
    0x0017,0x2CD3,0x6010,0x21FD,0xF2B8,0x003F,0xF620,0x8107,0x18FF,0xB20B,0xA8F6,0xF0C1,0x0041,0x0F27,0xBF24,0xECBF,0xB57B,0xF7FF,0xFFC3,0xFC22,
    0xFFFF,0x242F,0xFFE8,0x2000,0x0EC0,0x0059,0x48C0,0xC080,0x9028,0x6000,0x0001,0xE78C,0xFFBF,0x7600,0x4351,0x122D,0x8F9F,0x0400,0x01C3,0x07C9,
    0x0000,0xDBFC,0x1FF0,0x1FFF,0x0120,0x003F,0xF720,0x007F,0x2800,0x0000,0x0000,0x78F3,0xFFFF,0x8F0F,0xFF86,0x0DD3,0xF000,0x0000,0x003C,0x0006,
    0x0047,0x8629,0xFFEA,0x9311,0xD0B9,0x5F90,0x1F9F,0xD350,0x0D20,0x580F,0x8FB2,0xF7CE,0x2034,0xF0C0,0x0E67,0xF85F,0xBB2E,0xFC00,0x902F,0xA6F3,
    0x07BB,0x883E,0x000B,0xF27F,0xD83E,0xDF6F,0xEF02,0xAF35,0xCAE0,0x1FFF,0xF0FD,0xF5E8,0x7FFE,0x66CC,0x3D26,0x101E,0x6800,0x4FFF,0xE80A,0x0215,
    0x0046,0xFFD5,0xFFF4,0x21EE,0x2FC8,0x2104,0x1460,0x80CF,0xB03F,0xBC0F,0x90F3,0x0807,0xDFCA,0x0E3F,0xF398,0x1FBF,0xD4EF,0xFFFF,0xEFC0,0xFCDC,
    0xFFFF,0xB895,0xFFF0,0x3290,0x8D00,0x4084,0x0F80,0xC002,0xB409,0x6000,0x0000,0xFF28,0xA034,0xF08D,0xC1E7,0xF45E,0x6ED1,0x0000,0x07C3,0x5A25,
    0x0000,0x77EA,0x0018,0x0DFF,0x0780,0x007B,0xF000,0x007F,0x3800,0x0000,0x0007,0xF8F7,0xFFFF,0x0F03,0xFE80,0x0801,0x9100,0x0000,0x003C,0x01C2,
    0x0016,0xC603,0xFFFB,0x6649,0x8061,0x5C01,0xFFCD,0x533D,0x47D0,0x09AF,0x178B,0x530E,0x788E,0xCBBA,0x42ED,0xFC3F,0xFBEA,0xFE00,0x4A04,0x0C39,
    0x4BBF,0xC6E3,0x0003,0xC67E,0x0BFE,0x1DFE,0x6832,0xBCBF,0x0A30,0x0F5F,0xE87B,0xF9BB,0xF8CE,0x0E2F,0x7AC9,0x783F,0x3880,0x4BFF,0xB21C,0x0129,
    0x0015,0x39FF,0xF2BC,0x208B,0x7F80,0xA201,0x8000,0x0042,0xBC1F,0xF90F,0x000C,0xA8C5,0x0770,0x3145,0xBD16,0xABFF,0xC5EF,0xFFFE,0xF5C1,0xF030,
    0xFFFF,0x1114,0xFFE0,0x060A,0x8CC0,0x4000,0x7FC1,0x403F,0x1804,0xF000,0x0007,0x53BB,0x0060,0xC492,0xC560,0x7C7F,0x3E95,0x0000,0x07D9,0xF129,
    0x0000,0xFFFF,0x0D58,0x39F5,0x0700,0x00FF,0x8000,0x807F,0xB400,0x0000,0x0007,0xFC74,0xFFBF,0x0F0F,0xFF87,0x8000,0xC100,0x0000,0x003E,0x0FD6,
    0x043A,0x8100,0x3FEB,0x464C,0xDAFF,0x9AEC,0x83EE,0x7DFF,0x5FB4,0x2FDF,0x2F87,0x874E,0x4705,0xF9FA,0x91CC,0x2A14,0xBCAF,0xFA05,0x2B42,0x5C21,
    0xE3BA,0x3578,0x7013,0xD140,0x54BA,0xDBD3,0x83B9,0x62FF,0x7A4C,0x2D2F,0xD07F,0xFFFB,0xEF8E,0x197E,0xFD08,0x3214,0x9880,0x29FD,0xFD4A,0x0380,
    0x043D,0xEEFF,0xFFF4,0x17F3,0xAF48,0xE42C,0xFF08,0x8040,0xA407,0xFD0F,0x1020,0x78A5,0xB8F8,0x0011,0x6EBF,0xC9FF,0xD7EF,0xFFFA,0xF22B,0xA020,
    0xFFDC,0x3A03,0x8FF8,0x117E,0x1500,0xC0C0,0xFF40,0x003F,0x2001,0x1000,0x0007,0x835A,0x474B,0xF190,0x6C63,0x83F9,0xFBD0,0x0003,0x016B,0xA381,
    0x0000,0xDFFF,0xF000,0x2E83,0x8BC0,0x003F,0x0001,0x807F,0x9C00,0x0000,0x0003,0xFCF5,0xFFF6,0x0E0F,0x9387,0xFC00,0x0000,0x0000,0x0294,0x7FFE,
    0x0860,0x4843,0x07DA,0xECF8,0xE8F1,0x3F1D,0x31DC,0x6CC0,0x4C3E,0x1576,0x2FC4,0xF3DE,0xF7A0,0x57DE,0xF7E9,0x00DE,0x30BF,0xB807,0x05E6,0xE870,
    0x7760,0x7F51,0x2492,0xEF96,0x547F,0xFFAB,0xFF5F,0xD398,0xDDC1,0x178F,0xD03F,0xFAD7,0xFFF4,0x161E,0x8C4A,0xEC1E,0x3080,0x09FF,0xE466,0x5780,
    0x007F,0x87BE,0xFDE5,0x1383,0x3F80,0x405D,0x3139,0x003F,0xB200,0xFD06,0x0007,0x0C21,0x085E,0xA82F,0xB9DF,0xF83B,0xFFFF,0xFFF8,0xF283,0xE871,
    0xFF9C,0x4000,0xDB6C,0x42F8,0x9400,0x4049,0x31C0,0x006C,0x8400,0x4800,0x0005,0xF76E,0xF7AC,0x57DF,0xCE62,0xECD1,0x7DC0,0x4402,0x1563,0x7F80,
    0x0800,0x3FFF,0xFEB0,0x3D07,0x2B80,0x80F6,0xCE01,0x8037,0x3800,0x0000,0x0003,0xFCF1,0xFFFB,0x0800,0x3181,0x1700,0x0000,0x0000,0x081C,0x3FFE,
    0x1C40,0x9609,0x820A,0xF782,0xD7C9,0xDFFF,0xD86E,0xF090,0xD77F,0xC7FA,0xCF9B,0xF3DE,0xBC09,0xF238,0xFE18,0xF8AE,0xB4DF,0x3A2C,0x38FD,0x81F7,
    0x2340,0x971D,0x4272,0xB6AC,0xD67F,0x5FEF,0xFF33,0x2F9C,0x9980,0x4787,0xB07F,0xFD04,0xFF8B,0x25F8,0x0610,0x1AAE,0xD0C0,0x01F8,0xE05D,0xBE65,
    0x1C7F,0x7CF3,0xBFF5,0x092F,0x2980,0xA03F,0xD8C3,0x806F,0x2800,0x7F82,0x801C,0x0E51,0x43F0,0x07DF,0x31F7,0x107F,0x9FDF,0xFFD5,0xD826,0x8002,
    0xFF9F,0x7CEB,0x3198,0x40AC,0x0200,0x40EF,0xD801,0x402C,0x5E00,0x1000,0x0007,0xF18E,0xBC33,0xD5F8,0xC8A0,0xFA80,0x3BE0,0xC020,0x00CF,0xBE74,
    0x0000,0x03FC,0xFFE0,0x3F52,0x0180,0x8010,0x27C0,0x8033,0xB000,0x0000,0x0003,0xFE71,0xFFFE,0x0A00,0x3000,0x0700,0x4000,0x0006,0x0F30,0x7F8B,
    0x00E8,0x8241,0xC44B,0xC188,0x62A4,0xB600,0xFDE9,0xC283,0x17DD,0xC794,0x9FD0,0x1167,0x01B5,0xCFD9,0xFDA1,0xFDFE,0xB6DF,0x3815,0x2DBF,0x21ED,
    0x7D48,0x8262,0x9C53,0x85FC,0x7E3E,0xB700,0xFEF6,0x7DF7,0x9762,0x07CB,0x607F,0x9142,0x0184,0x48E6,0x4F80,0xB1BE,0xB0C3,0x09E8,0xCA33,0xDE42,
    0x00FF,0xFF9D,0xFBB4,0x7E77,0x8141,0x48FF,0xFC01,0x803C,0xE800,0x3FA0,0x0007,0xEC95,0xFE30,0x3337,0xB05E,0x643B,0xDFFF,0x7FE8,0xD14A,0x2008,
    0xFF02,0x7CDC,0xA7D8,0x3674,0x0080,0x8077,0xFD80,0x000B,0x11C0,0x0010,0x0014,0x6822,0x7801,0x8C2E,0x4821,0xB9C0,0xB9E1,0x4211,0x3B77,0xFE42,
    0x0000,0x003F,0x7FE0,0x7B88,0x0000,0x0000,0x0201,0x807F,0xBE00,0x0000,0x002B,0xFE1D,0xFFFE,0x03D1,0xB000,0x4600,0x0000,0x8006,0x0788,0xFFBF,
    0x00F0,0x0A9E,0x9F3F,0xBFC0,0x21F0,0xFF17,0x06B6,0xC882,0x0093,0xF786,0x1F26,0x4403,0xEBC7,0xA8FF,0x7BFE,0xBEF5,0xFD7F,0x983A,0x042F,0x4FFC,
    0x00F0,0x021F,0x7E1B,0xFFE1,0x3FFE,0xFFFF,0x0621,0x70FB,0x36AC,0x37C7,0xC0D7,0x7402,0x6BC3,0x36D8,0xF881,0x94BF,0x7175,0x89E0,0x6BEE,0xB00B,
    0x00DF,0xFFFE,0xE0CA,0x403E,0xC001,0x0117,0xFFC9,0x0781,0xFF40,0x2FBA,0x2039,0x33F8,0x0404,0x4F33,0x8CBC,0x7D75,0x7FFA,0xFFC3,0xD416,0xC004,
    0xFF06,0xF07E,0x5F3C,0x7FD6,0xC001,0x8000,0xBE03,0x8086,0xA900,0x280C,0x0011,0x341B,0xE003,0x861C,0xFBC2,0x4680,0xF3F5,0xE618,0x1FE6,0x700B,
    0x0000,0x0001,0xBC00,0x3FFF,0x0000,0x0000,0x0180,0x007F,0x9F80,0x1018,0x402E,0xC81C,0x1FFC,0x09E3,0x003D,0xF840,0x0000,0x0006,0x0FD9,0xFFF7,
    0x01B9,0x1700,0xF1A5,0x7F8F,0xA02C,0xB080,0x1EE5,0x07EC,0xAA8D,0xEFF7,0xBC50,0x04C3,0xFDF7,0x41D4,0x3F58,0x7CB6,0x3F4F,0x6811,0x7842,0x035F,
    0x01F8,0x1200,0x5DA5,0x7FC8,0x9FFE,0x2800,0x0B77,0xFFEF,0x1FBE,0x2BDD,0xE3F1,0x0701,0x7230,0x6192,0x37BF,0xA0B6,0xF359,0x41E1,0xAFB9,0xFC00,
    0x01AF,0xFFFF,0x2E5A,0xC077,0x4001,0x477F,0xED08,0x07FC,0xCAC0,0x1FD7,0x002F,0xFBBA,0x8FC8,0x9E2B,0xE5E7,0x835F,0x5FEE,0xBFF0,0x7840,0x0000,
    0xFE04,0xF87F,0xC000,0x3FB0,0xA000,0x91EA,0xB980,0x007C,0x2080,0x1035,0x802E,0xBB59,0x7207,0x01C6,0xDFA7,0x9C80,0x53E9,0xD201,0x17F9,0xFC00,
    0x0000,0x0000,0x3C00,0x7FFF,0x0000,0x0000,0x0600,0x0003,0x9F00,0x1C0A,0x401F,0xFC9E,0x8DC0,0x0001,0xE058,0x6000,0xA014,0x001E,0x3FFF,0xFFFF,
    0x1108,0x2680,0x5DBF,0x4C2F,0x288E,0x4EA3,0x5784,0x1687,0x5015,0xD3F5,0xC70C,0xE087,0xFFD7,0xBD29,0x0ACC,0x980F,0xB9EE,0xD411,0xB141,0x5793,
    0x6F90,0x2604,0x0CFF,0x67B4,0xEFFE,0x0EA3,0x56BB,0xEE87,0xDF9F,0x2DD4,0xBFDF,0xE0E4,0xAE9F,0x9FF7,0xFE8F,0x4000,0x4228,0x51FA,0x6EBE,0xA800,
    0x916F,0xFFEB,0x5000,0xBBDB,0xD001,0xB55F,0xF940,0x03FF,0x3060,0x134B,0xC033,0x1F7B,0x4120,0x552B,0xEADB,0x47F0,0x7DFA,0xFFEA,0x7000,0x1000,
    0xFE03,0xF07E,0x0100,0x6014,0xE000,0x43FF,0xF880,0x007F,0x3000,0x003E,0x8013,0x1E78,0xBEC0,0x3C22,0xE163,0x580F,0xC43C,0x7A1A,0x9EBE,0xB802,
    0x0000,0x0000,0xFE00,0x1FEB,0x0000,0x0000,0x0F00,0x0000,0x8F80,0x1E01,0x400C,0xFF9F,0x4100,0x03DD,0x1FFC,0xA000,0x2343,0x8405,0x3FFF,0xFFFD,
    0xC17D,0x67E0,0x1EB9,0xFF88,0x1FF0,0x085F,0xB903,0xBC3A,0xA3F2,0x7F89,0x9C37,0xD1C7,0x9FC7,0xC4F0,0x5557,0xEADF,0xC3F9,0x9492,0xC415,0xE7C2,
    0xD570,0x6067,0xDF30,0x3BEC,0x518E,0x085F,0xB03F,0xA83A,0xE31D,0x9781,0xEDF2,0x2E02,0x1D81,0x3FFF,0xCAED,0x2280,0x273A,0x9572,0xF8EA,0x1800,
    0x40F7,0x783B,0xE1C6,0xEB97,0xEF81,0xFFBF,0xE6C0,0x43FF,0x9F00,0x0FF7,0x8618,0x7FF9,0x623A,0xC4F2,0x5FF4,0x17A5,0x7AFB,0xFF60,0x0300,0x0004,
    0xFE0A,0x97FB,0xDE19,0x3F8C,0x0100,0x00FF,0xF900,0x1CFF,0x9FE0,0x1718,0x0007,0xAE38,0xDDC5,0x0002,0x35F7,0xE85A,0xBB3A,0xFE00,0xBBEA,0x1806,
    0x0005,0xE004,0x3F80,0xC063,0xFE00,0x0000,0x0000,0x0000,0x0000,0x0800,0x0000,0x51FF,0x0202,0xFFFD,0xFFF8,0x0005,0x44C5,0x000F,0x7FFF,0xFFF9,
    0xF610,0x1733,0xC11C,0x8FF7,0x7FED,0xE07F,0xF700,0x7F78,0x73EC,0x6F40,0xAF19,0xFFC1,0x8FF8,0xF3BC,0x55AC,0xB83F,0xC018,0xF33C,0xCE5A,0xE202,
    0x2DF4,0x19DF,0xE3FF,0xF7E6,0x8F7C,0x4057,0xEFFC,0x0D78,0x7E4F,0x8F7F,0xFFF8,0x0040,0x835F,0xF7BC,0x20D4,0x3005,0xACCD,0xF4D9,0x71A0,0x1000,
    0x361C,0x16EC,0x2AE3,0x7BCD,0x7F02,0x5FB3,0xE003,0x81FF,0xB118,0x1A80,0x061E,0x003F,0xF048,0xF3BC,0x75FF,0x47C4,0x2394,0xFBE5,0x0400,0x0202,
    0xF003,0xE0DB,0xD51C,0x77F6,0x0F81,0xF05F,0xF000,0x7E01,0x90E0,0x1F00,0x0001,0xFF8E,0x1FF8,0x0843,0xDFFC,0x983F,0xE384,0xF809,0x35A0,0x1000,
    0x0FFF,0xFF27,0xFFFF,0x8801,0xF000,0x0020,0x0000,0x0000,0x0F00,0x0000,0x0000,0x007F,0x0007,0xFFFF,0xFFF8,0x0000,0x1C7B,0x0406,0xFFFF,0xFDFD,
    0x9341,0x740B,0x5FEF,0x9FFB,0xFFFF,0xFF5B,0x532F,0xFABF,0xAB2C,0x682A,0xFF80,0x01FE,0x2801,0x5F70,0xDB5F,0xE7FF,0x8C20,0xB119,0xD3A1,0xD6EA,
    0xEF41,0x7CFF,0xFFFF,0xDCC1,0xFFA3,0xECFB,0xB7D3,0xF8BF,0xB90F,0x9FFE,0xFF80,0x00B0,0x3FFF,0xDB70,0x70A3,0xC402,0xECE1,0x8453,0xEC00,0x4800,
    0x9353,0x77F4,0xA010,0x6004,0x7DC0,0x2106,0x4803,0xFD6F,0xC6D0,0x0003,0xFFFF,0xFE4F,0xE801,0x5F78,0xFBD9,0xDC00,0x5BDF,0xFBE2,0x0000,0x82EA,
    0x00AC,0xB10B,0x5FEF,0x8FFB,0xFFBF,0xFE00,0x1000,0x02FF,0x8120,0x0000,0x002F,0xFFB0,0x2800,0x2087,0xFFFC,0x23FF,0xC7DF,0xEA6B,0xEC00,0x4800,
    0x7FFF,0xCFFF,0xFFFF,0xF000,0x0040,0x01FF,0xE000,0x0000,0x1E00,0x0000,0x0000,0x004E,0x17FF,0xFFFF,0xFFFC,0x0000,0x383E,0x0434,0x3FFF,0x3D15,
    0xFF41,0x78B0,0x47FF,0xEFC8,0x24FF,0xEF50,0x027B,0xF920,0x7CB1,0xA04C,0x0100,0x2490,0x8023,0x1C10,0x1DD0,0xC42F,0xC6C0,0xE8C0,0xE791,0xECBF,
    0xBDE1,0xFDFF,0xFFFF,0xF96A,0x3CC5,0x11FE,0x0787,0xF800,0x20FE,0xDFBC,0x0100,0x04BF,0xFFFF,0xFC51,0xFB2D,0xC3F9,0xBEC1,0xEC00,0x1800,0x1000,
    0x5745,0x794F,0xB800,0x16B2,0x4F3A,0xFEAF,0xFC00,0x7EDF,0x9300,0x0007,0xFFFF,0xDFD0,0x8023,0x14BB,0xFDD2,0x7828,0x7FBF,0xFE3F,0x0011,0xC0BF,
    0xB81A,0x3AB0,0x47FF,0xE125,0x8805,0x1051,0xB600,0x01F5,0xCC00,0x0000,0x145F,0xFFD0,0x8000,0x0B0D,0xFCF2,0x040F,0xBF3F,0xECBF,0x1800,0x1000,
    0x47FF,0xC7FF,0xFFFF,0xFEDF,0xF7FA,0xEFFF,0xF800,0x0000,0x1000,0x0000,0x0000,0x002F,0x7FFF,0xF7FF,0xFFFC,0x03F0,0x40FE,0x037F,0xFFEE,0x3F40,
    0x881E,0x5B98,0x37FF,0xFFF0,0x201C,0xCD80,0x02D0,0xD5EA,0x1305,0x0FE0,0x0050,0x37EB,0x0F49,0x3A80,0x15EE,0x0F5A,0x4C8A,0xB0B3,0xD4C8,0xD3BF,
    0x7F9E,0xFFFF,0xFFFF,0xFFFF,0x275F,0xBF01,0xF2F0,0xD5E2,0x03FA,0xFFE0,0x0050,0x37FF,0xFFF7,0xDA80,0xEF17,0xC1F8,0x75C1,0xF800,0xA100,0x000C,
    0xA07E,0x5BE7,0xC800,0x000F,0xD7C2,0x327F,0xFD1F,0xAA55,0xEC00,0x003F,0xFFFF,0xFFEB,0x0F49,0x3A84,0xFDEE,0x3155,0x90B5,0xAF4C,0x0400,0xC3B3,
    0x2001,0x0A18,0x37FF,0xFFF0,0x08A2,0xF27E,0x0C0E,0xFFFF,0x9000,0x0000,0x7F87,0xFFE8,0x0001,0x057F,0xF9FE,0x0F02,0x5035,0xA64C,0xA100,0x0000,
    0xDFFF,0xF5FF,0xFFFF,0xFFFF,0xFFFD,0x0DFF,0xFC00,0x0000,0x0000,0x0000,0x0000,0x0017,0xFFFE,0xFFFF,0xFEF8,0x00E0,0x2FFE,0x5FFF,0x7BFF,0x3C40,
    0x0AE0,0x14C0,0xE200,0x7FFD,0x01E2,0x818C,0x01EE,0x91FF,0x8FA5,0xFFE0,0x220A,0xDFFF,0xF41A,0xFC30,0xCBE0,0x5BD7,0x4FB4,0x685F,0xF998,0xD5FF,
    0xFBC0,0x1CC4,0xE787,0xFFFF,0xDFFF,0xCA9F,0xE8E9,0x7762,0x87FF,0xFFE0,0x2200,0x9FFB,0xFA1A,0xFFF3,0x97FE,0xF895,0x7FE1,0xE000,0x0000,0x040C,
    0x5EBF,0xF7CF,0x0DB7,0x8002,0xDE1D,0x5E73,0xFF16,0xBC9F,0x7801,0x58FF,0xFFF5,0xFFFF,0xF5FE,0xFC3D,0xCAE1,0x54E8,0xDB8B,0x57A0,0x0810,0xF3F3,
    0x5E1F,0xF7B9,0x1A48,0x7FFD,0x21E2,0xA24C,0x14F8,0x2562,0x7000,0x0008,0xF70F,0xBFFB,0xF001,0x0001,0xFF81,0xC3B7,0xD00B,0x57A0,0x0000,0x2000,
    0xA1E0,0x087F,0xFFFF,0xFFFF,0xFFFF,0xFDFF,0xFF07,0xDA9D,0xF800,0x0000,0x0000,0x4004,0x0FFF,0xFFFF,0xFC7E,0xA040,0x2FFE,0xBFFF,0xF7EF,0x0800,
    0xD82E,0xB7CF,0xF424,0x1FFE,0xC08A,0x3420,0x002F,0x2EB0,0x07F1,0xF07F,0x5300,0xFCB2,0x8C12,0x7FBF,0x7CF0,0x1177,0xCC97,0xC03B,0xDEAE,0xD3FF,
    0xEC0E,0xB7FF,0xCEDC,0x7FFF,0xFBFF,0x3D76,0x003A,0xB7BD,0x55F0,0x207F,0x03FF,0xFCF8,0xB618,0x7FDA,0x84EF,0xE085,0xF8E1,0x8000,0x0028,0x03DF,
    0xDC7F,0xFFD0,0x3BFB,0xE081,0x3F75,0x4BDF,0xFFD5,0xD86B,0xF88E,0x0FFF,0xAD00,0xFFB7,0x7727,0xFFB1,0xEF00,0x1EF2,0x3328,0x3FC0,0x1A96,0xD42F,
    0xCF9F,0x4FD0,0xCAD9,0x1FFE,0xC48A,0x89A9,0xFF12,0x9688,0xAA01,0xF0FF,0xFF00,0x0FB5,0xF2CB,0x0001,0xEFF7,0xE985,0xF128,0x1FC0,0x0028,0x2800,
    0x33E0,0x002F,0x3527,0xFFFF,0xFFFF,0xF6FF,0xFFED,0x6977,0xFC00,0x0000,0x00FF,0xF04A,0x0DFF,0xFFFF,0xF80F,0xE05A,0x0FDF,0xFFFF,0xE541,0x0000,
    0x360D,0x88EB,0xF1E7,0xC1F8,0x2802,0x0F65,0xBC02,0x8260,0x2000,0x3F77,0x4003,0xFCFF,0xEA4B,0x4F76,0xBEF0,0x03E6,0x5A67,0xEB0F,0xFBE4,0x3FED,
    0xF7CD,0x88FB,0x8FE7,0xCFFC,0x3C0F,0x8FA5,0x9C0A,0xBDF9,0xFCFF,0xC88B,0xFFFE,0xFEFF,0xD664,0x013C,0x143F,0xF5CE,0xB967,0x0000,0x0023,0xCFFC,
    0x163F,0xFFEC,0x7E10,0x2E07,0x95FD,0xB0DA,0x63E9,0x7B77,0xDDCE,0xF777,0x4003,0xFDF1,0xE230,0xEF89,0x5040,0x002A,0xE598,0x14F0,0x1BDD,0xFC13,
    0x081F,0xF3E4,0x0E08,0x11FB,0xEB42,0x4080,0x0014,0x3912,0x22CE,0xC803,0x4002,0x01FF,0xD5A4,0xDEF9,0x063F,0xF3CD,0xA498,0x14F0,0x0020,0x0000,
    0xFFC0,0x001F,0xF1FF,0xFFFF,0xFFFF,0xFF7F,0xFFFF,0xC6EF,0xFF31,0x37FC,0xBFFD,0xFE00,0x3FDF,0xFF07,0xF9CF,0xFC33,0x5FFF,0xFFFF,0xF400,0x0000,
    0x2FF4,0x0257,0xFA06,0x63F8,0x0383,0x21DA,0x8800,0x7808,0xE805,0x0A80,0x0001,0xE97B,0xD83A,0x5ADB,0x12E1,0x0840,0x2401,0x8607,0x9BB3,0x2D9F,
    0xEFF4,0x0277,0x5707,0xEFFE,0x3F07,0x2FFF,0xE955,0xFE71,0xFF87,0xF57F,0xFFFF,0x393F,0xA350,0x04BF,0x081E,0xFFE7,0xB040,0x0000,0x1033,0xBC0B,
    0x3FFF,0xFF9F,0xADD9,0x9C06,0xE834,0xCE25,0x6755,0x86FD,0x17DF,0x2A80,0x0001,0x6FAB,0xCF75,0xBF64,0xE801,0x08FF,0x9BFC,0x79F8,0x07EA,0xFBF4,
    0x038A,0xFCC0,0x5531,0x83F9,0x886B,0x11DA,0x91AA,0x7972,0xE822,0x2000,0x0000,0x4DFB,0x8BA4,0xBF2C,0xEA1F,0xF6A3,0x5BBC,0x79F8,0x1C00,0x0001,
    0xFC00,0x003F,0xAAFE,0x7FFF,0xF7FF,0xFFFF,0xFEFF,0xFF8F,0xFFFD,0xDFFF,0xFFFF,0xF004,0x7FFF,0xFFD3,0xF5FF,0xFF5F,0xEFFF,0xFFFF,0xE004,0x0000,
    0x04FE,0x8033,0xEEC0,0x2FF0,0x1F00,0x63BF,0xFAA0,0xF50B,0x0100,0x1916,0x2550,0xFA5B,0x9C09,0xC407,0x1000,0x00C0,0x401B,0x8A5F,0x129B,0x1FC5,
    0xFCFE,0x803F,0xCFC8,0x2FF0,0x897F,0xEFFF,0xFFFF,0xFFEB,0x3FF8,0x1FEF,0xDFFF,0xDA6F,0xE305,0x4606,0x1CFF,0xDF03,0x4016,0x0600,0x1301,0x1C01,
    0x27FF,0xFFF3,0xB10B,0xC007,0x9E7F,0xDC40,0x055F,0x0AF4,0xFEF8,0x3D14,0xA550,0xD5B4,0x6F04,0xAFB8,0xEE80,0x00E3,0x3FE4,0x75A0,0x3CFA,0xE3C6,
    0x2600,0x3FF3,0xC134,0x1FFE,0x6880,0x23BF,0xFAA0,0xF500,0x0107,0xC406,0x8000,0x1FEF,0xEEF5,0x12D0,0xEEFF,0xDFDE,0xEFE6,0x75A0,0x0200,0x0000,
    0xD800,0x000C,0x3EFF,0xFFFF,0xF7FF,0xDFFF,0xFFFF,0xFFFF,0xFFFF,0xFBF9,0x7FFF,0xE010,0x1FFA,0xFDFF,0xF37F,0xFFFF,0xFFF9,0xFBFF,0xC184,0x0038,
    0xFAFF,0x003E,0xAC3F,0xDFE0,0xF080,0x7803,0xCC05,0x0009,0x20B4,0x0D60,0xAB7B,0xACCB,0xF7FE,0x0705,0xBB02,0x0006,0x8377,0x2C65,0x6B90,0x1C6A,
    0xD7FF,0x0018,0x1E7F,0xFFE7,0xF290,0x488F,0xFFDF,0xFF4D,0x47FF,0x0E7F,0xFFD4,0xF8E2,0x01FD,0x7C01,0xACFD,0xF787,0xC002,0x0000,0x1F9F,0x7803,
    0xA2FF,0xFFC5,0x7240,0x200F,0xFE50,0x34AC,0x33DA,0xFF66,0xFF4B,0x2DA4,0xAB5B,0xF30B,0x9D61,0x7FA6,0x5402,0x0055,0x7C84,0xD340,0x002F,0xF468,
    0xD800,0x7FFB,0x9DBF,0xDFFF,0x016F,0x8353,0xCC25,0x0096,0xC0B4,0xD0E4,0x0070,0x5CDC,0x1C01,0x487E,0x4CFF,0xF7EA,0x3C82,0xD300,0x43C0,0x0000,
    0x2000,0x0004,0x3FFF,0xFFF8,0xFFFF,0xFFFF,0xFFFF,0xFFFB,0xBFFF,0xFF1B,0xFF8F,0xA03F,0xFFFE,0xBFFF,0xF3FF,0xFFFF,0xFFFD,0xFFFF,0x87C0,0x0394,
    0x7FDF,0xC0BB,0x61FB,0xFFC0,0x0F98,0x0D09,0xE780,0x001E,0x6081,0x760A,0xD77F,0xEF9D,0xEFF7,0xF776,0x7700,0x0019,0x01F3,0xF562,0x503E,0x9C83,
    0x43FF,0xC013,0x8FFF,0xFFE7,0x9F98,0xEF49,0xFFE7,0x8061,0x63F1,0xFD0A,0xFFE4,0x1F61,0x0000,0x7549,0x88FF,0x5A99,0x0014,0x0AC0,0x521F,0xBC00,
    0xB3DF,0xFF46,0x0E04,0x003F,0xD001,0xF7D4,0x1867,0xBFF7,0x8373,0x753E,0xD740,0x54FE,0x5118,0x7537,0xF800,0x127E,0xFE0C,0x0A82,0xA387,0xB0C6,
    0xCC00,0x3FB8,0x31FF,0xFFD2,0x2FE6,0xEA23,0xE798,0x5469,0x9C8C,0x47C1,0x007F,0x9F7E,0x50E8,0x8B3F,0x88FF,0x4880,0xBE04,0x0AE0,0x0C60,0x4000,
    0x3000,0x0000,0x1FFF,0xFFFF,0xFFFF,0x05FF,0xFFFF,0xFF96,0xFFFF,0xB8FF,0xFF80,0x609F,0xFF1F,0x7CFE,0x77FF,0xEDFF,0xFFFB,0xF51D,0x07C0,0x0338,
    0xDFE8,0x631A,0x60EC,0x1F07,0x840F,0xF45F,0x834D,0xC22F,0x0206,0xCC00,0x00F9,0xD93A,0x1ED9,0x3809,0x9E00,0x40A7,0x03C1,0x3DC3,0x3C6D,0xECFC,
    0xBBFF,0xE3CF,0xEFFF,0xBFC5,0x774A,0xB6FF,0xEB8E,0x3DF2,0x0717,0x8C7C,0x0196,0x4E80,0x0023,0x8375,0x61FF,0xBFBE,0x0048,0x9000,0x061D,0xF003,
    0x63E8,0x5E20,0x6F13,0xA0FF,0xF349,0x48A0,0x68B3,0xFF69,0xFFCE,0xFA7C,0x0287,0xBFFF,0xE06A,0x4509,0xBC00,0x7EE7,0x7C0A,0x89FC,0xC6C8,0xECFC,
    0xBC00,0x0830,0x30EC,0x5F01,0x7CB6,0x8D5F,0x94A2,0x3D46,0x5D2C,0x8183,0xFCFE,0x37FF,0xE0A2,0x3E7D,0x41FF,0x8108,0x9C34,0x9003,0x3120,0x0000,
    0x4000,0x0000,0x1FFF,0xFFFE,0x8FF8,0x03FF,0xFF7D,0xC2B9,0xFAF3,0x7FFF,0xFF01,0xF97F,0xFF15,0x82FE,0xDFFF,0x81FF,0xFFFF,0x6600,0x07C2,0x0300,
    0xBED2,0xD404,0x7000,0x803F,0xFEBC,0xF182,0x0520,0x03FE,0x170D,0x7F80,0x33C7,0x0FFB,0xBFC0,0x7018,0x1D60,0x00C1,0xFA03,0xDB3B,0xD6A0,0xFA5E,
    0x5AFD,0x9BFC,0x71FC,0x80A6,0xBFBC,0x708E,0x0535,0xFBFF,0x17FE,0xFF81,0x3C01,0x0400,0x0047,0x43E0,0xF29E,0x5F3F,0xDEF3,0xE510,0x8594,0xD1C7,
    0xE1D0,0x4007,0xC1FC,0xBF82,0x46C3,0x8F3D,0xF8DD,0xF802,0xED9B,0x807D,0x27E7,0xFFFD,0xC867,0x0D80,0xFE00,0x5F01,0x25F3,0xE4C4,0x3A75,0xDBB8,
    0x5F00,0x1000,0x2E03,0x4F5F,0xB880,0x0E4C,0x4212,0x07FC,0x2092,0x8056,0xC41E,0x3BFD,0xC81A,0xF660,0x129E,0x007E,0x041C,0x362B,0xC0D4,0x21C0,
    0xA000,0x2000,0x1FFF,0xFFE0,0x0700,0x01F3,0xFFEF,0xFC03,0xFF6D,0x7FFF,0xFBFF,0xFFFF,0xFFFF,0x827F,0x0DFF,0xA0FF,0xFBFF,0xC800,0x130A,0x0400,
    0x902A,0x980E,0xD813,0x85C9,0x5FFD,0x6440,0x3FC1,0x8954,0xD720,0x0140,0x6002,0x97F5,0x9F42,0x3800,0x1EC0,0x9200,0xF801,0xE6FD,0xFF3F,0xE2FC,
    0xFF3F,0x2FFC,0xC413,0xB5F0,0xFBFD,0x6648,0x7FFF,0xE9AF,0xD7F2,0xE140,0x79F9,0x6000,0x007F,0x37FF,0xF211,0x67FF,0x83C1,0x4717,0x0082,0xC904,
    0x6FFA,0x300F,0xFFA3,0x7A37,0xA002,0x9C29,0xC03E,0x6EF5,0xA89E,0xE2BF,0x9BFB,0xFFDA,0xE03D,0x7483,0xFC01,0xE600,0xBFC1,0xE16A,0x1440,0xD7FB,
    0xFF00,0x2001,0x046C,0x01D8,0xFC00,0x0D96,0x3FC1,0x95A1,0x0091,0x1C20,0x0586,0x97DA,0xE0F6,0xFB7C,0x0210,0x637F,0xC03E,0xB997,0xEB00,0x2104,
    0x0000,0x4000,0x1BFF,0xFFE0,0x0000,0x03FF,0xFFFF,0xF85E,0xFF6F,0xFFFF,0xFE7F,0xFFFF,0xFFFF,0x837C,0x0DFE,0x19FF,0x3FFF,0xFE00,0x143C,0x0000,
    0xEF83,0x5C7F,0x9EAF,0x02E9,0x5BAC,0x82FF,0xCF82,0xF4CC,0x0410,0x403E,0x000B,0xF81D,0x5E80,0x6801,0x1330,0x2008,0x7402,0x9109,0xFC4B,0x177E,
    0xABBD,0x0FFF,0xC169,0x32D1,0xFBAC,0xDFFF,0xFFEF,0xF40D,0xFF7F,0xF0FF,0xA034,0x0002,0x28DF,0xFFFD,0xF604,0x1FF7,0x85B3,0xB3DD,0x215C,0xEA11,
    0x447D,0xAC7F,0xA7FF,0x3136,0xA453,0x1D00,0x306D,0x07F5,0xFB0F,0xB8C1,0xA57F,0xFBEA,0xA15F,0xE985,0xB974,0x2C09,0x7DF3,0x8554,0x0E96,0x0560,
    0xAB82,0x5000,0x1940,0xCC19,0xB800,0x22FF,0xCF92,0xFC02,0x0480,0x4F3E,0x5FCB,0xFFEA,0xA8E1,0x6E78,0x0A40,0x03FE,0x820C,0x485D,0xD01C,0x120E,
    0x1000,0x0000,0x06BF,0xFFE0,0x4000,0x7FFF,0xFFFF,0xF8FF,0xFFFF,0xFFFF,0xFFFF,0xFFFD,0xD7FF,0x967A,0x048B,0xD3F4,0xFFFF,0xFFA2,0x0C20,0x0080,
    0xED01,0xECB5,0x7E1E,0x389F,0xEF7E,0x3FFF,0xFFCA,0xA027,0xD9C7,0x0C00,0x07C1,0xBD7B,0xF800,0x4002,0x6554,0xF801,0x7294,0x113F,0x3FFC,0x2E17,
    0x007E,0x08FD,0xA030,0x38E9,0xBF3B,0x7FFF,0xFFDE,0xA3BF,0xFDD7,0x6F00,0xEE80,0x400C,0x2D8F,0xDFC7,0xEA80,0xEFFF,0x850C,0xFF3B,0x101B,0x2012,
    0xFFFE,0x57B7,0x060F,0xC072,0x10C3,0x4000,0x002D,0x5B98,0x27FD,0x6306,0xF77F,0xFFC4,0x17AF,0xF087,0xE46C,0x1803,0xF493,0xB2C4,0xC424,0xD1E8,
    0x0001,0xA000,0x19D0,0x276D,0x1804,0xBFFF,0xFFC4,0x0467,0xD8F0,0x9CF9,0x017F,0xBFC4,0x2D52,0xEF40,0x0EF8,0xEFFD,0x0E64,0xB3FB,0x2B98,0x0E04,
    0x0000,0x4000,0x07E0,0x1F90,0xE003,0xFFFF,0xFFFB,0xFFFF,0xFF0F,0xFFFF,0xFFFF,0xFFFB,0xC3FF,0x8F78,0x1FC3,0x07FC,0x79FB,0x4C00,0x0400,0x0000,
    0xFE28,0xE9D2,0x807A,0x0F80,0xCFFC,0x3FFF,0xFFF6,0x26AA,0xF007,0xA0FA,0xF3E0,0x3FEF,0xA003,0x405D,0x450A,0xF000,0xF13E,0x3B3F,0x166F,0xDE61,
    0x583E,0x04DE,0x64C0,0x00C0,0xFFBC,0x7FFF,0xFFF6,0x2FFF,0xF417,0xBAFF,0xF800,0x0018,0xEE4A,0x7FCF,0xEAD1,0xE7FD,0x19E0,0x131F,0x7182,0x40B2,
    0xA5FF,0x3D73,0x193F,0xF74B,0x3004,0x4000,0x0009,0xD955,0x03EE,0x26FA,0xF1FF,0xFDD6,0x5E49,0x401F,0xE515,0x180B,0xB41F,0xEFE0,0x881C,0x230C,
    0x1A01,0xD442,0x0240,0x0836,0x3043,0xBFFF,0xFFF1,0xD6AA,0xFBE0,0x4102,0x31F7,0xFDD8,0xE5B7,0xDFC0,0x0FD5,0xEFF6,0x4220,0x165F,0x0660,0x1C00,
    0x0000,0x223C,0x0780,0x07FF,0xC007,0xFFFF,0xFFFF,0xFFFF,0xFC1F,0xFFFD,0xCFFF,0xFFE5,0x1FFF,0xBFA0,0x1FEE,0x07F4,0xBFC6,0x0900,0x0000,0x0000,
    0xBE5F,0x7F3C,0x4BFE,0xC420,0x1305,0x3AFE,0x9D7C,0x02F6,0xC491,0x6377,0x701B,0xFFFD,0xC020,0x0046,0xAAD5,0xF000,0x413D,0x440E,0x11D5,0x1F0F,
    0x1E5F,0x06BF,0xB500,0xE47E,0x0307,0xBFFF,0xFFFE,0x3FFF,0xF486,0xFBF6,0x6898,0x001D,0x5EA3,0xFFB0,0xE500,0x2FF5,0x1144,0x000C,0xFA3C,0x336A,
    0xE1AF,0x996C,0x4AEF,0x1A5E,0x3DF9,0x4501,0x6282,0x7D09,0x3FF9,0x877F,0xFFE2,0x8002,0x9EA0,0x0019,0x0A8A,0x187F,0xA29B,0xBFF3,0x0402,0xC096,
    0x1E00,0xE600,0x0110,0x09A1,0xC068,0x3AFE,0x9D7D,0xC2F7,0xC7E0,0x807E,0xEF66,0x801C,0x615F,0xFFBE,0x0F8A,0x278A,0xEC24,0x41FC,0x00C1,0x0C00,
    0x0000,0x19FF,0xFE40,0x07FF,0xF007,0xFFFF,0xFFFF,0xFFFF,0xF81F,0x7F81,0x17FF,0xFFE0,0x3FFF,0xFFE0,0x1FFF,0xC780,0x1FC8,0x0000,0x0000,0x0000,
    0xEFFF,0x7B67,0x8473,0xE101,0xE7FE,0x6687,0xE01F,0xFD5E,0x1554,0x2F9E,0x301F,0xC9EF,0x4048,0x008C,0xB2D7,0xE002,0x35F3,0x8018,0x5C24,0xC30D,
    0x21FF,0x87F8,0x7CF3,0xE380,0x1C0F,0x9ECF,0xE3FF,0xFFFF,0xA54F,0xFF9F,0x9210,0x3663,0x9E47,0xFF7A,0x0D20,0x27F4,0x3590,0x4019,0xD3DB,0x1AD6,
    0xDE3F,0x0207,0x877C,0x1C7F,0xE7F4,0x6748,0x0BE0,0x02A1,0xDFF5,0x2BFE,0x6FEE,0x3790,0x5E68,0x0E8F,0x72A8,0x1FFD,0xF3F3,0xBFFE,0x3800,0x2421,
    0x0000,0x7800,0x0008,0x1000,0x0400,0x04B7,0xF41F,0xFD5E,0x03C5,0x00FE,0x4DEE,0x3663,0x299F,0xF1F9,0x9FA8,0x280A,0x680C,0x219C,0x2400,0xC100,
    0x0000,0x07FF,0xFFF0,0x0FFF,0x7BFF,0xFBFF,0xFFFF,0xFFFF,0xF01A,0xFF01,0xBFFF,0xC80C,0x7FFF,0xF1F0,0x1FDF,0xC000,0x1FFF,0xC000,0x0800,0x0000,
    0x6DAF,0xCEFB,0xFD2C,0xCF04,0x8872,0xFFF9,0xF820,0x7F00,0x6047,0x0009,0xE03F,0x67EF,0x8008,0x1100,0x4A0F,0x844B,0x94C1,0x81DF,0x7A00,0xC677,
    0x7FBF,0xC180,0x1DA6,0xC0FE,0xBFFF,0x8947,0xFEFF,0xFFE0,0xC046,0xFF89,0xC030,0xF93E,0x8045,0x529B,0xC4C0,0x474B,0xBF03,0x80DF,0x0BFF,0xDFE9,
    0x8063,0xBE7E,0xFF7D,0x7B05,0x4000,0x7FF9,0xF8DF,0x80E3,0x7FFF,0x01FF,0xFFCC,0x98D1,0x60A8,0x5111,0x80F0,0x05FC,0xD4C1,0xFFEF,0xDC00,0x2001,
    0x0000,0x0005,0x1874,0x2404,0x0000,0x0901,0xF920,0xFF1C,0x53EE,0x01D8,0xDFCC,0xF93E,0x1F1D,0x039A,0x04F0,0x4690,0xC03D,0xC6EF,0x2000,0x0000,
    0x0000,0x0FFA,0xE78A,0x03FA,0x3FFF,0xF6FE,0x07FF,0xFFFF,0x8001,0xFE07,0x3FFF,0x0600,0x3FFF,0xBFEE,0x3F3F,0xFA00,0x3FFE,0x0100,0x5F00,0x0000,
    0x8DE5,0x25D0,0x97C2,0x17EB,0xF3F5,0x69DD,0xE680,0x0013,0xF29B,0xA225,0xB06F,0x9BFD,0x8091,0x3C50,0x9461,0x000E,0xC74B,0x11F3,0xE58C,0xD525,
    0xED9F,0xE650,0x7F83,0x144B,0x9A5F,0x8832,0xFF96,0x0014,0x1299,0xDEA1,0x7001,0xC762,0x809D,0xFA9B,0x887E,0xF706,0xFBCF,0x10F3,0x95C8,0xCADB,
    0x1201,0x1DEF,0x97BE,0xEBD4,0x45A0,0x5E1D,0xE696,0xC1FB,0x5BE5,0xA37B,0x8F8C,0x449F,0x7451,0xCEFB,0xE99E,0x01F1,0xC77B,0xEEFD,0xEB33,0xE000,
    0x0000,0x1C68,0x13FE,0xE460,0x2000,0x2FD0,0xE669,0x3E00,0xA5E3,0x807C,0x2F9D,0xC762,0x0B2C,0x0000,0x503E,0xF608,0xC303,0xA1FD,0x8017,0xC000,
    0x0000,0x0380,0xEC01,0x0300,0x1FFF,0xC02F,0x19FF,0xFFFF,0x0000,0x7F83,0xDFFE,0x3800,0x3FFE,0x3D04,0x0601,0xFE00,0x3CFC,0x0000,0x7F08,0x0000,
    0x70A8,0x34B4,0x3603,0x4FFC,0xCFFF,0xCFFF,0x8D9B,0x5383,0x9D79,0xF57B,0x815F,0xE2F7,0x4011,0x25F3,0xAE5A,0x0021,0x3F60,0x527F,0xFF11,0xDFCF,
    0xBFE0,0x2FFD,0xF603,0xC9FC,0xC1C3,0xCC81,0xFB9B,0x73FC,0x1D40,0xA78F,0x8086,0x0398,0x8A1D,0x2967,0x816F,0xEA2B,0x35DE,0x527F,0x280F,0xD830,
    0x4017,0xF4B6,0x3FFF,0x7603,0x341C,0x3EFF,0x8DDF,0xDB82,0xF7C6,0xF270,0x7EA1,0x0147,0x5960,0x2F97,0xF194,0x0BD4,0xFF61,0x7DFC,0x06F1,0xF000,
    0x0008,0x64B6,0x3FEF,0x4000,0x0BE0,0x0181,0x8820,0x0401,0x003B,0xAF00,0x7EA6,0x1D80,0x248D,0x0800,0x110F,0xE100,0x7503,0xACFC,0xD160,0x7000,
    0x0000,0x1B49,0xC000,0x8200,0x001F,0xFE7E,0x77FF,0xFFFE,0x0000,0x5FFF,0xFF78,0xFE00,0x3FFE,0xF008,0x3E01,0xF400,0x0AFC,0x0000,0x0A1F,0x8000,
    0xFEB4,0x576C,0xF040,0x57EA,0x6700,0x00DF,0x3540,0xF77C,0x7C97,0xB4E2,0x022D,0x888E,0x923F,0x0066,0xC198,0x077E,0x3FE8,0x6614,0x9F39,0x31FF,
    0x0185,0x5FEF,0xB847,0xBAEA,0x0702,0xF0D4,0x7FC0,0xFFE0,0xBFE9,0x1E92,0x01D8,0xDC8B,0x903C,0xD17F,0x80A1,0xA7FF,0x3A98,0x6E17,0xB237,0xF200,
    0x004A,0xB77C,0xF7F8,0x4115,0xF802,0xF1A4,0xB577,0xF77F,0x0006,0xDA7D,0xFDD7,0x5578,0x7FC1,0x175E,0x3E66,0x0800,0xFFEF,0xB5FC,0x4EF9,0x3C00,
    0x0030,0x377C,0x87B8,0x0600,0x00FD,0x0E0F,0xB008,0x0000,0x4010,0x2D10,0xFDD8,0xEE04,0x0002,0xC400,0x7EA7,0xA000,0x3A0F,0x003C,0x0110,0x3800,
    0x0000,0x0883,0x7807,0xF800,0x7FFF,0xFFF0,0x4FFF,0xFFFC,0x000F,0x9FAF,0xFE20,0x3FF8,0x7FFC,0xE880,0x3F1F,0xF000,0x05F0,0x0000,0x0E0F,0xC000,
    0xBCF8,0xA837,0xE970,0x4A9B,0x0005,0x1F80,0x628B,0xFD39,0x425B,0xD968,0x4BFE,0x82DC,0xBC8E,0x1C3B,0xCEFA,0x02CF,0x1FA0,0x7400,0xD18E,0x397F,
    0x4203,0x6E37,0xD97F,0xDB03,0x1D7F,0x7FE9,0xDF8B,0xF3C7,0x5F4D,0x19E8,0x07EC,0x0ADC,0x7ED9,0xCFDC,0xC146,0x7258,0x9DE0,0xF401,0x368B,0xF980,
    0x0104,0x39FF,0xEFF0,0x6E65,0x9D7A,0x606E,0x62BF,0xCD38,0xA0A2,0xB417,0xB413,0xCBBF,0x251C,0x1FC3,0x3184,0x7DA0,0x7FBF,0x5BFE,0x08FE,0x3E00,
    0x00F8,0x10BF,0xCEF0,0x609C,0x6285,0x9F90,0x4040,0x0000,0x0010,0x4A25,0xB7EC,0x3404,0x801B,0xC000,0x7146,0x0800,0x7C9F,0x0BCE,0x0128,0x1E00,
    0x0000,0x0000,0x300F,0x9F01,0xFFFF,0xFFFF,0xBFFF,0xFFE0,0x0007,0x9FDF,0xF800,0xFFF8,0x7FE5,0xE000,0x3E39,0x8000,0x0360,0x0000,0x0607,0xE000,
    0x812B,0xFFE6,0xC33E,0xC78C,0x0001,0x7AF0,0xA031,0x91E4,0x53FF,0x14F2,0xCFF2,0x40AB,0xFA1E,0x1A16,0x9FD5,0x6AF6,0x0DB0,0xEB2A,0x91DA,0xFC0F,
    0x7302,0x01E7,0xE32F,0xC501,0x66FB,0xFFFC,0xFF31,0xFE2F,0x5000,0x0CF0,0x1F92,0xD9AD,0x2E90,0x5FE8,0xE5AF,0xFB79,0x8DF0,0xEB2B,0x6BD3,0xFC10,
    0x0CD4,0x00FE,0x9DFE,0xFDFA,0xE6FA,0x850F,0xA0FF,0x85D0,0xAD03,0xE105,0x306C,0x9AF9,0x791E,0x7785,0x626A,0x3D80,0x7FBE,0xBFFE,0x0476,0xFFE0,
    0x0028,0x005E,0x90FE,0xFF14,0x1905,0x7AF0,0x0000,0x1400,0x02FC,0x12FD,0x3F81,0x6403,0x8010,0x0001,0xE52F,0x0160,0x7FBB,0x14C0,0x0038,0x0FE0,
    0x0000,0x0001,0x0001,0x0081,0xFFFF,0xFFFF,0xFFFF,0xEB80,0x0103,0xEFFF,0xE003,0xFFFC,0x7FED,0x8003,0x1810,0x0000,0x0040,0x0000,0x0007,0xF000,
    0x9CC4,0xFF30,0x333F,0xA17F,0x0000,0x0204,0x1067,0xFF85,0xAFFF,0xF4C3,0xB390,0x027F,0xF68C,0xBD7D,0xB06F,0xFDBE,0x5FC0,0x59FC,0xA6F7,0xD40F,
    0x000F,0x00F0,0x4F3F,0xA125,0xB003,0x2F84,0x187E,0x4B6F,0xAC03,0xF4F0,0x9E1F,0xF3FB,0x9F88,0x7E80,0x479E,0x1CF1,0xF780,0xD9FF,0x59FE,0xFC0C,
    0x6330,0x003F,0x81FF,0xFF9F,0x7203,0x2DA4,0x9151,0xB410,0x5000,0x093C,0x6DE7,0xFA7F,0x7693,0x8E0A,0x7FF1,0x1B40,0x16BF,0x7E7C,0x00F7,0xD7F8,
    0x1CC0,0x000F,0x80FF,0x5EC5,0x0DFC,0xD25B,0x6696,0x4B80,0x03FD,0xEAC4,0x1E00,0x0402,0x1414,0x0002,0x479E,0x00E0,0x086F,0x0600,0x0020,0x07F0,
    0x0000,0x0000,0x0000,0x000A,0xFFFF,0xFFFF,0xFFE8,0x9400,0x0003,0xFFFF,0xE00F,0xFFFD,0xEBE0,0x0007,0x8000,0x0000,0x0000,0x0000,0x001F,0xF800,
    0x2C35,0xFFA3,0xCB09,0xBBF3,0x0A00,0x0071,0x90F4,0xCC3F,0x78FB,0xE292,0xFB50,0x58AF,0x7311,0xA0B3,0xBC10,0x9A72,0x1C8D,0x6DEE,0x5CBE,0x7C07,
    0x801A,0x0063,0xF409,0xFBD9,0xF95F,0xFE71,0x95D0,0x183F,0xFA2B,0xE3D4,0xE130,0x7F51,0xBFDC,0xBF64,0x63BB,0x7FED,0xEF73,0x6DFF,0xFBBF,0xFC06,
    0x53C0,0x003F,0xC1FF,0xBEF7,0x0C5F,0xFFFB,0xFC0F,0xA7C0,0x0554,0x0D45,0x04D4,0xD8A9,0x7322,0x5F0C,0x53C4,0x0190,0x0001,0xFF8C,0x00FE,0x7FFE,
    0x2C20,0x001C,0x007E,0x0451,0x0EA0,0x0004,0x02F0,0x4000,0x0081,0xF0BD,0x051B,0x1806,0x0320,0x0004,0x6380,0x01E0,0x0000,0x8200,0x0042,0x47F8,
    0x0000,0x0000,0x0000,0x002A,0xF1FF,0xFFFF,0xFF00,0x0000,0x007F,0xFFFB,0xFE0F,0xE7F9,0xFCC0,0x0003,0x8C00,0x0000,0x0000,0x0000,0x003D,0xB800,
    0xDF2B,0xFFF8,0x5283,0x94A7,0xE701,0xE241,0x01F5,0xFE9B,0xB735,0x8A7F,0xEDDC,0x3BDF,0xAD91,0x208A,0x115C,0x93DA,0xDBFF,0xECE0,0x71DB,0x3C66,
    0x83AE,0x003F,0xFFC3,0x3FB9,0x6611,0xE241,0x0F60,0x4E1F,0x8C35,0x8A7A,0x922D,0x3826,0x1D9D,0x3FC9,0xEF87,0x7FB5,0x2B81,0xEEFF,0xFF9F,0x7C67,
    0x2052,0x0030,0x503F,0x14E1,0xFE17,0xFFE7,0xDC8F,0x6F60,0x51CA,0x0104,0x530E,0xE4DF,0xCFE2,0xDEB5,0xFEE0,0x0060,0x0400,0xB9C0,0x01FB,0xBFFE,
    0x5C00,0x0000,0x0014,0x4067,0x79E8,0x0018,0x2172,0xD080,0x2629,0xF482,0x32D2,0x8700,0x2E40,0x000D,0xEF80,0x01B0,0x0000,0x0100,0x0003,0x8FB8,
    0x0000,0x0000,0x0000,0x0018,0x80FF,0xFFFF,0xFE81,0x2000,0x181F,0xFFFD,0xCD01,0x00FF,0x9000,0x0006,0x0000,0x0000,0x0000,0x0000,0x007C,0x7000,
    0x8EA1,0xFFE1,0x01C2,0x4BF3,0x775F,0x9D6A,0xC4F1,0x656C,0x88C0,0xAFFF,0x7EC1,0xF076,0xA3CF,0x338A,0x15CA,0x0DDF,0xEFBD,0xC4E0,0x1999,0x888B,
    0xC37E,0x001E,0xFFF3,0x9FF0,0xB2FF,0xBFEF,0x4F0E,0xA50C,0x4FC0,0xAF01,0xAAA1,0xF00F,0xA31C,0x3B41,0xF675,0x4790,0x2142,0x44FF,0x17EF,0x888B,
    0x3000,0x0000,0x010C,0x0BFF,0x7B5F,0xDD7A,0xF4F1,0x7FD3,0xB033,0x408A,0x955F,0xFFF6,0xDF61,0xDC35,0xEB80,0xB820,0x1000,0x7F80,0xE199,0xFFFF,
    0x0C00,0x0000,0x0000,0x2030,0x3C00,0x0002,0x0400,0x3020,0x000C,0x3874,0xCA1C,0x0002,0xDC82,0x0005,0xE600,0x0000,0x0E00,0x1000,0x0009,0xFF7C,
    0x0000,0x0000,0x0000,0x0001,0xC1FF,0xFFFD,0xFBDF,0xC040,0xFFFF,0xFF89,0x00C0,0x003D,0x0041,0x000E,0x0000,0x0000,0x0000,0x0000,0x0076,0x0000,
    0x0862,0x1FF4,0x0E33,0x7ECD,0xDEBF,0x0077,0xFEE7,0x6DED,0xFFF9,0xCFEF,0xB7A3,0xD76E,0xEFFF,0xC104,0xBE2A,0x7FAF,0x9909,0x40F7,0x5FB7,0xDBC1,
    0xE9FF,0xE00B,0xF1FB,0xFFCD,0xFFFF,0xFFFA,0x00FD,0x6D01,0xE1D9,0xC805,0xB003,0xD767,0xFF80,0x7EC6,0xFCDE,0x5F57,0x4177,0xA0E9,0xF1BF,0xFFC1,
    0x1662,0x0000,0x0015,0x5EFF,0xDEBF,0x0077,0xFBE5,0xF61E,0x5E00,0x26DA,0x4BFF,0xFFFE,0xCF8F,0x003B,0x4301,0xA000,0x2680,0x1F00,0x00F7,0x8BFF,
    0x0000,0x0000,0x0000,0x003C,0x1E00,0x0002,0x04C7,0xC0E1,0x0006,0x1121,0x841C,0x2016,0x8070,0x8006,0xE000,0x1800,0x1800,0x0000,0x0037,0x003E,
    0x0000,0x0000,0x0000,0x0003,0xE1FF,0xFFFD,0xF838,0x0000,0xFFFF,0xFECC,0x03A0,0x0009,0x000F,0x0000,0x0000,0x0000,0x0000,0x0000,0x0008,0x0000,
    0xA9CC,0x44FD,0x070F,0xEFA5,0x2158,0x9302,0x4057,0xA7FE,0xFAC8,0xFE37,0xFFEE,0x0F88,0xE7FF,0xFDDF,0x7BF3,0x76FF,0x7CEF,0x200F,0xEEDC,0x0040,
    0xFFCF,0xBB03,0xB8EF,0xFFA7,0xBFFF,0xFBFF,0xC271,0x020B,0x87C8,0xA201,0x860F,0x0F88,0xFF80,0x1F43,0x7B30,0x7F7F,0xBF1F,0xA010,0x11DC,0x7FC0,
    0x81FC,0x0001,0x001A,0xAFFD,0x6158,0x9702,0x6D9B,0x5F24,0x3C31,0x59CC,0x1954,0xFFFF,0xE73C,0x0034,0x840C,0x8000,0x0000,0x5FE0,0x00FF,0x807F,
    0x0030,0x0000,0x4000,0x005D,0x0000,0x9702,0x1015,0xF2DA,0xC40E,0x0432,0x20B0,0x7073,0x0043,0xE008,0x0003,0x0000,0x0000,0x0000,0x0023,0x803F,
    0x0000,0x0000,0x0000,0x0002,0xFFFF,0x68FD,0xFFE2,0x0005,0x2BFF,0xF804,0x1F40,0x0000,0x003C,0x0000,0x0000,0x0000,0x0000,0x0000,0x0000,0x0000,
    0xF0CF,0x387F,0x800F,0xFFA8,0x5A0E,0xDFA5,0xDD3F,0xFFFB,0xFFEA,0xD9FD,0xDD7F,0xF962,0x185D,0xF2F7,0xFFDE,0x8FC4,0xFF78,0x2EFF,0xFF3B,0x00D1,
    0xFFFF,0xC781,0xFFFF,0xFFA8,0x2DFF,0x9FA3,0xF7E3,0xFAFF,0xFD8A,0x81DF,0x0000,0xFFE0,0xFFC0,0x02F7,0xE800,0x89C0,0xFFF8,0x2E81,0x00FB,0xFF31,
    0xF0CF,0x0000,0x800D,0x7FFF,0xD20E,0xF0FC,0x080E,0x0704,0x0275,0x6600,0xB29A,0x397D,0x1822,0x0D08,0x0021,0x703B,0x0007,0xD100,0x003F,0x001F,
    0x0000,0x0000,0x0000,0x0057,0x880E,0xA008,0x1030,0x0AC5,0xFD85,0x1800,0x4D65,0x001F,0x001D,0xF000,0x001E,0x0004,0x0000,0x0000,0x0004,0x000E,
    0x0000,0x0000,0x0000,0x0000,0x77F1,0x0007,0xEFC7,0xF03A,0x007F,0xC000,0x9010,0x0000,0x0000,0x0000,0x0000,0x0000,0x0000,0x0000,0x0000,0x0000
};

static const UWORD viewer_palette[] = {
    0x0000,
    0x0111,
    0x0321,
    0x0333,
    0x0422,
    0x0445,
    0x0643,
    0x0732,
    0x0655,
    0x0842,
    0x0658,
    0x0A42,
    0x0864,
    0x0677,
    0x0A63,
    0x0968,
    0x0D43,
    0x0C4A,
    0x0B77,
    0x0B74,
    0x0E63,
    0x0A89,
    0x0B87,
    0x0D77,
    0x0D85,
    0x0AA9,
    0x0E97,
    0x0D99,
    0x0EA6,
    0x0EB9,
    0x0FB7,
    0x0FDA
};

static const UWORD viewer_palette_lo[] = {
    0x0000,
    0x0B43,
    0x0319,
    0x0209,
    0x0DF1,
    0x0633,
    0x0011,
    0x0724,
    0x0A44,
    0x00CF,
    0x0EC3,
    0x044B,
    0x0D2C,
    0x037B,
    0x0A5D,
    0x01C4,
    0x0275,
    0x09D5,
    0x0319,
    0x0F65,
    0x0092,
    0x028B,
    0x0A64,
    0x0982,
    0x08C0,
    0x093D,
    0x0E00,
    0x02CC,
    0x0F20,
    0x0F06,
    0x05B5,
    0x0362
};

static const UWORD viewer_bs_bank0_hi[32] = {
    0x0000,0x0111,0x0321,0x0334,0x0422,0x0447,0x0643,0x0732,
    0x0655,0x0842,0x0758,0x0A42,0x0864,0x0677,0x0A63,0x0968,
    0x0D43,0x0C4A,0x0B67,0x0B74,0x0E63,0x0A89,0x0C89,0x0D77,
    0x0D85,0x0AA9,0x0E87,0x0D99,0x0EA6,0x0EB9,0x0FB7,0x0FDA
};
static const UWORD viewer_bs_bank0_lo[32] = {
    0x0000,0x0B43,0x0319,0x026C,0x0DF1,0x0113,0x0011,0x0724,
    0x0A44,0x00CF,0x0083,0x044B,0x0D2C,0x037B,0x0A5D,0x0875,
    0x0275,0x09D5,0x05EC,0x0F65,0x0092,0x028B,0x0252,0x06A7,
    0x08C0,0x093D,0x0D8B,0x02CC,0x0F20,0x0F06,0x05B5,0x0362
};

static const UWORD viewer_bs_bank1_hi[32] = {
    0x0000,0x0111,0x0321,0x0334,0x0422,0x0447,0x0643,0x0732,
    0x0655,0x0842,0x0758,0x0A42,0x0864,0x0677,0x0A63,0x0968,
    0x0D43,0x0C4A,0x0B67,0x0B74,0x0E63,0x0A89,0x0C88,0x0D77,
    0x0D85,0x0AA9,0x0E87,0x0D99,0x0EA6,0x0EB9,0x0FB7,0x0FDA
};
static const UWORD viewer_bs_bank1_lo[32] = {
    0x0000,0x0B43,0x0319,0x047D,0x0DF1,0x0528,0x0011,0x0724,
    0x0A44,0x00CF,0x0083,0x044B,0x0D2C,0x037B,0x0A5D,0x0664,
    0x0275,0x09D5,0x03DE,0x0F65,0x0092,0x028B,0x063F,0x0575,
    0x08C0,0x093D,0x0A6B,0x066F,0x0F20,0x0F06,0x05B5,0x0362
};

struct CopperEntry { UWORD reg; UWORD color; };

static const UBYTE viewer_bs_n[213] = {
    0,10,10,10,10,8,12,12,10,11,12,12,14,13,12,13,
    12,11,11,13,12,14,14,12,12,13,13,13,13,13,13,13,
    13,12,12,15,13,14,12,12,14,14,13,13,13,14,13,14,
    14,11,11,14,15,14,14,12,15,15,15,14,15,13,12,14,
    12,13,15,13,14,15,14,13,16,14,14,14,15,13,13,14,
    15,13,14,14,14,13,13,13,15,15,14,14,15,14,13,13,
    13,13,13,14,15,14,12,12,14,13,12,13,13,13,15,15,
    14,11,12,13,14,13,15,14,14,13,12,13,13,12,13,14,
    13,11,13,13,15,10,14,13,14,14,14,16,15,12,12,15,
    12,14,14,13,14,13,13,12,13,13,12,14,13,16,14,16,
    11,12,12,12,11,13,12,14,13,12,14,13,13,15,14,14,
    12,16,12,14,13,12,13,12,12,12,15,12,12,13,13,13,
    13,14,12,12,13,11,14,13,14,11,14,16,13,13,14,12,
    15,10,13,11,0
};

static const struct CopperEntry viewer_bs_hi[2767] = {
    {3,0x0334},{5,0x0447},{10,0x0758},{15,0x0968},{18,0x0B67},{22,0x0C88},{23,0x0D77},{26,0x0E87},{27,0x0D99},{29,0x0FA9},  /* y=1 */
    {3,0x0334},{5,0x0447},{10,0x0658},{15,0x0968},{18,0x0B67},{21,0x0A79},{22,0x0C78},{23,0x0D77},{26,0x0E87},{29,0x0FA9},  /* y=2 */
    {3,0x0334},{5,0x0447},{10,0x0658},{15,0x0968},{18,0x0B67},{21,0x0A78},{22,0x0C78},{23,0x0D77},{27,0x0D99},{28,0x0F97},  /* y=3 */
    {3,0x0334},{5,0x0447},{10,0x0658},{15,0x0868},{18,0x0B67},{21,0x0A78},{26,0x0E87},{27,0x0D99},{28,0x0F97},{30,0x0FB9},  /* y=4 */
    {5,0x0447},{10,0x0659},{15,0x0868},{18,0x0B67},{21,0x0A68},{26,0x0E87},{28,0x0F97},{30,0x0FB9},  /* y=5 */
    {5,0x0447},{10,0x0659},{15,0x0868},{18,0x0B67},{21,0x0A68},{23,0x0D77},{25,0x0B9B},{26,0x0E87},{27,0x0D9A},{28,0x0F97},{29,0x0FA9},{30,0x0FB9},  /* y=6 */
    {5,0x0548},{10,0x0669},{15,0x0868},{18,0x0B67},{21,0x0A68},{23,0x0D77},{25,0x0B9B},{26,0x0E87},{27,0x0D9A},{28,0x0F97},{29,0x0FA9},{30,0x0FB9},  /* y=7 */
    {5,0x0548},{10,0x0669},{15,0x0868},{18,0x0B67},{21,0x0A68},{25,0x0C9B},{27,0x0D99},{28,0x0F97},{29,0x0EA9},{30,0x0FB9},  /* y=8 */
    {5,0x0558},{8,0x0656},{15,0x0869},{18,0x0B77},{21,0x0A68},{23,0x0D77},{25,0x0C9B},{27,0x0D99},{28,0x0F97},{29,0x0EA9},{30,0x0FA8},  /* y=9 */
    {3,0x0334},{5,0x0558},{6,0x0544},{8,0x0657},{10,0x0659},{15,0x0869},{18,0x0B77},{20,0x0E65},{21,0x0A68},{23,0x0D77},{25,0x0C9B},{30,0x0FA7},  /* y=10 */
    {3,0x0334},{5,0x0558},{6,0x0445},{8,0x0757},{10,0x0659},{15,0x0869},{20,0x0E75},{22,0x0C78},{24,0x0D97},{29,0x0EA9},{30,0x0FA7},{31,0x0FC9},  /* y=11 */
    {5,0x0558},{6,0x0445},{7,0x0643},{8,0x0757},{10,0x0669},{15,0x0869},{20,0x0E75},{21,0x0968},{22,0x0C78},{24,0x0D97},{26,0x0E87},{29,0x0FA9},{30,0x0FA7},{31,0x0FC9},  /* y=12 */
    {3,0x0334},{5,0x0558},{7,0x0643},{8,0x0757},{10,0x0669},{15,0x0869},{21,0x0968},{23,0x0D76},{26,0x0E87},{27,0x0D99},{29,0x0FA9},{30,0x0FA7},{31,0x0FC9},  /* y=13 */
    {3,0x0334},{5,0x0658},{8,0x0757},{10,0x0769},{12,0x0855},{15,0x0869},{23,0x0D76},{25,0x0C9A},{27,0x0D99},{28,0x0F96},{29,0x0EA9},{31,0x0FC9},  /* y=14 */
    {3,0x0335},{5,0x0658},{6,0x0545},{8,0x0757},{10,0x0769},{12,0x0855},{15,0x0869},{20,0x0E75},{23,0x0D76},{25,0x0B9A},{27,0x0E99},{28,0x0F96},{29,0x0EA9},  /* y=15 */
    {3,0x0335},{6,0x0545},{7,0x0644},{10,0x0768},{20,0x0E75},{23,0x0D76},{24,0x0D97},{25,0x0B8A},{26,0x0E86},{27,0x0E99},{28,0x0F96},{29,0x0EAA},  /* y=16 */
    {5,0x0657},{7,0x0645},{8,0x0757},{10,0x0768},{20,0x0E74},{24,0x0D97},{25,0x0A8A},{26,0x0E86},{28,0x0F95},{29,0x0EAA},{30,0x0FA7},  /* y=17 */
    {3,0x0335},{5,0x0657},{7,0x0645},{8,0x0757},{10,0x0768},{15,0x0869},{20,0x0F74},{25,0x0A8A},{27,0x0E99},{28,0x0F95},{30,0x0FA6},  /* y=18 */
    {3,0x0335},{7,0x0645},{10,0x0868},{15,0x0869},{18,0x0B77},{20,0x0F74},{21,0x0968},{23,0x0D76},{25,0x0A8A},{27,0x0E99},{29,0x0EA9},{30,0x0FA6},{31,0x0FC8},  /* y=19 */
    {8,0x0757},{10,0x0868},{12,0x0955},{18,0x0B77},{19,0x0B75},{21,0x0968},{22,0x0C88},{23,0x0D77},{25,0x098A},{29,0x0EA9},{30,0x0FA6},{31,0x0FC8},  /* y=20 */
    {3,0x0334},{8,0x0757},{10,0x0868},{11,0x0A52},{12,0x0955},{15,0x0879},{18,0x0B77},{19,0x0B75},{21,0x0A67},{22,0x0C88},{23,0x0D77},{25,0x098A},{29,0x0FA9},{30,0x0FA6},  /* y=21 */
    {3,0x0334},{4,0x0532},{7,0x0645},{10,0x0868},{11,0x0A52},{15,0x0879},{18,0x0B77},{21,0x0A67},{23,0x0C77},{24,0x0D87},{27,0x0D99},{29,0x0FA9},{30,0x0FA5},{31,0x0FC8},  /* y=22 */
    {2,0x0321},{4,0x0532},{7,0x0645},{18,0x0B77},{19,0x0B85},{21,0x0A67},{23,0x0C77},{24,0x0D87},{27,0x0E98},{29,0x0FB9},{30,0x0FA5},{31,0x0FC8},  /* y=23 */
    {2,0x0321},{3,0x0434},{8,0x0767},{10,0x0868},{14,0x0B53},{18,0x0B77},{19,0x0B85},{21,0x0A67},{27,0x0E98},{29,0x0FB8},{30,0x0FA5},{31,0x0FC7},  /* y=24 */
    {3,0x0434},{6,0x0545},{8,0x0768},{9,0x0742},{10,0x0868},{14,0x0B53},{18,0x0B77},{21,0x0A67},{23,0x0C76},{27,0x0E98},{29,0x0FB8},{30,0x0FA5},{31,0x0FC7},  /* y=25 */
    {6,0x0545},{7,0x0655},{8,0x0768},{9,0x0741},{12,0x0854},{21,0x0A67},{23,0x0C76},{24,0x0D88},{25,0x0A89},{28,0x0F96},{29,0x0FB8},{30,0x0FA5},{31,0x0FC8},  /* y=26 */
    {6,0x0544},{7,0x0655},{9,0x0741},{12,0x0854},{18,0x0B77},{19,0x0C85},{24,0x0D88},{25,0x0A89},{26,0x0E86},{28,0x0F96},{29,0x0FB8},{30,0x0FB5},{31,0x0FC8},  /* y=27 */
    {5,0x0657},{6,0x0544},{9,0x0741},{12,0x0754},{18,0x0B77},{19,0x0C85},{22,0x0C88},{25,0x0A89},{26,0x0E86},{28,0x0F96},{29,0x0FB8},{30,0x0FB5},{31,0x0FC8},  /* y=28 */
    {2,0x0310},{3,0x0434},{5,0x0657},{9,0x0741},{11,0x0953},{12,0x0754},{22,0x0B89},{23,0x0C77},{25,0x0A89},{27,0x0EA8},{28,0x0F96},{30,0x0FB6},{31,0x0FD8},  /* y=29 */
    {1,0x0210},{2,0x0310},{3,0x0434},{11,0x0953},{19,0x0B85},{22,0x0B89},{23,0x0C77},{24,0x0D98},{27,0x0EA8},{28,0x0F96},{29,0x0FB8},{30,0x0FB6},{31,0x0FD8},  /* y=30 */
    {1,0x0210},{5,0x0757},{11,0x0953},{19,0x0B85},{21,0x0A67},{22,0x0B99},{23,0x0C77},{24,0x0D98},{27,0x0EA8},{28,0x0F96},{29,0x0FB8},{30,0x0FB6},{31,0x0FD8},  /* y=31 */
    {5,0x0757},{7,0x0645},{11,0x0953},{18,0x0B77},{21,0x0A67},{22,0x0B9A},{23,0x0C77},{24,0x0D98},{25,0x0989},{26,0x0E86},{27,0x0EA8},{30,0x0FC7},{31,0x0FD8},  /* y=32 */
    {3,0x0434},{4,0x0532},{7,0x0645},{11,0x0953},{15,0x0879},{18,0x0B77},{22,0x0B9A},{24,0x0D99},{25,0x0989},{26,0x0E86},{30,0x0FC8},{31,0x0FE9},  /* y=33 */
    {3,0x0434},{4,0x0532},{11,0x0864},{14,0x0A64},{15,0x0879},{22,0x0B9A},{23,0x0C87},{24,0x0D99},{25,0x0989},{28,0x0F96},{30,0x0FC8},{31,0x0FE9},  /* y=34 */
    {2,0x0321},{3,0x0434},{6,0x0544},{9,0x0741},{10,0x0867},{11,0x0864},{12,0x0754},{14,0x0A64},{20,0x0E74},{21,0x0967},{22,0x0B9A},{23,0x0C87},{24,0x0D99},{28,0x0F96},{30,0x0FC8},  /* y=35 */
    {1,0x0211},{2,0x0321},{6,0x0544},{9,0x0741},{10,0x0867},{12,0x0754},{14,0x0A64},{20,0x0E84},{21,0x0967},{25,0x098A},{26,0x0D87},{29,0x0FB8},{30,0x0FC8},  /* y=36 */
    {1,0x0211},{2,0x0321},{4,0x0532},{5,0x0756},{6,0x0544},{14,0x0A64},{20,0x0E84},{23,0x0C87},{24,0x0D99},{25,0x098A},{26,0x0D87},{28,0x0F96},{29,0x0FB8},{30,0x0FC8},  /* y=37 */
    {2,0x0321},{4,0x0532},{5,0x0756},{7,0x0644},{14,0x0964},{16,0x0C51},{21,0x0966},{23,0x0C87},{24,0x0D99},{28,0x0F96},{29,0x0FB8},{30,0x0FB9},  /* y=38 */
    {2,0x0421},{3,0x0334},{4,0x0532},{5,0x0756},{6,0x0544},{7,0x0644},{14,0x0964},{16,0x0C51},{18,0x0B77},{20,0x0D84},{21,0x0966},{30,0x0FB9},  /* y=39 */
    {2,0x0421},{3,0x0334},{4,0x0532},{5,0x0756},{6,0x0544},{7,0x0644},{11,0x0853},{18,0x0B77},{20,0x0D84},{21,0x0966},{23,0x0C87},{24,0x0D99},{27,0x0EA8},{29,0x0FB8},  /* y=40 */
    {1,0x0211},{5,0x0756},{7,0x0644},{10,0x0868},{11,0x0853},{19,0x0C75},{20,0x0D94},{21,0x0966},{23,0x0C87},{24,0x0DA9},{25,0x098A},{27,0x0EA8},{28,0x0E96},{29,0x0FB8},  /* y=41 */
    {1,0x0211},{2,0x0321},{4,0x0532},{10,0x0868},{11,0x0953},{16,0x0C51},{18,0x0B77},{19,0x0C75},{20,0x0D94},{21,0x0966},{24,0x0DAA},{25,0x098A},{28,0x0E96},  /* y=42 */
    {2,0x0321},{3,0x0444},{4,0x0532},{9,0x0742},{11,0x0953},{14,0x0A64},{16,0x0C51},{18,0x0B77},{19,0x0C75},{20,0x0D95},{24,0x0DAA},{28,0x0E96},{29,0x0FB8},  /* y=43 */
    {3,0x0444},{5,0x0756},{9,0x0742},{11,0x0953},{14,0x0A64},{16,0x0B52},{18,0x0A78},{19,0x0C75},{20,0x0D95},{24,0x0DAA},{29,0x0FB8},{30,0x0FB9},{31,0x0FD7},  /* y=44 */
    {1,0x0211},{3,0x0434},{5,0x0756},{9,0x0742},{10,0x0768},{11,0x0953},{16,0x0B52},{18,0x0A78},{19,0x0C75},{22,0x0B9A},{23,0x0C88},{24,0x0DAA},{30,0x0FB9},{31,0x0FC6},  /* y=45 */
    {1,0x0211},{2,0x0321},{3,0x0434},{4,0x0532},{9,0x0743},{10,0x0768},{18,0x0A78},{19,0x0C75},{22,0x0B9A},{23,0x0B88},{24,0x0DAA},{28,0x0E96},{31,0x0FB6},  /* y=46 */
    {2,0x0321},{4,0x0532},{6,0x0544},{7,0x0644},{9,0x0743},{11,0x0953},{12,0x0755},{16,0x0C52},{18,0x0A78},{19,0x0C75},{23,0x0B88},{26,0x0E86},{28,0x0E96},{31,0x0FB6},  /* y=47 */
    {3,0x0433},{6,0x0544},{7,0x0644},{11,0x0953},{12,0x0755},{14,0x0A64},{16,0x0C52},{18,0x0A78},{20,0x0D95},{23,0x0B88},{26,0x0E75},{27,0x0EA8},{28,0x0E96},{30,0x0FBA},  /* y=48 */
    {3,0x0433},{14,0x0A63},{16,0x0D53},{18,0x0A78},{19,0x0B75},{20,0x0D95},{24,0x0DAA},{26,0x0E74},{27,0x0E98},{28,0x0E95},{30,0x0FBA},  /* y=49 */
    {1,0x0221},{14,0x0A63},{16,0x0D53},{18,0x0A78},{19,0x0B75},{23,0x0B89},{24,0x0EAA},{26,0x0E74},{27,0x0E98},{28,0x0E94},{30,0x0FBA},  /* y=50 */
    {1,0x0221},{8,0x0768},{9,0x0742},{10,0x0867},{16,0x0D43},{20,0x0D85},{22,0x0B9A},{23,0x0B89},{24,0x0EAA},{26,0x0E74},{27,0x0D98},{28,0x0E94},{30,0x0FBA},{31,0x0EB6},  /* y=51 */
    {1,0x0221},{5,0x0756},{8,0x0768},{9,0x0742},{10,0x0867},{11,0x0953},{12,0x0754},{16,0x0D43},{18,0x0978},{20,0x0D85},{22,0x0B9A},{25,0x0A89},{26,0x0E74},{27,0x0D98},{31,0x0EB6},  /* y=52 */
    {1,0x0221},{3,0x0433},{5,0x0756},{9,0x0742},{10,0x0867},{11,0x0953},{12,0x0854},{14,0x0B63},{18,0x0978},{20,0x0C85},{22,0x0B9A},{23,0x0B89},{25,0x0A89},{26,0x0E74},  /* y=53 */
    {3,0x0433},{8,0x0768},{9,0x0742},{10,0x0867},{11,0x0943},{12,0x0854},{14,0x0B63},{16,0x0D43},{20,0x0C85},{22,0x0B9A},{23,0x0B89},{26,0x0E64},{27,0x0D99},{28,0x0E93},  /* y=54 */
    {8,0x0767},{9,0x0742},{10,0x0867},{11,0x0A42},{12,0x0853},{15,0x0878},{16,0x0D43},{22,0x0B9A},{24,0x0EA9},{26,0x0E64},{27,0x0D99},{28,0x0E93},  /* y=55 */
    {4,0x0532},{5,0x0656},{8,0x0767},{10,0x0867},{11,0x0A32},{12,0x0853},{14,0x0A63},{15,0x0878},{16,0x0D42},{19,0x0B74},{22,0x0B9A},{24,0x0EA9},{26,0x0E63},{27,0x0D99},{29,0x0FA8},  /* y=56 */
    {4,0x0532},{5,0x0656},{7,0x0644},{9,0x0832},{11,0x0A32},{14,0x0A63},{16,0x0D42},{19,0x0B74},{20,0x0D84},{21,0x0966},{23,0x0B89},{24,0x0EA9},{26,0x0E63},{27,0x0DAA},{29,0x0FA8},  /* y=57 */
    {5,0x0656},{6,0x0544},{7,0x0644},{9,0x0832},{11,0x0A32},{12,0x0853},{14,0x0A63},{18,0x0978},{20,0x0D84},{21,0x0966},{23,0x0B89},{24,0x0EA9},{27,0x0DAA},{28,0x0E94},{31,0x0EB6},  /* y=58 */
    {3,0x0533},{6,0x0544},{7,0x0644},{9,0x0732},{11,0x0A32},{12,0x0853},{14,0x0A53},{18,0x0978},{19,0x0B64},{20,0x0D84},{21,0x0966},{22,0x0C99},{28,0x0E94},{31,0x0EB6},  /* y=59 */
    {1,0x0221},{2,0x0322},{3,0x0533},{6,0x0544},{9,0x0732},{10,0x0866},{11,0x0A32},{14,0x0A53},{16,0x0D43},{19,0x0B64},{20,0x0D84},{21,0x0966},{22,0x0C99},{24,0x0EAA},{28,0x0E94},  /* y=60 */
    {1,0x0221},{2,0x0322},{3,0x0523},{4,0x0532},{6,0x0545},{8,0x0767},{9,0x0732},{10,0x0866},{11,0x0A32},{12,0x0853},{16,0x0D43},{24,0x0EAA},{30,0x0FBA},  /* y=61 */
    {3,0x0522},{4,0x0532},{6,0x0545},{8,0x0767},{9,0x0732},{10,0x0866},{11,0x0933},{12,0x0852},{22,0x0C99},{23,0x0B89},{26,0x0E64},{30,0x0FBA},  /* y=62 */
    {2,0x0332},{3,0x0522},{6,0x0545},{7,0x0644},{9,0x0732},{10,0x0866},{11,0x0933},{12,0x0852},{19,0x0B74},{22,0x0C99},{23,0x0B88},{26,0x0E75},{28,0x0E95},{29,0x0EA7},  /* y=63 */
    {1,0x0221},{2,0x0332},{6,0x0545},{7,0x0644},{9,0x0732},{16,0x0D43},{19,0x0B74},{23,0x0B88},{26,0x0E75},{28,0x0E94},{29,0x0EA6},{31,0x0FC7},  /* y=64 */
    {1,0x0221},{2,0x0332},{4,0x0532},{5,0x0656},{6,0x0545},{8,0x0767},{15,0x0878},{16,0x0D43},{23,0x0C87},{27,0x0DA9},{28,0x0E94},{29,0x0EA6},{31,0x0FC9},  /* y=65 */
    {2,0x0332},{3,0x0622},{4,0x0532},{5,0x0656},{6,0x0545},{7,0x0644},{8,0x0767},{15,0x0878},{16,0x0D53},{20,0x0D83},{23,0x0C87},{26,0x0E64},{27,0x0DA9},{28,0x0E84},{31,0x0FDA},  /* y=66 */
    {2,0x0333},{3,0x0622},{5,0x0655},{6,0x0545},{7,0x0643},{14,0x0A63},{15,0x0877},{16,0x0D53},{20,0x0D83},{26,0x0E63},{28,0x0E84},{30,0x0EBA},{31,0x0FDA},  /* y=67 */
    {1,0x0222},{2,0x0433},{5,0x0655},{7,0x0743},{9,0x0733},{10,0x0865},{11,0x0A33},{14,0x0A63},{15,0x0877},{25,0x0A89},{26,0x0E63},{27,0x0DA9},{30,0x0EBA},{31,0x0FDA},  /* y=68 */
    {1,0x0222},{2,0x0433},{4,0x0532},{6,0x0545},{7,0x0743},{9,0x0733},{10,0x0865},{11,0x0A42},{12,0x0852},{14,0x0A63},{15,0x0877},{20,0x0C83},{25,0x0A89},{26,0x0E63},{27,0x0DA9},  /* y=69 */
    {1,0x0222},{2,0x0433},{4,0x0532},{6,0x0544},{11,0x0A42},{12,0x0852},{14,0x0A63},{15,0x0877},{18,0x0978},{19,0x0B74},{20,0x0C83},{21,0x0966},{25,0x0A88},{26,0x0E63},  /* y=70 */
    {1,0x0222},{2,0x0433},{3,0x0522},{4,0x0532},{6,0x0544},{14,0x0A62},{18,0x0977},{19,0x0B74},{21,0x0965},{22,0x0C99},{25,0x0A88},{28,0x0E84},{30,0x0EB9},  /* y=71 */
    {3,0x0522},{6,0x0544},{8,0x0766},{9,0x0732},{10,0x0865},{12,0x0852},{14,0x0A62},{15,0x0877},{16,0x0C53},{18,0x0977},{21,0x0965},{22,0x0C99},{25,0x0A88},{26,0x0E63},{28,0x0E84},{30,0x0EB9},  /* y=72 */
    {1,0x0322},{2,0x0433},{3,0x0522},{8,0x0766},{9,0x0732},{10,0x0865},{12,0x0852},{13,0x0778},{15,0x0877},{16,0x0C53},{20,0x0C82},{24,0x0DBA},{25,0x0A88},{26,0x0E63},  /* y=73 */
    {1,0x0322},{2,0x0333},{3,0x0522},{5,0x0655},{7,0x0643},{9,0x0732},{12,0x0852},{13,0x0778},{16,0x0C53},{19,0x0B74},{20,0x0C82},{24,0x0DBA},{25,0x0A88},{27,0x0D98},  /* y=74 */
    {2,0x0333},{3,0x0522},{5,0x0655},{7,0x0643},{11,0x0A42},{12,0x0852},{14,0x0962},{15,0x0866},{16,0x0C52},{19,0x0B73},{23,0x0C87},{25,0x0A88},{27,0x0D98},{28,0x0D84},  /* y=75 */
    {2,0x0333},{3,0x0521},{9,0x0731},{10,0x0865},{11,0x0A42},{14,0x0962},{15,0x0866},{16,0x0C52},{18,0x0977},{19,0x0B73},{22,0x0B98},{23,0x0C87},{24,0x0CBA},{27,0x0D97},{28,0x0D84},  /* y=76 */
    {1,0x0322},{3,0x0521},{4,0x0532},{5,0x0655},{9,0x0731},{10,0x0865},{14,0x0962},{18,0x0A76},{19,0x0B73},{22,0x0B98},{23,0x0B86},{24,0x0CAA},{27,0x0D97},  /* y=77 */
    {1,0x0322},{3,0x0421},{4,0x0532},{5,0x0655},{6,0x0544},{8,0x0667},{14,0x0962},{18,0x0A76},{23,0x0B86},{24,0x0CAA},{25,0x0A88},{27,0x0D97},{30,0x0EB9},  /* y=78 */
    {1,0x0322},{3,0x0432},{5,0x0655},{6,0x0544},{8,0x0667},{9,0x0732},{10,0x0755},{18,0x0A76},{25,0x0989},{26,0x0D64},{27,0x0D97},{28,0x0D84},{29,0x0EA5},{30,0x0EB9},  /* y=79 */
    {1,0x0322},{3,0x0432},{8,0x0667},{9,0x0732},{10,0x0754},{11,0x0942},{16,0x0B53},{20,0x0C82},{21,0x0965},{24,0x0BAA},{25,0x0989},{26,0x0D64},{28,0x0D84},{29,0x0EA5},{30,0x0EC8},  /* y=80 */
    {3,0x0432},{4,0x0532},{8,0x0667},{10,0x0754},{11,0x0943},{13,0x0778},{14,0x0962},{16,0x0B53},{20,0x0C82},{21,0x0965},{23,0x0B86},{24,0x0AAA},{30,0x0EC8},  /* y=81 */
    {3,0x0432},{4,0x0532},{6,0x0544},{9,0x0732},{11,0x0943},{12,0x0852},{13,0x0778},{14,0x0962},{18,0x0A76},{21,0x0965},{22,0x0C97},{23,0x0B86},{24,0x0AAA},{26,0x0D64},  /* y=82 */
    {1,0x0322},{5,0x0655},{6,0x0544},{7,0x0742},{9,0x0732},{10,0x0765},{12,0x0852},{14,0x0A62},{18,0x0A76},{21,0x0965},{22,0x0C87},{23,0x0B86},{25,0x0999},{26,0x0E63},  /* y=83 */
    {1,0x0322},{2,0x0334},{5,0x0655},{7,0x0742},{10,0x0765},{14,0x0A62},{16,0x0B52},{18,0x0A75},{19,0x0B73},{21,0x0865},{22,0x0C87},{25,0x0999},{26,0x0D63},{28,0x0E84},  /* y=84 */
    {1,0x0322},{2,0x0334},{5,0x0655},{9,0x0732},{11,0x0942},{16,0x0B52},{18,0x0A75},{19,0x0C73},{21,0x0865},{26,0x0D63},{27,0x0D97},{28,0x0E73},{29,0x0EA6},  /* y=85 */
    {1,0x0322},{4,0x0532},{9,0x0732},{10,0x0755},{11,0x0942},{14,0x0A62},{18,0x0A75},{19,0x0C73},{21,0x0865},{26,0x0D52},{27,0x0D97},{28,0x0E73},{29,0x0EA6},  /* y=86 */
    {1,0x0222},{2,0x0334},{4,0x0532},{10,0x0755},{11,0x0942},{12,0x0852},{14,0x0A63},{16,0x0C42},{18,0x0A75},{19,0x0C73},{21,0x0865},{26,0x0D52},{29,0x0EA7},  /* y=87 */
    {1,0x0222},{2,0x0334},{4,0x0532},{6,0x0545},{7,0x0742},{10,0x0755},{11,0x0942},{12,0x0852},{14,0x0A63},{16,0x0C42},{18,0x0A75},{20,0x0B83},{23,0x0B86},{25,0x099A},{29,0x0EA7},  /* y=88 */
    {1,0x0222},{4,0x0532},{6,0x0545},{7,0x0743},{10,0x0755},{12,0x0852},{14,0x0A63},{19,0x0C73},{20,0x0B83},{22,0x0C86},{23,0x0B86},{24,0x0AAA},{25,0x099A},{26,0x0E52},{28,0x0D73},  /* y=89 */
    {1,0x0222},{2,0x0334},{6,0x0445},{7,0x0743},{9,0x0732},{10,0x0755},{12,0x0853},{16,0x0C42},{18,0x0975},{19,0x0C73},{22,0x0C86},{24,0x0AAA},{26,0x0E52},{28,0x0D73},  /* y=90 */
    {2,0x0334},{4,0x0532},{6,0x0445},{7,0x0743},{9,0x0732},{10,0x0755},{12,0x0853},{14,0x0A53},{16,0x0B43},{18,0x0975},{19,0x0C63},{20,0x0B84},{22,0x0C86},{26,0x0E52},  /* y=91 */
    {4,0x0532},{6,0x0444},{9,0x0732},{11,0x0942},{14,0x0A53},{16,0x0B43},{18,0x0975},{19,0x0B64},{20,0x0B84},{21,0x0864},{22,0x0C86},{26,0x0E52},{27,0x0D96},{29,0x0EA6},{30,0x0EB8},  /* y=92 */
    {1,0x0221},{5,0x0655},{6,0x0444},{9,0x0731},{10,0x0754},{11,0x0942},{14,0x0A53},{19,0x0B64},{21,0x0864},{23,0x0B86},{26,0x0E52},{27,0x0D96},{29,0x0EA6},{30,0x0EB8},  /* y=93 */
    {1,0x0211},{2,0x0334},{3,0x0422},{4,0x0533},{5,0x0655},{9,0x0731},{10,0x0754},{11,0x0932},{12,0x0853},{14,0x0A53},{23,0x0B86},{26,0x0E52},{30,0x0EB8},  /* y=94 */
    {1,0x0211},{2,0x0333},{3,0x0421},{4,0x0533},{6,0x0444},{8,0x0666},{9,0x0731},{11,0x0932},{12,0x0853},{24,0x0AAB},{26,0x0E53},{30,0x0EB8},{31,0x0FDA},  /* y=95 */
    {1,0x0211},{2,0x0333},{3,0x0421},{6,0x0444},{8,0x0666},{12,0x0853},{13,0x0778},{14,0x0A63},{24,0x0AAB},{26,0x0D54},{27,0x0D96},{30,0x0EB8},{31,0x0FDA},  /* y=96 */
    {1,0x0211},{2,0x0333},{4,0x0532},{6,0x0444},{12,0x0853},{13,0x0778},{14,0x0A63},{16,0x0C42},{19,0x0B63},{20,0x0B73},{26,0x0E55},{27,0x0D96},{30,0x0EB8},  /* y=97 */
    {1,0x0211},{2,0x0333},{4,0x0532},{6,0x0444},{15,0x0876},{16,0x0C42},{18,0x0974},{19,0x0B63},{20,0x0B73},{23,0x0B86},{24,0x0AAA},{26,0x0E55},{31,0x0FDA},  /* y=98 */
    {1,0x0211},{4,0x0532},{6,0x0444},{7,0x0743},{10,0x0755},{12,0x0853},{15,0x0876},{18,0x0974},{21,0x0864},{23,0x0B86},{24,0x0AAA},{25,0x0999},{26,0x0E55},{31,0x0FDA},  /* y=99 */
    {1,0x0211},{2,0x0333},{4,0x0532},{6,0x0444},{7,0x0743},{10,0x0755},{11,0x0A32},{12,0x0853},{15,0x0876},{18,0x0A74},{21,0x0864},{25,0x0999},{26,0x0E55},{27,0x0D96},{30,0x0EB8},  /* y=100 */
    {1,0x0211},{2,0x0333},{4,0x0532},{6,0x0444},{7,0x0743},{8,0x0666},{11,0x0A32},{16,0x0C42},{18,0x0A74},{21,0x0865},{26,0x0E55},{27,0x0D95},{28,0x0D73},{30,0x0EB8},  /* y=101 */
    {1,0x0211},{2,0x0333},{4,0x0532},{5,0x0654},{6,0x0444},{7,0x0743},{8,0x0666},{16,0x0C42},{21,0x0865},{26,0x0E55},{27,0x0D95},{28,0x0D73},  /* y=102 */
    {1,0x0211},{2,0x0223},{4,0x0532},{5,0x0654},{6,0x0334},{8,0x0666},{12,0x0853},{14,0x0A53},{16,0x0C42},{21,0x0864},{23,0x0B75},{26,0x0E55},  /* y=103 */
    {1,0x0211},{2,0x0223},{5,0x0555},{6,0x0334},{8,0x0766},{10,0x0755},{11,0x0932},{12,0x0853},{13,0x0988},{14,0x0A53},{21,0x0864},{23,0x0B75},{26,0x0E55},{29,0x0EA6},  /* y=104 */
    {1,0x0211},{2,0x0223},{3,0x0421},{4,0x0532},{5,0x0555},{6,0x0434},{8,0x0766},{10,0x0755},{11,0x0942},{13,0x0988},{16,0x0C43},{19,0x0B63},{29,0x0EA6},  /* y=105 */
    {1,0x0211},{3,0x0421},{4,0x0532},{5,0x0544},{6,0x0434},{11,0x0942},{14,0x0A53},{16,0x0C43},{19,0x0C63},{21,0x0864},{25,0x0A98},{31,0x0EC8},  /* y=106 */
    {3,0x0421},{4,0x0532},{5,0x0544},{6,0x0434},{11,0x0942},{14,0x0A53},{19,0x0C63},{20,0x0B74},{21,0x0864},{24,0x0BAA},{25,0x0A98},{27,0x0D94},{31,0x0EC7},  /* y=107 */
    {3,0x0421},{4,0x0532},{5,0x0544},{6,0x0433},{9,0x0732},{10,0x0654},{14,0x0A53},{16,0x0C44},{20,0x0B74},{21,0x0964},{24,0x0BAA},{27,0x0D94},{31,0x0EC7},  /* y=108 */
    {2,0x0222},{3,0x0421},{4,0x0532},{5,0x0444},{6,0x0433},{7,0x0643},{9,0x0732},{10,0x0654},{11,0x0942},{16,0x0C44},{21,0x0964},{27,0x0D94},{28,0x0D74},  /* y=109 */
    {1,0x0211},{2,0x0222},{3,0x0421},{4,0x0532},{5,0x0444},{7,0x0643},{10,0x0654},{11,0x0942},{13,0x0877},{14,0x0A53},{20,0x0B74},{22,0x0C96},{26,0x0E55},{27,0x0D94},{28,0x0D74},  /* y=110 */
    {1,0x0211},{2,0x0222},{3,0x0421},{5,0x0445},{7,0x0643},{13,0x0877},{14,0x0A53},{19,0x0C63},{20,0x0B74},{22,0x0C96},{26,0x0E55},{27,0x0D94},{28,0x0D74},{29,0x0EA6},{30,0x0EB8},  /* y=111 */
    {1,0x0211},{2,0x0222},{4,0x0532},{5,0x0445},{7,0x0643},{8,0x0766},{10,0x0654},{15,0x0875},{19,0x0C63},{20,0x0C75},{28,0x0D74},{29,0x0EA6},{30,0x0EB8},{31,0x0FC8},  /* y=112 */
    {1,0x0211},{2,0x0222},{4,0x0532},{5,0x0445},{8,0x0766},{10,0x0654},{15,0x0774},{17,0x0A59},{20,0x0C75},{29,0x0DA7},{31,0x0FC9},  /* y=113 */
    {1,0x0111},{2,0x0222},{5,0x0545},{7,0x0643},{8,0x0766},{10,0x0554},{15,0x0774},{16,0x0C54},{17,0x0A59},{27,0x0D95},{29,0x0DA7},{31,0x0FC9},  /* y=114 */
    {1,0x0111},{2,0x0222},{5,0x0445},{7,0x0643},{8,0x0756},{10,0x0554},{15,0x0774},{16,0x0C54},{19,0x0C53},{22,0x0C86},{24,0x0BA8},{26,0x0D56},{27,0x0D95},  /* y=115 */
    {1,0x0111},{3,0x0421},{4,0x0532},{5,0x0446},{7,0x0643},{8,0x0756},{10,0x0554},{14,0x0A52},{16,0x0B55},{19,0x0C53},{22,0x0C86},{24,0x0BA8},{26,0x0D56},{30,0x0EB8},  /* y=116 */
    {1,0x0111},{3,0x0421},{4,0x0532},{5,0x0446},{6,0x0433},{7,0x0643},{10,0x0554},{13,0x0977},{14,0x0B52},{16,0x0B56},{18,0x0A64},{19,0x0C52},{30,0x0EB8},  /* y=117 */
    {1,0x0111},{2,0x0222},{4,0x0532},{5,0x0446},{6,0x0333},{7,0x0643},{8,0x0756},{10,0x0554},{13,0x0977},{14,0x0B52},{15,0x0664},{16,0x0B56},{17,0x0A58},{18,0x0A64},{19,0x0C52},  /* y=118 */
    {2,0x0222},{3,0x0421},{4,0x0532},{5,0x0446},{6,0x0333},{7,0x0543},{8,0x0756},{9,0x0732},{12,0x0853},{15,0x0664},{16,0x0B46},{17,0x0A58},{20,0x0B74},{29,0x0EA6},  /* y=119 */
    {2,0x0222},{3,0x0421},{4,0x0532},{5,0x0446},{6,0x0333},{7,0x0543},{9,0x0732},{12,0x0853},{16,0x0B46},{18,0x0A63},{20,0x0B74},{26,0x0D56},{27,0x0D94},{29,0x0EA6},  /* y=120 */
    {2,0x0222},{3,0x0421},{4,0x0532},{5,0x0446},{6,0x0333},{8,0x0755},{10,0x0655},{12,0x0753},{16,0x0B45},{18,0x0A63},{21,0x0964},{26,0x0D56},{27,0x0D93},  /* y=121 */
    {3,0x0421},{4,0x0532},{5,0x0445},{6,0x0333},{7,0x0543},{8,0x0755},{10,0x0555},{12,0x0753},{16,0x0B45},{20,0x0B73},{21,0x0964},{27,0x0D92},  /* y=122 */
    {3,0x0421},{4,0x0532},{5,0x0345},{6,0x0333},{7,0x0543},{10,0x0545},{12,0x0752},{13,0x0976},{19,0x0C62},{20,0x0B73},{21,0x0953},{26,0x0D56},{27,0x0D92},  /* y=123 */
    {2,0x0222},{5,0x0345},{6,0x0333},{10,0x0545},{12,0x0752},{13,0x0976},{15,0x0764},{19,0x0C62},{20,0x0B73},{21,0x0953},{23,0x0B75},{26,0x0D56},{27,0x0D92},  /* y=124 */
    {1,0x0111},{2,0x0222},{5,0x0335},{6,0x0333},{8,0x0755},{10,0x0545},{12,0x0742},{15,0x0764},{16,0x0B35},{20,0x0B73},{23,0x0B75},{27,0x0D92},  /* y=125 */
    {1,0x0111},{2,0x0222},{4,0x0532},{5,0x0335},{6,0x0233},{8,0x0655},{9,0x0731},{10,0x0445},{12,0x0742},{15,0x0765},{16,0x0B35},{18,0x0A63},{29,0x0D97},  /* y=126 */
    {2,0x0221},{4,0x0532},{6,0x0233},{7,0x0543},{8,0x0655},{9,0x0631},{10,0x0445},{15,0x0765},{18,0x0A63},{20,0x0B72},{22,0x0C86},{24,0x0BB9},{28,0x0D74},{29,0x0D97},  /* y=127 */
    {1,0x0111},{2,0x0221},{4,0x0532},{6,0x0333},{7,0x0543},{9,0x0631},{10,0x0445},{20,0x0B72},{22,0x0C86},{24,0x0BB9},{25,0x0998},{28,0x0D74},{29,0x0D97},  /* y=128 */
    {1,0x0110},{2,0x0221},{4,0x0531},{6,0x0333},{7,0x0543},{10,0x0356},{19,0x0C53},{25,0x0898},{28,0x0D74},{29,0x0D97},{31,0x0ECB},  /* y=129 */
    {1,0x0110},{2,0x0211},{4,0x0531},{5,0x0345},{6,0x0233},{7,0x0543},{10,0x0357},{13,0x0966},{19,0x0C53},{24,0x0BAA},{25,0x0788},{28,0x0D64},{31,0x0ECB},  /* y=130 */
    {2,0x0211},{5,0x0345},{6,0x0233},{9,0x0632},{10,0x0357},{13,0x0966},{19,0x0C53},{22,0x0C86},{24,0x0AA9},{25,0x0788},{26,0x0D65},{27,0x0D82},{28,0x0D64},  /* y=131 */
    {1,0x0100},{2,0x0211},{5,0x0345},{6,0x0233},{7,0x0543},{8,0x0656},{9,0x0632},{10,0x0357},{13,0x0867},{19,0x0C53},{22,0x0C87},{24,0x0AA9},{25,0x0788},{26,0x0D65},{27,0x0D82},  /* y=132 */
    {1,0x0100},{2,0x0211},{5,0x0245},{6,0x0223},{7,0x0543},{8,0x0656},{10,0x0367},{13,0x0877},{22,0x0C87},{26,0x0E65},  /* y=133 */
    {1,0x0100},{2,0x0211},{3,0x0421},{5,0x0245},{6,0x0223},{8,0x0656},{10,0x0367},{13,0x0877},{15,0x0865},{20,0x0C71},{22,0x0C98},{23,0x0A76},{25,0x0788},{26,0x0E54},  /* y=134 */
    {3,0x0421},{9,0x0632},{10,0x0367},{14,0x0B42},{15,0x0865},{19,0x0C52},{20,0x0C72},{22,0x0C98},{23,0x0A86},{24,0x0AA9},{25,0x0788},{26,0x0E54},{30,0x0DB8},  /* y=135 */
    {1,0x0100},{4,0x0532},{6,0x0223},{9,0x0632},{10,0x0367},{14,0x0B42},{18,0x0A63},{19,0x0C52},{20,0x0C72},{21,0x0953},{23,0x0A86},{24,0x0AA9},{25,0x0688},{30,0x0CB9},  /* y=136 */
    {1,0x0100},{4,0x0532},{5,0x0245},{6,0x0223},{10,0x0367},{11,0x0932},{12,0x0742},{14,0x0B42},{18,0x0A63},{21,0x0952},{24,0x09A8},{25,0x0688},{28,0x0D73},{30,0x0CB9},  /* y=137 */
    {4,0x0432},{5,0x0245},{6,0x0223},{8,0x0656},{10,0x0367},{11,0x0932},{12,0x0742},{20,0x0C73},{21,0x0952},{24,0x09A8},{25,0x0788},{27,0x0D93},{28,0x0D73},{31,0x0EDA},  /* y=138 */
    {3,0x0421},{4,0x0432},{5,0x0245},{6,0x0223},{8,0x0656},{12,0x0742},{15,0x0765},{18,0x0A63},{20,0x0C73},{23,0x0A87},{24,0x09A8},{25,0x0788},{27,0x0D93},{29,0x0EA7},{30,0x0CB9},{31,0x0EDA},  /* y=139 */
    {3,0x0421},{5,0x0245},{10,0x0367},{12,0x0742},{14,0x0A42},{15,0x0765},{18,0x0A63},{20,0x0B74},{22,0x0C87},{23,0x0A77},{24,0x09A8},{25,0x0687},{27,0x0D94},{29,0x0EA7},{30,0x0CB9},  /* y=140 */
    {5,0x0346},{8,0x0656},{9,0x0632},{10,0x0366},{12,0x0743},{14,0x0A42},{20,0x0B74},{22,0x0C87},{23,0x0A77},{25,0x0687},{27,0x0D94},{30,0x0CB8},  /* y=141 */
    {2,0x0211},{5,0x0346},{8,0x0656},{9,0x0632},{10,0x0366},{12,0x0743},{18,0x0A64},{19,0x0C53},{23,0x0A77},{25,0x0687},{30,0x0CB8},{31,0x0ED9},  /* y=142 */
    {1,0x0100},{2,0x0211},{4,0x0432},{5,0x0346},{6,0x0223},{7,0x0443},{8,0x0556},{9,0x0632},{10,0x0366},{11,0x0832},{12,0x0743},{18,0x0A64},{19,0x0C53},{23,0x0A77},{31,0x0ED9},  /* y=143 */
    {1,0x0100},{4,0x0432},{5,0x0336},{6,0x0223},{7,0x0443},{8,0x0546},{9,0x0632},{10,0x0466},{11,0x0842},{12,0x0644},{18,0x0A64},{25,0x0787},  /* y=144 */
    {2,0x0211},{5,0x0336},{6,0x0223},{7,0x0444},{8,0x0447},{10,0x0466},{11,0x0842},{12,0x0644},{14,0x0A42},{15,0x0864},{18,0x0A64},{25,0x0787},{27,0x0E93},{31,0x0ED9},  /* y=145 */
    {2,0x0211},{5,0x0336},{7,0x0444},{8,0x0447},{10,0x0466},{12,0x0644},{14,0x0A42},{15,0x0864},{23,0x0A77},{24,0x0998},{25,0x0787},{27,0x0E93},{30,0x0CB9},{31,0x0ED9},  /* y=146 */
    {4,0x0521},{5,0x0336},{6,0x0223},{7,0x0444},{8,0x0447},{10,0x0466},{12,0x0644},{13,0x0877},{15,0x0854},{23,0x0A77},{24,0x0998},{25,0x0787},{30,0x0CB9},  /* y=147 */
    {2,0x0211},{3,0x0321},{4,0x0521},{5,0x0336},{6,0x0223},{7,0x0444},{8,0x0447},{12,0x0644},{13,0x0877},{15,0x0854},{24,0x0998},{25,0x0888},{30,0x0CB9},{31,0x0EDA},  /* y=148 */
    {2,0x0211},{3,0x0321},{4,0x0521},{5,0x0335},{8,0x0447},{11,0x0842},{12,0x0644},{13,0x0777},{19,0x0B63},{24,0x0998},{25,0x0888},{30,0x0CB9},{31,0x0EDA},  /* y=149 */
    {3,0x0321},{5,0x0335},{8,0x0447},{10,0x0566},{11,0x0842},{12,0x0644},{13,0x0777},{19,0x0B63},{24,0x0AA9},{25,0x0888},{29,0x0DA7},{30,0x0CBA},{31,0x0EDB},  /* y=150 */
    {5,0x0325},{7,0x0434},{10,0x0566},{11,0x0842},{15,0x0855},{20,0x0C75},{21,0x0952},{24,0x0AA9},{25,0x0889},{29,0x0DA7},{30,0x0DCA},{31,0x0FEC},  /* y=151 */
    {5,0x0325},{6,0x0223},{7,0x0434},{12,0x0644},{14,0x0A52},{15,0x0855},{20,0x0C75},{21,0x0952},{22,0x0C87},{24,0x0AA9},{25,0x0898},{30,0x0DCA},{31,0x0FEC},  /* y=152 */
    {6,0x0223},{7,0x0433},{8,0x0446},{9,0x0631},{12,0x0544},{14,0x0A52},{18,0x0964},{19,0x0B63},{22,0x0C87},{24,0x0AA9},{25,0x0898},{30,0x0DCA},{31,0x0FEC},  /* y=153 */
    {1,0x0100},{5,0x0325},{6,0x0223},{7,0x0433},{8,0x0436},{9,0x0631},{12,0x0544},{18,0x0964},{19,0x0B63},{23,0x0A76},{29,0x0DA8},{30,0x0ECA},  /* y=154 */
    {1,0x0100},{4,0x0521},{5,0x0325},{6,0x0223},{7,0x0433},{8,0x0436},{9,0x0631},{10,0x0656},{12,0x0544},{23,0x0A76},{27,0x0D95},{29,0x0DA8},{30,0x0ECA},{31,0x0FEC},  /* y=155 */
    {1,0x0110},{2,0x0211},{4,0x0521},{6,0x0223},{7,0x0333},{9,0x0631},{10,0x0656},{12,0x0544},{13,0x0876},{22,0x0B86},{23,0x0A86},{27,0x0D95},{31,0x0FDB},  /* y=156 */
    {1,0x0110},{2,0x0211},{5,0x0324},{7,0x0333},{8,0x0436},{10,0x0656},{12,0x0544},{13,0x0876},{18,0x0964},{19,0x0B63},{20,0x0B74},{22,0x0B86},{23,0x0A86},{25,0x0989},{29,0x0DA9},{31,0x0FDB},  /* y=157 */
    {2,0x0211},{5,0x0324},{8,0x0436},{10,0x0656},{11,0x0742},{14,0x0A52},{15,0x0754},{18,0x0964},{19,0x0B63},{20,0x0B74},{21,0x0853},{22,0x0B85},{25,0x0989},{29,0x0DA9},  /* y=158 */
    {1,0x0110},{2,0x0211},{7,0x0333},{8,0x0436},{10,0x0556},{11,0x0742},{12,0x0544},{13,0x0777},{14,0x0A52},{15,0x0754},{18,0x0964},{21,0x0853},{22,0x0B85},{27,0x0E95},{29,0x0CB9},{30,0x0DCA},  /* y=159 */
    {1,0x0110},{7,0x0333},{10,0x0556},{11,0x0742},{12,0x0444},{13,0x0777},{21,0x0842},{22,0x0C85},{27,0x0E95},{29,0x0BBA},{30,0x0DCA},  /* y=160 */
    {7,0x0333},{10,0x0556},{11,0x0742},{12,0x0444},{13,0x0677},{15,0x0754},{21,0x0842},{22,0x0C85},{25,0x0889},{27,0x0E95},{28,0x0D73},{29,0x0BBA},  /* y=161 */
    {1,0x0110},{4,0x0521},{6,0x0223},{7,0x0333},{10,0x0556},{12,0x0444},{13,0x0677},{15,0x0754},{23,0x0985},{25,0x0889},{27,0x0EA5},{28,0x0D73},  /* y=162 */
    {1,0x0110},{4,0x0521},{6,0x0213},{7,0x0333},{10,0x0466},{12,0x0444},{15,0x0754},{20,0x0B73},{22,0x0C85},{23,0x0985},{24,0x0AA9},{27,0x0EA6},  /* y=163 */
    {6,0x0113},{7,0x0323},{8,0x0336},{10,0x0466},{12,0x0444},{13,0x0677},{18,0x0964},{20,0x0B73},{22,0x0D84},{24,0x0AA9},{27,0x0EA6},  /* y=164 */
    {4,0x0421},{6,0x0113},{7,0x0323},{8,0x0336},{9,0x0631},{10,0x0466},{12,0x0434},{13,0x0677},{18,0x0964},{22,0x0D85},{25,0x0888},{27,0x0EA6},{28,0x0D73},  /* y=165 */
    {4,0x0421},{6,0x0112},{8,0x0236},{9,0x0631},{10,0x0466},{12,0x0434},{13,0x0678},{14,0x0A53},{22,0x0D95},{25,0x0888},{27,0x0FA6},{28,0x0D74},  /* y=166 */
    {4,0x0422},{6,0x0112},{8,0x0236},{10,0x0367},{11,0x0742},{12,0x0534},{13,0x0678},{14,0x0A53},{16,0x0A44},{22,0x0E95},{24,0x0AA9},{25,0x0788},{27,0x0FA6},{28,0x0D74},  /* y=167 */
    {2,0x0211},{4,0x0422},{5,0x0324},{6,0x0112},{9,0x0632},{10,0x0267},{11,0x0742},{12,0x0534},{16,0x0A43},{20,0x0C74},{22,0x0E95},{24,0x0999},{25,0x0788},  /* y=168 */
    {2,0x0211},{5,0x0324},{6,0x0112},{8,0x0235},{9,0x0632},{10,0x0256},{13,0x0577},{16,0x0A43},{18,0x0964},{20,0x0C74},{23,0x0986},{24,0x0999},  /* y=169 */
    {2,0x0211},{6,0x0112},{8,0x0245},{10,0x0256},{11,0x0732},{12,0x0534},{13,0x0577},{15,0x0754},{16,0x0A43},{17,0x0B56},{18,0x0964},{21,0x0843},{23,0x0986},{26,0x0D54},  /* y=170 */
    {5,0x0324},{7,0x0322},{8,0x0245},{11,0x0732},{12,0x0534},{15,0x0654},{17,0x0B56},{18,0x0964},{19,0x0B63},{21,0x0843},{22,0x0E95},{25,0x0788},{26,0x0D54},  /* y=171 */
    {4,0x0422},{5,0x0324},{7,0x0322},{8,0x0245},{12,0x0534},{13,0x0577},{15,0x0744},{19,0x0B63},{21,0x0842},{22,0x0E95},{25,0x0788},{26,0x0D54},{27,0x0FA6},  /* y=172 */
    {1,0x0110},{3,0x0321},{4,0x0422},{6,0x0113},{7,0x0322},{12,0x0534},{13,0x0577},{15,0x0744},{18,0x0965},{20,0x0C74},{21,0x0842},{23,0x0886},{26,0x0D55},{27,0x0FA6},{28,0x0D74},  /* y=173 */
    {1,0x0110},{3,0x0321},{6,0x0113},{13,0x0477},{14,0x0A52},{16,0x0A42},{17,0x0B55},{18,0x0965},{20,0x0C74},{23,0x0886},{25,0x0688},{26,0x0E56},{27,0x0FA5},{28,0x0D74},  /* y=174 */
    {2,0x0211},{5,0x0334},{8,0x0145},{11,0x0732},{12,0x0534},{13,0x0477},{14,0x0A52},{16,0x0A42},{17,0x0C45},{20,0x0C74},{25,0x0688},{26,0x0E56},{27,0x0FA5},{29,0x0DAA},  /* y=175 */
    {2,0x0211},{5,0x0334},{8,0x0145},{9,0x0632},{10,0x0256},{11,0x0732},{12,0x0534},{17,0x0D35},{20,0x0C64},{26,0x0E66},{27,0x0FA5},{29,0x0E99},  /* y=176 */
    {4,0x0432},{5,0x0434},{8,0x0145},{9,0x0632},{10,0x0256},{11,0x0742},{12,0x0534},{16,0x0A33},{17,0x0D35},{20,0x0C64},{23,0x0A76},{24,0x0B87},{26,0x0E66},{27,0x0FA5},{28,0x0D74},{29,0x0E99},  /* y=177 */
    {4,0x0432},{5,0x0434},{9,0x0632},{11,0x0742},{12,0x0534},{16,0x0A33},{17,0x0D34},{18,0x0965},{23,0x0A76},{24,0x0C86},{28,0x0D73},{29,0x0E99},  /* y=178 */
    {6,0x0213},{7,0x0322},{9,0x0632},{12,0x0534},{16,0x0B33},{17,0x0D34},{18,0x0965},{21,0x0843},{22,0x0E94},{23,0x0A76},{24,0x0C86},{28,0x0E73},{29,0x0E99},{30,0x0EBB},  /* y=179 */
    {4,0x0432},{5,0x0423},{6,0x0213},{7,0x0322},{12,0x0534},{16,0x0A23},{21,0x0843},{22,0x0E94},{24,0x0C86},{27,0x0FB6},{28,0x0E73},{30,0x0EBB},{31,0x0FDC},  /* y=180 */
    {1,0x0210},{4,0x0432},{5,0x0523},{7,0x0322},{9,0x0632},{14,0x0A53},{16,0x0A23},{22,0x0E94},{24,0x0C86},{27,0x0FB6},{28,0x0E72},{31,0x0FDC},  /* y=181 */
    {1,0x0210},{5,0x0623},{9,0x0632},{12,0x0533},{14,0x0A53},{15,0x0744},{16,0x0A23},{17,0x0D34},{18,0x0965},{22,0x0E94},{26,0x0E67},{27,0x0FB6},{28,0x0E72},  /* y=182 */
    {4,0x0432},{5,0x0623},{12,0x0533},{15,0x0744},{16,0x0A23},{17,0x0D33},{18,0x0955},{23,0x0A66},{26,0x0E68},{27,0x0FB6},{29,0x0D99},{30,0x0EBA},  /* y=183 */
    {4,0x0432},{5,0x0623},{7,0x0422},{14,0x0A53},{17,0x0D43},{18,0x0955},{19,0x0B53},{23,0x0A66},{24,0x0C86},{26,0x0D69},{29,0x0D99},{30,0x0EBA},  /* y=184 */
    {5,0x0623},{7,0x0422},{14,0x0A53},{15,0x0754},{16,0x0923},{17,0x0D42},{18,0x0955},{19,0x0B53},{23,0x0A65},{24,0x0C86},{26,0x0D6A},{29,0x0E89},  /* y=185 */
    {5,0x0623},{6,0x0313},{7,0x0422},{9,0x0632},{15,0x0754},{16,0x0923},{17,0x0D42},{18,0x0955},{19,0x0B52},{22,0x0E94},{23,0x0A65},{24,0x0D85},{26,0x0D5B},{28,0x0E62},{29,0x0E89},  /* y=186 */
    {6,0x0324},{7,0x0422},{9,0x0632},{19,0x0B52},{22,0x0E94},{23,0x0A65},{24,0x0D85},{26,0x0D5B},{27,0x0FB6},{28,0x0E62},{29,0x0E89},{30,0x0EB9},  /* y=187 */
    {6,0x0424},{7,0x0322},{17,0x0D42},{18,0x0954},{22,0x0E95},{23,0x0A65},{24,0x0D85},{26,0x0D5B},{27,0x0FB6},{28,0x0E62},{29,0x0E78},{30,0x0EB9},  /* y=188 */
    {2,0x0211},{5,0x0723},{6,0x0524},{7,0x0322},{14,0x0A53},{17,0x0D42},{18,0x0954},{20,0x0C73},{22,0x0E95},{23,0x0A65},{24,0x0D85},{28,0x0E62},{29,0x0E78},  /* y=189 */
    {2,0x0211},{4,0x0522},{5,0x0723},{6,0x0525},{7,0x0322},{9,0x0632},{14,0x0A42},{16,0x0924},{17,0x0D32},{20,0x0C73},{23,0x0A65},{28,0x0E62},{29,0x0E67},  /* y=190 */
    {4,0x0522},{5,0x0722},{6,0x0626},{9,0x0632},{14,0x0A42},{16,0x0924},{17,0x0D32},{21,0x0842},{22,0x0E95},{26,0x0D5B},{27,0x0FB6},{28,0x0E62},{29,0x0E66},  /* y=191 */
    {3,0x0421},{5,0x0722},{6,0x0726},{11,0x0732},{16,0x0934},{17,0x0D33},{21,0x0842},{22,0x0E95},{23,0x0A65},{24,0x0D85},{26,0x0C5B},{27,0x0FB6},{29,0x0E66},  /* y=192 */
    {3,0x0421},{4,0x0521},{6,0x0726},{7,0x0323},{11,0x0732},{14,0x0A42},{16,0x0934},{17,0x0D33},{21,0x0852},{22,0x0E95},{23,0x0A65},{24,0x0D85},{26,0x0B5B},{27,0x0FA6},  /* y=193 */
    {4,0x0521},{5,0x0722},{6,0x0626},{7,0x0323},{9,0x0631},{11,0x0832},{14,0x0A42},{21,0x0852},{22,0x0E95},{26,0x0B5A},{27,0x0FA6},{28,0x0E63},  /* y=194 */
    {3,0x0421},{5,0x0721},{6,0x0626},{7,0x0323},{9,0x0631},{11,0x0831},{16,0x0935},{18,0x0954},{20,0x0C74},{21,0x0852},{26,0x0B5A},{28,0x0E63},  /* y=195 */
    {1,0x0211},{2,0x0211},{3,0x0421},{5,0x0721},{7,0x0423},{9,0x0631},{11,0x0831},{12,0x0544},{16,0x0935},{18,0x0954},{20,0x0C74},{21,0x0842},{29,0x0E67},  /* y=196 */
    {1,0x0211},{2,0x0321},{6,0x0737},{7,0x0424},{11,0x0821},{12,0x0544},{16,0x0935},{21,0x0843},{24,0x0D85},{26,0x0B5A},{29,0x0E57},  /* y=197 */
    {2,0x0321},{3,0x0421},{6,0x0737},{7,0x0424},{11,0x0821},{14,0x0A42},{18,0x0954},{20,0x0C75},{21,0x0843},{23,0x0A65},{24,0x0D85},{26,0x0C4A},{28,0x0E62},{29,0x0E57},  /* y=198 */
    {3,0x0421},{4,0x0522},{6,0x0737},{11,0x0821},{14,0x0B32},{16,0x0936},{17,0x0D33},{18,0x0954},{20,0x0C75},{21,0x0843},{23,0x0A65},{26,0x0C49},{28,0x0E51},  /* y=199 */
    {3,0x0421},{4,0x0432},{6,0x0736},{9,0x0632},{11,0x0821},{12,0x0544},{14,0x0B22},{16,0x0936},{17,0x0D33},{18,0x0954},{19,0x0B52},{21,0x0843},{26,0x0C49},{28,0x0E51},  /* y=200 */
    {3,0x0421},{4,0x0432},{6,0x0736},{9,0x0632},{11,0x0821},{12,0x0544},{14,0x0B22},{18,0x0954},{19,0x0B62},{27,0x0FA7},{28,0x0E51},  /* y=201 */
    {1,0x0211},{2,0x0321},{6,0x0725},{9,0x0632},{11,0x0821},{12,0x0544},{17,0x0D32},{18,0x0954},{19,0x0A62},{23,0x0A65},{24,0x0D85},{26,0x0C49},{27,0x0FA7},{28,0x0E51},  /* y=202 */
    {1,0x0211},{2,0x0321},{3,0x0421},{6,0x0725},{7,0x0423},{11,0x0921},{12,0x0544},{15,0x0744},{17,0x0D32},{19,0x0A62},{22,0x0E96},{23,0x0A65},{24,0x0D85},{26,0x0C49},{27,0x0EA6},{28,0x0E51},  /* y=203 */
    {1,0x0211},{3,0x0421},{4,0x0532},{7,0x0423},{11,0x0921},{12,0x0534},{14,0x0B21},{15,0x0744},{17,0x0D31},{20,0x0C74},{22,0x0E96},{27,0x0EA6},{28,0x0E51},  /* y=204 */
    {1,0x0211},{2,0x0321},{4,0x0531},{5,0x0721},{6,0x0625},{7,0x0433},{12,0x0534},{14,0x0B21},{16,0x0935},{17,0x0D31},{20,0x0C74},{23,0x0A65},{27,0x0EA5},  /* y=205 */
    {1,0x0211},{2,0x0321},{4,0x0531},{5,0x0721},{6,0x0625},{7,0x0433},{9,0x0632},{12,0x0544},{16,0x0935},{19,0x0A62},{21,0x0843},{23,0x0A65},{27,0x0EA4},{28,0x0E41},  /* y=206 */
    {1,0x0211},{2,0x0221},{4,0x0531},{7,0x0433},{9,0x0632},{12,0x0544},{17,0x0D31},{19,0x0A62},{21,0x0843},{24,0x0D85},{27,0x0EA3},{28,0x0D41},  /* y=207 */
    {2,0x0221},{3,0x0321},{4,0x0531},{5,0x0721},{6,0x0625},{7,0x0433},{9,0x0631},{12,0x0544},{15,0x0744},{17,0x0D31},{20,0x0C74},{21,0x0843},{24,0x0D84},{27,0x0EA3},{28,0x0D41},  /* y=208 */
    {3,0x0321},{4,0x0531},{5,0x0731},{6,0x0625},{7,0x0433},{9,0x0631},{15,0x0744},{20,0x0C74},{21,0x0852},{24,0x0D83},  /* y=209 */
    {2,0x0222},{3,0x0321},{4,0x0531},{5,0x0731},{7,0x0433},{9,0x0631},{11,0x0931},{12,0x0533},{15,0x0744},{19,0x0A52},{20,0x0C74},{21,0x0852},{24,0x0D83},  /* y=210 */
    {1,0x0111},{2,0x0222},{3,0x0321},{4,0x0531},{5,0x0731},{7,0x0433},{11,0x0831},{12,0x0533},{19,0x0A52},{20,0x0C63},{21,0x0852}  /* y=211 */
};

static const struct CopperEntry viewer_bs_lo[2767] = {
    {3,0x047D},{5,0x0749},{10,0x0084},{15,0x0454},{18,0x01DE},{22,0x061C},{23,0x0453},{26,0x085B},{27,0x066F},{29,0x039B},  /* y=1 */
    {3,0x07AE},{5,0x095A},{10,0x0F96},{15,0x0344},{18,0x02CC},{21,0x0299},{22,0x05F9},{23,0x0441},{26,0x085B},{29,0x039B},  /* y=2 */
    {3,0x08BF},{5,0x0B7B},{10,0x0EA8},{15,0x0133},{18,0x04BA},{21,0x043F},{22,0x05F9},{23,0x0441},{27,0x0A7E},{28,0x0AA1},  /* y=3 */
    {3,0x08BF},{5,0x0D8C},{10,0x0DCC},{15,0x0E22},{18,0x05C9},{21,0x030B},{26,0x0847},{27,0x0A7E},{28,0x0659},{30,0x0CDF},  /* y=4 */
    {5,0x0EAD},{10,0x09E0},{15,0x0C00},{18,0x06DA},{21,0x01E9},{26,0x0824},{28,0x0528},{30,0x095A},  /* y=5 */
    {5,0x0FCF},{10,0x07F4},{15,0x0C00},{18,0x06DA},{21,0x00D7},{23,0x0230},{25,0x0367},{26,0x0701},{27,0x0770},{28,0x0528},{29,0x0158},{30,0x095A},  /* y=6 */
    {5,0x01D0},{10,0x0705},{15,0x0A23},{18,0x07FB},{21,0x00D7},{23,0x0230},{25,0x0EA6},{26,0x0701},{27,0x0770},{28,0x0524},{29,0x0035},{30,0x042C},  /* y=7 */
    {5,0x03F3},{10,0x0705},{15,0x066A},{18,0x07FB},{21,0x00C5},{25,0x02C5},{27,0x0B6A},{28,0x0643},{29,0x0E17},{30,0x0502},  /* y=8 */
    {5,0x0725},{8,0x0316},{15,0x04B1},{18,0x070C},{21,0x01B2},{23,0x0350},{25,0x05D5},{27,0x0B6A},{28,0x0643},{29,0x0E17},{30,0x08B2},  /* y=9 */
    {3,0x079D},{5,0x0638},{6,0x02BE},{8,0x0A20},{10,0x08F1},{15,0x03D6},{18,0x070C},{20,0x06D2},{21,0x01B2},{23,0x0350},{25,0x05D5},{30,0x089E},  /* y=10 */
    {3,0x079D},{5,0x0638},{6,0x0C84},{8,0x0346},{10,0x08F1},{15,0x04F9},{20,0x042D},{22,0x06F6},{24,0x0338},{29,0x0F47},{30,0x089E},{31,0x0495},  /* y=11 */
    {5,0x0A57},{6,0x0C84},{7,0x0703},{8,0x0867},{10,0x0B02},{15,0x04F9},{20,0x042D},{21,0x0ED5},{22,0x06F6},{24,0x0338},{26,0x0722},{29,0x0067},{30,0x08BD},{31,0x0495},  /* y=12 */
    {3,0x0ABE},{5,0x0E76},{7,0x0703},{8,0x0B87},{10,0x0E22},{15,0x07F7},{21,0x0ED5},{23,0x024E},{26,0x0722},{27,0x0E88},{29,0x0067},{30,0x08BD},{31,0x0453},  /* y=13 */
    {3,0x0ABE},{5,0x0371},{8,0x0E95},{10,0x0142},{12,0x0FD6},{15,0x09E4},{23,0x024E},{25,0x018B},{27,0x0E88},{28,0x063D},{29,0x0F8B},{31,0x0453},  /* y=14 */
    {3,0x0CC0},{5,0x0371},{6,0x0085},{8,0x0E95},{10,0x0142},{12,0x0FD6},{15,0x09E4},{20,0x0608},{23,0x011A},{25,0x0914},{27,0x0183},{28,0x0637},{29,0x0D9E},  /* y=15 */
    {3,0x0CC0},{6,0x0085},{7,0x0785},{10,0x054E},{20,0x0A13},{23,0x011A},{24,0x070C},{25,0x03D1},{26,0x083F},{27,0x0183},{28,0x0733},{29,0x0A81},  /* y=16 */
    {5,0x068A},{7,0x07D3},{8,0x0AC7},{10,0x0B5C},{20,0x0F3F},{24,0x070C},{25,0x0EA1},{26,0x083F},{28,0x082E},{29,0x0A81},{30,0x0895},  /* y=17 */
    {3,0x0FD0},{5,0x068A},{7,0x05F9},{8,0x0AC7},{10,0x0F49},{15,0x0AF3},{20,0x027F},{25,0x0881},{27,0x00B4},{28,0x082E},{30,0x098F},  /* y=18 */
    {3,0x0FD0},{7,0x05F9},{10,0x0246},{15,0x0AF3},{18,0x042D},{20,0x027F},{21,0x0FC1},{23,0x025D},{25,0x0262},{27,0x00B4},{29,0x0B8C},{30,0x097A},{31,0x082F},  /* y=19 */
    {8,0x05DA},{10,0x0246},{12,0x0091},{18,0x042D},{19,0x02C5},{21,0x0FC1},{22,0x0427},{23,0x0171},{25,0x0D63},{29,0x0E99},{30,0x0966},{31,0x082F},  /* y=20 */
    {3,0x0FDC},{8,0x05DA},{10,0x0654},{11,0x044F},{12,0x0091},{15,0x0A34},{18,0x063D},{19,0x02C5},{21,0x01CE},{22,0x0427},{23,0x0171},{25,0x0D63},{29,0x01B4},{30,0x0A61},  /* y=21 */
    {3,0x0FDC},{4,0x0140},{7,0x04E5},{10,0x0654},{11,0x044F},{15,0x0A34},{18,0x063D},{21,0x01CE},{23,0x0E72},{24,0x07BD},{27,0x0ED3},{29,0x04E3},{30,0x0A6E},{31,0x0928},  /* y=22 */
    {2,0x0731},{4,0x0140},{7,0x04E5},{18,0x072A},{19,0x0B3D},{21,0x01BB},{23,0x0E72},{24,0x07BD},{27,0x01EF},{29,0x0502},{30,0x0A7B},{31,0x0921},  /* y=23 */
    {2,0x0731},{3,0x00C9},{8,0x030F},{10,0x0571},{14,0x06DA},{18,0x0817},{19,0x0B3D},{21,0x01BB},{27,0x05D9},{29,0x053F},{30,0x0A7B},{31,0x0A3F},  /* y=24 */
    {3,0x00C9},{6,0x0172},{8,0x0235},{9,0x0B89},{10,0x0571},{14,0x06DA},{18,0x0817},{21,0x02A7},{23,0x0F6E},{27,0x05D9},{29,0x053A},{30,0x09AC},{31,0x0A6E},  /* y=25 */
    {6,0x0172},{7,0x0302},{8,0x0235},{9,0x052C},{12,0x099F},{21,0x02A7},{23,0x0F6E},{24,0x08C1},{25,0x013D},{28,0x0640},{29,0x053A},{30,0x09EC},{31,0x0A81},  /* y=26 */
    {6,0x036E},{7,0x0302},{9,0x052C},{12,0x038F},{18,0x0813},{19,0x0431},{24,0x08C1},{25,0x013D},{26,0x053D},{28,0x0640},{29,0x0426},{30,0x091C},{31,0x09C5},  /* y=27 */
    {5,0x0B87},{6,0x036E},{9,0x0D55},{12,0x0D9E},{18,0x0813},{19,0x0431},{22,0x016C},{25,0x0218},{26,0x053D},{28,0x0465},{29,0x0426},{30,0x095E},{31,0x09E7},  /* y=28 */
    {2,0x03FE},{3,0x03D8},{5,0x0B87},{9,0x0D55},{11,0x0D76},{12,0x0D9E},{22,0x0E91},{23,0x0D81},{25,0x0218},{27,0x070B},{28,0x0465},{30,0x0872},{31,0x0905},  /* y=29 */
    {1,0x02AF},{2,0x03FE},{3,0x03D8},{11,0x0D76},{19,0x0B06},{22,0x0BC8},{23,0x0D81},{24,0x0703},{27,0x092A},{28,0x0456},{29,0x0549},{30,0x0872},{31,0x0938},  /* y=30 */
    {1,0x02AF},{5,0x01A4},{11,0x08BC},{19,0x0B06},{21,0x01C9},{22,0x0A2F},{23,0x0BD6},{24,0x0703},{27,0x0C37},{28,0x0456},{29,0x0549},{30,0x07CC},{31,0x0A6B},  /* y=31 */
    {5,0x01A4},{7,0x05E1},{11,0x08BC},{18,0x0634},{21,0x01C9},{22,0x0967},{23,0x0BD6},{24,0x043B},{25,0x0F3B},{26,0x026D},{27,0x0C37},{30,0x0709},{31,0x0ADF},  /* y=32 */
    {3,0x02C3},{4,0x0385},{7,0x05E1},{11,0x03EF},{15,0x0865},{18,0x0634},{22,0x0967},{24,0x0285},{25,0x0D4E},{26,0x026D},{30,0x0836},{31,0x0A32},  /* y=33 */
    {3,0x00A1},{4,0x0385},{11,0x0E01},{14,0x0E21},{15,0x0865},{22,0x058B},{23,0x0908},{24,0x01A8},{25,0x0D4E},{28,0x0143},{30,0x083C},{31,0x0A32},  /* y=34 */
    {2,0x0231},{3,0x00A1},{6,0x036B},{9,0x067B},{10,0x037F},{11,0x0E01},{12,0x0B7F},{14,0x0691},{20,0x07F7},{21,0x0EF7},{22,0x058B},{23,0x0908},{24,0x01A8},{28,0x0143},{30,0x083C},  /* y=35 */
    {1,0x05D1},{2,0x0231},{6,0x0568},{9,0x067B},{10,0x037F},{12,0x0B7F},{14,0x01D5},{20,0x006A},{21,0x0EF7},{25,0x0F60},{26,0x0E80},{29,0x0737},{30,0x092C},  /* y=36 */
    {1,0x05D1},{2,0x0561},{4,0x0695},{5,0x05AF},{6,0x0568},{14,0x01D5},{20,0x006A},{23,0x082C},{24,0x0076},{25,0x0F60},{26,0x0E80},{28,0x0059},{29,0x0712},{30,0x080E},  /* y=37 */
    {2,0x0BB2},{4,0x09A9},{5,0x059A},{7,0x08CB},{14,0x0CF7},{16,0x0EFF},{21,0x0EEE},{23,0x082C},{24,0x0076},{28,0x0059},{29,0x0712},{30,0x08F2},  /* y=38 */
    {2,0x00E5},{3,0x0EF6},{4,0x0CBB},{5,0x059A},{6,0x0389},{7,0x09A6},{14,0x0CF7},{16,0x0EFF},{18,0x0556},{20,0x0EBB},{21,0x0BC7},{30,0x08F2},  /* y=39 */
    {2,0x00E5},{3,0x0EF6},{4,0x0CBB},{5,0x04A6},{6,0x0389},{7,0x0983},{11,0x0FDC},{18,0x0556},{20,0x0EBB},{21,0x0D93},{23,0x073F},{24,0x01A4},{27,0x0A5A},{29,0x0414},  /* y=40 */
    {1,0x08F3},{5,0x04A6},{7,0x0983},{10,0x0093},{11,0x0FDC},{19,0x01D6},{20,0x080F},{21,0x0F60},{23,0x073F},{24,0x0108},{25,0x0F83},{27,0x0A5A},{28,0x0C7C},{29,0x0414},  /* y=41 */
    {1,0x08F3},{2,0x0EFD},{4,0x0BC7},{10,0x0093},{11,0x01A7},{16,0x05C7},{18,0x0269},{19,0x04A7},{20,0x080F},{21,0x0F60},{24,0x0161},{25,0x0F83},{28,0x099F},  /* y=42 */
    {2,0x0EFD},{3,0x0307},{4,0x0BC7},{9,0x0886},{11,0x01A7},{14,0x02EB},{16,0x05C7},{18,0x007E},{19,0x0578},{20,0x0314},{24,0x02A4},{28,0x099F},{29,0x0118},  /* y=43 */
    {3,0x0307},{5,0x0386},{9,0x098B},{11,0x0464},{14,0x02EB},{16,0x0FB4},{18,0x0D82},{19,0x0358},{20,0x0314},{24,0x02A4},{29,0x0118},{30,0x08C3},{31,0x0605},  /* y=44 */
    {1,0x05F7},{3,0x08E4},{5,0x0386},{9,0x098B},{10,0x0EC0},{11,0x0464},{16,0x0FB4},{18,0x0B96},{19,0x0358},{22,0x036C},{23,0x0343},{24,0x00C8},{30,0x08C3},{31,0x034A},  /* y=45 */
    {1,0x05F7},{2,0x0EDF},{3,0x08E4},{4,0x0995},{9,0x0B70},{10,0x0EC0},{18,0x08A8},{19,0x0116},{22,0x036C},{23,0x0E36},{24,0x00C8},{28,0x07BB},{31,0x00E9},  /* y=46 */
    {2,0x0EDF},{4,0x0995},{6,0x0946},{7,0x0B97},{9,0x0B70},{11,0x0936},{12,0x0D50},{16,0x03BC},{18,0x059A},{19,0x0116},{23,0x0A4A},{26,0x0046},{28,0x07BB},{31,0x00E9},  /* y=47 */
    {3,0x0E9C},{6,0x0946},{7,0x0B97},{11,0x0936},{12,0x0D50},{14,0x08A3},{16,0x0BAE},{18,0x059A},{20,0x0009},{23,0x0A4A},{26,0x03EB},{27,0x0B2F},{28,0x06D5},{30,0x06D1},  /* y=48 */
    {3,0x0E9C},{14,0x0D6D},{16,0x0171},{18,0x01AC},{19,0x0F24},{20,0x0009},{24,0x0BE7},{26,0x097E},{27,0x08FE},{28,0x06BA},{30,0x06D1},  /* y=49 */
    {1,0x061B},{14,0x0D6D},{16,0x0616},{18,0x01AC},{19,0x0F24},{23,0x0660},{24,0x03E3},{26,0x0C37},{27,0x05BC},{28,0x097A},{30,0x05E7},  /* y=50 */
    {1,0x061B},{8,0x0378},{9,0x0D8C},{10,0x019B},{16,0x07EB},{20,0x02C7},{22,0x058A},{23,0x0660},{24,0x03E3},{26,0x0C37},{27,0x0E7C},{28,0x097A},{30,0x05E7},{31,0x0FA7},  /* y=51 */
    {1,0x062F},{5,0x0274},{8,0x0378},{9,0x0D8C},{10,0x019B},{11,0x0C25},{12,0x0F6D},{16,0x07EB},{18,0x0EBD},{20,0x0096},{22,0x058A},{25,0x036D},{26,0x0D03},{27,0x0E7C},{31,0x0FA7},  /* y=52 */
    {1,0x062F},{3,0x0B7C},{5,0x0274},{9,0x0F55},{10,0x0276},{11,0x0C25},{12,0x0286},{14,0x0039},{18,0x0EBD},{20,0x0F60},{22,0x0A99},{23,0x0395},{25,0x036D},{26,0x0D03},  /* y=53 */
    {3,0x0B7C},{8,0x0150},{9,0x0F22},{10,0x0276},{11,0x0FE4},{12,0x0480},{14,0x0039},{16,0x0371},{20,0x0F60},{22,0x0A99},{23,0x0395},{26,0x0CD8},{27,0x08A4},{28,0x0B4C},  /* y=54 */
    {8,0x013A},{9,0x0F22},{10,0x0350},{11,0x055D},{12,0x098C},{15,0x064A},{16,0x0371},{22,0x0E84},{24,0x06BF},{26,0x0CD8},{27,0x05EC},{28,0x0B4C},  /* y=55 */
    {4,0x0E70},{5,0x0D75},{8,0x013A},{10,0x0350},{11,0x0ADC},{12,0x098C},{14,0x0C27},{15,0x064A},{16,0x004B},{19,0x0F09},{22,0x0E84},{24,0x06BF},{26,0x0A99},{27,0x05EC},{29,0x06EF},  /* y=56 */
    {4,0x0E70},{5,0x0987},{7,0x0AB9},{9,0x00F5},{11,0x0ADC},{14,0x0C27},{16,0x004B},{19,0x0F09},{20,0x0356},{21,0x0EA5},{23,0x04E9},{24,0x078C},{26,0x0A99},{27,0x0301},{29,0x06EF},  /* y=57 */
    {5,0x0987},{6,0x065A},{7,0x0CDB},{9,0x00F5},{11,0x0989},{12,0x0A69},{14,0x0A05},{18,0x07CA},{20,0x0356},{21,0x0EA5},{23,0x04E9},{24,0x078C},{27,0x0301},{28,0x0778},{31,0x0FD1},  /* y=58 */
    {3,0x0057},{6,0x065A},{7,0x0CDB},{9,0x0FD6},{11,0x0989},{12,0x0A69},{14,0x07F6},{18,0x07CA},{19,0x0FF2},{20,0x0722},{21,0x0DCA},{22,0x026F},{28,0x04BD},{31,0x0FD1},  /* y=59 */
    {1,0x082C},{2,0x0DE1},{3,0x0424},{6,0x067E},{9,0x0FD6},{10,0x044B},{11,0x047A},{14,0x07F6},{16,0x0198},{19,0x0FF2},{20,0x0722},{21,0x0DCA},{22,0x026F},{24,0x05A4},{28,0x04BD},  /* y=60 */
    {1,0x082C},{2,0x0DE1},{3,0x09E1},{4,0x0C92},{6,0x0692},{8,0x0359},{9,0x0DB8},{10,0x0336},{11,0x047A},{12,0x0C34},{16,0x0198},{24,0x05A4},{30,0x027B},  /* y=61 */
    {3,0x0DAD},{4,0x0C92},{6,0x07B5},{8,0x0359},{9,0x0DB8},{10,0x0411},{11,0x0F70},{12,0x0D1E},{22,0x047B},{23,0x08E2},{26,0x08F8},{30,0x027B},  /* y=62 */
    {2,0x0D07},{3,0x0DAD},{6,0x07B5},{7,0x0BD7},{9,0x0ACB},{10,0x0411},{11,0x0F70},{12,0x0D1E},{19,0x0E00},{22,0x047B},{23,0x0BD9},{26,0x0A22},{28,0x0772},{29,0x07D0},  /* y=63 */
    {1,0x051F},{2,0x0E1A},{6,0x08D8},{7,0x0BD7},{9,0x0ACB},{16,0x03FB},{19,0x0E00},{23,0x0DA0},{26,0x0A22},{28,0x090D},{29,0x0391},{31,0x0004},  /* y=64 */
    {1,0x051F},{2,0x0E2E},{4,0x0BB7},{5,0x0994},{6,0x08D8},{8,0x0654},{15,0x0823},{16,0x03FB},{23,0x0460},{27,0x030B},{28,0x090D},{29,0x0391},{31,0x00C0},  /* y=65 */
    {2,0x0E2E},{3,0x009F},{4,0x0BB7},{5,0x0994},{6,0x09FB},{7,0x0CF3},{8,0x0654},{15,0x0823},{16,0x0116},{20,0x031D},{23,0x0460},{26,0x0DE4},{27,0x030B},{28,0x0DA6},{31,0x0145},  /* y=66 */
    {2,0x0F12},{3,0x009F},{5,0x0A8E},{6,0x09FB},{7,0x0FED},{14,0x0516},{15,0x0A1D},{16,0x0116},{20,0x031D},{26,0x0CC7},{28,0x0DA6},{30,0x0DB2},{31,0x029F},  /* y=67 */
    {1,0x0845},{2,0x0015},{5,0x0A8E},{7,0x01D6},{9,0x08A0},{10,0x0508},{11,0x01D0},{14,0x0516},{15,0x0A1D},{25,0x0342},{26,0x0CC7},{27,0x0403},{30,0x0DB2},{31,0x029F},  /* y=68 */
    {1,0x0845},{2,0x0015},{4,0x08D6},{6,0x0AC5},{7,0x01D6},{9,0x08A0},{10,0x0508},{11,0x071D},{12,0x0B2C},{14,0x0434},{15,0x0C08},{20,0x0D4A},{25,0x0342},{26,0x0980},{27,0x0403},  /* y=69 */
    {1,0x0E66},{2,0x0118},{4,0x06C0},{6,0x097F},{11,0x071D},{12,0x0B2C},{14,0x0434},{15,0x0C08},{18,0x0AA2},{19,0x0D36},{20,0x0D4A},{21,0x0CE4},{25,0x043D},{26,0x0980},  /* y=70 */
    {1,0x0E66},{2,0x0118},{3,0x0FA9},{4,0x06C0},{6,0x065C},{14,0x034B},{18,0x0A9C},{19,0x0D36},{21,0x0CDB},{22,0x0170},{25,0x043D},{28,0x0B4C},{30,0x08FF},  /* y=71 */
    {3,0x0FA9},{6,0x065C},{8,0x076E},{9,0x0B8B},{10,0x0315},{12,0x084B},{14,0x034B},{15,0x0C02},{16,0x0C34},{18,0x0A9C},{21,0x0CDB},{22,0x0170},{25,0x0759},{26,0x0551},{28,0x0B4C},{30,0x08FF},  /* y=72 */
    {1,0x0176},{2,0x002B},{3,0x0DA2},{8,0x076E},{9,0x0D65},{10,0x0315},{12,0x084B},{13,0x077D},{15,0x0C02},{16,0x0521},{20,0x085F},{24,0x0605},{25,0x0759},{26,0x0551},  /* y=73 */
    {1,0x0176},{2,0x0F4D},{3,0x08A0},{5,0x0969},{7,0x0FB0},{9,0x0D65},{12,0x0466},{13,0x077D},{16,0x0521},{19,0x0846},{20,0x085F},{24,0x0605},{25,0x0977},{27,0x02C1},  /* y=74 */
    {2,0x0F7F},{3,0x08A0},{5,0x0969},{7,0x0FB0},{11,0x0315},{12,0x0466},{14,0x0F48},{15,0x0DFC},{16,0x0128},{19,0x046F},{23,0x0050},{25,0x0977},{27,0x02C1},{28,0x0F1D},  /* y=75 */
    {2,0x0F7F},{3,0x04CE},{9,0x0B4F},{10,0x0004},{11,0x0315},{14,0x0F48},{15,0x0DFC},{16,0x0128},{18,0x0BA4},{19,0x0278},{22,0x0E4A},{23,0x0050},{24,0x0905},{27,0x037B},{28,0x0F1D},  /* y=76 */
    {1,0x0195},{3,0x00DE},{4,0x07E2},{5,0x0665},{9,0x0B4F},{10,0x0004},{14,0x0D55},{18,0x00AE},{19,0x0278},{22,0x0E4A},{23,0x0D3B},{24,0x02C6},{27,0x037B},  /* y=77 */
    {1,0x0195},{3,0x0EEE},{4,0x07E2},{5,0x0452},{6,0x035B},{8,0x0E65},{14,0x0D55},{18,0x04A8},{23,0x0D3B},{24,0x02C6},{25,0x01BF},{27,0x0888},{30,0x09F2},  /* y=78 */
    {1,0x01A4},{3,0x0A00},{5,0x0452},{6,0x035B},{8,0x0E65},{9,0x0682},{10,0x0DF1},{18,0x04A8},{25,0x0CE6},{26,0x0D67},{27,0x0888},{28,0x0E67},{29,0x0A5E},{30,0x09F2},  /* y=79 */
    {1,0x01A4},{3,0x0A00},{8,0x0735},{9,0x0682},{10,0x0AFF},{11,0x0F7E},{16,0x0D52},{20,0x0480},{21,0x0AC6},{24,0x0788},{25,0x0CE6},{26,0x0D67},{28,0x0E67},{29,0x0A5E},{30,0x0B27},  /* y=80 */
    {3,0x0812},{4,0x06D5},{8,0x0735},{10,0x0AFF},{11,0x0EB0},{13,0x0D88},{14,0x0B70},{16,0x0D52},{20,0x0480},{21,0x06A3},{23,0x0A6C},{24,0x0E39},{30,0x0B27},  /* y=81 */
    {3,0x0812},{4,0x06D5},{6,0x025D},{9,0x049B},{11,0x0EB0},{12,0x0472},{13,0x0D88},{14,0x0B70},{18,0x0683},{21,0x0291},{22,0x0209},{23,0x075C},{24,0x0E39},{26,0x0F35},  /* y=82 */
    {1,0x03B5},{5,0x0444},{6,0x025D},{7,0x00CA},{9,0x049B},{10,0x0802},{12,0x0472},{14,0x0093},{18,0x0683},{21,0x0291},{22,0x02E3},{23,0x075C},{25,0x080B},{26,0x000A},  /* y=83 */
    {1,0x03B5},{2,0x0F91},{5,0x0437},{7,0x00CA},{10,0x0802},{14,0x0093},{16,0x0F19},{18,0x075B},{19,0x0956},{21,0x0E91},{22,0x02E3},{25,0x080B},{26,0x0F01},{28,0x0030},  /* y=84 */
    {1,0x0395},{2,0x0F91},{5,0x0437},{9,0x018A},{11,0x0B9D},{16,0x0F19},{18,0x0546},{19,0x0039},{21,0x0E91},{26,0x0F01},{27,0x0771},{28,0x00FC},{29,0x0725},  /* y=85 */
    {1,0x0173},{4,0x07C7},{9,0x018A},{10,0x0BF1},{11,0x098C},{14,0x028D},{18,0x0546},{19,0x022A},{21,0x0BA0},{26,0x0FD6},{27,0x0771},{28,0x00FC},{29,0x0725},  /* y=86 */
    {1,0x0F50},{2,0x0C93},{4,0x07C7},{10,0x0BF1},{11,0x086D},{12,0x0766},{14,0x0456},{16,0x03D6},{18,0x0253},{19,0x022A},{21,0x0BA0},{26,0x0FD6},{29,0x0A21},  /* y=87 */
    {1,0x0F50},{2,0x0C93},{4,0x0ABA},{6,0x0070},{7,0x01AF},{10,0x0CD0},{11,0x086D},{12,0x0766},{14,0x0907},{16,0x03D6},{18,0x0253},{20,0x0B6F},{23,0x0441},{25,0x0641},{29,0x0A21},  /* y=88 */
    {1,0x0D31},{4,0x0ABA},{6,0x0070},{7,0x0094},{10,0x0CD0},{12,0x084D},{14,0x0907},{19,0x040B},{20,0x0B6F},{22,0x02E8},{23,0x0441},{24,0x074C},{25,0x0641},{26,0x02B6},{28,0x0EDE},  /* y=89 */
    {1,0x0D31},{2,0x0A81},{6,0x0D81},{7,0x00A7},{9,0x0297},{10,0x09D0},{12,0x0933},{16,0x02BD},{18,0x0F51},{19,0x040B},{22,0x02E8},{24,0x074C},{26,0x02B6},{28,0x0EDE},  /* y=90 */
    {2,0x0A81},{4,0x0ACE},{6,0x0D81},{7,0x00A7},{9,0x0297},{10,0x09D0},{12,0x0933},{14,0x08FB},{16,0x0F90},{18,0x0C40},{19,0x02FF},{20,0x0914},{22,0x02F3},{26,0x0587},  /* y=91 */
    {4,0x0ACE},{6,0x0C8E},{9,0x0473},{11,0x0A48},{14,0x08FB},{16,0x0F90},{18,0x0C40},{19,0x0FE0},{20,0x0914},{21,0x099C},{22,0x02F3},{26,0x0587},{27,0x0677},{29,0x0915},{30,0x09F1},  /* y=92 */
    {1,0x0C0D},{5,0x0244},{6,0x0C8E},{9,0x065F},{10,0x06DE},{11,0x0C15},{14,0x04FD},{19,0x0FE0},{21,0x099C},{23,0x0168},{26,0x0444},{27,0x0677},{29,0x0915},{30,0x09F1},  /* y=93 */
    {1,0x0AFC},{2,0x0690},{3,0x0BE2},{4,0x0BD1},{5,0x0244},{9,0x072B},{10,0x06DE},{11,0x0FF0},{12,0x0A48},{14,0x04FD},{23,0x0168},{26,0x0444},{30,0x0AD8},  /* y=94 */
    {1,0x08EC},{2,0x058D},{3,0x0DBF},{4,0x0BD1},{6,0x0D79},{8,0x053F},{9,0x072B},{11,0x0FF0},{12,0x0A48},{24,0x0881},{26,0x0042},{30,0x0AD8},{31,0x0544},  /* y=95 */
    {1,0x06CB},{2,0x047A},{3,0x0DBF},{6,0x0D79},{8,0x053F},{12,0x0958},{13,0x0DB7},{14,0x020B},{24,0x0881},{26,0x0F54},{27,0x03BD},{30,0x08BB},{31,0x0544},  /* y=96 */
    {1,0x04BB},{2,0x0358},{4,0x0BEE},{6,0x0C75},{12,0x0958},{13,0x0DB7},{14,0x020B},{16,0x024A},{19,0x0FCA},{20,0x0CEC},{26,0x0161},{27,0x03BD},{30,0x08BB},  /* y=97 */
    {1,0x01BC},{2,0x0358},{4,0x0BEE},{6,0x0A53},{15,0x0B18},{16,0x024A},{18,0x0F3B},{19,0x0FCA},{20,0x0CEC},{23,0x0113},{24,0x0C68},{26,0x0287},{31,0x0004},  /* y=98 */
    {1,0x01BC},{4,0x0AEA},{6,0x0931},{7,0x0194},{10,0x03E0},{12,0x0766},{15,0x0A34},{18,0x0F3B},{21,0x0A8F},{23,0x0113},{24,0x0C68},{25,0x0807},{26,0x0287},{31,0x0004},  /* y=99 */
    {1,0x01CF},{2,0x0436},{4,0x0AE6},{6,0x0931},{7,0x0194},{10,0x03E0},{11,0x01C0},{12,0x0766},{15,0x0A34},{18,0x021C},{21,0x0A8F},{25,0x0807},{26,0x0595},{27,0x0592},{30,0x0497},  /* y=100 */
    {1,0x01CF},{2,0x0216},{4,0x0AE6},{6,0x0512},{7,0x0384},{8,0x098C},{11,0x01C0},{16,0x0669},{18,0x021C},{21,0x0A70},{26,0x0595},{27,0x0667},{28,0x09DE},{30,0x0497},  /* y=101 */
    {1,0x00BD},{2,0x0005},{4,0x07E4},{5,0x022F},{6,0x0004},{7,0x0384},{8,0x0D95},{16,0x097B},{21,0x0A70},{26,0x08C9},{27,0x0667},{28,0x09DE},  /* y=102 */
    {1,0x019A},{2,0x0DE4},{4,0x07E4},{5,0x022F},{6,0x0EE5},{8,0x0D95},{12,0x0848},{14,0x04EA},{16,0x097B},{21,0x0C5F},{23,0x01FF},{26,0x07FE},  /* y=103 */
    {1,0x0398},{2,0x0CC3},{5,0x0D10},{6,0x0EE5},{8,0x01A0},{10,0x01D1},{11,0x0FE1},{12,0x0848},{13,0x0110},{14,0x04EA},{21,0x0C5F},{23,0x01FF},{26,0x07FE},{29,0x0325},  /* y=104 */
    {1,0x0698},{2,0x0CC3},{3,0x0CAF},{4,0x07C6},{5,0x0702},{6,0x00E2},{8,0x01A0},{10,0x01D1},{11,0x0C13},{13,0x0110},{16,0x0985},{19,0x0F8B},{29,0x0325},  /* y=105 */
    {1,0x0698},{3,0x0CAF},{4,0x07A7},{5,0x04FF},{6,0x00E2},{11,0x0815},{14,0x07A6},{16,0x0985},{19,0x0059},{21,0x0F3C},{25,0x022C},{31,0x0DB3},  /* y=106 */
    {3,0x0A9F},{4,0x0A97},{5,0x04FF},{6,0x02E0},{11,0x0815},{14,0x0873},{19,0x0059},{20,0x0ED4},{21,0x0F3C},{24,0x0573},{25,0x022C},{27,0x073D},{31,0x0C41},  /* y=107 */
    {3,0x088F},{4,0x0D65},{5,0x00FE},{6,0x02DC},{9,0x0840},{10,0x0BEC},{14,0x0873},{16,0x0871},{20,0x0ED4},{21,0x024A},{24,0x0573},{27,0x073D},{31,0x0C41},  /* y=108 */
    {2,0x0BCE},{3,0x088F},{4,0x0F33},{5,0x0EEE},{6,0x02DC},{7,0x0F82},{9,0x0840},{10,0x06D8},{11,0x0527},{16,0x0871},{21,0x024A},{27,0x0A18},{28,0x07E7},  /* y=109 */
    {1,0x03A8},{2,0x0BCE},{3,0x076C},{4,0x0F33},{5,0x0EEE},{7,0x0F82},{10,0x06D8},{11,0x0527},{13,0x07BE},{14,0x0A41},{20,0x0FCB},{22,0x0416},{26,0x04C8},{27,0x0D08},{28,0x07E7},  /* y=110 */
    {1,0x0297},{2,0x0ABB},{3,0x076C},{5,0x0ED1},{7,0x0D61},{13,0x07BE},{14,0x0A41},{19,0x0326},{20,0x0FCB},{22,0x0416},{26,0x04C8},{27,0x0D08},{28,0x09CA},{29,0x030C},{30,0x0A66},  /* y=111 */
    {1,0x0175},{2,0x0ABB},{4,0x0D45},{5,0x0EC5},{7,0x0D61},{8,0x0675},{10,0x02E5},{15,0x0A7B},{19,0x0326},{20,0x00C2},{28,0x09CA},{29,0x030C},{30,0x0A66},{31,0x0288},  /* y=112 */
    {1,0x0063},{2,0x0999},{4,0x0D45},{5,0x0EB8},{8,0x080A},{10,0x02E5},{15,0x0F66},{17,0x0181},{20,0x00C2},{29,0x0F11},{31,0x0376},  /* y=113 */
    {1,0x0F51},{2,0x0976},{5,0x009A},{7,0x0975},{8,0x080A},{10,0x0ED9},{15,0x0820},{16,0x032C},{17,0x0181},{27,0x0D04},{29,0x0F11},{31,0x0376},  /* y=114 */
    {1,0x0E30},{2,0x0976},{5,0x0F7E},{7,0x0975},{8,0x08B6},{10,0x0EAA},{15,0x0820},{16,0x032C},{19,0x09F2},{22,0x08E3},{24,0x0D17},{26,0x09F1},{27,0x0D04},  /* y=115 */
    {1,0x0E30},{3,0x047D},{4,0x0A24},{5,0x0D41},{7,0x0676},{8,0x08B6},{10,0x0E8B},{14,0x0E2B},{16,0x0A64},{19,0x09F2},{22,0x08E3},{24,0x0D17},{26,0x09F1},{30,0x0645},  /* y=116 */
    {1,0x0B31},{3,0x047D},{4,0x0A24},{5,0x0D41},{6,0x00CC},{7,0x0676},{10,0x0F6C},{13,0x038E},{14,0x0218},{16,0x0144},{18,0x08E2},{19,0x0FDB},{30,0x0645},  /* y=117 */
    {1,0x0B31},{2,0x0B65},{4,0x0835},{5,0x0954},{6,0x0EBB},{7,0x0267},{8,0x0881},{10,0x0F6C},{13,0x038E},{14,0x0218},{15,0x0D8A},{16,0x0144},{17,0x0B39},{18,0x08E2},{19,0x0FDB},  /* y=118 */
    {2,0x0B65},{3,0x036C},{4,0x0835},{5,0x0954},{6,0x0A9B},{7,0x0F59},{8,0x0881},{9,0x0582},{12,0x0434},{15,0x0D8A},{16,0x0290},{17,0x0B39},{20,0x0FC4},{29,0x0216},  /* y=119 */
    {2,0x0B44},{3,0x036C},{4,0x0545},{5,0x0562},{6,0x0889},{7,0x0F59},{9,0x0582},{12,0x0134},{16,0x0290},{18,0x08B5},{20,0x0FC4},{26,0x08FD},{27,0x0A09},{29,0x0216},  /* y=120 */
    {2,0x0B44},{3,0x0349},{4,0x0545},{5,0x0250},{6,0x0889},{8,0x069C},{10,0x0140},{12,0x0D21},{16,0x0219},{18,0x08B5},{21,0x0230},{26,0x08FD},{27,0x0709},  /* y=121 */
    {3,0x0337},{4,0x0433},{5,0x003D},{6,0x067B},{7,0x0E45},{8,0x069C},{10,0x0C28},{12,0x0D21},{16,0x0219},{20,0x0ECA},{21,0x0230},{27,0x043C},  /* y=122 */
    {3,0x0337},{4,0x0433},{5,0x0D0B},{6,0x046C},{7,0x0E45},{10,0x09F8},{12,0x0A0E},{13,0x0606},{19,0x0616},{20,0x0ECA},{21,0x02F7},{26,0x0C8C},{27,0x043C},  /* y=123 */
    {2,0x0A33},{5,0x0C07},{6,0x025C},{10,0x05D7},{12,0x0A0E},{13,0x0606},{15,0x0B3D},{19,0x0616},{20,0x0EE0},{21,0x02F7},{23,0x06B9},{26,0x0C8C},{27,0x0475},  /* y=124 */
    {1,0x0A21},{2,0x0B20},{5,0x0BF5},{6,0x004B},{8,0x0058},{10,0x00C4},{12,0x09DE},{15,0x0B3D},{16,0x09C8},{20,0x0EE0},{23,0x06B9},{27,0x0475},  /* y=125 */
    {1,0x0A21},{2,0x0B20},{4,0x0232},{5,0x0BF5},{6,0x0F3B},{8,0x0E18},{9,0x027E},{10,0x0DB5},{12,0x09DE},{15,0x0D15},{16,0x09C8},{18,0x0ABD},{29,0x0EE0},  /* y=126 */
    {2,0x0B1F},{4,0x0232},{6,0x0F3B},{7,0x0A46},{8,0x0E18},{9,0x0E6A},{10,0x07C7},{15,0x0D15},{18,0x0ABD},{20,0x07F5},{22,0x0EC2},{24,0x080E},{28,0x0580},{29,0x0EE0},  /* y=127 */
    {1,0x0810},{2,0x0B1F},{4,0x0220},{6,0x0039},{7,0x064B},{9,0x0E6A},{10,0x01FE},{20,0x07F5},{22,0x0EC2},{24,0x080E},{25,0x064A},{28,0x0242},{29,0x0DB3},  /* y=128 */
    {1,0x070F},{2,0x0A0E},{4,0x031E},{6,0x0039},{7,0x033C},{10,0x0C5A},{19,0x08E2},{25,0x0E2C},{28,0x0242},{29,0x0DB3},{31,0x00E4},  /* y=129 */
    {1,0x070F},{2,0x0AEC},{4,0x031E},{5,0x0808},{6,0x0E26},{7,0x033C},{10,0x0A90},{13,0x04DC},{19,0x08E2},{24,0x00C0},{25,0x0FBB},{28,0x0CF0},{31,0x00E4},  /* y=130 */
    {2,0x0AEC},{5,0x0808},{6,0x0E26},{9,0x0B81},{10,0x08D2},{13,0x04DC},{19,0x0A98},{22,0x0CDD},{24,0x0A5F},{25,0x0C67},{26,0x0C3F},{27,0x0DCD},{28,0x0CF0},  /* y=131 */
    {1,0x06FD},{2,0x0AD9},{5,0x021B},{6,0x0C05},{7,0x011B},{8,0x0942},{9,0x0B81},{10,0x08D2},{13,0x0FE3},{19,0x0A98},{22,0x06D7},{24,0x0A5F},{25,0x0C67},{26,0x0C3F},{27,0x0DCD},  /* y=132 */
    {1,0x04ED},{2,0x0BB7},{5,0x0E3E},{6,0x0BF3},{7,0x011B},{8,0x034A},{10,0x0702},{13,0x0B0D},{22,0x06D7},{26,0x0313},  /* y=133 */
    {1,0x04ED},{2,0x0BB7},{3,0x0126},{5,0x0E3E},{6,0x0BF3},{8,0x034A},{10,0x0C54},{13,0x0B0D},{15,0x0442},{20,0x048E},{22,0x0523},{23,0x0BD0},{25,0x0478},{26,0x06D9},  /* y=134 */
    {3,0x0126},{9,0x0AB3},{10,0x0E74},{14,0x03B7},{15,0x0442},{19,0x0D2F},{20,0x084B},{22,0x0523},{23,0x010B},{24,0x0269},{25,0x0478},{26,0x06D9},{30,0x097D},  /* y=135 */
    {1,0x04FE},{4,0x0100},{6,0x0DE4},{9,0x0AB3},{10,0x0E74},{14,0x0555},{18,0x0A64},{19,0x0D2F},{20,0x084B},{21,0x02C2},{23,0x010B},{24,0x0269},{25,0x0E98},{30,0x0FA4},  /* y=136 */
    {1,0x04FE},{4,0x0100},{5,0x0F5E},{6,0x0DD6},{10,0x0B83},{11,0x05D0},{12,0x07CC},{14,0x0555},{18,0x0A64},{21,0x029D},{24,0x0E3D},{25,0x0E98},{28,0x0B4D},{30,0x0FA4},  /* y=137 */
    {4,0x0F11},{5,0x0F5E},{6,0x0CD8},{8,0x063D},{10,0x0B83},{11,0x05D0},{12,0x05BA},{20,0x016B},{21,0x029D},{24,0x0E3D},{25,0x00B4},{27,0x091E},{28,0x0B4D},{31,0x0404},  /* y=138 */
    {3,0x0036},{4,0x0F11},{5,0x0D6F},{6,0x0CD8},{8,0x063D},{12,0x05BA},{15,0x0F11},{18,0x097D},{20,0x016B},{23,0x0720},{24,0x0D16},{25,0x00B4},{27,0x091E},{29,0x0212},{30,0x04C1},{31,0x0404},  /* y=139 */
    {3,0x0036},{5,0x0D6F},{10,0x0980},{12,0x04CF},{14,0x0FBD},{15,0x0F11},{18,0x097D},{20,0x0D95},{22,0x03F5},{23,0x09F7},{24,0x0D16},{25,0x0F7D},{27,0x0D34},{29,0x0212},{30,0x04C1},  /* y=140 */
    {5,0x0052},{8,0x003D},{9,0x07B3},{10,0x0B7B},{12,0x03D4},{14,0x0FBD},{20,0x0D95},{22,0x03F5},{23,0x0ABE},{25,0x0B6B},{27,0x0D34},{30,0x0BDB},  /* y=141 */
    {2,0x09C6},{5,0x0245},{8,0x003D},{9,0x07B3},{10,0x0B57},{12,0x01D9},{18,0x07B0},{19,0x04A5},{23,0x078F},{25,0x0B6B},{30,0x0BDB},{31,0x0609},  /* y=142 */
    {1,0x04EC},{2,0x09C6},{4,0x0F03},{5,0x0619},{6,0x0ED5},{7,0x0E2D},{8,0x0A2C},{9,0x05A4},{10,0x0B57},{11,0x0FF2},{12,0x01D9},{18,0x07B0},{19,0x04A5},{23,0x078F},{31,0x0609},  /* y=143 */
    {1,0x04EC},{4,0x0F03},{5,0x08E9},{6,0x0FD3},{7,0x0E2D},{8,0x05FD},{9,0x05A4},{10,0x0294},{11,0x0B15},{12,0x0ED0},{18,0x04BD},{25,0x0367},  /* y=144 */
    {2,0x09B5},{5,0x08A5},{6,0x0FD3},{7,0x0D22},{8,0x0FD7},{10,0x0294},{11,0x0B15},{12,0x0ED0},{14,0x0ADD},{15,0x031D},{18,0x04BD},{25,0x0367},{27,0x041D},{31,0x0A27},  /* y=145 */
    {2,0x09B5},{5,0x0785},{7,0x0D22},{8,0x0DA8},{10,0x0BC2},{12,0x0CD3},{14,0x0ADD},{15,0x031D},{23,0x0B78},{24,0x0DE2},{25,0x0968},{27,0x041D},{30,0x0CB0},{31,0x0A27},  /* y=146 */
    {4,0x00EF},{5,0x0785},{6,0x0FC3},{7,0x0B13},{8,0x0976},{10,0x0BC2},{12,0x0BD7},{13,0x0826},{15,0x03DD},{23,0x0B78},{24,0x0DE2},{25,0x0E9A},{30,0x0CB0},  /* y=147 */
    {2,0x08A4},{3,0x0E35},{4,0x01CC},{5,0x0661},{6,0x0FC3},{7,0x0B13},{8,0x0976},{12,0x0BD7},{13,0x0826},{15,0x03DD},{24,0x0FF9},{25,0x05B2},{30,0x09CB},{31,0x0D63},  /* y=148 */
    {2,0x08A4},{3,0x0D25},{4,0x01CC},{5,0x054E},{8,0x0537},{11,0x0549},{12,0x07FB},{13,0x0D12},{19,0x0A04},{24,0x0FF9},{25,0x05B2},{30,0x09CB},{31,0x0C8E},  /* y=149 */
    {3,0x0D25},{5,0x0419},{8,0x0537},{10,0x0F26},{11,0x0069},{12,0x07FB},{13,0x0D12},{19,0x0A04},{24,0x0301},{25,0x05DC},{29,0x0777},{30,0x0BE3},{31,0x0EC8},  /* y=150 */
    {5,0x02F4},{7,0x0AF3},{10,0x0F26},{11,0x0069},{15,0x0283},{20,0x0162},{21,0x025E},{24,0x0301},{25,0x09E0},{29,0x0777},{30,0x0116},{31,0x0244},  /* y=151 */
    {5,0x02F4},{6,0x0EA3},{7,0x08E1},{12,0x02BC},{14,0x0A34},{15,0x0283},{20,0x0162},{21,0x025E},{22,0x09B1},{24,0x0A15},{25,0x0F0D},{30,0x0116},{31,0x0468},  /* y=152 */
    {6,0x0A84},{7,0x06CF},{8,0x070F},{9,0x077F},{12,0x0E9D},{14,0x0A34},{18,0x0FD6},{19,0x0401},{22,0x09B1},{24,0x0A15},{25,0x0F0D},{30,0x0A01},{31,0x0468},  /* y=153 */
    {1,0x05FC},{5,0x06D0},{6,0x0753},{7,0x03AC},{8,0x0AF7},{9,0x077F},{12,0x0E9D},{18,0x0FD6},{19,0x0401},{23,0x09FE},{29,0x04B3},{30,0x0120},  /* y=154 */
    {1,0x05FC},{4,0x00B7},{5,0x06D0},{6,0x0422},{7,0x018A},{8,0x0AF7},{9,0x0938},{10,0x03C4},{12,0x088B},{23,0x09FE},{27,0x0E09},{29,0x04B3},{30,0x0120},{31,0x0300},  /* y=155 */
    {1,0x080A},{2,0x0992},{4,0x00B7},{6,0x0422},{7,0x0E79},{9,0x0938},{10,0x03C4},{12,0x0657},{13,0x024F},{22,0x0FEA},{23,0x041A},{27,0x0E09},{31,0x00DE},  /* y=156 */
    {1,0x080A},{2,0x0992},{5,0x07CB},{7,0x0E79},{8,0x07B9},{10,0x0489},{12,0x0657},{13,0x024F},{18,0x09C5},{19,0x0943},{20,0x0E58},{22,0x0FEA},{23,0x041A},{25,0x00C1},{29,0x00D0},{31,0x00DE},  /* y=157 */
    {2,0x0990},{5,0x07CB},{8,0x05BF},{10,0x0489},{11,0x0D5C},{14,0x0367},{15,0x0FBD},{18,0x04A6},{19,0x0943},{20,0x0E58},{21,0x0F31},{22,0x0FBB},{25,0x00C1},{29,0x00D0},  /* y=158 */
    {1,0x091A},{2,0x0990},{7,0x0C68},{8,0x05BF},{10,0x0FA4},{11,0x0D5C},{12,0x0268},{13,0x0A44},{14,0x0367},{15,0x0FBD},{18,0x04A6},{21,0x0F31},{22,0x0FBB},{27,0x0246},{29,0x092E},{30,0x0D59},  /* y=159 */
    {1,0x091A},{7,0x0C46},{10,0x0FA4},{11,0x0A3D},{12,0x0E6A},{13,0x015A},{21,0x0EFE},{22,0x0573},{27,0x06CB},{29,0x0F48},{30,0x0D59},  /* y=160 */
    {7,0x0934},{10,0x09B3},{11,0x0A3D},{12,0x0B5A},{13,0x087F},{15,0x08C7},{21,0x0EFE},{22,0x0573},{25,0x0AF2},{27,0x08EC},{28,0x0950},{29,0x0F48},  /* y=161 */
    {1,0x0C2D},{4,0x01CB},{6,0x0210},{7,0x0713},{10,0x03D3},{12,0x0B5A},{13,0x087F},{15,0x0295},{23,0x0D2C},{25,0x0AF2},{27,0x0B3F},{28,0x0950},  /* y=162 */
    {1,0x0C2D},{4,0x01CB},{6,0x00F0},{7,0x0602},{10,0x070A},{12,0x0939},{15,0x0295},{20,0x0F4D},{22,0x0EA0},{23,0x0D2C},{24,0x053F},{27,0x0D62},  /* y=163 */
    {6,0x0FE0},{7,0x04F1},{8,0x0DB8},{10,0x070A},{12,0x0A17},{13,0x06BF},{18,0x01CF},{20,0x0F4D},{22,0x07BC},{24,0x053F},{27,0x0F95},  /* y=164 */
    {4,0x0EEE},{6,0x0FE0},{7,0x04F1},{8,0x0294},{9,0x073F},{10,0x004F},{12,0x0BF7},{13,0x06BF},{18,0x01CF},{22,0x0AD0},{25,0x03FD},{27,0x0F95},{28,0x048A},  /* y=165 */
    {4,0x0EEE},{6,0x0DDF},{8,0x0A82},{9,0x073F},{10,0x004F},{12,0x0DD8},{13,0x01C1},{14,0x04A2},{22,0x0E04},{25,0x03FD},{27,0x01D8},{28,0x02D2},  /* y=166 */
    {4,0x0CE1},{6,0x0DDF},{8,0x0A82},{10,0x0641},{11,0x0B0C},{12,0x00C9},{13,0x01C1},{14,0x04A2},{16,0x0C64},{22,0x0235},{24,0x0315},{25,0x0EEA},{27,0x01D8},{28,0x02D2},  /* y=167 */
    {2,0x09B4},{4,0x0CE1},{5,0x0AC7},{6,0x0ABE},{9,0x0463},{10,0x0D20},{11,0x0B0C},{12,0x00C9},{16,0x097A},{20,0x0046},{22,0x0235},{24,0x0ED1},{25,0x0EEA},  /* y=168 */
    {2,0x08D7},{5,0x0AC7},{6,0x089F},{8,0x0ACC},{9,0x0463},{10,0x05EE},{13,0x08BE},{16,0x0A71},{18,0x057E},{20,0x0046},{23,0x0666},{24,0x0ED1},  /* y=169 */
    {2,0x08D7},{6,0x089F},{8,0x050B},{10,0x05EE},{11,0x0BDA},{12,0x03A6},{13,0x08BE},{15,0x025C},{16,0x0A71},{17,0x097A},{18,0x074E},{21,0x0FC0},{23,0x0666},{26,0x0AC9},  /* y=170 */
    {5,0x09E7},{7,0x05DE},{8,0x006D},{11,0x0BDA},{12,0x03A6},{15,0x0F1B},{17,0x097A},{18,0x074E},{19,0x0826},{21,0x0FC0},{22,0x0515},{25,0x04C9},{26,0x0685},  /* y=171 */
    {4,0x0BF5},{5,0x09E7},{7,0x05BB},{8,0x006D},{12,0x04A1},{13,0x04B7},{15,0x00E9},{19,0x0826},{21,0x0DBE},{22,0x0515},{25,0x04C9},{26,0x087C},{27,0x01C2},  /* y=172 */
    {1,0x092D},{3,0x0D28},{4,0x0BF5},{6,0x0B81},{7,0x05BB},{12,0x04A1},{13,0x04B7},{15,0x00E9},{18,0x0554},{20,0x0332},{21,0x0DBE},{23,0x0F26},{26,0x0C85},{27,0x01C2},{28,0x02E9},  /* y=173 */
    {1,0x092D},{3,0x0D28},{6,0x0B81},{13,0x0E7C},{14,0x037E},{16,0x0E4E},{17,0x0F0C},{18,0x0554},{20,0x0620},{23,0x0F26},{25,0x0763},{26,0x01A0},{27,0x029D},{28,0x02E9},  /* y=174 */
    {2,0x0BC4},{5,0x0C08},{8,0x0A58},{11,0x09FB},{12,0x05B0},{13,0x0E7C},{14,0x037E},{16,0x0E4E},{17,0x0952},{20,0x0620},{25,0x0763},{26,0x06EB},{27,0x029D},{29,0x0F31},  /* y=175 */
    {2,0x0BC4},{5,0x0C08},{8,0x0438},{9,0x0382},{10,0x05AE},{11,0x09FB},{12,0x05B0},{17,0x00F0},{20,0x06F3},{26,0x073F},{27,0x01CA},{29,0x0759},  /* y=176 */
    {4,0x0A03},{5,0x0304},{8,0x0438},{9,0x0382},{10,0x05AE},{11,0x070B},{12,0x06D1},{16,0x0FF1},{17,0x00F0},{20,0x06F3},{23,0x0375},{24,0x0BD0},{26,0x073F},{27,0x01CA},{28,0x08D4},{29,0x0759},  /* y=177 */
    {4,0x0A03},{5,0x0304},{9,0x02A3},{11,0x070B},{12,0x06D1},{16,0x0F84},{17,0x06BB},{18,0x0123},{23,0x0810},{24,0x0269},{28,0x0EAC},{29,0x0097},  /* y=178 */
    {6,0x03D3},{7,0x08A6},{9,0x02A3},{12,0x0AF1},{16,0x0027},{17,0x06BB},{18,0x0123},{21,0x0BD3},{22,0x013E},{23,0x0810},{24,0x0269},{28,0x035B},{29,0x0097},{30,0x09F4},  /* y=179 */
    {4,0x0B23},{5,0x0FBC},{6,0x03D3},{7,0x0CB4},{12,0x0AF1},{16,0x0DDA},{21,0x0BD3},{22,0x037E},{24,0x0757},{27,0x0201},{28,0x035B},{30,0x09F4},{31,0x0249},  /* y=180 */
    {1,0x002A},{4,0x0B23},{5,0x0C65},{7,0x0CB4},{9,0x01C2},{14,0x0553},{16,0x09AB},{22,0x078D},{24,0x0757},{27,0x0332},{28,0x042D},{31,0x0249},  /* y=181 */
    {1,0x002A},{5,0x0A13},{9,0x01C2},{12,0x0CEE},{14,0x0553},{15,0x02ED},{16,0x038A},{17,0x08D4},{18,0x0214},{22,0x078D},{26,0x0618},{27,0x0474},{28,0x042D},  /* y=182 */
    {4,0x0E24},{5,0x0F12},{12,0x0CEE},{15,0x02ED},{16,0x038A},{17,0x0BEC},{18,0x02F5},{23,0x09F0},{26,0x0346},{27,0x0474},{29,0x0D7D},{30,0x0D68},  /* y=183 */
    {4,0x0E24},{5,0x0F12},{7,0x00B4},{14,0x0569},{17,0x0B13},{18,0x02D5},{19,0x09F3},{23,0x09F0},{24,0x0B40},{26,0x0B7B},{29,0x0F2D},{30,0x0D68},  /* y=184 */
    {5,0x0C65},{7,0x00B4},{14,0x0569},{15,0x040E},{16,0x0CD8},{17,0x0A4F},{18,0x00C3},{19,0x09F3},{23,0x0BCF},{24,0x0B40},{26,0x0B1B},{29,0x00D9},  /* y=185 */
    {5,0x0C65},{6,0x04FF},{7,0x03A9},{9,0x0597},{15,0x040E},{16,0x0CD8},{17,0x0A4F},{18,0x00C3},{19,0x0BDE},{22,0x098F},{23,0x0BCF},{24,0x014A},{26,0x0A73},{28,0x05ED},{29,0x00D9},  /* y=186 */
    {6,0x0F8B},{7,0x03A9},{9,0x0597},{19,0x0BDE},{22,0x098F},{23,0x0DA9},{24,0x0546},{26,0x0846},{27,0x0335},{28,0x05AA},{29,0x0167},{30,0x0C57},  /* y=187 */
    {6,0x09BD},{7,0x0EAC},{17,0x082C},{18,0x02DF},{22,0x0CA4},{23,0x0DA9},{24,0x0762},{26,0x0846},{27,0x0335},{28,0x0668},{29,0x02CD},{30,0x0C57},  /* y=188 */
    {2,0x0AFF},{5,0x0140},{6,0x00BF},{7,0x0A9D},{14,0x0733},{17,0x082C},{18,0x02DF},{20,0x051F},{22,0x0CA4},{23,0x0AB5},{24,0x0762},{28,0x0668},{29,0x0530},  /* y=189 */
    {2,0x0AFF},{4,0x01F2},{5,0x0140},{6,0x06C5},{7,0x0A9D},{9,0x05B1},{14,0x07EF},{16,0x0BF3},{17,0x06EB},{20,0x051F},{23,0x0AB5},{28,0x052C},{29,0x05CA},  /* y=190 */
    {4,0x01F2},{5,0x0645},{6,0x0792},{9,0x05B1},{14,0x07EF},{16,0x0BF3},{17,0x039D},{21,0x0CED},{22,0x0BAB},{26,0x0361},{27,0x0408},{28,0x052C},{29,0x067E},  /* y=191 */
    {3,0x0003},{5,0x0645},{6,0x00A7},{11,0x0BE8},{16,0x0928},{17,0x0274},{21,0x0CED},{22,0x0BAB},{23,0x0DDA},{24,0x0677},{26,0x0A71},{27,0x0408},{29,0x067E},  /* y=192 */
    {3,0x0003},{4,0x03CF},{6,0x00A7},{7,0x0A92},{11,0x0EC3},{14,0x07BD},{16,0x0928},{17,0x0274},{21,0x0B06},{22,0x099F},{23,0x0DDA},{24,0x0677},{26,0x0E70},{27,0x04D9},  /* y=193 */
    {4,0x03CF},{5,0x0571},{6,0x0FFA},{7,0x0B96},{9,0x04CE},{11,0x0390},{14,0x07BD},{21,0x0626},{22,0x099F},{26,0x096E},{27,0x04D9},{28,0x0459},  /* y=194 */
    {3,0x0133},{5,0x039D},{6,0x0FFA},{7,0x0F9B},{9,0x01FC},{11,0x067F},{16,0x0943},{18,0x06DA},{20,0x0538},{21,0x0626},{26,0x096E},{28,0x0459},  /* y=195 */
    {1,0x0372},{2,0x0EF7},{3,0x0133},{5,0x039D},{7,0x049E},{9,0x01FC},{11,0x0A3D},{12,0x0F02},{16,0x0AAB},{18,0x06DA},{20,0x0538},{21,0x04FB},{29,0x0820},  /* y=196 */
    {1,0x0372},{2,0x0015},{6,0x0171},{7,0x0981},{11,0x0DFC},{12,0x0F02},{16,0x0AAB},{21,0x04D0},{24,0x067E},{26,0x0F1B},{29,0x06E3},  /* y=197 */
    {2,0x0015},{3,0x0167},{6,0x07B8},{7,0x0981},{11,0x0DFC},{14,0x0C6C},{18,0x07C4},{20,0x0260},{21,0x04D0},{23,0x0DA3},{24,0x067E},{26,0x03B1},{28,0x0809},{29,0x06E3},  /* y=198 */
    {3,0x0167},{4,0x01F3},{6,0x07B8},{11,0x0FAB},{14,0x01CB},{16,0x0B71},{17,0x0811},{18,0x07C4},{20,0x0260},{21,0x03B5},{23,0x0DA3},{26,0x0368},{28,0x0BBF},  /* y=199 */
    {3,0x0179},{4,0x0F16},{6,0x085E},{9,0x04E3},{11,0x0FAB},{12,0x0D13},{14,0x08F8},{16,0x0B71},{17,0x0811},{18,0x05C5},{19,0x06DC},{21,0x03B5},{26,0x0368},{28,0x0BBF},  /* y=200 */
    {3,0x0179},{4,0x0F16},{6,0x0825},{9,0x06D7},{11,0x0FFB},{12,0x0914},{14,0x08F8},{18,0x03C8},{19,0x000D},{27,0x00E1},{28,0x097B},  /* y=201 */
    {1,0x0060},{2,0x001A},{6,0x05FF},{9,0x06D7},{11,0x0FFB},{12,0x0914},{17,0x0845},{18,0x03C8},{19,0x0C1F},{23,0x09A4},{24,0x0688},{26,0x0721},{27,0x00E1},{28,0x097B},  /* y=202 */
    {1,0x0060},{2,0x001A},{3,0x008D},{6,0x05FF},{7,0x0ABE},{11,0x03E9},{12,0x0604},{15,0x01FC},{17,0x0845},{19,0x0C1F},{22,0x0771},{23,0x09A4},{24,0x0688},{26,0x0721},{27,0x0EAB},{28,0x0637},  /* y=203 */
    {1,0x0062},{3,0x008D},{4,0x0012},{7,0x08FD},{11,0x03E9},{12,0x05F3},{14,0x0996},{15,0x01FC},{17,0x0667},{20,0x009F},{22,0x0771},{27,0x0D84},{28,0x0637},  /* y=204 */
    {1,0x0062},{2,0x001C},{4,0x020D},{5,0x03A6},{6,0x0FD8},{7,0x0619},{12,0x05F3},{14,0x0996},{16,0x0F8B},{17,0x0667},{20,0x009F},{23,0x06A5},{27,0x0B98},  /* y=205 */
    {1,0x0065},{2,0x001C},{4,0x020D},{5,0x03A6},{6,0x0FD8},{7,0x0527},{9,0x05E3},{12,0x0703},{16,0x0F8B},{19,0x0B22},{21,0x03E4},{23,0x06A5},{27,0x0B9D},{28,0x00F7},  /* y=206 */
    {1,0x0065},{2,0x0F2F},{4,0x031C},{7,0x0626},{9,0x05E3},{12,0x0902},{17,0x0251},{19,0x0B22},{21,0x03E4},{24,0x0381},{27,0x09AF},{28,0x0D97},  /* y=207 */
    {2,0x0F2F},{3,0x0F8C},{4,0x031C},{5,0x04D7},{6,0x0DB1},{7,0x0626},{9,0x06EE},{12,0x0902},{15,0x03E8},{17,0x0251},{20,0x0268},{21,0x02E1},{24,0x0299},{27,0x09AF},{28,0x0D97},  /* y=208 */
    {3,0x0F8A},{4,0x022B},{5,0x0407},{6,0x0DB1},{7,0x0513},{9,0x06FC},{15,0x06D4},{20,0x0268},{21,0x030B},{24,0x049C},  /* y=209 */
    {2,0x0F21},{3,0x0F87},{4,0x022B},{5,0x0407},{7,0x0403},{9,0x06FC},{11,0x0056},{12,0x08EE},{15,0x06D4},{19,0x0AE1},{20,0x0130},{21,0x0415},{24,0x049C},  /* y=210 */
    {1,0x0E74},{2,0x0E34},{3,0x0E73},{4,0x0138},{5,0x0049},{7,0x0403},{11,0x0EB6},{12,0x08EE},{19,0x0BA3},{20,0x01F7},{21,0x0415}  /* y=211 */
};

// Write bitplane pointer registers into a copper list.
// BPL1PTH = $DFF0E0, each pointer pair is 4 bytes apart.
static inline USHORT* copSetPlanes(USHORT* cl, const UBYTE** planes, int n) {
    for (int i = 0; i < n; i++) {
        ULONG a = (ULONG)planes[i];
        UWORD reg = 0x00E0 + i * 4;  // BPLxPTH
        *cl++ = reg;
        *cl++ = (UWORD)(a >> 16);
        *cl++ = reg + 2;  // BPLxPTL
        *cl++ = (UWORD)a;
    }
    return cl;
}

// ========================================================================
// Entry point: take system, build copper list, display, wait for click
// ========================================================================
int main() {
    SysBase = *((struct ExecBase**)4UL);
    custom = (struct Custom*)0xdff000;
    GfxBase = (struct GfxBase*)OpenLibrary((CONST_STRPTR)"graphics.library", 0);
    if (!GfxBase) return 0;

    TakeSystem();
    WaitVbl();

    USHORT* copper1 = (USHORT*)AllocMem(57912, MEMF_CHIP);
    USHORT* cl = copper1;

    // Data fetch start/stop — controls which horizontal pixels have bitplane data
    *cl++ = offsetof(struct Custom, ddfstrt); *cl++ = 0x0038;  // lores
    *cl++ = offsetof(struct Custom, ddfstop); *cl++ = 0x00D0;
    // Display window start/stop — visible area on screen
    *cl++ = offsetof(struct Custom, diwstrt); *cl++ = (44<<8)|0x81;  // VSTART=44, HSTART=$81
    *cl++ = offsetof(struct Custom, diwstop); *cl++ = (0x2C<<8)|0xC1;  // VSTOP=300, HSTOP=$C1 (full PAL)
    *cl++ = offsetof(struct Custom, bplcon0); *cl++ = (5<<12)/*BPU*/|(1<<9)/*COLOR*/;  // 0x5200
    *cl++ = offsetof(struct Custom, bplcon1); *cl++ = 0;  // scroll offset = 0
    *cl++ = offsetof(struct Custom, bplcon2); *cl++ = 0x0000;
    *cl++ = 0x0106; *cl++ = 0x0000;  // BPLCON3: bank 0, no LOCT

    *cl++ = offsetof(struct Custom, bpl1mod); *cl++ = 160;
    *cl++ = offsetof(struct Custom, bpl2mod); *cl++ = 160;

    const UBYTE* planes[5];
    for (int i = 0; i < 5; i++)
        planes[i] = (const UBYTE*)viewer_planes + 40 * i;
    cl = copSetPlanes(cl, planes, 5);

    // Bank-swap CAP: initialize bank 0 (line 0) and bank 1 (line 1)
    *cl++ = 0x0106; *cl++ = 0x0000;  // BPLCON3: bank 0, LOCT=0
    for (int i = 0; i < 32; i++) {
        *cl++ = offsetof(struct Custom, color) + i * 2;
        *cl++ = viewer_bs_bank0_hi[i];
    }
    *cl++ = 0x0106; *cl++ = 0x0200;  // LOCT=1
    for (int i = 0; i < 32; i++) {
        *cl++ = offsetof(struct Custom, color) + i * 2;
        *cl++ = viewer_bs_bank0_lo[i];
    }
    *cl++ = 0x0106; *cl++ = 0x2000;  // bank 1, LOCT=0
    for (int i = 0; i < 32; i++) {
        *cl++ = offsetof(struct Custom, color) + i * 2;
        *cl++ = viewer_bs_bank1_hi[i];
    }
    *cl++ = 0x0106; *cl++ = 0x2200;  // bank 1, LOCT=1
    for (int i = 0; i < 32; i++) {
        *cl++ = offsetof(struct Custom, color) + i * 2;
        *cl++ = viewer_bs_bank1_lo[i];
    }
    *cl++ = 0x0106; *cl++ = 0x0000;  // bank 0, LOCT=0

    const struct CopperEntry* p_hi = viewer_bs_hi;
    const struct CopperEntry* p_lo = viewer_bs_lo;

    for (int y = 0; y < 213; y++) {
        USHORT line = y + 44 - 1;
        if (line == 256) {
            *cl++ = 0xFFDF; *cl++ = 0xFFFE;
        }
        *cl++ = ((line & 0xFF) << 8) | 0xDD;
        *cl++ = 0xfffe;
        int wb = (y + 1) & 1;  // write bank = next display bank
        *cl++ = 0x0106;
        *cl++ = (UWORD)(wb << 13);  // LOCT=0 (hi nibbles)
        int n = viewer_bs_n[y];
        for (int s = 0; s < n; s++) {
            *cl++ = offsetof(struct Custom, color) + p_hi->reg * 2;
            *cl++ = p_hi->color;
            p_hi++;
        }
        if (n > 0) {
            *cl++ = 0x0106;
            *cl++ = (UWORD)((wb << 13) | 0x0200);
            for (int s = 0; s < n; s++) {
                *cl++ = offsetof(struct Custom, color) + p_lo->reg * 2;
                *cl++ = p_lo->color;
                p_lo++;
            }
        }
    }

    *cl++ = (1<<8)|1; *cl++ = 0xfffe;  // WAIT line 257
    *cl++ = offsetof(struct Custom, bplcon0); *cl++ = (1<<9)/*COLOR*/;  // 0 planes, blank below image
    *cl++ = 0xffff; *cl++ = 0xfffe;

    // Turn off floppy motor (select DF0, motor off, deselect)
    *(volatile UBYTE*)0xbfd100 &= ~(1<<3);  // select DF0
    *(volatile UBYTE*)0xbfd100 |=  (1<<7);   // motor off
    *(volatile UBYTE*)0xbfd100 |=  (1<<3);   // deselect DF0

    custom->cop1lc = (ULONG)copper1;
    custom->dmacon = DMAF_BLITTER;
    custom->copjmp1 = 0x7fff;
    custom->dmacon = DMAF_SETCLR | DMAF_MASTER | DMAF_RASTER | DMAF_COPPER;

    while (!MouseLeft()) { WaitVbl(); }

    FreeSystem();
    FreeMem(copper1, 57912);
    CloseLibrary((struct Library*)GfxBase);

    // Exit message
    { struct Library* DOSBase = OpenLibrary((CONST_STRPTR)"dos.library", 0);
      if (DOSBase) {
        static const char msg[] = "\n\033[1;33m                 ___            _\n  _ __ _ _  __ _|_  )__ _ _ __ (_)__ _ __ _\n | '_ \\ ' \\/ _` |/ // _` | '  \\| / _` / _` |\n | .__/_||_\\__, /___\\__,_|_|_|_|_\\__, \\__,_|\n |_|       |___/                 |___/\n\033[0m\n  viewer\n  320x213, 5bpl, 32 colors, AGA 24-bit\n  42600 bytes bitplane data\n  Copper: 8 changes/line\n\n  \033[36mhttps://www.png2amiga.app\033[0m\n\n";
        BPTR fh = Output();
        if (fh) Write(fh, (APTR)msg, 360);
        CloseLibrary(DOSBase);
    } }

    return 0;
}
