// AUTO-GENERATED by tools/gen_ocs_cand_table.cpp at N=1024. DO NOT EDIT.
// Per-seed OCS candidate table. Verified by
// tools/seed_window_audit.cpp: zero mismatches across all 16.7M
// 8-bit sRGB inputs vs full 4096-candidate brute-force search.
//
// Layout: codes for seed s live in [offsets[s], offsets[s+1]).
// Total codes: 47322, offsets: 4097.

#include "palette.hpp"

namespace png2amiga::palette::detail {

constexpr std::uint16_t kOcsCandCodes[47322] = {
    0x000, 0x001, 0x010, 0x011, 0x100, 0x101, 0x110, 0x001, 0x002, 0x011, 0x012, 0x100, 0x101, 0x102, 0x002, 0x003,
    0x012, 0x013, 0x102, 0x103, 0x003, 0x004, 0x013, 0x014, 0x103, 0x104, 0x004, 0x005, 0x014, 0x104, 0x105, 0x005,
    0x006, 0x014, 0x015, 0x105, 0x106, 0x006, 0x007, 0x015, 0x016, 0x106, 0x107, 0x007, 0x008, 0x016, 0x017, 0x107,
    0x108, 0x008, 0x009, 0x017, 0x018, 0x108, 0x009, 0x00A, 0x018, 0x019, 0x109, 0x00A, 0x00B, 0x019, 0x01A, 0x10A,
    0x00B, 0x01A, 0x01B, 0x10B, 0x00C, 0x01B, 0x01C, 0x10C, 0x00D, 0x01C, 0x01D, 0x10D, 0x00E, 0x01E, 0x10E, 0x00F,
    0x01E, 0x01F, 0x10F, 0x010, 0x011, 0x020, 0x021, 0x110, 0x010, 0x011, 0x012, 0x021, 0x022, 0x110, 0x111, 0x003,
    0x011, 0x012, 0x013, 0x022, 0x023, 0x111, 0x112, 0x003, 0x004, 0x012, 0x013, 0x014, 0x023, 0x024, 0x104, 0x112,
    0x113, 0x004, 0x005, 0x013, 0x014, 0x015, 0x024, 0x104, 0x105, 0x114, 0x115, 0x005, 0x006, 0x014, 0x015, 0x016,
    0x105, 0x106, 0x115, 0x116, 0x006, 0x007, 0x015, 0x016, 0x017, 0x026, 0x106, 0x107, 0x116, 0x117, 0x007, 0x008,
    0x016, 0x017, 0x018, 0x027, 0x107, 0x117, 0x118, 0x008, 0x017, 0x018, 0x019, 0x028, 0x108, 0x118, 0x119, 0x009,
    0x00A, 0x018, 0x019, 0x01A, 0x029, 0x109, 0x10A, 0x119, 0x11A, 0x00A, 0x019, 0x01A, 0x01B, 0x02A, 0x10A, 0x10B,
    0x11A, 0x11B, 0x00B, 0x01A, 0x01B, 0x01C, 0x02B, 0x10B, 0x10C, 0x11B, 0x11C, 0x00C, 0x01B, 0x01C, 0x01D, 0x02C,
    0x10C, 0x10D, 0x11C, 0x11D, 0x00D, 0x00E, 0x01C, 0x01D, 0x01E, 0x02D, 0x10D, 0x10E, 0x11D, 0x11E, 0x00E, 0x00F,
    0x01E, 0x01F, 0x02E, 0x10E, 0x10F, 0x11E, 0x11F, 0x00F, 0x01F, 0x10F, 0x11F, 0x010, 0x020, 0x021, 0x030, 0x031,
    0x110, 0x120, 0x011, 0x020, 0x021, 0x022, 0x031, 0x111, 0x120, 0x121, 0x012, 0x021, 0x022, 0x023, 0x032, 0x033,
    0x112, 0x121, 0x122, 0x013, 0x014, 0x022, 0x023, 0x024, 0x033, 0x034, 0x113, 0x122, 0x123, 0x014, 0x015, 0x023,
    0x024, 0x025, 0x034, 0x114, 0x115, 0x123, 0x124, 0x015, 0x016, 0x024, 0x025, 0x026, 0x035, 0x115, 0x116, 0x124,
    0x125, 0x016, 0x017, 0x025, 0x026, 0x027, 0x036, 0x116, 0x117, 0x125, 0x126, 0x127, 0x017, 0x018, 0x026, 0x027,
    0x028, 0x117, 0x118, 0x127, 0x128, 0x018, 0x019, 0x027, 0x028, 0x029, 0x118, 0x119, 0x128, 0x129, 0x019, 0x01A,
    0x028, 0x029, 0x02A, 0x039, 0x119, 0x11A, 0x129, 0x12A, 0x01A, 0x01B, 0x029, 0x02A, 0x02B, 0x03A, 0x11A, 0x11B,
    0x12A, 0x12B, 0x01B, 0x01C, 0x02A, 0x02B, 0x02C, 0x03B, 0x11B, 0x11C, 0x12B, 0x12C, 0x01C, 0x01D, 0x02B, 0x02C,
    0x02D, 0x03C, 0x11C, 0x12C, 0x12D, 0x01D, 0x01E, 0x02C, 0x02D, 0x02E, 0x03D, 0x11D, 0x11E, 0x12C, 0x12D, 0x12E,
    0x01E, 0x01F, 0x02D, 0x02E, 0x02F, 0x03E, 0x11E, 0x12E, 0x12F, 0x01F, 0x02E, 0x02F, 0x11F, 0x12E, 0x12F, 0x030,
    0x031, 0x130, 0x021, 0x030, 0x031, 0x032, 0x121, 0x130, 0x131, 0x022, 0x031, 0x032, 0x033, 0x042, 0x122, 0x131,
    0x132, 0x023, 0x032, 0x033, 0x034, 0x043, 0x123, 0x132, 0x133, 0x024, 0x033, 0x034, 0x035, 0x044, 0x124, 0x133,
    0x134, 0x025, 0x034, 0x035, 0x036, 0x045, 0x125, 0x134, 0x135, 0x026, 0x027, 0x035, 0x036, 0x037, 0x046, 0x126,
    0x127, 0x135, 0x136, 0x027, 0x028, 0x036, 0x037, 0x038, 0x047, 0x127, 0x128, 0x136, 0x137, 0x028, 0x029, 0x038,
    0x039, 0x128, 0x129, 0x137, 0x138, 0x139, 0x029, 0x02A, 0x038, 0x039, 0x03A, 0x129, 0x12A, 0x139, 0x13A, 0x02A,
    0x02B, 0x039, 0x03A, 0x03B, 0x12A, 0x12B, 0x13A, 0x13B, 0x02B, 0x02C, 0x03A, 0x03B, 0x03C, 0x04B, 0x12B, 0x12C,
    0x13B, 0x13C, 0x02C, 0x02D, 0x03B, 0x03C, 0x03D, 0x04C, 0x12C, 0x12D, 0x13C, 0x13D, 0x02D, 0x02E, 0x03C, 0x03D,
    0x03E, 0x04D, 0x12D, 0x12E, 0x13C, 0x13D, 0x13E, 0x02E, 0x02F, 0x03D, 0x03E, 0x03F, 0x04E, 0x12E, 0x12F, 0x13E,
    0x13F, 0x02F, 0x03E, 0x03F, 0x12F, 0x13F, 0x040, 0x041, 0x140, 0x040, 0x041, 0x042, 0x130, 0x131, 0x140, 0x141,
    0x041, 0x042, 0x043, 0x131, 0x132, 0x141, 0x142, 0x042, 0x043, 0x044, 0x053, 0x133, 0x142, 0x143, 0x043, 0x044,
    0x045, 0x054, 0x134, 0x143, 0x144, 0x044, 0x045, 0x046, 0x055, 0x135, 0x144, 0x145, 0x045, 0x046, 0x047, 0x056,
    0x136, 0x145, 0x146, 0x046, 0x047, 0x048, 0x057, 0x137, 0x146, 0x147, 0x047, 0x048, 0x049, 0x058, 0x137, 0x138,
    0x139, 0x147, 0x148, 0x048, 0x049, 0x04A, 0x059, 0x139, 0x13A, 0x148, 0x149, 0x04A, 0x04B, 0x13A, 0x13B, 0x149,
    0x14A, 0x14B, 0x04A, 0x04B, 0x04C, 0x13B, 0x13C, 0x14B, 0x14C, 0x04B, 0x04C, 0x04D, 0x13C, 0x13D, 0x14C, 0x14D,
    0x04C, 0x04D, 0x04E, 0x13D, 0x13E, 0x14D, 0x14E, 0x04D, 0x04E, 0x04F, 0x05E, 0x13E, 0x13F, 0x14E, 0x14F, 0x04E,
    0x04F, 0x13F, 0x14F, 0x050, 0x051, 0x140, 0x150, 0x050, 0x051, 0x052, 0x140, 0x141, 0x150, 0x151, 0x250, 0x051,
    0x052, 0x053, 0x141, 0x142, 0x151, 0x152, 0x251, 0x052, 0x053, 0x054, 0x142, 0x143, 0x152, 0x153, 0x252, 0x054,
    0x055, 0x064, 0x143, 0x144, 0x153, 0x154, 0x253, 0x054, 0x055, 0x056, 0x065, 0x144, 0x145, 0x154, 0x155, 0x254,
    0x055, 0x056, 0x057, 0x066, 0x145, 0x146, 0x155, 0x156, 0x255, 0x056, 0x057, 0x058, 0x067, 0x146, 0x147, 0x156,
    0x157, 0x256, 0x057, 0x058, 0x059, 0x068, 0x147, 0x148, 0x157, 0x158, 0x058, 0x059, 0x05A, 0x069, 0x148, 0x149,
    0x158, 0x159, 0x059, 0x05A, 0x05B, 0x06A, 0x149, 0x14A, 0x14B, 0x159, 0x15A, 0x05B, 0x05C, 0x06B, 0x14B, 0x14C,
    0x15A, 0x15B, 0x05C, 0x14C, 0x14D, 0x15B, 0x15C, 0x05C, 0x05D, 0x05E, 0x14D, 0x14E, 0x15C, 0x15D, 0x15E, 0x05D,
    0x05E, 0x05F, 0x14E, 0x14F, 0x15E, 0x15F, 0x25E, 0x05E, 0x05F, 0x14F, 0x15F, 0x060, 0x061, 0x071, 0x150, 0x160,
    0x060, 0x061, 0x062, 0x150, 0x151, 0x160, 0x161, 0x250, 0x260, 0x061, 0x062, 0x063, 0x151, 0x152, 0x161, 0x162,
    0x251, 0x260, 0x261, 0x262, 0x062, 0x063, 0x064, 0x152, 0x153, 0x162, 0x163, 0x262, 0x263, 0x064, 0x065, 0x074,
    0x153, 0x154, 0x163, 0x164, 0x263, 0x264, 0x065, 0x066, 0x075, 0x154, 0x155, 0x164, 0x165, 0x264, 0x265, 0x066,
    0x067, 0x076, 0x155, 0x156, 0x165, 0x166, 0x265, 0x266, 0x067, 0x068, 0x077, 0x156, 0x157, 0x166, 0x167, 0x266,
    0x267, 0x068, 0x069, 0x078, 0x157, 0x158, 0x167, 0x168, 0x267, 0x268, 0x069, 0x06A, 0x079, 0x158, 0x159, 0x168,
    0x169, 0x268, 0x269, 0x06A, 0x06B, 0x07A, 0x159, 0x15A, 0x169, 0x16A, 0x269, 0x26A, 0x06B, 0x06C, 0x07B, 0x15A,
    0x15B, 0x16A, 0x16B, 0x25B, 0x26A, 0x26B, 0x06C, 0x06D, 0x07C, 0x15B, 0x15C, 0x16B, 0x16C, 0x25C, 0x26B, 0x26C,
    0x06C, 0x06D, 0x06E, 0x07D, 0x15D, 0x15E, 0x16C, 0x16D, 0x25D, 0x26C, 0x26D, 0x06E, 0x06F, 0x07E, 0x15E, 0x15F,
    0x16D, 0x16E, 0x25E, 0x26D, 0x26E, 0x06F, 0x15F, 0x16F, 0x26F, 0x070, 0x071, 0x170, 0x270, 0x070, 0x071, 0x072,
    0x160, 0x170, 0x171, 0x270, 0x271, 0x071, 0x072, 0x073, 0x162, 0x171, 0x172, 0x261, 0x270, 0x271, 0x272, 0x073,
    0x074, 0x163, 0x172, 0x173, 0x263, 0x272, 0x273, 0x074, 0x075, 0x164, 0x173, 0x174, 0x264, 0x273, 0x274, 0x075,
    0x076, 0x085, 0x165, 0x174, 0x175, 0x265, 0x274, 0x275, 0x076, 0x077, 0x086, 0x166, 0x175, 0x176, 0x266, 0x275,
    0x276, 0x077, 0x078, 0x087, 0x167, 0x176, 0x177, 0x267, 0x276, 0x277, 0x078, 0x079, 0x088, 0x168, 0x177, 0x178,
    0x268, 0x277, 0x278, 0x079, 0x07A, 0x089, 0x169, 0x178, 0x179, 0x269, 0x278, 0x279, 0x07A, 0x07B, 0x08A, 0x16A,
    0x179, 0x17A, 0x26A, 0x279, 0x27A, 0x07B, 0x07C, 0x08B, 0x16B, 0x17A, 0x17B, 0x26B, 0x27A, 0x27B, 0x07C, 0x07D,
    0x08C, 0x16C, 0x17B, 0x17C, 0x26C, 0x27B, 0x27C, 0x07D, 0x07E, 0x08D, 0x16D, 0x17C, 0x17D, 0x26D, 0x27C, 0x27D,
    0x07E, 0x07F, 0x08E, 0x16E, 0x17D, 0x17E, 0x26E, 0x27D, 0x27E, 0x07F, 0x08F, 0x16F, 0x17E, 0x17F, 0x26F, 0x27E,
    0x27F, 0x080, 0x081, 0x180, 0x280, 0x080, 0x081, 0x082, 0x170, 0x180, 0x181, 0x270, 0x280, 0x281, 0x081, 0x082,
    0x083, 0x172, 0x181, 0x182, 0x270, 0x271, 0x272, 0x280, 0x281, 0x282, 0x083, 0x084, 0x173, 0x182, 0x183, 0x272,
    0x273, 0x282, 0x283, 0x084, 0x085, 0x174, 0x183, 0x184, 0x273, 0x274, 0x283, 0x284, 0x085, 0x086, 0x175, 0x184,
    0x185, 0x274, 0x275, 0x284, 0x285, 0x086, 0x087, 0x096, 0x176, 0x185, 0x186, 0x275, 0x276, 0x285, 0x286, 0x087,
    0x088, 0x097, 0x177, 0x186, 0x187, 0x276, 0x277, 0x286, 0x287, 0x088, 0x089, 0x098, 0x178, 0x187, 0x188, 0x277,
    0x278, 0x287, 0x288, 0x089, 0x08A, 0x099, 0x179, 0x188, 0x189, 0x278, 0x279, 0x288, 0x289, 0x08A, 0x08B, 0x09A,
    0x17A, 0x189, 0x18A, 0x27A, 0x289, 0x28A, 0x08B, 0x08C, 0x09B, 0x17B, 0x18A, 0x18B, 0x27A, 0x27B, 0x28A, 0x28B,
    0x08C, 0x08D, 0x09C, 0x17C, 0x18B, 0x18C, 0x27B, 0x27C, 0x28B, 0x28C, 0x08D, 0x08E, 0x09D, 0x17D, 0x18C, 0x18D,
    0x27C, 0x27D, 0x28C, 0x28D, 0x08E, 0x08F, 0x09E, 0x17E, 0x18D, 0x18E, 0x27D, 0x27E, 0x28D, 0x28E, 0x08F, 0x09F,
    0x17F, 0x18E, 0x18F, 0x27E, 0x27F, 0x28E, 0x28F, 0x090, 0x091, 0x0A1, 0x190, 0x280, 0x290, 0x090, 0x091, 0x092,
    0x190, 0x191, 0x280, 0x290, 0x291, 0x091, 0x092, 0x093, 0x191, 0x192, 0x280, 0x281, 0x282, 0x290, 0x291, 0x292,
    0x093, 0x094, 0x183, 0x192, 0x193, 0x282, 0x283, 0x292, 0x293, 0x094, 0x095, 0x184, 0x193, 0x194, 0x283, 0x284,
    0x293, 0x294, 0x095, 0x096, 0x0A5, 0x185, 0x194, 0x195, 0x284, 0x285, 0x294, 0x295, 0x096, 0x097, 0x0A6, 0x186,
    0x195, 0x196, 0x285, 0x286, 0x295, 0x296, 0x097, 0x098, 0x0A7, 0x187, 0x196, 0x197, 0x286, 0x287, 0x296, 0x297,
    0x098, 0x099, 0x0A8, 0x188, 0x197, 0x198, 0x287, 0x288, 0x297, 0x298, 0x099, 0x09A, 0x0A9, 0x189, 0x198, 0x199,
    0x288, 0x289, 0x298, 0x299, 0x09A, 0x09B, 0x0AA, 0x18A, 0x199, 0x19A, 0x289, 0x28A, 0x299, 0x29A, 0x09B, 0x09C,
    0x0AB, 0x18B, 0x19A, 0x19B, 0x28A, 0x28B, 0x29A, 0x29B, 0x09C, 0x09D, 0x0AC, 0x18C, 0x19B, 0x19C, 0x28B, 0x28C,
    0x29B, 0x29C, 0x09D, 0x09E, 0x0AD, 0x18D, 0x19C, 0x19D, 0x28C, 0x28D, 0x29C, 0x29D, 0x09E, 0x09F, 0x0AE, 0x19D,
    0x19E, 0x28D, 0x28E, 0x29D, 0x29E, 0x09F, 0x0AF, 0x19E, 0x19F, 0x28E, 0x28F, 0x29E, 0x29F, 0x0A0, 0x0A1, 0x1A0,
    0x2A0, 0x0A0, 0x0A1, 0x0A2, 0x1A0, 0x1A1, 0x2A0, 0x2A1, 0x0A1, 0x0A2, 0x0A3, 0x1A1, 0x1A2, 0x291, 0x2A0, 0x2A1,
    0x2A2, 0x0A3, 0x0A4, 0x1A2, 0x1A3, 0x292, 0x2A2, 0x2A3, 0x0A4, 0x0A5, 0x1A3, 0x1A4, 0x294, 0x2A3, 0x2A4, 0x3A3,
    0x0A5, 0x0A6, 0x1A4, 0x1A5, 0x295, 0x2A4, 0x2A5, 0x3A4, 0x0A6, 0x0A7, 0x0B6, 0x1A5, 0x1A6, 0x296, 0x2A5, 0x2A6,
    0x3A5, 0x0A7, 0x0A8, 0x0B7, 0x1A6, 0x1A7, 0x297, 0x2A6, 0x2A7, 0x3A6, 0x0A8, 0x0A9, 0x0B8, 0x1A7, 0x1A8, 0x298,
    0x2A7, 0x2A8, 0x3A7, 0x0A9, 0x0AA, 0x0B9, 0x1A8, 0x1A9, 0x299, 0x2A8, 0x2A9, 0x3A8, 0x0AA, 0x0AB, 0x0BA, 0x1A9,
    0x1AA, 0x29A, 0x2A9, 0x2AA, 0x0AB, 0x0AC, 0x0BB, 0x1AA, 0x1AB, 0x29B, 0x2AA, 0x2AB, 0x0AC, 0x0AD, 0x0BC, 0x1AB,
    0x1AC, 0x29C, 0x2AB, 0x2AC, 0x0AD, 0x0AE, 0x0BD, 0x1AC, 0x1AD, 0x29D, 0x2AC, 0x2AD, 0x0AE, 0x0AF, 0x0BE, 0x1AD,
    0x1AE, 0x29E, 0x2AD, 0x2AE, 0x0AF, 0x0BF, 0x1AE, 0x1AF, 0x2AE, 0x2AF, 0x0B0, 0x0B1, 0x1B0, 0x2B0, 0x0B0, 0x0B1,
    0x0B2, 0x1B0, 0x1B1, 0x2A0, 0x2B0, 0x2B1, 0x0B1, 0x0B2, 0x0B3, 0x1B1, 0x1B2, 0x2A0, 0x2A1, 0x2B0, 0x2B1, 0x2B2,
    0x3B1, 0x0B3, 0x0B4, 0x1B2, 0x1B3, 0x2A2, 0x2A3, 0x2B2, 0x2B3, 0x3B2, 0x0B4, 0x0B5, 0x1B3, 0x1B4, 0x2A3, 0x2A4,
    0x2B3, 0x2B4, 0x3B3, 0x0B5, 0x0B6, 0x1B4, 0x1B5, 0x2A4, 0x2A5, 0x2B4, 0x2B5, 0x3B4, 0x0B6, 0x0B7, 0x1B5, 0x1B6,
    0x2A5, 0x2A6, 0x2B5, 0x2B6, 0x3B5, 0x0B7, 0x0B8, 0x0C7, 0x1B6, 0x1B7, 0x2A6, 0x2A7, 0x2B6, 0x2B7, 0x3B6, 0x0B8,
    0x0B9, 0x0C8, 0x1B7, 0x1B8, 0x2A7, 0x2A8, 0x2B7, 0x2B8, 0x3B7, 0x0B9, 0x0BA, 0x0C9, 0x1B8, 0x1B9, 0x2A8, 0x2A9,
    0x2B8, 0x2B9, 0x3B8, 0x0BA, 0x0BB, 0x0CA, 0x1B9, 0x1BA, 0x2AA, 0x2B9, 0x2BA, 0x3B9, 0x0BB, 0x0BC, 0x0CB, 0x1BA,
    0x1BB, 0x2AB, 0x2BA, 0x2BB, 0x3BA, 0x0BC, 0x0BD, 0x0CC, 0x1BB, 0x1BC, 0x2AC, 0x2BB, 0x2BC, 0x3BB, 0x0BD, 0x0BE,
    0x0CD, 0x1BC, 0x1BD, 0x2AC, 0x2AD, 0x2BC, 0x2BD, 0x3BC, 0x0BE, 0x0BF, 0x0CE, 0x1BD, 0x1BE, 0x2AE, 0x2BD, 0x2BE,
    0x3BD, 0x0BF, 0x0CF, 0x1BE, 0x1BF, 0x2BE, 0x2BF, 0x3BE, 0x0C0, 0x0C1, 0x0C2, 0x1C0, 0x2C0, 0x0C0, 0x0C1, 0x0C2,
    0x1C0, 0x1C1, 0x2B0, 0x2C0, 0x2C1, 0x0C1, 0x0C2, 0x0C3, 0x1C1, 0x1C2, 0x2B0, 0x2B1, 0x2B2, 0x2C0, 0x2C1, 0x2C2,
    0x3C0, 0x3C1, 0x0C3, 0x0C4, 0x1C2, 0x1C3, 0x2B2, 0x2B3, 0x2C2, 0x2C3, 0x3B2, 0x3C1, 0x3C2, 0x0C4, 0x0C5, 0x1C3,
    0x1C4, 0x2B3, 0x2B4, 0x2C3, 0x2C4, 0x3B3, 0x3C3, 0x0C5, 0x0C6, 0x1C4, 0x1C5, 0x2B4, 0x2B5, 0x2C4, 0x2C5, 0x3C4,
    0x0C6, 0x0C7, 0x1C5, 0x1C6, 0x2B5, 0x2B6, 0x2C5, 0x2C6, 0x3C5, 0x3C6, 0x0C7, 0x0C8, 0x1C6, 0x1C7, 0x2B6, 0x2B7,
    0x2C6, 0x2C7, 0x3C6, 0x3C7, 0x0C8, 0x0C9, 0x1C7, 0x1C8, 0x2B7, 0x2B8, 0x2C7, 0x2C8, 0x3C7, 0x3C8, 0x0C9, 0x0CA,
    0x0D9, 0x1C8, 0x1C9, 0x2B8, 0x2B9, 0x2C8, 0x2C9, 0x3C8, 0x3C9, 0x0CA, 0x0CB, 0x0DA, 0x1C9, 0x1CA, 0x2B9, 0x2BA,
    0x2C9, 0x2CA, 0x3C9, 0x3CA, 0x0CB, 0x0CC, 0x0DB, 0x1CA, 0x1CB, 0x2BA, 0x2BB, 0x2CA, 0x2CB, 0x3CA, 0x3CB, 0x0CC,
    0x0CD, 0x0DC, 0x1CB, 0x1CC, 0x2BB, 0x2BC, 0x2CB, 0x2CC, 0x3CB, 0x3CC, 0x0CD, 0x0CE, 0x0DD, 0x1CC, 0x1CD, 0x2BC,
    0x2BD, 0x2CC, 0x2CD, 0x3CC, 0x3CD, 0x0CE, 0x0CF, 0x0DE, 0x1CD, 0x1CE, 0x2BD, 0x2BE, 0x2CD, 0x2CE, 0x3CD, 0x3CE,
    0x0CF, 0x0DF, 0x1CE, 0x1CF, 0x2BE, 0x2CE, 0x2CF, 0x3CE, 0x0D0, 0x0D1, 0x0D2, 0x1D0, 0x2C0, 0x2D0, 0x0D0, 0x0D1,
    0x0D2, 0x1D0, 0x1D1, 0x2C0, 0x2D0, 0x2D1, 0x3D0, 0x0D1, 0x0D2, 0x0D3, 0x1D1, 0x1D2, 0x2C0, 0x2C1, 0x2D0, 0x2D1,
    0x2D2, 0x3C0, 0x3C1, 0x3D0, 0x3D1, 0x0D3, 0x0D4, 0x1D2, 0x1D3, 0x2C2, 0x2C3, 0x2D2, 0x2D3, 0x3C1, 0x3C2, 0x3D1,
    0x3D2, 0x3D3, 0x0D4, 0x0D5, 0x1D3, 0x1D4, 0x2C3, 0x2C4, 0x2D3, 0x2D4, 0x3C3, 0x3D3, 0x3D4, 0x0D5, 0x0D6, 0x1D4,
    0x1D5, 0x2C4, 0x2C5, 0x2D4, 0x2D5, 0x3C4, 0x3C5, 0x3D4, 0x3D5, 0x0D6, 0x0D7, 0x1D5, 0x1D6, 0x2C5, 0x2C6, 0x2D5,
    0x2D6, 0x3C5, 0x3C6, 0x3D5, 0x3D6, 0x0D7, 0x0D8, 0x0E7, 0x1D6, 0x1D7, 0x2C6, 0x2C7, 0x2D6, 0x2D7, 0x3C6, 0x3C7,
    0x3D6, 0x3D7, 0x0D8, 0x0D9, 0x0E8, 0x1D7, 0x1D8, 0x2C7, 0x2C8, 0x2D7, 0x2D8, 0x3C7, 0x3C8, 0x3D7, 0x3D8, 0x0D9,
    0x0DA, 0x0E9, 0x1D8, 0x1D9, 0x2C8, 0x2C9, 0x2D8, 0x2D9, 0x3C8, 0x3C9, 0x3D8, 0x3D9, 0x0DA, 0x0DB, 0x0EA, 0x1D9,
    0x1DA, 0x2C9, 0x2CA, 0x2D9, 0x2DA, 0x3C9, 0x3CA, 0x3D9, 0x3DA, 0x0DB, 0x0DC, 0x0EB, 0x1DA, 0x1DB, 0x2CA, 0x2CB,
    0x2DA, 0x2DB, 0x3CA, 0x3CB, 0x3DA, 0x3DB, 0x0DC, 0x0DD, 0x0EC, 0x1DB, 0x1DC, 0x2CB, 0x2CC, 0x2DB, 0x2DC, 0x3CB,
    0x3CC, 0x3DB, 0x3DC, 0x0DD, 0x0DE, 0x0ED, 0x1DC, 0x1DD, 0x2CC, 0x2CD, 0x2DC, 0x2DD, 0x3CC, 0x3CD, 0x3DC, 0x3DD,
    0x0DE, 0x0DF, 0x0EE, 0x1DD, 0x1DE, 0x2CD, 0x2CE, 0x2DD, 0x2DE, 0x3CD, 0x3CE, 0x3DD, 0x3DE, 0x0DF, 0x0EF, 0x1DE,
    0x1DF, 0x2CE, 0x2CF, 0x2DE, 0x2DF, 0x3CE, 0x3DE, 0x0E0, 0x0E1, 0x0E2, 0x1E0, 0x2E0, 0x0E0, 0x0E1, 0x0E2, 0x1E0,
    0x1E1, 0x2E0, 0x2E1, 0x3E0, 0x0E1, 0x0E2, 0x0E3, 0x1E1, 0x1E2, 0x2E0, 0x2E1, 0x2E2, 0x3E0, 0x3E1, 0x0E3, 0x0E4,
    0x1E2, 0x1E3, 0x2E2, 0x2E3, 0x3D2, 0x3E1, 0x3E2, 0x3E3, 0x0E4, 0x0E5, 0x1E3, 0x1E4, 0x2E3, 0x2E4, 0x3D3, 0x3E3,
    0x3E4, 0x0E5, 0x0E6, 0x1E4, 0x1E5, 0x2D5, 0x2E4, 0x2E5, 0x3E4, 0x3E5, 0x0E6, 0x0E7, 0x1E5, 0x1E6, 0x2D6, 0x2E5,
    0x2E6, 0x3D6, 0x3E5, 0x3E6, 0x0E7, 0x0E8, 0x1E6, 0x1E7, 0x2D7, 0x2E6, 0x2E7, 0x3D7, 0x3E6, 0x3E7, 0x0E8, 0x0E9,
    0x1E7, 0x1E8, 0x2D8, 0x2E7, 0x2E8, 0x3D8, 0x3E7, 0x3E8, 0x0E9, 0x0EA, 0x0F9, 0x1E8, 0x1E9, 0x2D9, 0x2E8, 0x2E9,
    0x3D9, 0x3E8, 0x3E9, 0x0EA, 0x0EB, 0x0FA, 0x1E9, 0x1EA, 0x2DA, 0x2E9, 0x2EA, 0x3DA, 0x3E9, 0x3EA, 0x0EB, 0x0EC,
    0x0FB, 0x1EA, 0x1EB, 0x2DB, 0x2EA, 0x2EB, 0x3DB, 0x3EA, 0x3EB, 0x0EC, 0x0ED, 0x0FC, 0x1EB, 0x1EC, 0x2DC, 0x2EB,
    0x2EC, 0x3DC, 0x3EB, 0x3EC, 0x0ED, 0x0EE, 0x0FD, 0x1EC, 0x1ED, 0x2DD, 0x2EC, 0x2ED, 0x3DD, 0x3EC, 0x3ED, 0x0EE,
    0x0EF, 0x0FE, 0x1ED, 0x1EE, 0x2DE, 0x2ED, 0x2EE, 0x3DE, 0x3ED, 0x3EE, 0x0EF, 0x0FF, 0x1EE, 0x1EF, 0x2EE, 0x2EF,
    0x3EE, 0x0F0, 0x0F1, 0x0F2, 0x1F0, 0x0F0, 0x0F1, 0x0F2, 0x1F1, 0x3E0, 0x0F1, 0x0F2, 0x0F3, 0x1F1, 0x1F2, 0x3E0,
    0x3E1, 0x0F3, 0x0F4, 0x1F2, 0x1F3, 0x3E1, 0x3E2, 0x0F4, 0x0F5, 0x1F3, 0x1F4, 0x3E3, 0x3E4, 0x0F5, 0x0F6, 0x1F4,
    0x1F5, 0x2E5, 0x3E4, 0x3E5, 0x0F6, 0x0F7, 0x1F5, 0x1F6, 0x2E6, 0x2F6, 0x3E5, 0x3E6, 0x0F7, 0x0F8, 0x1F6, 0x1F7,
    0x2E7, 0x2F6, 0x2F7, 0x3E6, 0x3E7, 0x0F8, 0x0F9, 0x1F7, 0x1F8, 0x2E8, 0x2F7, 0x2F8, 0x3E7, 0x3E8, 0x0F9, 0x0FA,
    0x1F8, 0x1F9, 0x2E9, 0x2F8, 0x2F9, 0x3E8, 0x3E9, 0x0FA, 0x0FB, 0x1FA, 0x2EA, 0x2FA, 0x3E9, 0x3EA, 0x0FB, 0x0FC,
    0x1FB, 0x2EB, 0x2FB, 0x3EA, 0x3EB, 0x0FC, 0x0FD, 0x1FC, 0x2EC, 0x2FC, 0x3EB, 0x3EC, 0x0FD, 0x0FE, 0x1FD, 0x2ED,
    0x2FD, 0x3EC, 0x3ED, 0x0FE, 0x0FF, 0x1FE, 0x2EE, 0x2FE, 0x3ED, 0x3EE, 0x0FF, 0x3EE, 0x010, 0x011, 0x100, 0x101,
    0x110, 0x111, 0x200, 0x201, 0x011, 0x012, 0x100, 0x101, 0x102, 0x111, 0x112, 0x200, 0x201, 0x202, 0x012, 0x013,
    0x101, 0x102, 0x103, 0x112, 0x113, 0x201, 0x202, 0x203, 0x013, 0x102, 0x103, 0x104, 0x113, 0x114, 0x203, 0x204,
    0x005, 0x014, 0x103, 0x104, 0x105, 0x114, 0x204, 0x205, 0x005, 0x006, 0x015, 0x104, 0x105, 0x106, 0x114, 0x115,
    0x205, 0x206, 0x006, 0x007, 0x016, 0x106, 0x107, 0x115, 0x116, 0x206, 0x007, 0x008, 0x017, 0x107, 0x108, 0x116,
    0x117, 0x207, 0x008, 0x009, 0x018, 0x108, 0x109, 0x117, 0x118, 0x208, 0x009, 0x00A, 0x019, 0x108, 0x109, 0x10A,
    0x118, 0x119, 0x209, 0x00A, 0x01A, 0x10A, 0x10B, 0x119, 0x11A, 0x20A, 0x00B, 0x01B, 0x10B, 0x10C, 0x11A, 0x11B,
    0x20B, 0x00C, 0x01B, 0x01C, 0x10B, 0x10C, 0x11B, 0x11C, 0x00D, 0x01C, 0x01D, 0x10C, 0x10D, 0x10E, 0x11C, 0x11D,
    0x00E, 0x01E, 0x10E, 0x11D, 0x11E, 0x00F, 0x01E, 0x10F, 0x11E, 0x11F, 0x010, 0x011, 0x110, 0x111, 0x120, 0x121,
    0x200, 0x210, 0x011, 0x012, 0x021, 0x110, 0x111, 0x112, 0x121, 0x122, 0x201, 0x210, 0x211, 0x012, 0x013, 0x022,
    0x103, 0x111, 0x112, 0x113, 0x122, 0x123, 0x211, 0x212, 0x013, 0x014, 0x023, 0x103, 0x104, 0x112, 0x113, 0x114,
    0x123, 0x124, 0x204, 0x212, 0x213, 0x214, 0x014, 0x015, 0x104, 0x105, 0x114, 0x115, 0x124, 0x125, 0x204, 0x213,
    0x214, 0x215, 0x014, 0x015, 0x016, 0x105, 0x106, 0x114, 0x115, 0x116, 0x125, 0x205, 0x215, 0x216, 0x015, 0x016,
    0x017, 0x106, 0x107, 0x115, 0x116, 0x117, 0x126, 0x206, 0x216, 0x217, 0x016, 0x017, 0x018, 0x027, 0x107, 0x108,
    0x116, 0x117, 0x118, 0x127, 0x207, 0x217, 0x218, 0x017, 0x018, 0x019, 0x028, 0x108, 0x109, 0x117, 0x118, 0x119,
    0x128, 0x208, 0x218, 0x219, 0x019, 0x01A, 0x029, 0x109, 0x10A, 0x118, 0x119, 0x11A, 0x129, 0x209, 0x219, 0x21A,
    0x01A, 0x01B, 0x02A, 0x10A, 0x10B, 0x119, 0x11A, 0x11B, 0x12A, 0x20A, 0x21A, 0x21B, 0x01B, 0x01C, 0x02B, 0x10B,
    0x10C, 0x11A, 0x11B, 0x11C, 0x12A, 0x12B, 0x20B, 0x21B, 0x01C, 0x01D, 0x02C, 0x10C, 0x10D, 0x11B, 0x11C, 0x11D,
    0x12B, 0x12C, 0x20C, 0x20D, 0x21C, 0x01C, 0x01D, 0x01E, 0x02D, 0x10D, 0x10E, 0x11C, 0x11D, 0x11E, 0x12C, 0x12D,
    0x20D, 0x20E, 0x21D, 0x01E, 0x01F, 0x02E, 0x10E, 0x10F, 0x11E, 0x11F, 0x12D, 0x12E, 0x20E, 0x20F, 0x21E, 0x00F,
    0x01F, 0x10F, 0x11F, 0x12E, 0x12F, 0x20F, 0x21F, 0x020, 0x021, 0x030, 0x031, 0x110, 0x120, 0x121, 0x130, 0x131,
    0x210, 0x220, 0x021, 0x022, 0x031, 0x032, 0x110, 0x111, 0x120, 0x121, 0x122, 0x131, 0x132, 0x211, 0x220, 0x221,
    0x022, 0x023, 0x032, 0x033, 0x111, 0x112, 0x121, 0x122, 0x123, 0x132, 0x133, 0x212, 0x221, 0x222, 0x023, 0x024,
    0x033, 0x034, 0x112, 0x113, 0x122, 0x123, 0x124, 0x133, 0x134, 0x213, 0x222, 0x223, 0x024, 0x025, 0x034, 0x035,
    0x114, 0x115, 0x123, 0x124, 0x125, 0x134, 0x135, 0x214, 0x215, 0x223, 0x224, 0x025, 0x026, 0x035, 0x036, 0x115,
    0x116, 0x124, 0x125, 0x126, 0x135, 0x136, 0x215, 0x216, 0x224, 0x225, 0x026, 0x027, 0x036, 0x116, 0x117, 0x125,
    0x126, 0x127, 0x136, 0x137, 0x216, 0x217, 0x225, 0x226, 0x227, 0x026, 0x027, 0x028, 0x117, 0x118, 0x126, 0x127,
    0x128, 0x137, 0x217, 0x218, 0x227, 0x228, 0x027, 0x028, 0x029, 0x118, 0x119, 0x127, 0x128, 0x129, 0x138, 0x218,
    0x219, 0x228, 0x229, 0x028, 0x029, 0x02A, 0x039, 0x119, 0x11A, 0x128, 0x129, 0x12A, 0x139, 0x219, 0x21A, 0x229,
    0x22A, 0x029, 0x02A, 0x02B, 0x03A, 0x11A, 0x11B, 0x129, 0x12A, 0x12B, 0x13A, 0x21A, 0x22A, 0x22B, 0x02A, 0x02B,
    0x02C, 0x03B, 0x11B, 0x11C, 0x12A, 0x12B, 0x12C, 0x13B, 0x21B, 0x22B, 0x22C, 0x02B, 0x02C, 0x02D, 0x03C, 0x11C,
    0x11D, 0x12B, 0x12C, 0x12D, 0x13C, 0x21C, 0x22C, 0x22D, 0x02C, 0x02D, 0x02E, 0x03D, 0x11D, 0x11E, 0x12C, 0x12D,
    0x12E, 0x13D, 0x21D, 0x22D, 0x22E, 0x02D, 0x02E, 0x02F, 0x03E, 0x11E, 0x11F, 0x12D, 0x12E, 0x12F, 0x13E, 0x21E,
    0x22E, 0x22F, 0x02F, 0x11F, 0x12E, 0x12F, 0x21F, 0x22F, 0x030, 0x031, 0x041, 0x130, 0x131, 0x141, 0x230, 0x031,
    0x032, 0x041, 0x042, 0x130, 0x131, 0x132, 0x141, 0x142, 0x230, 0x231, 0x032, 0x033, 0x042, 0x043, 0x122, 0x131,
    0x132, 0x133, 0x142, 0x143, 0x222, 0x231, 0x232, 0x033, 0x034, 0x043, 0x044, 0x123, 0x132, 0x133, 0x134, 0x143,
    0x144, 0x223, 0x232, 0x233, 0x034, 0x035, 0x044, 0x045, 0x124, 0x133, 0x134, 0x135, 0x144, 0x145, 0x224, 0x233,
    0x234, 0x035, 0x036, 0x045, 0x046, 0x125, 0x134, 0x135, 0x136, 0x145, 0x225, 0x234, 0x235, 0x036, 0x037, 0x046,
    0x047, 0x126, 0x127, 0x135, 0x136, 0x137, 0x146, 0x147, 0x226, 0x235, 0x236, 0x037, 0x038, 0x047, 0x048, 0x127,
    0x128, 0x136, 0x137, 0x138, 0x147, 0x227, 0x228, 0x236, 0x237, 0x038, 0x048, 0x128, 0x129, 0x137, 0x138, 0x139,
    0x148, 0x228, 0x229, 0x237, 0x238, 0x239, 0x038, 0x039, 0x03A, 0x129, 0x12A, 0x138, 0x139, 0x13A, 0x229, 0x22A,
    0x239, 0x23A, 0x039, 0x03A, 0x03B, 0x04A, 0x12A, 0x12B, 0x139, 0x13A, 0x13B, 0x22A, 0x22B, 0x23A, 0x23B, 0x03A,
    0x03B, 0x03C, 0x04B, 0x12B, 0x12C, 0x13A, 0x13B, 0x13C, 0x14B, 0x22B, 0x22C, 0x23B, 0x23C, 0x03B, 0x03C, 0x03D,
    0x04C, 0x12C, 0x12D, 0x13B, 0x13C, 0x13D, 0x14C, 0x22C, 0x22D, 0x23C, 0x23D, 0x03C, 0x03D, 0x03E, 0x04D, 0x12D,
    0x12E, 0x13C, 0x13D, 0x13E, 0x14D, 0x22D, 0x22E, 0x23D, 0x23E, 0x03D, 0x03E, 0x03F, 0x04E, 0x12E, 0x12F, 0x13D,
    0x13E, 0x13F, 0x14E, 0x22E, 0x22F, 0x23E, 0x23F, 0x03E, 0x03F, 0x12F, 0x13E, 0x13F, 0x22F, 0x23F, 0x040, 0x041,
    0x051, 0x140, 0x141, 0x151, 0x240, 0x041, 0x042, 0x051, 0x052, 0x140, 0x141, 0x142, 0x240, 0x241, 0x042, 0x043,
    0x052, 0x053, 0x132, 0x141, 0x142, 0x143, 0x232, 0x241, 0x242, 0x043, 0x044, 0x053, 0x054, 0x133, 0x142, 0x143,
    0x144, 0x153, 0x233, 0x242, 0x243, 0x044, 0x045, 0x054, 0x134, 0x143, 0x144, 0x145, 0x154, 0x234, 0x243, 0x244,
    0x045, 0x046, 0x055, 0x135, 0x144, 0x145, 0x146, 0x155, 0x235, 0x244, 0x245, 0x046, 0x047, 0x056, 0x057, 0x136,
    0x145, 0x146, 0x147, 0x156, 0x236, 0x245, 0x246, 0x047, 0x048, 0x057, 0x137, 0x146, 0x147, 0x148, 0x157, 0x237,
    0x246, 0x247, 0x048, 0x049, 0x058, 0x138, 0x139, 0x147, 0x148, 0x149, 0x158, 0x238, 0x247, 0x248, 0x049, 0x04A,
    0x059, 0x139, 0x13A, 0x148, 0x149, 0x14A, 0x159, 0x239, 0x23A, 0x248, 0x249, 0x04A, 0x04B, 0x05A, 0x13A, 0x13B,
    0x149, 0x14A, 0x14B, 0x23A, 0x23B, 0x249, 0x24A, 0x24B, 0x04A, 0x04B, 0x13B, 0x13C, 0x14B, 0x14C, 0x23B, 0x23C,
    0x24B, 0x24C, 0x04B, 0x04C, 0x13C, 0x13D, 0x14B, 0x14C, 0x14D, 0x23C, 0x23D, 0x24C, 0x24D, 0x04C, 0x04D, 0x04E,
    0x05D, 0x13D, 0x13E, 0x14C, 0x14D, 0x14E, 0x23D, 0x23E, 0x24D, 0x24E, 0x04D, 0x04E, 0x04F, 0x05E, 0x13E, 0x13F,
    0x14D, 0x14E, 0x14F, 0x15E, 0x23E, 0x23F, 0x24E, 0x24F, 0x04E, 0x04F, 0x13F, 0x14E, 0x14F, 0x23F, 0x24F, 0x050,
    0x051, 0x061, 0x150, 0x151, 0x250, 0x051, 0x052, 0x140, 0x150, 0x151, 0x152, 0x240, 0x250, 0x251, 0x052, 0x053,
    0x142, 0x151, 0x152, 0x153, 0x242, 0x251, 0x252, 0x053, 0x054, 0x143, 0x152, 0x153, 0x154, 0x243, 0x252, 0x253,
    0x054, 0x055, 0x064, 0x144, 0x153, 0x154, 0x155, 0x164, 0x244, 0x253, 0x254, 0x055, 0x056, 0x065, 0x145, 0x154,
    0x155, 0x156, 0x165, 0x245, 0x254, 0x255, 0x056, 0x057, 0x066, 0x146, 0x155, 0x156, 0x157, 0x166, 0x246, 0x255,
    0x256, 0x057, 0x058, 0x067, 0x147, 0x156, 0x157, 0x158, 0x167, 0x247, 0x256, 0x257, 0x058, 0x059, 0x068, 0x148,
    0x157, 0x158, 0x159, 0x168, 0x248, 0x257, 0x258, 0x059, 0x05A, 0x069, 0x149, 0x158, 0x159, 0x15A, 0x249, 0x258,
    0x259, 0x05A, 0x05B, 0x06A, 0x14A, 0x14B, 0x159, 0x15A, 0x15B, 0x24A, 0x24B, 0x259, 0x25A, 0x05B, 0x05C, 0x06B,
    0x14B, 0x14C, 0x15A, 0x15B, 0x15C, 0x24B, 0x24C, 0x25A, 0x25B, 0x05C, 0x06C, 0x14C, 0x14D, 0x15B, 0x15C, 0x15D,
    0x24C, 0x24D, 0x25B, 0x25C, 0x05C, 0x05D, 0x05E, 0x14D, 0x14E, 0x15C, 0x15D, 0x15E, 0x24D, 0x24E, 0x25C, 0x25D,
    0x25E, 0x05D, 0x05E, 0x05F, 0x14E, 0x14F, 0x15D, 0x15E, 0x15F, 0x24E, 0x24F, 0x25E, 0x25F, 0x05E, 0x05F, 0x14F,
    0x15E, 0x15F, 0x24F, 0x25F, 0x060, 0x061, 0x071, 0x160, 0x161, 0x260, 0x061, 0x062, 0x072, 0x150, 0x160, 0x161,
    0x162, 0x250, 0x260, 0x261, 0x062, 0x063, 0x072, 0x152, 0x161, 0x162, 0x163, 0x251, 0x252, 0x260, 0x261, 0x262,
    0x063, 0x064, 0x073, 0x153, 0x162, 0x163, 0x164, 0x173, 0x253, 0x262, 0x263, 0x064, 0x065, 0x074, 0x154, 0x163,
    0x164, 0x165, 0x174, 0x254, 0x263, 0x264, 0x065, 0x066, 0x075, 0x155, 0x164, 0x165, 0x166, 0x175, 0x255, 0x264,
    0x265, 0x066, 0x067, 0x076, 0x077, 0x156, 0x165, 0x166, 0x167, 0x256, 0x265, 0x266, 0x067, 0x068, 0x077, 0x157,
    0x166, 0x167, 0x168, 0x257, 0x266, 0x267, 0x068, 0x069, 0x078, 0x158, 0x167, 0x168, 0x169, 0x258, 0x267, 0x268,
    0x069, 0x06A, 0x079, 0x07A, 0x159, 0x168, 0x169, 0x16A, 0x259, 0x268, 0x269, 0x06A, 0x06B, 0x07A, 0x15A, 0x169,
    0x16A, 0x16B, 0x25A, 0x269, 0x26A, 0x06B, 0x06C, 0x07B, 0x15B, 0x16A, 0x16B, 0x16C, 0x25B, 0x26A, 0x26B, 0x06C,
    0x06D, 0x07C, 0x15C, 0x16B, 0x16C, 0x16D, 0x25C, 0x26B, 0x26C, 0x06D, 0x06E, 0x07D, 0x15D, 0x15E, 0x16C, 0x16D,
    0x16E, 0x25C, 0x25D, 0x25E, 0x26C, 0x26D, 0x06E, 0x06F, 0x07E, 0x15E, 0x15F, 0x16D, 0x16E, 0x16F, 0x25E, 0x25F,
    0x26D, 0x26E, 0x06F, 0x15F, 0x16F, 0x25F, 0x26E, 0x26F, 0x070, 0x071, 0x081, 0x170, 0x171, 0x270, 0x071, 0x072,
    0x170, 0x171, 0x172, 0x270, 0x271, 0x072, 0x073, 0x171, 0x172, 0x173, 0x261, 0x270, 0x271, 0x272, 0x073, 0x074,
    0x163, 0x172, 0x173, 0x174, 0x263, 0x272, 0x273, 0x074, 0x075, 0x084, 0x164, 0x173, 0x174, 0x175, 0x264, 0x273,
    0x274, 0x075, 0x076, 0x085, 0x165, 0x174, 0x175, 0x176, 0x265, 0x274, 0x275, 0x076, 0x077, 0x086, 0x166, 0x175,
    0x176, 0x177, 0x266, 0x275, 0x276, 0x077, 0x078, 0x087, 0x167, 0x176, 0x177, 0x178, 0x267, 0x276, 0x277, 0x078,
    0x079, 0x088, 0x168, 0x177, 0x178, 0x179, 0x268, 0x277, 0x278, 0x079, 0x07A, 0x089, 0x169, 0x178, 0x179, 0x17A,
    0x269, 0x278, 0x279, 0x07A, 0x07B, 0x08A, 0x16A, 0x179, 0x17A, 0x17B, 0x26A, 0x279, 0x27A, 0x07B, 0x07C, 0x08B,
    0x17A, 0x17B, 0x17C, 0x26B, 0x27A, 0x27B, 0x07C, 0x07D, 0x08C, 0x17B, 0x17C, 0x17D, 0x26C, 0x27B, 0x27C, 0x07D,
    0x07E, 0x08D, 0x17C, 0x17D, 0x17E, 0x26D, 0x27C, 0x27D, 0x07E, 0x07F, 0x08E, 0x17D, 0x17E, 0x17F, 0x26E, 0x27D,
    0x27E, 0x07F, 0x08F, 0x17E, 0x17F, 0x26F, 0x27E, 0x27F, 0x080, 0x081, 0x180, 0x181, 0x280, 0x081, 0x082, 0x180,
    0x181, 0x182, 0x270, 0x280, 0x281, 0x082, 0x083, 0x181, 0x182, 0x183, 0x271, 0x280, 0x281, 0x282, 0x381, 0x083,
    0x084, 0x182, 0x183, 0x184, 0x273, 0x282, 0x283, 0x382, 0x084, 0x085, 0x183, 0x184, 0x185, 0x274, 0x283, 0x284,
    0x383, 0x085, 0x086, 0x095, 0x184, 0x185, 0x186, 0x275, 0x284, 0x285, 0x384, 0x086, 0x087, 0x096, 0x185, 0x186,
    0x187, 0x276, 0x285, 0x286, 0x385, 0x087, 0x088, 0x097, 0x186, 0x187, 0x188, 0x277, 0x286, 0x287, 0x386, 0x088,
    0x089, 0x098, 0x187, 0x188, 0x189, 0x278, 0x287, 0x288, 0x387, 0x089, 0x08A, 0x099, 0x188, 0x189, 0x18A, 0x279,
    0x288, 0x289, 0x388, 0x08A, 0x08B, 0x09A, 0x189, 0x18A, 0x18B, 0x27A, 0x289, 0x28A, 0x389, 0x08B, 0x08C, 0x09B,
    0x18A, 0x18B, 0x18C, 0x27B, 0x28A, 0x28B, 0x08C, 0x08D, 0x09C, 0x18B, 0x18C, 0x18D, 0x27C, 0x28B, 0x28C, 0x08D,
    0x08E, 0x09D, 0x18C, 0x18D, 0x18E, 0x27D, 0x28C, 0x28D, 0x08E, 0x08F, 0x09E, 0x18D, 0x18E, 0x18F, 0x27E, 0x28D,
    0x28E, 0x08F, 0x09F, 0x18E, 0x18F, 0x27F, 0x28E, 0x28F, 0x090, 0x091, 0x0A1, 0x0A2, 0x190, 0x191, 0x290, 0x091,
    0x092, 0x0A2, 0x190, 0x191, 0x192, 0x280, 0x290, 0x291, 0x390, 0x092, 0x093, 0x0A2, 0x0A3, 0x191, 0x192, 0x193,
    0x280, 0x281, 0x282, 0x290, 0x291, 0x292, 0x390, 0x391, 0x093, 0x094, 0x0A3, 0x0A4, 0x192, 0x193, 0x194, 0x282,
    0x283, 0x292, 0x293, 0x382, 0x392, 0x393, 0x094, 0x095, 0x0A4, 0x0A5, 0x193, 0x194, 0x195, 0x283, 0x284, 0x293,
    0x294, 0x393, 0x394, 0x095, 0x096, 0x0A5, 0x0A6, 0x194, 0x195, 0x196, 0x284, 0x285, 0x294, 0x295, 0x394, 0x395,
    0x096, 0x097, 0x0A6, 0x0A7, 0x195, 0x196, 0x197, 0x285, 0x286, 0x295, 0x296, 0x395, 0x396, 0x097, 0x098, 0x0A7,
    0x0A8, 0x196, 0x197, 0x198, 0x286, 0x287, 0x296, 0x297, 0x396, 0x397, 0x098, 0x099, 0x0A8, 0x0A9, 0x197, 0x198,
    0x199, 0x287, 0x288, 0x297, 0x298, 0x397, 0x398, 0x099, 0x09A, 0x0A9, 0x0AA, 0x198, 0x199, 0x19A, 0x288, 0x289,
    0x298, 0x299, 0x398, 0x399, 0x09A, 0x09B, 0x0AA, 0x0AB, 0x199, 0x19A, 0x19B, 0x289, 0x28A, 0x299, 0x29A, 0x399,
    0x39A, 0x09B, 0x09C, 0x0AB, 0x0AC, 0x19A, 0x19B, 0x19C, 0x28A, 0x28B, 0x29A, 0x29B, 0x39A, 0x39B, 0x09C, 0x09D,
    0x0AC, 0x19B, 0x19C, 0x19D, 0x28B, 0x28C, 0x29B, 0x29C, 0x39B, 0x39C, 0x09D, 0x09E, 0x0AD, 0x0AE, 0x19C, 0x19D,
    0x19E, 0x28C, 0x28D, 0x29C, 0x29D, 0x39C, 0x39D, 0x09E, 0x09F, 0x0AE, 0x0AF, 0x19D, 0x19E, 0x19F, 0x28D, 0x28E,
    0x29D, 0x29E, 0x39D, 0x39E, 0x09F, 0x0AF, 0x19E, 0x19F, 0x28E, 0x28F, 0x29E, 0x29F, 0x39E, 0x0A0, 0x0A1, 0x0A2,
    0x0B1, 0x0B2, 0x1A0, 0x1A1, 0x2A0, 0x0A1, 0x0A2, 0x0B2, 0x1A0, 0x1A1, 0x1A2, 0x2A0, 0x2A1, 0x3A0, 0x0A2, 0x0A3,
    0x1A1, 0x1A2, 0x1A3, 0x2A0, 0x2A1, 0x2A2, 0x3A0, 0x3A1, 0x3A2, 0x0A3, 0x0A4, 0x1A2, 0x1A3, 0x1A4, 0x2A2, 0x2A3,
    0x3A1, 0x3A2, 0x3A3, 0x0A4, 0x0A5, 0x1A3, 0x1A4, 0x1A5, 0x294, 0x2A3, 0x2A4, 0x3A3, 0x3A4, 0x0A5, 0x0A6, 0x1A4,
    0x1A5, 0x295, 0x2A4, 0x2A5, 0x3A4, 0x3A5, 0x0A6, 0x0A7, 0x0B6, 0x1A5, 0x1A6, 0x1A7, 0x296, 0x2A5, 0x2A6, 0x3A5,
    0x3A6, 0x0A7, 0x0A8, 0x0B7, 0x1A6, 0x1A7, 0x1A8, 0x297, 0x2A6, 0x2A7, 0x3A6, 0x3A7, 0x0A8, 0x0A9, 0x0B8, 0x1A7,
    0x1A8, 0x1A9, 0x298, 0x2A7, 0x2A8, 0x3A7, 0x3A8, 0x0A9, 0x0AA, 0x0B9, 0x1A8, 0x1A9, 0x1AA, 0x299, 0x2A8, 0x2A9,
    0x399, 0x3A8, 0x3A9, 0x0AA, 0x0AB, 0x0BA, 0x1A9, 0x1AA, 0x1AB, 0x29A, 0x2A9, 0x2AA, 0x39A, 0x3A9, 0x3AA, 0x0AB,
    0x0AC, 0x0BB, 0x1AA, 0x1AB, 0x1AC, 0x29B, 0x2AA, 0x2AB, 0x39B, 0x3AA, 0x3AB, 0x0AC, 0x0AD, 0x0BC, 0x1AB, 0x1AC,
    0x1AD, 0x29C, 0x2AB, 0x2AC, 0x39C, 0x3AB, 0x3AC, 0x0AD, 0x0AE, 0x0BD, 0x1AC, 0x1AD, 0x1AE, 0x29D, 0x2AC, 0x2AD,
    0x39D, 0x3AC, 0x3AD, 0x0AE, 0x0AF, 0x0BE, 0x1AD, 0x1AE, 0x1AF, 0x29E, 0x2AD, 0x2AE, 0x39E, 0x3AD, 0x3AE, 0x0AF,
    0x0BF, 0x1AE, 0x1AF, 0x2AE, 0x2AF, 0x3AE, 0x0B0, 0x0B1, 0x0B2, 0x0C1, 0x1B0, 0x1B1, 0x2B0, 0x3B0, 0x0B1, 0x0B2,
    0x1B0, 0x1B1, 0x1B2, 0x2B0, 0x2B1, 0x3B0, 0x0B2, 0x0B3, 0x1B1, 0x1B2, 0x1B3, 0x2A1, 0x2B0, 0x2B1, 0x2B2, 0x3B0,
    0x3B1, 0x3B2, 0x0B3, 0x0B4, 0x1B2, 0x1B3, 0x1B4, 0x2A2, 0x2B2, 0x2B3, 0x3A2, 0x3B1, 0x3B2, 0x3B3, 0x0B4, 0x0B5,
    0x1B3, 0x1B4, 0x2A4, 0x2B3, 0x2B4, 0x3B3, 0x3B4, 0x0B5, 0x0B6, 0x1B4, 0x1B5, 0x2A5, 0x2B4, 0x2B5, 0x3B4, 0x3B5,
    0x0B6, 0x0B7, 0x1B5, 0x1B6, 0x2A6, 0x2B5, 0x2B6, 0x3A6, 0x3B5, 0x3B6, 0x0B7, 0x0B8, 0x0C7, 0x1B6, 0x1B7, 0x2A7,
    0x2B6, 0x2B7, 0x3A7, 0x3B6, 0x3B7, 0x0B8, 0x0B9, 0x0C8, 0x1B7, 0x1B8, 0x2A8, 0x2B7, 0x2B8, 0x3A8, 0x3B7, 0x3B8,
    0x0B9, 0x0BA, 0x0C9, 0x1B8, 0x1B9, 0x2A9, 0x2B8, 0x2B9, 0x3A9, 0x3B8, 0x3B9, 0x0BA, 0x0BB, 0x0CA, 0x1B9, 0x1BA,
    0x2AA, 0x2B9, 0x2BA, 0x3AA, 0x3B9, 0x3BA, 0x0BB, 0x0BC, 0x0CB, 0x1BA, 0x1BB, 0x1BC, 0x2AB, 0x2BA, 0x2BB, 0x3AB,
    0x3BA, 0x3BB, 0x0BC, 0x0BD, 0x0CC, 0x1BB, 0x1BC, 0x1BD, 0x2AC, 0x2BB, 0x2BC, 0x3AC, 0x3BB, 0x3BC, 0x0BD, 0x0BE,
    0x0CD, 0x1BC, 0x1BD, 0x1BE, 0x2AD, 0x2BC, 0x2BD, 0x3AD, 0x3BC, 0x3BD, 0x0BE, 0x0BF, 0x0CE, 0x1BD, 0x1BE, 0x1BF,
    0x2AE, 0x2BD, 0x2BE, 0x3AE, 0x3BD, 0x3BE, 0x0BF, 0x0CF, 0x1BE, 0x1BF, 0x2BE, 0x2BF, 0x3BE, 0x3BF, 0x0C0, 0x0C1,
    0x0C2, 0x1C0, 0x1C1, 0x2C0, 0x3C0, 0x0C1, 0x0C2, 0x1C0, 0x1C1, 0x1C2, 0x2B0, 0x2C0, 0x2C1, 0x3C0, 0x0C2, 0x0C3,
    0x1C1, 0x1C2, 0x1C3, 0x2B0, 0x2B1, 0x2C0, 0x2C1, 0x2C2, 0x3B0, 0x3C0, 0x3C1, 0x3C2, 0x0C3, 0x0C4, 0x1C2, 0x1C3,
    0x1C4, 0x2B2, 0x2C2, 0x2C3, 0x3B2, 0x3C1, 0x3C2, 0x3C3, 0x0C4, 0x0C5, 0x1C3, 0x1C4, 0x2B3, 0x2B4, 0x2C3, 0x2C4,
    0x3B3, 0x3C3, 0x3C4, 0x0C5, 0x0C6, 0x1C4, 0x1C5, 0x2B4, 0x2B5, 0x2C4, 0x2C5, 0x3B5, 0x3C4, 0x3C5, 0x0C6, 0x0C7,
    0x1C5, 0x1C6, 0x2B5, 0x2B6, 0x2C5, 0x2C6, 0x3B6, 0x3C5, 0x3C6, 0x0C7, 0x0C8, 0x1C6, 0x1C7, 0x2B6, 0x2B7, 0x2C6,
    0x2C7, 0x3B7, 0x3C6, 0x3C7, 0x0C8, 0x0C9, 0x0D8, 0x1C8, 0x2B7, 0x2B8, 0x2C7, 0x2C8, 0x3B8, 0x3C7, 0x3C8, 0x0C9,
    0x0CA, 0x0D9, 0x1C9, 0x2B8, 0x2B9, 0x2C8, 0x2C9, 0x3B9, 0x3C8, 0x3C9, 0x0CA, 0x0CB, 0x0DA, 0x1CA, 0x2BA, 0x2C9,
    0x2CA, 0x3BA, 0x3C9, 0x3CA, 0x0CB, 0x0CC, 0x0DB, 0x1CB, 0x2BB, 0x2CA, 0x2CB, 0x3BB, 0x3CA, 0x3CB, 0x0CC, 0x0CD,
    0x0DC, 0x1CC, 0x2BC, 0x2CB, 0x2CC, 0x3BC, 0x3CB, 0x3CC, 0x0CD, 0x0CE, 0x0DD, 0x1CC, 0x1CD, 0x1CE, 0x2BC, 0x2BD,
    0x2CC, 0x2CD, 0x3BD, 0x3CC, 0x3CD, 0x0CE, 0x0CF, 0x0DE, 0x1CD, 0x1CE, 0x1CF, 0x2BE, 0x2CD, 0x2CE, 0x3BE, 0x3CD,
    0x3CE, 0x0CF, 0x0DF, 0x1CE, 0x1CF, 0x2CE, 0x2CF, 0x3CE, 0x3CF, 0x0D0, 0x0D1, 0x0D2, 0x0E1, 0x0E2, 0x1D0, 0x1D1,
    0x2D0, 0x3D0, 0x0D1, 0x0D2, 0x0E2, 0x1D0, 0x1D1, 0x1D2, 0x2C0, 0x2D0, 0x2D1, 0x3C0, 0x3D0, 0x0D2, 0x0D3, 0x1D1,
    0x1D2, 0x1D3, 0x2C0, 0x2D0, 0x2D1, 0x2D2, 0x3C0, 0x3C1, 0x3D0, 0x3D1, 0x3D2, 0x0D3, 0x0D4, 0x1D2, 0x1D3, 0x2C2,
    0x2C3, 0x2D2, 0x2D3, 0x3C1, 0x3C2, 0x3C3, 0x3D1, 0x3D2, 0x3D3, 0x0D4, 0x0D5, 0x1D3, 0x1D4, 0x2C3, 0x2C4, 0x2D3,
    0x2D4, 0x3C3, 0x3C4, 0x3D3, 0x3D4, 0x0D5, 0x0D6, 0x1D4, 0x1D5, 0x2C4, 0x2C5, 0x2D4, 0x2D5, 0x3C4, 0x3C5, 0x3D4,
    0x3D5, 0x0D6, 0x0D7, 0x1D5, 0x1D6, 0x2C6, 0x2D5, 0x2D6, 0x3C5, 0x3C6, 0x3D5, 0x3D6, 0x0D7, 0x0D8, 0x0E7, 0x1D7,
    0x2C7, 0x2D6, 0x2D7, 0x3C6, 0x3C7, 0x3D6, 0x3D7, 0x0D8, 0x0D9, 0x0E8, 0x1D8, 0x2C8, 0x2D7, 0x2D8, 0x3C7, 0x3C8,
    0x3D7, 0x3D8, 0x0D9, 0x0DA, 0x0E9, 0x1D9, 0x2C9, 0x2D8, 0x2D9, 0x3C8, 0x3C9, 0x3D8, 0x3D9, 0x0DA, 0x0DB, 0x0EA,
    0x1DA, 0x2CA, 0x2D9, 0x2DA, 0x3C9, 0x3CA, 0x3D9, 0x3DA, 0x0DB, 0x0DC, 0x0EB, 0x1DB, 0x2CB, 0x2DA, 0x2DB, 0x3CA,
    0x3CB, 0x3DA, 0x3DB, 0x0DC, 0x0DD, 0x0EC, 0x1DC, 0x2CC, 0x2DB, 0x2DC, 0x3CB, 0x3CC, 0x3DB, 0x3DC, 0x0DD, 0x0DE,
    0x0ED, 0x1DD, 0x2CD, 0x2DC, 0x2DD, 0x3CC, 0x3CD, 0x3DC, 0x3DD, 0x0DE, 0x0DF, 0x0EE, 0x1DE, 0x2CE, 0x2DD, 0x2DE,
    0x3CD, 0x3CE, 0x3DD, 0x3DE, 0x0DF, 0x0EF, 0x1DF, 0x2CF, 0x2DE, 0x2DF, 0x3CE, 0x3DE, 0x3DF, 0x0E0, 0x0E1, 0x0E2,
    0x0F2, 0x1E0, 0x1E1, 0x2E0, 0x3E0, 0x0E1, 0x0E2, 0x1E0, 0x1E1, 0x1E2, 0x2E0, 0x2E1, 0x3E0, 0x0E2, 0x0E3, 0x1E1,
    0x1E2, 0x1E3, 0x2E0, 0x2E1, 0x2E2, 0x3E0, 0x3E1, 0x3E2, 0x0E3, 0x0E4, 0x1E2, 0x1E3, 0x2E2, 0x2E3, 0x3D2, 0x3E1,
    0x3E2, 0x3E3, 0x0E4, 0x0E5, 0x1E3, 0x1E4, 0x2E3, 0x2E4, 0x3D3, 0x3E3, 0x3E4, 0x0E5, 0x0E6, 0x1E4, 0x1E5, 0x2E4,
    0x2E5, 0x3E4, 0x3E5, 0x0E6, 0x0E7, 0x1E5, 0x1E6, 0x2D6, 0x2E5, 0x2E6, 0x3D6, 0x3E5, 0x3E6, 0x0E7, 0x0E8, 0x1E7,
    0x2D7, 0x2E6, 0x2E7, 0x3D7, 0x3E6, 0x3E7, 0x4E6, 0x0E8, 0x0E9, 0x0F8, 0x1E8, 0x2D8, 0x2E7, 0x2E8, 0x3D8, 0x3E7,
    0x3E8, 0x0E9, 0x0EA, 0x0F9, 0x1E9, 0x2D9, 0x2E8, 0x2E9, 0x3D9, 0x3E8, 0x3E9, 0x4E8, 0x0EA, 0x0EB, 0x0FA, 0x1EA,
    0x2DA, 0x2E9, 0x2EA, 0x3DA, 0x3E9, 0x3EA, 0x4E9, 0x0EB, 0x0EC, 0x0FB, 0x1EB, 0x2DB, 0x2EA, 0x2EB, 0x3DB, 0x3EA,
    0x3EB, 0x0EC, 0x0ED, 0x0FC, 0x1EC, 0x2DC, 0x2EB, 0x2EC, 0x3DC, 0x3EB, 0x3EC, 0x0ED, 0x0EE, 0x0FD, 0x1ED, 0x2DD,
    0x2EC, 0x2ED, 0x3DD, 0x3EC, 0x3ED, 0x0EE, 0x0EF, 0x0FE, 0x1EE, 0x2DE, 0x2ED, 0x2EE, 0x3DE, 0x3ED, 0x3EE, 0x0EF,
    0x0FF, 0x1EF, 0x2EE, 0x2EF, 0x3EE, 0x3EF, 0x0F0, 0x0F1, 0x0F2, 0x1F0, 0x1F1, 0x0F1, 0x0F2, 0x1F0, 0x1F1, 0x1F2,
    0x2F1, 0x0F2, 0x0F3, 0x1F1, 0x1F2, 0x1F3, 0x2F1, 0x2F2, 0x3E0, 0x3E1, 0x0F3, 0x0F4, 0x1F2, 0x1F3, 0x2F2, 0x2F3,
    0x3E1, 0x3E2, 0x0F4, 0x0F5, 0x1F3, 0x1F4, 0x2F3, 0x2F4, 0x3E3, 0x0F5, 0x0F6, 0x1F4, 0x1F5, 0x2E5, 0x2F4, 0x2F5,
    0x3E4, 0x3E5, 0x0F6, 0x0F7, 0x1F5, 0x1F6, 0x2E6, 0x2F5, 0x2F6, 0x3E6, 0x0F7, 0x0F8, 0x1F7, 0x2E7, 0x2F6, 0x2F7,
    0x3E6, 0x3E7, 0x0F8, 0x0F9, 0x1F8, 0x2E8, 0x2F7, 0x2F8, 0x3E7, 0x3E8, 0x0F9, 0x0FA, 0x1F9, 0x2E9, 0x2F8, 0x2F9,
    0x3E8, 0x3E9, 0x0FA, 0x0FB, 0x1FA, 0x2EA, 0x2FA, 0x3E9, 0x3EA, 0x0FB, 0x0FC, 0x1FB, 0x2EB, 0x2FB, 0x3EA, 0x3EB,
    0x0FC, 0x0FD, 0x1FC, 0x2EC, 0x2FC, 0x3EB, 0x3EC, 0x0FD, 0x0FE, 0x1FD, 0x2ED, 0x2FD, 0x3EC, 0x3ED, 0x0FE, 0x0FF,
    0x1FE, 0x2EE, 0x2FE, 0x3EE, 0x0FF, 0x1FF, 0x111, 0x200, 0x201, 0x210, 0x211, 0x300, 0x301, 0x101, 0x111, 0x112,
    0x200, 0x201, 0x202, 0x211, 0x212, 0x300, 0x301, 0x302, 0x102, 0x112, 0x113, 0x201, 0x202, 0x203, 0x212, 0x213,
    0x301, 0x302, 0x303, 0x103, 0x113, 0x202, 0x203, 0x204, 0x213, 0x214, 0x303, 0x304, 0x104, 0x114, 0x203, 0x204,
    0x205, 0x214, 0x304, 0x305, 0x105, 0x115, 0x204, 0x205, 0x206, 0x214, 0x215, 0x305, 0x306, 0x106, 0x107, 0x115,
    0x116, 0x205, 0x206, 0x207, 0x215, 0x216, 0x306, 0x307, 0x107, 0x108, 0x116, 0x117, 0x206, 0x207, 0x208, 0x216,
    0x217, 0x307, 0x308, 0x108, 0x117, 0x118, 0x207, 0x208, 0x209, 0x217, 0x218, 0x308, 0x109, 0x118, 0x119, 0x209,
    0x20A, 0x218, 0x219, 0x309, 0x10A, 0x119, 0x11A, 0x20A, 0x20B, 0x219, 0x21A, 0x30A, 0x10B, 0x11A, 0x11B, 0x20B,
    0x20C, 0x21A, 0x21B, 0x30B, 0x10C, 0x11B, 0x11C, 0x20C, 0x20D, 0x21B, 0x21C, 0x30C, 0x10D, 0x11C, 0x11D, 0x20C,
    0x20D, 0x20E, 0x21C, 0x21D, 0x30D, 0x10E, 0x11D, 0x11E, 0x20E, 0x20F, 0x21D, 0x21E, 0x30E, 0x10F, 0x11E, 0x11F,
    0x20E, 0x20F, 0x21E, 0x21F, 0x110, 0x111, 0x200, 0x210, 0x211, 0x220, 0x221, 0x300, 0x310, 0x111, 0x112, 0x121,
    0x200, 0x201, 0x210, 0x211, 0x212, 0x221, 0x222, 0x300, 0x301, 0x310, 0x311, 0x112, 0x113, 0x122, 0x201, 0x202,
    0x203, 0x211, 0x212, 0x213, 0x222, 0x223, 0x301, 0x302, 0x311, 0x312, 0x313, 0x113, 0x114, 0x123, 0x124, 0x203,
    0x204, 0x212, 0x213, 0x214, 0x223, 0x224, 0x303, 0x304, 0x312, 0x313, 0x314, 0x114, 0x115, 0x124, 0x204, 0x205,
    0x213, 0x214, 0x215, 0x224, 0x225, 0x304, 0x305, 0x313, 0x314, 0x315, 0x114, 0x115, 0x116, 0x205, 0x206, 0x214,
    0x215, 0x216, 0x225, 0x305, 0x306, 0x315, 0x316, 0x115, 0x116, 0x117, 0x126, 0x206, 0x207, 0x215, 0x216, 0x217,
    0x226, 0x306, 0x316, 0x317, 0x116, 0x117, 0x118, 0x127, 0x207, 0x208, 0x216, 0x217, 0x218, 0x227, 0x307, 0x317,
    0x318, 0x117, 0x118, 0x119, 0x128, 0x208, 0x209, 0x217, 0x218, 0x219, 0x227, 0x228, 0x308, 0x318, 0x319, 0x118,
    0x119, 0x11A, 0x129, 0x209, 0x20A, 0x218, 0x219, 0x21A, 0x228, 0x229, 0x309, 0x30A, 0x319, 0x31A, 0x119, 0x11A,
    0x11B, 0x12A, 0x20A, 0x20B, 0x219, 0x21A, 0x21B, 0x229, 0x22A, 0x30A, 0x30B, 0x31A, 0x31B, 0x11A, 0x11B, 0x11C,
    0x12B, 0x20B, 0x20C, 0x21A, 0x21B, 0x21C, 0x22A, 0x22B, 0x30B, 0x30C, 0x31B, 0x11B, 0x11C, 0x11D, 0x12C, 0x20C,
    0x20D, 0x21B, 0x21C, 0x21D, 0x22B, 0x22C, 0x30C, 0x30D, 0x31C, 0x10D, 0x11C, 0x11D, 0x11E, 0x12C, 0x12D, 0x20D,
    0x20E, 0x21C, 0x21D, 0x21E, 0x22C, 0x22D, 0x30D, 0x30E, 0x31D, 0x10E, 0x11E, 0x11F, 0x12E, 0x20E, 0x20F, 0x21D,
    0x21E, 0x21F, 0x22D, 0x22E, 0x30E, 0x30F, 0x31E, 0x10F, 0x11F, 0x12E, 0x20F, 0x21E, 0x21F, 0x22E, 0x22F, 0x30F,
    0x31F, 0x120, 0x121, 0x131, 0x210, 0x220, 0x221, 0x230, 0x231, 0x310, 0x320, 0x121, 0x122, 0x131, 0x132, 0x210,
    0x211, 0x220, 0x221, 0x222, 0x231, 0x232, 0x310, 0x311, 0x320, 0x321, 0x122, 0x123, 0x132, 0x133, 0x211, 0x212,
    0x221, 0x222, 0x223, 0x232, 0x233, 0x311, 0x312, 0x321, 0x322, 0x123, 0x124, 0x133, 0x134, 0x212, 0x213, 0x222,
    0x223, 0x224, 0x233, 0x234, 0x312, 0x313, 0x322, 0x323, 0x124, 0x125, 0x134, 0x135, 0x213, 0x214, 0x215, 0x223,
    0x224, 0x225, 0x234, 0x235, 0x313, 0x314, 0x315, 0x323, 0x324, 0x125, 0x126, 0x135, 0x136, 0x215, 0x216, 0x224,
    0x225, 0x226, 0x235, 0x236, 0x315, 0x316, 0x324, 0x325, 0x126, 0x127, 0x136, 0x216, 0x217, 0x225, 0x226, 0x227,
    0x236, 0x237, 0x316, 0x317, 0x325, 0x326, 0x327, 0x126, 0x127, 0x128, 0x217, 0x218, 0x226, 0x227, 0x228, 0x237,
    0x238, 0x317, 0x318, 0x327, 0x328, 0x127, 0x128, 0x129, 0x218, 0x219, 0x227, 0x228, 0x229, 0x238, 0x318, 0x319,
    0x328, 0x329, 0x128, 0x129, 0x12A, 0x139, 0x219, 0x21A, 0x228, 0x229, 0x22A, 0x239, 0x319, 0x31A, 0x329, 0x32A,
    0x129, 0x12A, 0x12B, 0x13A, 0x21A, 0x21B, 0x229, 0x22A, 0x22B, 0x23A, 0x31A, 0x32A, 0x32B, 0x12A, 0x12B, 0x12C,
    0x13B, 0x21B, 0x21C, 0x22A, 0x22B, 0x22C, 0x23A, 0x23B, 0x31B, 0x32B, 0x32C, 0x12B, 0x12C, 0x12D, 0x13C, 0x21C,
    0x21D, 0x22B, 0x22C, 0x22D, 0x23B, 0x23C, 0x31C, 0x32C, 0x32D, 0x12C, 0x12D, 0x12E, 0x13D, 0x21D, 0x21E, 0x22C,
    0x22D, 0x22E, 0x23C, 0x23D, 0x31D, 0x32D, 0x32E, 0x12E, 0x12F, 0x13E, 0x21E, 0x21F, 0x22D, 0x22E, 0x22F, 0x23D,
    0x23E, 0x31E, 0x32E, 0x32F, 0x12F, 0x21F, 0x22E, 0x22F, 0x23E, 0x23F, 0x31F, 0x32F, 0x130, 0x131, 0x141, 0x220,
    0x230, 0x231, 0x241, 0x330, 0x131, 0x132, 0x220, 0x221, 0x230, 0x231, 0x232, 0x241, 0x242, 0x320, 0x330, 0x331,
    0x132, 0x133, 0x142, 0x221, 0x222, 0x231, 0x232, 0x233, 0x242, 0x243, 0x322, 0x331, 0x332, 0x133, 0x134, 0x143,
    0x222, 0x223, 0x232, 0x233, 0x234, 0x243, 0x244, 0x323, 0x332, 0x333, 0x134, 0x135, 0x144, 0x223, 0x224, 0x233,
    0x234, 0x235, 0x244, 0x245, 0x324, 0x333, 0x334, 0x135, 0x136, 0x145, 0x224, 0x225, 0x234, 0x235, 0x236, 0x245,
    0x246, 0x325, 0x334, 0x335, 0x136, 0x137, 0x146, 0x225, 0x226, 0x227, 0x235, 0x236, 0x237, 0x246, 0x247, 0x326,
    0x335, 0x336, 0x137, 0x138, 0x147, 0x227, 0x228, 0x236, 0x237, 0x238, 0x247, 0x248, 0x328, 0x336, 0x337, 0x138,
    0x139, 0x148, 0x228, 0x229, 0x237, 0x238, 0x239, 0x248, 0x249, 0x328, 0x329, 0x337, 0x338, 0x138, 0x139, 0x13A,
    0x229, 0x22A, 0x238, 0x239, 0x23A, 0x249, 0x24A, 0x329, 0x32A, 0x339, 0x33A, 0x139, 0x13A, 0x13B, 0x22A, 0x22B,
    0x239, 0x23A, 0x23B, 0x24A, 0x32A, 0x32B, 0x33A, 0x33B, 0x13A, 0x13B, 0x13C, 0x14B, 0x22B, 0x22C, 0x23A, 0x23B,
    0x23C, 0x24B, 0x32B, 0x32C, 0x33B, 0x33C, 0x13B, 0x13C, 0x13D, 0x14C, 0x22C, 0x22D, 0x23B, 0x23C, 0x23D, 0x24C,
    0x32C, 0x33C, 0x33D, 0x13C, 0x13D, 0x13E, 0x14D, 0x22D, 0x22E, 0x23C, 0x23D, 0x23E, 0x24D, 0x32D, 0x32E, 0x33D,
    0x33E, 0x13D, 0x13E, 0x13F, 0x14E, 0x22E, 0x22F, 0x23D, 0x23E, 0x23F, 0x24E, 0x32E, 0x33E, 0x33F, 0x13E, 0x13F,
    0x22F, 0x23E, 0x23F, 0x24F, 0x32F, 0x33F, 0x140, 0x141, 0x151, 0x240, 0x241, 0x251, 0x340, 0x141, 0x142, 0x152,
    0x230, 0x240, 0x241, 0x242, 0x251, 0x252, 0x330, 0x340, 0x341, 0x142, 0x143, 0x232, 0x241, 0x242, 0x243, 0x252,
    0x253, 0x341, 0x342, 0x143, 0x144, 0x153, 0x233, 0x242, 0x243, 0x244, 0x253, 0x254, 0x333, 0x342, 0x343, 0x144,
    0x145, 0x154, 0x234, 0x243, 0x244, 0x245, 0x254, 0x255, 0x334, 0x343, 0x344, 0x145, 0x146, 0x155, 0x235, 0x244,
    0x245, 0x246, 0x255, 0x256, 0x335, 0x344, 0x345, 0x146, 0x147, 0x156, 0x236, 0x245, 0x246, 0x247, 0x256, 0x257,
    0x336, 0x345, 0x346, 0x147, 0x148, 0x157, 0x237, 0x246, 0x247, 0x248, 0x257, 0x258, 0x337, 0x346, 0x347, 0x148,
    0x149, 0x158, 0x238, 0x239, 0x247, 0x248, 0x249, 0x258, 0x259, 0x338, 0x347, 0x348, 0x149, 0x14A, 0x159, 0x239,
    0x23A, 0x248, 0x249, 0x24A, 0x259, 0x25A, 0x339, 0x33A, 0x348, 0x349, 0x14A, 0x14B, 0x15A, 0x23A, 0x23B, 0x249,
    0x24A, 0x24B, 0x25A, 0x25B, 0x33A, 0x33B, 0x349, 0x34A, 0x14B, 0x14C, 0x23B, 0x23C, 0x24A, 0x24B, 0x24C, 0x25B,
    0x33B, 0x33C, 0x34B, 0x34C, 0x14B, 0x14C, 0x23C, 0x23D, 0x24B, 0x24C, 0x24D, 0x25C, 0x33C, 0x33D, 0x34C, 0x34D,
    0x14C, 0x14D, 0x14E, 0x23D, 0x23E, 0x24C, 0x24D, 0x24E, 0x25D, 0x33D, 0x33E, 0x34D, 0x34E, 0x14D, 0x14E, 0x14F,
    0x15E, 0x23E, 0x23F, 0x24D, 0x24E, 0x24F, 0x25E, 0x33E, 0x33F, 0x34E, 0x34F, 0x14E, 0x14F, 0x23F, 0x24E, 0x24F,
    0x33F, 0x34F, 0x150, 0x151, 0x161, 0x250, 0x251, 0x261, 0x350, 0x052, 0x151, 0x152, 0x162, 0x240, 0x250, 0x251,
    0x252, 0x340, 0x350, 0x351, 0x053, 0x152, 0x153, 0x242, 0x251, 0x252, 0x253, 0x341, 0x351, 0x352, 0x054, 0x153,
    0x154, 0x163, 0x243, 0x252, 0x253, 0x254, 0x343, 0x352, 0x353, 0x055, 0x154, 0x155, 0x164, 0x244, 0x253, 0x254,
    0x255, 0x264, 0x344, 0x353, 0x354, 0x056, 0x065, 0x155, 0x156, 0x165, 0x245, 0x254, 0x255, 0x256, 0x265, 0x345,
    0x354, 0x355, 0x066, 0x156, 0x157, 0x166, 0x167, 0x246, 0x255, 0x256, 0x257, 0x266, 0x346, 0x355, 0x356, 0x067,
    0x157, 0x158, 0x167, 0x247, 0x256, 0x257, 0x258, 0x267, 0x347, 0x356, 0x357, 0x068, 0x158, 0x159, 0x168, 0x248,
    0x257, 0x258, 0x259, 0x268, 0x348, 0x357, 0x358, 0x069, 0x159, 0x15A, 0x169, 0x249, 0x258, 0x259, 0x25A, 0x269,
    0x349, 0x358, 0x359, 0x06A, 0x15A, 0x15B, 0x16A, 0x24A, 0x24B, 0x259, 0x25A, 0x25B, 0x26A, 0x34A, 0x359, 0x35A,
    0x06B, 0x15B, 0x15C, 0x16B, 0x24B, 0x24C, 0x25A, 0x25B, 0x25C, 0x26B, 0x34B, 0x34C, 0x35A, 0x35B, 0x15C, 0x15D,
    0x16C, 0x24C, 0x24D, 0x25B, 0x25C, 0x25D, 0x26C, 0x34C, 0x34D, 0x35B, 0x35C, 0x15D, 0x15E, 0x24D, 0x24E, 0x25C,
    0x25D, 0x25E, 0x34D, 0x34E, 0x35C, 0x35D, 0x35E, 0x15D, 0x15E, 0x15F, 0x24E, 0x24F, 0x25D, 0x25E, 0x25F, 0x34E,
    0x34F, 0x35E, 0x35F, 0x15E, 0x15F, 0x24F, 0x25E, 0x25F, 0x34F, 0x35F, 0x061, 0x071, 0x160, 0x161, 0x171, 0x260,
    0x261, 0x271, 0x360, 0x062, 0x072, 0x161, 0x162, 0x171, 0x172, 0x250, 0x260, 0x261, 0x262, 0x271, 0x272, 0x350,
    0x360, 0x361, 0x062, 0x063, 0x072, 0x073, 0x162, 0x163, 0x172, 0x173, 0x251, 0x252, 0x261, 0x262, 0x263, 0x351,
    0x360, 0x361, 0x362, 0x063, 0x064, 0x073, 0x074, 0x163, 0x164, 0x173, 0x174, 0x253, 0x262, 0x263, 0x264, 0x353,
    0x362, 0x363, 0x064, 0x065, 0x074, 0x075, 0x164, 0x165, 0x174, 0x175, 0x254, 0x263, 0x264, 0x265, 0x274, 0x354,
    0x363, 0x364, 0x065, 0x066, 0x075, 0x076, 0x165, 0x166, 0x175, 0x176, 0x255, 0x264, 0x265, 0x266, 0x275, 0x355,
    0x364, 0x365, 0x066, 0x067, 0x076, 0x077, 0x166, 0x167, 0x176, 0x177, 0x256, 0x265, 0x266, 0x267, 0x276, 0x356,
    0x365, 0x366, 0x067, 0x068, 0x077, 0x078, 0x167, 0x168, 0x177, 0x178, 0x257, 0x266, 0x267, 0x268, 0x277, 0x357,
    0x366, 0x367, 0x068, 0x069, 0x078, 0x079, 0x168, 0x169, 0x178, 0x179, 0x258, 0x267, 0x268, 0x269, 0x278, 0x358,
    0x367, 0x368, 0x069, 0x06A, 0x079, 0x07A, 0x169, 0x16A, 0x179, 0x17A, 0x259, 0x268, 0x269, 0x26A, 0x279, 0x359,
    0x368, 0x369, 0x06A, 0x06B, 0x07A, 0x07B, 0x16A, 0x16B, 0x17A, 0x17B, 0x25A, 0x269, 0x26A, 0x26B, 0x27A, 0x35A,
    0x369, 0x36A, 0x06B, 0x06C, 0x07B, 0x07C, 0x16B, 0x16C, 0x17B, 0x17C, 0x25B, 0x26A, 0x26B, 0x26C, 0x27B, 0x35B,
    0x36A, 0x36B, 0x06C, 0x06D, 0x07C, 0x07D, 0x16C, 0x16D, 0x17C, 0x17D, 0x25C, 0x26B, 0x26C, 0x26D, 0x27C, 0x35C,
    0x36B, 0x36C, 0x06D, 0x06E, 0x07D, 0x07E, 0x16D, 0x16E, 0x17D, 0x17E, 0x25D, 0x25E, 0x26C, 0x26D, 0x26E, 0x27D,
    0x35D, 0x35E, 0x36C, 0x36D, 0x06E, 0x06F, 0x07E, 0x07F, 0x16E, 0x16F, 0x17E, 0x17F, 0x25E, 0x25F, 0x26D, 0x26E,
    0x26F, 0x27E, 0x35E, 0x35F, 0x36D, 0x36E, 0x06F, 0x07F, 0x16F, 0x17F, 0x25F, 0x26F, 0x27F, 0x35F, 0x36E, 0x36F,
    0x071, 0x081, 0x170, 0x171, 0x181, 0x270, 0x271, 0x281, 0x370, 0x071, 0x072, 0x082, 0x171, 0x172, 0x181, 0x270,
    0x271, 0x272, 0x370, 0x371, 0x072, 0x073, 0x083, 0x172, 0x173, 0x183, 0x271, 0x272, 0x273, 0x370, 0x371, 0x372,
    0x073, 0x074, 0x083, 0x084, 0x173, 0x174, 0x272, 0x273, 0x274, 0x372, 0x373, 0x074, 0x075, 0x084, 0x085, 0x174,
    0x175, 0x184, 0x264, 0x273, 0x274, 0x275, 0x284, 0x364, 0x373, 0x374, 0x075, 0x076, 0x085, 0x086, 0x175, 0x176,
    0x185, 0x265, 0x274, 0x275, 0x276, 0x285, 0x365, 0x374, 0x375, 0x076, 0x077, 0x086, 0x087, 0x176, 0x177, 0x186,
    0x266, 0x275, 0x276, 0x277, 0x286, 0x366, 0x375, 0x376, 0x077, 0x078, 0x087, 0x088, 0x177, 0x178, 0x187, 0x267,
    0x276, 0x277, 0x278, 0x287, 0x367, 0x376, 0x377, 0x078, 0x079, 0x088, 0x089, 0x178, 0x179, 0x188, 0x268, 0x277,
    0x278, 0x279, 0x288, 0x368, 0x377, 0x378, 0x079, 0x07A, 0x089, 0x08A, 0x179, 0x17A, 0x189, 0x269, 0x278, 0x279,
    0x27A, 0x289, 0x369, 0x378, 0x379, 0x07A, 0x07B, 0x08A, 0x08B, 0x17A, 0x17B, 0x18A, 0x26A, 0x279, 0x27A, 0x27B,
    0x28A, 0x36A, 0x379, 0x37A, 0x07B, 0x07C, 0x08B, 0x17B, 0x17C, 0x18B, 0x26B, 0x27A, 0x27B, 0x27C, 0x28B, 0x36B,
    0x37A, 0x37B, 0x07C, 0x07D, 0x08C, 0x17C, 0x17D, 0x18C, 0x26C, 0x27B, 0x27C, 0x27D, 0x28C, 0x36C, 0x37B, 0x37C,
    0x07D, 0x07E, 0x08D, 0x08E, 0x17D, 0x17E, 0x18D, 0x26D, 0x27C, 0x27D, 0x27E, 0x28D, 0x36D, 0x37C, 0x37D, 0x07E,
    0x07F, 0x08E, 0x17E, 0x17F, 0x18E, 0x26E, 0x27D, 0x27E, 0x27F, 0x28E, 0x36E, 0x37D, 0x37E, 0x07F, 0x08F, 0x17F,
    0x18F, 0x27E, 0x27F, 0x28F, 0x37E, 0x37F, 0x081, 0x091, 0x180, 0x181, 0x182, 0x191, 0x280, 0x281, 0x380, 0x081,
    0x082, 0x181, 0x182, 0x280, 0x281, 0x282, 0x380, 0x381, 0x082, 0x083, 0x182, 0x183, 0x281, 0x282, 0x283, 0x371,
    0x380, 0x381, 0x382, 0x083, 0x084, 0x183, 0x184, 0x282, 0x283, 0x284, 0x382, 0x383, 0x084, 0x085, 0x184, 0x185,
    0x274, 0x283, 0x284, 0x285, 0x374, 0x383, 0x384, 0x085, 0x086, 0x095, 0x185, 0x186, 0x195, 0x275, 0x284, 0x285,
    0x286, 0x295, 0x375, 0x384, 0x385, 0x086, 0x087, 0x096, 0x186, 0x187, 0x196, 0x276, 0x285, 0x286, 0x287, 0x296,
    0x376, 0x385, 0x386, 0x087, 0x088, 0x097, 0x187, 0x188, 0x197, 0x277, 0x286, 0x287, 0x288, 0x297, 0x377, 0x386,
    0x387, 0x088, 0x089, 0x098, 0x188, 0x189, 0x198, 0x278, 0x287, 0x288, 0x289, 0x298, 0x378, 0x387, 0x388, 0x089,
    0x08A, 0x099, 0x189, 0x18A, 0x199, 0x279, 0x288, 0x289, 0x28A, 0x299, 0x379, 0x388, 0x389, 0x08A, 0x08B, 0x09A,
    0x18A, 0x18B, 0x19A, 0x27A, 0x289, 0x28A, 0x28B, 0x29A, 0x37A, 0x389, 0x38A, 0x08B, 0x08C, 0x09B, 0x18B, 0x18C,
    0x19B, 0x27B, 0x28A, 0x28B, 0x28C, 0x29B, 0x37B, 0x38A, 0x38B, 0x08C, 0x08D, 0x09C, 0x18C, 0x18D, 0x19C, 0x27C,
    0x28B, 0x28C, 0x28D, 0x29C, 0x37C, 0x38B, 0x38C, 0x08D, 0x08E, 0x09D, 0x18D, 0x18E, 0x19D, 0x27D, 0x28C, 0x28D,
    0x28E, 0x29D, 0x37D, 0x38C, 0x38D, 0x08E, 0x08F, 0x09E, 0x18E, 0x18F, 0x19E, 0x27E, 0x28D, 0x28E, 0x28F, 0x29E,
    0x37E, 0x38D, 0x38E, 0x08F, 0x09F, 0x18F, 0x19F, 0x28E, 0x28F, 0x37F, 0x38E, 0x38F, 0x091, 0x092, 0x0A1, 0x0A2,
    0x190, 0x191, 0x192, 0x1A1, 0x1A2, 0x290, 0x291, 0x390, 0x091, 0x092, 0x0A2, 0x191, 0x192, 0x1A2, 0x290, 0x291,
    0x292, 0x390, 0x391, 0x092, 0x093, 0x0A2, 0x0A3, 0x192, 0x193, 0x1A3, 0x281, 0x291, 0x292, 0x293, 0x381, 0x390,
    0x391, 0x392, 0x093, 0x094, 0x0A3, 0x0A4, 0x193, 0x194, 0x1A3, 0x1A4, 0x292, 0x293, 0x294, 0x382, 0x392, 0x393,
    0x094, 0x095, 0x0A4, 0x0A5, 0x194, 0x195, 0x1A4, 0x1A5, 0x284, 0x293, 0x294, 0x295, 0x2A4, 0x384, 0x393, 0x394,
    0x095, 0x096, 0x0A5, 0x0A6, 0x195, 0x196, 0x1A5, 0x1A6, 0x285, 0x294, 0x295, 0x296, 0x2A5, 0x385, 0x394, 0x395,
    0x096, 0x097, 0x0A6, 0x0A7, 0x196, 0x197, 0x1A6, 0x1A7, 0x286, 0x295, 0x296, 0x297, 0x2A6, 0x386, 0x395, 0x396,
    0x097, 0x098, 0x0A7, 0x0A8, 0x197, 0x198, 0x1A7, 0x1A8, 0x287, 0x296, 0x297, 0x298, 0x2A7, 0x387, 0x396, 0x397,
    0x098, 0x099, 0x0A8, 0x0A9, 0x198, 0x199, 0x1A8, 0x1A9, 0x288, 0x297, 0x298, 0x299, 0x2A8, 0x388, 0x397, 0x398,
    0x099, 0x09A, 0x0A9, 0x0AA, 0x199, 0x19A, 0x1A9, 0x1AA, 0x289, 0x298, 0x299, 0x29A, 0x2A9, 0x389, 0x398, 0x399,
    0x09A, 0x09B, 0x0AA, 0x0AB, 0x19A, 0x19B, 0x1AA, 0x1AB, 0x28A, 0x299, 0x29A, 0x29B, 0x2AA, 0x38A, 0x399, 0x39A,
    0x09B, 0x09C, 0x0AB, 0x0AC, 0x19B, 0x19C, 0x1AB, 0x1AC, 0x28B, 0x29A, 0x29B, 0x29C, 0x2AB, 0x38B, 0x39A, 0x39B,
    0x09C, 0x09D, 0x0AC, 0x19C, 0x19D, 0x1AC, 0x1AD, 0x28C, 0x29B, 0x29C, 0x29D, 0x2AC, 0x38C, 0x39B, 0x39C, 0x09D,
    0x09E, 0x0AD, 0x0AE, 0x19D, 0x19E, 0x1AD, 0x1AE, 0x28D, 0x29C, 0x29D, 0x29E, 0x2AD, 0x38D, 0x39C, 0x39D, 0x09E,
    0x09F, 0x0AE, 0x0AF, 0x19E, 0x19F, 0x1AE, 0x1AF, 0x28E, 0x29D, 0x29E, 0x29F, 0x38E, 0x39D, 0x39E, 0x09F, 0x0AF,
    0x19F, 0x1AF, 0x29E, 0x29F, 0x38F, 0x39E, 0x39F, 0x0A1, 0x0A2, 0x0B1, 0x0B2, 0x1A0, 0x1A1, 0x1A2, 0x1B2, 0x2A0,
    0x2A1, 0x3A0, 0x0A1, 0x0A2, 0x0B2, 0x1A1, 0x1A2, 0x1B2, 0x2A0, 0x2A1, 0x2A2, 0x3A0, 0x3A1, 0x0A2, 0x0A3, 0x0B3,
    0x1A2, 0x1A3, 0x1B3, 0x2A1, 0x2A2, 0x2A3, 0x3A0, 0x3A1, 0x3A2, 0x0A3, 0x0A4, 0x0B4, 0x1A3, 0x1A4, 0x1B4, 0x2A2,
    0x2A3, 0x2A4, 0x3A2, 0x3A3, 0x0A4, 0x0A5, 0x1A4, 0x1A5, 0x2A3, 0x2A4, 0x2A5, 0x3A3, 0x3A4, 0x4A3, 0x0A5, 0x0A6,
    0x1A5, 0x1A6, 0x1B5, 0x2A4, 0x2A5, 0x2A6, 0x2B5, 0x3A4, 0x3A5, 0x4A4, 0x0A6, 0x0A7, 0x0B6, 0x1A6, 0x1A7, 0x1B6,
    0x296, 0x2A5, 0x2A6, 0x2A7, 0x2B6, 0x396, 0x3A5, 0x3A6, 0x4A5, 0x0A7, 0x0A8, 0x0B7, 0x1A7, 0x1A8, 0x1B7, 0x297,
    0x2A6, 0x2A7, 0x2A8, 0x2B7, 0x397, 0x3A6, 0x3A7, 0x4A6, 0x0A8, 0x0A9, 0x0B8, 0x1A8, 0x1A9, 0x1B8, 0x298, 0x2A7,
    0x2A8, 0x2A9, 0x2B8, 0x398, 0x3A7, 0x3A8, 0x4A7, 0x0A9, 0x0AA, 0x0B9, 0x1A9, 0x1AA, 0x1B9, 0x1BA, 0x299, 0x2A8,
    0x2A9, 0x2AA, 0x399, 0x3A8, 0x3A9, 0x0AA, 0x0AB, 0x0BA, 0x1AA, 0x1AB, 0x1BA, 0x29A, 0x2A9, 0x2AA, 0x2AB, 0x39A,
    0x3A9, 0x3AA, 0x0AB, 0x0AC, 0x0BB, 0x1AB, 0x1AC, 0x1BB, 0x29B, 0x2AA, 0x2AB, 0x2AC, 0x39B, 0x3AA, 0x3AB, 0x0AC,
    0x0AD, 0x0BC, 0x1AC, 0x1AD, 0x1BC, 0x29C, 0x2AB, 0x2AC, 0x2AD, 0x39C, 0x3AB, 0x3AC, 0x0AD, 0x0AE, 0x0BD, 0x1AD,
    0x1AE, 0x1BD, 0x29D, 0x2AC, 0x2AD, 0x2AE, 0x39D, 0x3AC, 0x3AD, 0x0AE, 0x0AF, 0x0BE, 0x1AE, 0x1AF, 0x1BE, 0x29E,
    0x2AD, 0x2AE, 0x2AF, 0x39E, 0x3AD, 0x3AE, 0x0AF, 0x0BF, 0x1AF, 0x1BF, 0x2AE, 0x2AF, 0x3AE, 0x3AF, 0x0B1, 0x0B2,
    0x0C1, 0x0C2, 0x1B0, 0x1B1, 0x1B2, 0x2B0, 0x2B1, 0x3B0, 0x0B1, 0x0B2, 0x0C2, 0x1B1, 0x1B2, 0x2B0, 0x2B1, 0x2B2,
    0x3B0, 0x3B1, 0x0B2, 0x0B3, 0x1B2, 0x1B3, 0x2B1, 0x2B2, 0x2B3, 0x3B0, 0x3B1, 0x3B2, 0x0B3, 0x0B4, 0x1B3, 0x1B4,
    0x2B2, 0x2B3, 0x2B4, 0x3B1, 0x3B2, 0x3B3, 0x4B2, 0x0B4, 0x0B5, 0x1B4, 0x1B5, 0x2B3, 0x2B4, 0x2B5, 0x3B3, 0x3B4,
    0x4B3, 0x0B5, 0x0B6, 0x1B5, 0x1B6, 0x2B4, 0x2B5, 0x2B6, 0x3B4, 0x3B5, 0x4B4, 0x0B6, 0x0B7, 0x0C6, 0x1B6, 0x1B7,
    0x1C6, 0x2A6, 0x2B5, 0x2B6, 0x2B7, 0x3A6, 0x3B5, 0x3B6, 0x4B5, 0x0B7, 0x0B8, 0x0C7, 0x1B7, 0x1B8, 0x1C7, 0x2A7,
    0x2B6, 0x2B7, 0x2B8, 0x3A7, 0x3B6, 0x3B7, 0x4B6, 0x0B8, 0x0B9, 0x0C8, 0x1B8, 0x1B9, 0x1C8, 0x2A8, 0x2B7, 0x2B8,
    0x2B9, 0x3A8, 0x3B7, 0x3B8, 0x4B7, 0x0B9, 0x0BA, 0x0C9, 0x1B9, 0x1BA, 0x1C9, 0x2A9, 0x2B8, 0x2B9, 0x2BA, 0x3A9,
    0x3B8, 0x3B9, 0x4B8, 0x0BA, 0x0BB, 0x0CA, 0x1BA, 0x1BB, 0x1CA, 0x2AA, 0x2B9, 0x2BA, 0x2BB, 0x3AA, 0x3B9, 0x3BA,
    0x4B9, 0x0BB, 0x0BC, 0x0CB, 0x1BB, 0x1BC, 0x1CB, 0x2AB, 0x2BA, 0x2BB, 0x2BC, 0x3AB, 0x3BA, 0x3BB, 0x4BA, 0x0BC,
    0x0BD, 0x0CC, 0x1BC, 0x1BD, 0x1CC, 0x2AC, 0x2BB, 0x2BC, 0x2BD, 0x3AC, 0x3BB, 0x3BC, 0x4BB, 0x0BD, 0x0BE, 0x0CD,
    0x1BD, 0x1BE, 0x1CD, 0x2AD, 0x2BC, 0x2BD, 0x2BE, 0x3AD, 0x3BC, 0x3BD, 0x4BC, 0x0BE, 0x0BF, 0x0CE, 0x1BE, 0x1BF,
    0x1CE, 0x2BD, 0x2BE, 0x2BF, 0x3AE, 0x3BD, 0x3BE, 0x4BD, 0x0BF, 0x0CF, 0x1BF, 0x1CF, 0x2BE, 0x2BF, 0x3BE, 0x3BF,
    0x0C1, 0x0C2, 0x0D2, 0x1C0, 0x1C1, 0x1C2, 0x2C0, 0x2C1, 0x3C0, 0x0C1, 0x0C2, 0x1C1, 0x1C2, 0x2C0, 0x2C1, 0x2C2,
    0x3C0, 0x3C1, 0x0C2, 0x0C3, 0x1C2, 0x1C3, 0x2C1, 0x2C2, 0x2C3, 0x3B0, 0x3C0, 0x3C1, 0x3C2, 0x4C0, 0x4C1, 0x0C3,
    0x0C4, 0x1C3, 0x1C4, 0x2C2, 0x2C3, 0x2C4, 0x3B2, 0x3C1, 0x3C2, 0x3C3, 0x4C1, 0x4C2, 0x0C4, 0x0C5, 0x1C4, 0x1C5,
    0x2C3, 0x2C4, 0x2C5, 0x3B3, 0x3C3, 0x3C4, 0x4C3, 0x0C5, 0x0C6, 0x1C5, 0x1C6, 0x2C4, 0x2C5, 0x2C6, 0x3B5, 0x3C4,
    0x3C5, 0x4C4, 0x0C6, 0x0C7, 0x1C6, 0x1C7, 0x2C5, 0x2C6, 0x2C7, 0x3B6, 0x3C5, 0x3C6, 0x4C5, 0x4C6, 0x0C7, 0x0C8,
    0x0D7, 0x1C7, 0x1C8, 0x2C6, 0x2C7, 0x2C8, 0x3B7, 0x3C6, 0x3C7, 0x4C6, 0x4C7, 0x0C8, 0x0C9, 0x0D8, 0x1C8, 0x1C9,
    0x1D8, 0x2C7, 0x2C8, 0x2C9, 0x3B8, 0x3C7, 0x3C8, 0x4C7, 0x4C8, 0x0C9, 0x0CA, 0x0D9, 0x1C9, 0x1CA, 0x1D9, 0x2C8,
    0x2C9, 0x2CA, 0x3B9, 0x3C8, 0x3C9, 0x4C8, 0x4C9, 0x0CA, 0x0CB, 0x0DA, 0x1CA, 0x1CB, 0x1DA, 0x2C9, 0x2CA, 0x2CB,
    0x3BA, 0x3C9, 0x3CA, 0x4C9, 0x4CA, 0x0CB, 0x0CC, 0x0DB, 0x1CB, 0x1CC, 0x1DB, 0x2CA, 0x2CB, 0x2CC, 0x3BB, 0x3CA,
    0x3CB, 0x4CA, 0x4CB, 0x0CC, 0x0CD, 0x0DC, 0x1CC, 0x1CD, 0x1DC, 0x2CB, 0x2CC, 0x2CD, 0x3BC, 0x3CB, 0x3CC, 0x4CB,
    0x4CC, 0x0CD, 0x0CE, 0x0DD, 0x1CD, 0x1CE, 0x1DD, 0x2CC, 0x2CD, 0x2CE, 0x3BD, 0x3CC, 0x3CD, 0x4CC, 0x4CD, 0x0CE,
    0x0CF, 0x0DE, 0x1CE, 0x1CF, 0x1DE, 0x2CD, 0x2CE, 0x2CF, 0x3BE, 0x3CD, 0x3CE, 0x4CD, 0x4CE, 0x0CF, 0x0DF, 0x1CF,
    0x1DF, 0x2CE, 0x2CF, 0x3CE, 0x3CF, 0x4CE, 0x0D1, 0x0D2, 0x0E2, 0x1D0, 0x1D1, 0x1D2, 0x2D0, 0x2D1, 0x3D0, 0x0D1,
    0x0D2, 0x0D3, 0x0E2, 0x0E3, 0x1D1, 0x1D2, 0x2D0, 0x2D1, 0x2D2, 0x3C0, 0x3D0, 0x3D1, 0x4D0, 0x0D2, 0x0D3, 0x0E3,
    0x1D2, 0x1D3, 0x2D1, 0x2D2, 0x2D3, 0x3C0, 0x3C1, 0x3D0, 0x3D1, 0x3D2, 0x4D0, 0x4D1, 0x0D3, 0x0D4, 0x0E3, 0x0E4,
    0x1D3, 0x1D4, 0x2D2, 0x2D3, 0x2D4, 0x3C1, 0x3C2, 0x3D1, 0x3D2, 0x3D3, 0x4D1, 0x4D2, 0x0D4, 0x0D5, 0x0E4, 0x0E5,
    0x1D4, 0x1D5, 0x2D3, 0x2D4, 0x2D5, 0x3C3, 0x3C4, 0x3D3, 0x3D4, 0x4C3, 0x4D3, 0x4D4, 0x0D5, 0x0D6, 0x0E5, 0x0E6,
    0x1D5, 0x1D6, 0x2D4, 0x2D5, 0x2D6, 0x3C4, 0x3C5, 0x3D4, 0x3D5, 0x4C4, 0x4D4, 0x4D5, 0x0D6, 0x0D7, 0x0E6, 0x0E7,
    0x1D6, 0x1D7, 0x2D5, 0x2D6, 0x2D7, 0x3C5, 0x3C6, 0x3D5, 0x3D6, 0x4D5, 0x4D6, 0x0D7, 0x0D8, 0x0E7, 0x0E8, 0x1D7,
    0x1D8, 0x1E7, 0x2D6, 0x2D7, 0x2D8, 0x3C6, 0x3C7, 0x3D6, 0x3D7, 0x4D6, 0x4D7, 0x0D8, 0x0D9, 0x0E8, 0x0E9, 0x1D8,
    0x1D9, 0x1E8, 0x2D7, 0x2D8, 0x2D9, 0x3C7, 0x3C8, 0x3D7, 0x3D8, 0x4D7, 0x4D8, 0x0D9, 0x0DA, 0x0E9, 0x0EA, 0x1D9,
    0x1DA, 0x1E9, 0x2D8, 0x2D9, 0x2DA, 0x3C8, 0x3C9, 0x3D8, 0x3D9, 0x4D8, 0x4D9, 0x0DA, 0x0DB, 0x0EA, 0x0EB, 0x1DA,
    0x1DB, 0x1EA, 0x2D9, 0x2DA, 0x2DB, 0x3C9, 0x3CA, 0x3D9, 0x3DA, 0x4D9, 0x4DA, 0x0DB, 0x0DC, 0x0EB, 0x0EC, 0x1DB,
    0x1DC, 0x1EB, 0x2DA, 0x2DB, 0x2DC, 0x3CA, 0x3CB, 0x3DA, 0x3DB, 0x4CB, 0x4DA, 0x4DB, 0x0DC, 0x0DD, 0x0EC, 0x0ED,
    0x1DC, 0x1DD, 0x1EC, 0x2DB, 0x2DC, 0x2DD, 0x3CB, 0x3CC, 0x3DB, 0x3DC, 0x4CC, 0x4DB, 0x4DC, 0x0DD, 0x0DE, 0x0ED,
    0x0EE, 0x1DD, 0x1DE, 0x1ED, 0x2DC, 0x2DD, 0x2DE, 0x3CC, 0x3CD, 0x3DC, 0x3DD, 0x4CD, 0x4DC, 0x4DD, 0x0DE, 0x0DF,
    0x0EE, 0x0EF, 0x1DE, 0x1DF, 0x1EE, 0x2DD, 0x2DE, 0x2DF, 0x3CE, 0x3DD, 0x3DE, 0x4CE, 0x4DD, 0x4DE, 0x0DF, 0x0EF,
    0x1DF, 0x1EF, 0x2DE, 0x2DF, 0x3DE, 0x3DF, 0x4DE, 0x0E1, 0x0E2, 0x0F2, 0x1E0, 0x1E1, 0x1E2, 0x2E0, 0x2E1, 0x3E0,
    0x0E1, 0x0E2, 0x0E3, 0x0F2, 0x1E1, 0x1E2, 0x2E0, 0x2E1, 0x2E2, 0x3E0, 0x3E1, 0x4E0, 0x0E2, 0x0E3, 0x1E2, 0x1E3,
    0x2E1, 0x2E2, 0x2E3, 0x3E0, 0x3E1, 0x3E2, 0x4E0, 0x4E1, 0x0E3, 0x0E4, 0x1E3, 0x1E4, 0x2E2, 0x2E3, 0x2E4, 0x3E1,
    0x3E2, 0x3E3, 0x4E1, 0x4E2, 0x4E3, 0x0E4, 0x0E5, 0x0F5, 0x1E4, 0x1E5, 0x2E3, 0x2E4, 0x2E5, 0x3E3, 0x3E4, 0x4E3,
    0x4E4, 0x0E5, 0x0E6, 0x1E5, 0x1E6, 0x2E4, 0x2E5, 0x2E6, 0x3E4, 0x3E5, 0x4E4, 0x4E5, 0x0E6, 0x0E7, 0x1E6, 0x1E7,
    0x2E5, 0x2E6, 0x2E7, 0x3E5, 0x3E6, 0x4E5, 0x4E6, 0x0E7, 0x0E8, 0x1E7, 0x1E8, 0x2E6, 0x2E7, 0x2E8, 0x3D7, 0x3E6,
    0x3E7, 0x4E6, 0x4E7, 0x0E8, 0x0E9, 0x0F8, 0x1E8, 0x1E9, 0x1F8, 0x2E7, 0x2E8, 0x2E9, 0x3D8, 0x3E7, 0x3E8, 0x4E7,
    0x4E8, 0x0E9, 0x0EA, 0x0F9, 0x1E9, 0x1EA, 0x1F9, 0x2E8, 0x2E9, 0x2EA, 0x3D9, 0x3E8, 0x3E9, 0x4E8, 0x4E9, 0x0EA,
    0x0EB, 0x0FA, 0x1EA, 0x1EB, 0x1FA, 0x2E9, 0x2EA, 0x2EB, 0x3DA, 0x3E9, 0x3EA, 0x4E9, 0x4EA, 0x0EB, 0x0EC, 0x0FB,
    0x1EB, 0x1EC, 0x1FB, 0x2EA, 0x2EB, 0x2EC, 0x3DB, 0x3EA, 0x3EB, 0x4DB, 0x4EA, 0x4EB, 0x0EC, 0x0ED, 0x0FC, 0x1EC,
    0x1ED, 0x1FC, 0x2EB, 0x2EC, 0x2ED, 0x3DC, 0x3EB, 0x3EC, 0x4DC, 0x4EB, 0x4EC, 0x0ED, 0x0EE, 0x0FD, 0x1ED, 0x1EE,
    0x1FD, 0x2EC, 0x2ED, 0x2EE, 0x3DD, 0x3EC, 0x3ED, 0x4DD, 0x4EC, 0x4ED, 0x0EE, 0x0EF, 0x0FE, 0x1EE, 0x1EF, 0x1FE,
    0x2ED, 0x2EE, 0x2EF, 0x3DE, 0x3ED, 0x3EE, 0x4DE, 0x4ED, 0x4EE, 0x0EF, 0x0FF, 0x1EF, 0x2EE, 0x2EF, 0x3EE, 0x3EF,
    0x4EE, 0x0F1, 0x0F2, 0x1F0, 0x1F1, 0x1F2, 0x2F0, 0x2F1, 0x0F1, 0x0F2, 0x0F3, 0x1F1, 0x1F2, 0x2F0, 0x2F1, 0x2F2,
    0x3F1, 0x0F2, 0x0F3, 0x1F2, 0x1F3, 0x2F1, 0x2F2, 0x2F3, 0x3F2, 0x0F3, 0x0F4, 0x1F3, 0x1F4, 0x2F2, 0x2F3, 0x2F4,
    0x3F2, 0x3F3, 0x0F4, 0x0F5, 0x1F4, 0x1F5, 0x2F3, 0x2F4, 0x2F5, 0x3E3, 0x3F3, 0x3F4, 0x0F5, 0x0F6, 0x1F5, 0x1F6,
    0x2F4, 0x2F5, 0x2F6, 0x3F4, 0x3F5, 0x0F6, 0x0F7, 0x1F6, 0x1F7, 0x2F5, 0x2F6, 0x2F7, 0x3E6, 0x3F5, 0x3F6, 0x0F7,
    0x0F8, 0x1F7, 0x1F8, 0x2F7, 0x2F8, 0x3E7, 0x3F7, 0x0F8, 0x0F9, 0x1F8, 0x1F9, 0x2F8, 0x2F9, 0x3E8, 0x3F7, 0x3F8,
    0x0F9, 0x0FA, 0x1F9, 0x1FA, 0x2F9, 0x2FA, 0x3E9, 0x3F8, 0x3F9, 0x4E9, 0x0FA, 0x0FB, 0x1FA, 0x1FB, 0x2FA, 0x2FB,
    0x3EA, 0x3FA, 0x4EA, 0x0FB, 0x0FC, 0x1FB, 0x1FC, 0x2FB, 0x2FC, 0x3EB, 0x3FB, 0x4EB, 0x0FC, 0x0FD, 0x1FC, 0x1FD,
    0x2FC, 0x2FD, 0x3EC, 0x3FC, 0x4EC, 0x0FD, 0x0FE, 0x1FD, 0x1FE, 0x2FD, 0x2FE, 0x3ED, 0x3FD, 0x4ED, 0x0FE, 0x0FF,
    0x1FE, 0x1FF, 0x2FE, 0x2FF, 0x3EE, 0x3FE, 0x4EE, 0x0FF, 0x1FF, 0x2FF, 0x300, 0x301, 0x310, 0x311, 0x400, 0x401,
    0x201, 0x211, 0x300, 0x301, 0x302, 0x311, 0x312, 0x400, 0x401, 0x402, 0x202, 0x212, 0x301, 0x302, 0x303, 0x312,
    0x313, 0x401, 0x402, 0x403, 0x203, 0x302, 0x303, 0x304, 0x313, 0x314, 0x402, 0x403, 0x404, 0x204, 0x214, 0x303,
    0x304, 0x305, 0x314, 0x404, 0x405, 0x205, 0x215, 0x304, 0x305, 0x306, 0x314, 0x315, 0x405, 0x406, 0x206, 0x216,
    0x305, 0x306, 0x307, 0x315, 0x316, 0x406, 0x407, 0x207, 0x217, 0x306, 0x307, 0x308, 0x316, 0x317, 0x407, 0x408,
    0x208, 0x218, 0x307, 0x308, 0x309, 0x317, 0x318, 0x408, 0x209, 0x218, 0x219, 0x308, 0x309, 0x30A, 0x318, 0x319,
    0x409, 0x20A, 0x219, 0x21A, 0x309, 0x30A, 0x30B, 0x319, 0x31A, 0x40A, 0x20B, 0x21A, 0x21B, 0x30B, 0x30C, 0x31A,
    0x31B, 0x40B, 0x20C, 0x21B, 0x21C, 0x30C, 0x30D, 0x31B, 0x31C, 0x40C, 0x20D, 0x21C, 0x21D, 0x30D, 0x30E, 0x31C,
    0x31D, 0x40D, 0x20E, 0x21D, 0x21E, 0x30E, 0x30F, 0x31D, 0x31E, 0x40E, 0x20F, 0x21E, 0x21F, 0x30F, 0x31E, 0x31F,
    0x40F, 0x210, 0x211, 0x300, 0x310, 0x311, 0x321, 0x400, 0x410, 0x211, 0x212, 0x300, 0x301, 0x310, 0x311, 0x312,
    0x321, 0x322, 0x400, 0x401, 0x410, 0x411, 0x212, 0x213, 0x301, 0x302, 0x311, 0x312, 0x313, 0x322, 0x323, 0x401,
    0x402, 0x411, 0x412, 0x413, 0x213, 0x223, 0x302, 0x303, 0x304, 0x312, 0x313, 0x314, 0x323, 0x324, 0x402, 0x403,
    0x404, 0x412, 0x413, 0x414, 0x214, 0x304, 0x305, 0x313, 0x314, 0x315, 0x324, 0x325, 0x404, 0x405, 0x413, 0x414,
    0x415, 0x214, 0x215, 0x305, 0x306, 0x314, 0x315, 0x316, 0x325, 0x326, 0x405, 0x406, 0x415, 0x416, 0x215, 0x216,
    0x226, 0x306, 0x307, 0x315, 0x316, 0x317, 0x326, 0x406, 0x407, 0x416, 0x417, 0x216, 0x217, 0x227, 0x307, 0x308,
    0x316, 0x317, 0x318, 0x327, 0x407, 0x417, 0x418, 0x217, 0x218, 0x228, 0x308, 0x309, 0x317, 0x318, 0x319, 0x327,
    0x328, 0x408, 0x418, 0x419, 0x218, 0x219, 0x229, 0x309, 0x30A, 0x318, 0x319, 0x31A, 0x328, 0x329, 0x409, 0x419,
    0x41A, 0x21A, 0x22A, 0x30A, 0x30B, 0x319, 0x31A, 0x31B, 0x329, 0x32A, 0x40A, 0x40B, 0x41A, 0x41B, 0x21A, 0x21B,
    0x22B, 0x30B, 0x30C, 0x31A, 0x31B, 0x31C, 0x32A, 0x32B, 0x40B, 0x40C, 0x41B, 0x41C, 0x21B, 0x21C, 0x22C, 0x30C,
    0x30D, 0x31B, 0x31C, 0x31D, 0x32B, 0x32C, 0x40C, 0x40D, 0x41C, 0x21C, 0x21D, 0x22C, 0x22D, 0x30D, 0x30E, 0x31C,
    0x31D, 0x31E, 0x32C, 0x32D, 0x40D, 0x40E, 0x41D, 0x21E, 0x22E, 0x30E, 0x30F, 0x31D, 0x31E, 0x31F, 0x32D, 0x32E,
    0x40E, 0x40F, 0x41E, 0x21E, 0x21F, 0x22E, 0x22F, 0x30F, 0x31E, 0x31F, 0x32E, 0x32F, 0x40F, 0x41F, 0x220, 0x221,
    0x231, 0x310, 0x320, 0x321, 0x331, 0x410, 0x420, 0x221, 0x222, 0x310, 0x311, 0x320, 0x321, 0x322, 0x331, 0x332,
    0x410, 0x411, 0x420, 0x421, 0x222, 0x223, 0x232, 0x311, 0x312, 0x321, 0x322, 0x323, 0x332, 0x333, 0x411, 0x412,
    0x421, 0x422, 0x223, 0x224, 0x233, 0x234, 0x312, 0x313, 0x322, 0x323, 0x324, 0x333, 0x334, 0x412, 0x413, 0x422,
    0x423, 0x224, 0x225, 0x234, 0x235, 0x313, 0x314, 0x315, 0x323, 0x324, 0x325, 0x334, 0x335, 0x413, 0x414, 0x423,
    0x424, 0x225, 0x226, 0x235, 0x236, 0x314, 0x315, 0x316, 0x324, 0x325, 0x326, 0x335, 0x336, 0x415, 0x416, 0x424,
    0x425, 0x226, 0x227, 0x236, 0x316, 0x317, 0x325, 0x326, 0x327, 0x336, 0x337, 0x416, 0x417, 0x425, 0x426, 0x427,
    0x226, 0x227, 0x228, 0x317, 0x318, 0x326, 0x327, 0x328, 0x337, 0x338, 0x417, 0x418, 0x427, 0x428, 0x227, 0x228,
    0x229, 0x238, 0x318, 0x319, 0x327, 0x328, 0x329, 0x338, 0x418, 0x419, 0x428, 0x429, 0x228, 0x229, 0x22A, 0x239,
    0x319, 0x31A, 0x328, 0x329, 0x32A, 0x339, 0x419, 0x41A, 0x429, 0x42A, 0x229, 0x22A, 0x22B, 0x23A, 0x31A, 0x31B,
    0x329, 0x32A, 0x32B, 0x339, 0x33A, 0x41A, 0x42A, 0x42B, 0x22A, 0x22B, 0x22C, 0x23B, 0x31B, 0x31C, 0x32A, 0x32B,
    0x32C, 0x33A, 0x33B, 0x41B, 0x42B, 0x42C, 0x22B, 0x22C, 0x22D, 0x23C, 0x31C, 0x31D, 0x32B, 0x32C, 0x32D, 0x33B,
    0x33C, 0x41C, 0x42C, 0x42D, 0x22C, 0x22D, 0x22E, 0x23D, 0x31D, 0x31E, 0x32C, 0x32D, 0x32E, 0x33C, 0x33D, 0x41D,
    0x42D, 0x42E, 0x22E, 0x22F, 0x23E, 0x31E, 0x31F, 0x32D, 0x32E, 0x32F, 0x33D, 0x33E, 0x41E, 0x42E, 0x42F, 0x22E,
    0x22F, 0x31F, 0x32E, 0x32F, 0x33E, 0x33F, 0x41F, 0x42F, 0x230, 0x231, 0x241, 0x320, 0x330, 0x331, 0x341, 0x430,
    0x231, 0x232, 0x242, 0x320, 0x321, 0x330, 0x331, 0x332, 0x341, 0x342, 0x420, 0x430, 0x431, 0x232, 0x233, 0x321,
    0x322, 0x331, 0x332, 0x333, 0x342, 0x343, 0x422, 0x431, 0x432, 0x233, 0x234, 0x243, 0x322, 0x323, 0x332, 0x333,
    0x334, 0x343, 0x344, 0x423, 0x432, 0x433, 0x234, 0x235, 0x244, 0x323, 0x324, 0x333, 0x334, 0x335, 0x344, 0x345,
    0x424, 0x433, 0x434, 0x235, 0x236, 0x245, 0x324, 0x325, 0x334, 0x335, 0x336, 0x345, 0x346, 0x425, 0x434, 0x435,
    0x236, 0x237, 0x246, 0x247, 0x325, 0x326, 0x327, 0x335, 0x336, 0x337, 0x346, 0x347, 0x426, 0x435, 0x436, 0x237,
    0x238, 0x247, 0x327, 0x328, 0x336, 0x337, 0x338, 0x347, 0x348, 0x427, 0x428, 0x436, 0x437, 0x238, 0x239, 0x248,
    0x328, 0x329, 0x337, 0x338, 0x339, 0x348, 0x349, 0x428, 0x429, 0x437, 0x438, 0x239, 0x23A, 0x329, 0x32A, 0x339,
    0x33A, 0x349, 0x34A, 0x429, 0x42A, 0x439, 0x43A, 0x239, 0x23A, 0x23B, 0x32A, 0x32B, 0x339, 0x33A, 0x33B, 0x34A,
    0x34B, 0x42A, 0x42B, 0x43A, 0x43B, 0x23A, 0x23B, 0x23C, 0x24B, 0x32B, 0x32C, 0x33A, 0x33B, 0x33C, 0x34B, 0x42B,
    0x42C, 0x43B, 0x43C, 0x23B, 0x23C, 0x23D, 0x24C, 0x32C, 0x32D, 0x33B, 0x33C, 0x33D, 0x34B, 0x34C, 0x42C, 0x43C,
    0x43D, 0x23C, 0x23D, 0x23E, 0x24D, 0x32D, 0x32E, 0x33C, 0x33D, 0x33E, 0x34C, 0x34D, 0x42D, 0x43D, 0x43E, 0x23D,
    0x23E, 0x23F, 0x24E, 0x32E, 0x32F, 0x33D, 0x33E, 0x33F, 0x34D, 0x34E, 0x42E, 0x43E, 0x43F, 0x23E, 0x23F, 0x32F,
    0x33E, 0x33F, 0x34E, 0x34F, 0x42F, 0x43F, 0x240, 0x241, 0x251, 0x330, 0x340, 0x341, 0x351, 0x440, 0x241, 0x242,
    0x330, 0x331, 0x340, 0x341, 0x342, 0x351, 0x352, 0x430, 0x440, 0x441, 0x242, 0x243, 0x331, 0x332, 0x341, 0x342,
    0x343, 0x352, 0x353, 0x431, 0x441, 0x442, 0x243, 0x244, 0x253, 0x332, 0x333, 0x342, 0x343, 0x344, 0x353, 0x354,
    0x433, 0x442, 0x443, 0x244, 0x245, 0x254, 0x333, 0x334, 0x343, 0x344, 0x345, 0x354, 0x355, 0x434, 0x443, 0x444,
    0x245, 0x246, 0x255, 0x334, 0x335, 0x344, 0x345, 0x346, 0x355, 0x356, 0x435, 0x444, 0x445, 0x246, 0x247, 0x256,
    0x335, 0x336, 0x345, 0x346, 0x347, 0x356, 0x357, 0x436, 0x445, 0x446, 0x247, 0x248, 0x257, 0x336, 0x337, 0x346,
    0x347, 0x348, 0x357, 0x358, 0x437, 0x446, 0x447, 0x248, 0x249, 0x258, 0x337, 0x338, 0x347, 0x348, 0x349, 0x358,
    0x359, 0x438, 0x447, 0x448, 0x249, 0x24A, 0x259, 0x339, 0x33A, 0x348, 0x349, 0x34A, 0x359, 0x35A, 0x439, 0x448,
    0x449, 0x24A, 0x24B, 0x25A, 0x33A, 0x33B, 0x349, 0x34A, 0x34B, 0x35A, 0x35B, 0x43B, 0x449, 0x44A, 0x24B, 0x24C,
    0x33B, 0x33C, 0x34B, 0x34C, 0x35B, 0x35C, 0x43B, 0x43C, 0x44A, 0x44B, 0x44C, 0x24B, 0x24C, 0x24D, 0x33C, 0x33D,
    0x34B, 0x34C, 0x34D, 0x35C, 0x43C, 0x43D, 0x44C, 0x44D, 0x24C, 0x24D, 0x24E, 0x33D, 0x33E, 0x34C, 0x34D, 0x34E,
    0x35D, 0x43D, 0x43E, 0x44D, 0x44E, 0x24D, 0x24E, 0x24F, 0x25E, 0x33E, 0x33F, 0x34D, 0x34E, 0x34F, 0x35E, 0x43E,
    0x43F, 0x44E, 0x44F, 0x24E, 0x24F, 0x33F, 0x34E, 0x34F, 0x35F, 0x43F, 0x44F, 0x250, 0x251, 0x261, 0x340, 0x350,
    0x351, 0x361, 0x450, 0x251, 0x252, 0x340, 0x341, 0x350, 0x351, 0x352, 0x361, 0x362, 0x440, 0x450, 0x451, 0x252,
    0x253, 0x341, 0x342, 0x351, 0x352, 0x353, 0x362, 0x363, 0x441, 0x450, 0x451, 0x452, 0x253, 0x254, 0x342, 0x343,
    0x352, 0x353, 0x354, 0x363, 0x364, 0x443, 0x452, 0x453, 0x254, 0x255, 0x264, 0x343, 0x344, 0x353, 0x354, 0x355,
    0x364, 0x365, 0x444, 0x453, 0x454, 0x255, 0x256, 0x265, 0x344, 0x345, 0x354, 0x355, 0x356, 0x365, 0x366, 0x445,
    0x454, 0x455, 0x256, 0x257, 0x266, 0x345, 0x346, 0x355, 0x356, 0x357, 0x366, 0x367, 0x446, 0x455, 0x456, 0x257,
    0x258, 0x267, 0x346, 0x347, 0x356, 0x357, 0x358, 0x367, 0x368, 0x447, 0x456, 0x457, 0x258, 0x259, 0x268, 0x347,
    0x348, 0x357, 0x358, 0x359, 0x368, 0x369, 0x448, 0x457, 0x458, 0x259, 0x25A, 0x269, 0x348, 0x349, 0x358, 0x359,
    0x35A, 0x369, 0x36A, 0x449, 0x458, 0x459, 0x25A, 0x25B, 0x26A, 0x349, 0x34A, 0x34B, 0x359, 0x35A, 0x35B, 0x36A,
    0x36B, 0x44A, 0x459, 0x45A, 0x25B, 0x25C, 0x26B, 0x34B, 0x34C, 0x35A, 0x35B, 0x35C, 0x36B, 0x36C, 0x44B, 0x45A,
    0x45B, 0x25C, 0x25D, 0x26C, 0x34C, 0x34D, 0x35B, 0x35C, 0x35D, 0x36C, 0x36D, 0x44C, 0x44D, 0x45B, 0x45C, 0x25D,
    0x25E, 0x34D, 0x34E, 0x35C, 0x35D, 0x35E, 0x36D, 0x36E, 0x44D, 0x44E, 0x45C, 0x45D, 0x45E, 0x25E, 0x25F, 0x34E,
    0x34F, 0x35D, 0x35E, 0x35F, 0x36E, 0x44E, 0x44F, 0x45E, 0x45F, 0x25E, 0x25F, 0x34F, 0x35E, 0x35F, 0x44F, 0x45F,
    0x260, 0x261, 0x271, 0x350, 0x360, 0x361, 0x371, 0x460, 0x261, 0x262, 0x272, 0x350, 0x351, 0x360, 0x361, 0x362,
    0x371, 0x372, 0x450, 0x460, 0x461, 0x262, 0x263, 0x273, 0x351, 0x352, 0x361, 0x362, 0x363, 0x372, 0x373, 0x451,
    0x460, 0x461, 0x462, 0x263, 0x264, 0x273, 0x274, 0x352, 0x353, 0x362, 0x363, 0x364, 0x373, 0x374, 0x453, 0x462,
    0x463, 0x264, 0x265, 0x274, 0x275, 0x353, 0x354, 0x363, 0x364, 0x365, 0x374, 0x375, 0x454, 0x463, 0x464, 0x265,
    0x266, 0x275, 0x276, 0x354, 0x355, 0x364, 0x365, 0x366, 0x375, 0x376, 0x455, 0x464, 0x465, 0x266, 0x267, 0x276,
    0x277, 0x355, 0x356, 0x365, 0x366, 0x367, 0x376, 0x377, 0x456, 0x465, 0x466, 0x267, 0x268, 0x277, 0x278, 0x357,
    0x366, 0x367, 0x368, 0x377, 0x378, 0x457, 0x466, 0x467, 0x268, 0x269, 0x278, 0x279, 0x358, 0x367, 0x368, 0x369,
    0x378, 0x379, 0x458, 0x467, 0x468, 0x269, 0x26A, 0x279, 0x27A, 0x358, 0x359, 0x368, 0x369, 0x36A, 0x379, 0x37A,
    0x459, 0x468, 0x469, 0x26A, 0x26B, 0x27A, 0x27B, 0x35A, 0x369, 0x36A, 0x36B, 0x37A, 0x37B, 0x45A, 0x469, 0x46A,
    0x26B, 0x26C, 0x27B, 0x27C, 0x35B, 0x36A, 0x36B, 0x36C, 0x37B, 0x37C, 0x45B, 0x46A, 0x46B, 0x26C, 0x26D, 0x27C,
    0x35B, 0x35C, 0x36B, 0x36C, 0x36D, 0x37C, 0x37D, 0x45C, 0x46B, 0x46C, 0x26D, 0x26E, 0x27D, 0x27E, 0x35C, 0x35D,
    0x35E, 0x36C, 0x36D, 0x36E, 0x37D, 0x37E, 0x45D, 0x45E, 0x46C, 0x46D, 0x26E, 0x26F, 0x27E, 0x27F, 0x35E, 0x35F,
    0x36D, 0x36E, 0x36F, 0x37E, 0x37F, 0x45E, 0x45F, 0x46D, 0x46E, 0x26F, 0x27F, 0x35F, 0x36E, 0x36F, 0x37F, 0x45F,
    0x46E, 0x46F, 0x270, 0x271, 0x281, 0x282, 0x370, 0x371, 0x381, 0x470, 0x271, 0x272, 0x282, 0x370, 0x371, 0x372,
    0x381, 0x470, 0x471, 0x272, 0x273, 0x282, 0x283, 0x370, 0x371, 0x372, 0x373, 0x383, 0x470, 0x471, 0x472, 0x273,
    0x274, 0x283, 0x284, 0x372, 0x373, 0x374, 0x383, 0x472, 0x473, 0x274, 0x275, 0x284, 0x285, 0x364, 0x373, 0x374,
    0x375, 0x384, 0x464, 0x473, 0x474, 0x275, 0x276, 0x285, 0x286, 0x365, 0x374, 0x375, 0x376, 0x385, 0x465, 0x474,
    0x475, 0x276, 0x277, 0x286, 0x287, 0x366, 0x375, 0x376, 0x377, 0x386, 0x466, 0x475, 0x476, 0x277, 0x278, 0x287,
    0x288, 0x367, 0x376, 0x377, 0x378, 0x387, 0x467, 0x476, 0x477, 0x278, 0x279, 0x288, 0x289, 0x368, 0x377, 0x378,
    0x379, 0x388, 0x468, 0x477, 0x478, 0x279, 0x27A, 0x289, 0x28A, 0x369, 0x378, 0x379, 0x37A, 0x389, 0x469, 0x478,
    0x479, 0x27A, 0x27B, 0x28A, 0x28B, 0x36A, 0x379, 0x37A, 0x37B, 0x38A, 0x46A, 0x479, 0x47A, 0x27B, 0x27C, 0x28B,
    0x28C, 0x36B, 0x37A, 0x37B, 0x37C, 0x38B, 0x46B, 0x47A, 0x47B, 0x27C, 0x27D, 0x28C, 0x28D, 0x36C, 0x37B, 0x37C,
    0x37D, 0x38C, 0x46C, 0x47B, 0x47C, 0x27D, 0x27E, 0x28D, 0x28E, 0x36D, 0x37C, 0x37D, 0x37E, 0x38D, 0x46D, 0x47C,
    0x47D, 0x27E, 0x27F, 0x28E, 0x28F, 0x36E, 0x37D, 0x37E, 0x37F, 0x38E, 0x46E, 0x47D, 0x47E, 0x27F, 0x28F, 0x37E,
    0x37F, 0x38F, 0x47E, 0x47F, 0x280, 0x281, 0x282, 0x291, 0x292, 0x380, 0x381, 0x391, 0x480, 0x182, 0x281, 0x282,
    0x292, 0x380, 0x381, 0x382, 0x480, 0x481, 0x183, 0x282, 0x283, 0x293, 0x371, 0x380, 0x381, 0x382, 0x383, 0x471,
    0x480, 0x481, 0x482, 0x184, 0x283, 0x284, 0x294, 0x382, 0x383, 0x384, 0x482, 0x483, 0x185, 0x284, 0x285, 0x294,
    0x374, 0x383, 0x384, 0x385, 0x474, 0x483, 0x484, 0x186, 0x285, 0x286, 0x295, 0x375, 0x384, 0x385, 0x386, 0x395,
    0x475, 0x484, 0x485, 0x187, 0x286, 0x287, 0x296, 0x376, 0x385, 0x386, 0x387, 0x396, 0x476, 0x485, 0x486, 0x188,
    0x197, 0x287, 0x288, 0x297, 0x377, 0x386, 0x387, 0x388, 0x397, 0x477, 0x486, 0x487, 0x189, 0x198, 0x288, 0x289,
    0x298, 0x378, 0x387, 0x388, 0x389, 0x398, 0x478, 0x487, 0x488, 0x18A, 0x199, 0x289, 0x28A, 0x299, 0x29A, 0x379,
    0x388, 0x389, 0x38A, 0x399, 0x479, 0x488, 0x489, 0x19A, 0x28A, 0x28B, 0x29A, 0x37A, 0x389, 0x38A, 0x38B, 0x39A,
    0x47A, 0x489, 0x48A, 0x19B, 0x28B, 0x28C, 0x29B, 0x37B, 0x38A, 0x38B, 0x38C, 0x39B, 0x47B, 0x48A, 0x48B, 0x19C,
    0x28C, 0x28D, 0x29C, 0x37C, 0x38B, 0x38C, 0x38D, 0x39C, 0x47C, 0x48B, 0x48C, 0x19D, 0x28D, 0x28E, 0x29D, 0x37D,
    0x38C, 0x38D, 0x38E, 0x39D, 0x47D, 0x48C, 0x48D, 0x19E, 0x28E, 0x28F, 0x29E, 0x37E, 0x38D, 0x38E, 0x38F, 0x39E,
    0x47E, 0x48D, 0x48E, 0x19F, 0x28F, 0x29F, 0x37F, 0x38E, 0x38F, 0x39F, 0x48E, 0x48F, 0x192, 0x1A1, 0x1A2, 0x290,
    0x291, 0x292, 0x2A1, 0x2A2, 0x390, 0x391, 0x392, 0x3A1, 0x3A2, 0x490, 0x192, 0x1A2, 0x291, 0x292, 0x2A2, 0x390,
    0x391, 0x392, 0x3A2, 0x490, 0x491, 0x193, 0x1A3, 0x292, 0x293, 0x2A2, 0x2A3, 0x381, 0x390, 0x391, 0x392, 0x393,
    0x3A3, 0x481, 0x490, 0x491, 0x492, 0x193, 0x194, 0x1A3, 0x1A4, 0x293, 0x294, 0x2A3, 0x2A4, 0x382, 0x392, 0x393,
    0x394, 0x3A3, 0x3A4, 0x482, 0x492, 0x493, 0x194, 0x195, 0x1A4, 0x1A5, 0x294, 0x295, 0x2A4, 0x2A5, 0x384, 0x393,
    0x394, 0x395, 0x3A4, 0x484, 0x493, 0x494, 0x195, 0x196, 0x1A5, 0x1A6, 0x295, 0x296, 0x2A5, 0x2A6, 0x385, 0x394,
    0x395, 0x396, 0x3A5, 0x485, 0x494, 0x495, 0x196, 0x197, 0x1A6, 0x1A7, 0x296, 0x297, 0x2A6, 0x2A7, 0x386, 0x395,
    0x396, 0x397, 0x3A6, 0x486, 0x495, 0x496, 0x197, 0x198, 0x1A7, 0x1A8, 0x297, 0x298, 0x2A7, 0x2A8, 0x387, 0x396,
    0x397, 0x398, 0x3A7, 0x487, 0x496, 0x497, 0x198, 0x199, 0x1A8, 0x1A9, 0x298, 0x299, 0x2A8, 0x2A9, 0x388, 0x397,
    0x398, 0x399, 0x3A8, 0x488, 0x497, 0x498, 0x199, 0x19A, 0x1A9, 0x1AA, 0x299, 0x29A, 0x2A9, 0x2AA, 0x389, 0x398,
    0x399, 0x39A, 0x3A9, 0x3AA, 0x489, 0x498, 0x499, 0x19A, 0x19B, 0x1AA, 0x1AB, 0x29A, 0x29B, 0x2AA, 0x2AB, 0x38A,
    0x399, 0x39A, 0x39B, 0x3AA, 0x48A, 0x499, 0x49A, 0x19B, 0x19C, 0x1AB, 0x1AC, 0x29B, 0x29C, 0x2AB, 0x2AC, 0x38B,
    0x39A, 0x39B, 0x39C, 0x3AB, 0x48B, 0x49A, 0x49B, 0x19C, 0x19D, 0x1AC, 0x1AD, 0x29C, 0x29D, 0x2AC, 0x2AD, 0x38C,
    0x39B, 0x39C, 0x39D, 0x3AC, 0x48C, 0x49B, 0x49C, 0x19D, 0x19E, 0x1AD, 0x1AE, 0x29D, 0x29E, 0x2AD, 0x2AE, 0x38D,
    0x39C, 0x39D, 0x39E, 0x3AD, 0x48D, 0x49C, 0x49D, 0x19E, 0x19F, 0x1AE, 0x1AF, 0x29E, 0x29F, 0x2AE, 0x2AF, 0x38E,
    0x39D, 0x39E, 0x39F, 0x3AE, 0x48E, 0x49D, 0x49E, 0x19F, 0x1AF, 0x29F, 0x2AF, 0x38F, 0x39E, 0x39F, 0x3AF, 0x48F,
    0x49E, 0x49F, 0x1A1, 0x1A2, 0x1B2, 0x2A0, 0x2A1, 0x2A2, 0x2B2, 0x3A0, 0x3A1, 0x3A2, 0x3B2, 0x4A0, 0x1A2, 0x1B2,
    0x2A1, 0x2A2, 0x2B2, 0x3A0, 0x3A1, 0x3A2, 0x3B2, 0x4A0, 0x4A1, 0x1A2, 0x1A3, 0x1B3, 0x2A2, 0x2A3, 0x2B3, 0x3A0,
    0x3A1, 0x3A2, 0x3A3, 0x4A0, 0x4A1, 0x4A2, 0x0B4, 0x1A3, 0x1A4, 0x1B3, 0x1B4, 0x2A3, 0x2A4, 0x2B3, 0x2B4, 0x3A2,
    0x3A3, 0x3A4, 0x4A1, 0x4A2, 0x4A3, 0x1A4, 0x1A5, 0x1B4, 0x1B5, 0x2A4, 0x2A5, 0x2B4, 0x2B5, 0x3A3, 0x3A4, 0x3A5,
    0x4A3, 0x4A4, 0x0A6, 0x1A5, 0x1A6, 0x1B5, 0x1B6, 0x2A5, 0x2A6, 0x2B5, 0x3A4, 0x3A5, 0x3A6, 0x3B5, 0x4A4, 0x4A5,
    0x1A6, 0x1A7, 0x1B6, 0x1B7, 0x2A6, 0x2A7, 0x2B6, 0x396, 0x3A5, 0x3A6, 0x3A7, 0x3B6, 0x496, 0x4A5, 0x4A6, 0x1A7,
    0x1A8, 0x1B7, 0x1B8, 0x2A7, 0x2A8, 0x2B7, 0x397, 0x3A6, 0x3A7, 0x3A8, 0x3B7, 0x497, 0x4A6, 0x4A7, 0x1A8, 0x1A9,
    0x1B8, 0x1B9, 0x2A8, 0x2A9, 0x2B8, 0x398, 0x3A7, 0x3A8, 0x3A9, 0x3B8, 0x498, 0x4A7, 0x4A8, 0x1A9, 0x1AA, 0x1B9,
    0x1BA, 0x2A9, 0x2AA, 0x2B9, 0x399, 0x3A8, 0x3A9, 0x3AA, 0x3B9, 0x499, 0x4A8, 0x4A9, 0x1AA, 0x1AB, 0x1BA, 0x1BB,
    0x2AA, 0x2AB, 0x2BA, 0x39A, 0x3A9, 0x3AA, 0x3AB, 0x3BA, 0x49A, 0x4A9, 0x4AA, 0x1AB, 0x1AC, 0x1BB, 0x1BC, 0x2AB,
    0x2AC, 0x2BB, 0x39B, 0x3AA, 0x3AB, 0x3AC, 0x3BB, 0x49B, 0x4AA, 0x4AB, 0x1AC, 0x1AD, 0x1BC, 0x1BD, 0x2AC, 0x2AD,
    0x2BC, 0x39C, 0x3AB, 0x3AC, 0x3AD, 0x3BC, 0x49C, 0x4AB, 0x4AC, 0x1AD, 0x1AE, 0x1BD, 0x1BE, 0x2AD, 0x2AE, 0x2BD,
    0x39D, 0x3AC, 0x3AD, 0x3AE, 0x3BD, 0x49D, 0x4AC, 0x4AD, 0x1AE, 0x1AF, 0x1BE, 0x1BF, 0x2AE, 0x2AF, 0x2BE, 0x39E,
    0x3AD, 0x3AE, 0x3AF, 0x3BE, 0x49E, 0x4AD, 0x4AE, 0x1AF, 0x1BF, 0x2AF, 0x2BF, 0x3AE, 0x3AF, 0x3BF, 0x4AE, 0x4AF,
    0x0C2, 0x1B1, 0x1B2, 0x1C2, 0x2B0, 0x2B1, 0x2B2, 0x2C2, 0x3B0, 0x3B1, 0x3B2, 0x4B0, 0x0C2, 0x1B2, 0x1C2, 0x2B1,
    0x2B2, 0x2C2, 0x3B0, 0x3B1, 0x3B2, 0x4B0, 0x4B1, 0x0B3, 0x1B2, 0x1B3, 0x2B2, 0x2B3, 0x3B0, 0x3B1, 0x3B2, 0x3B3,
    0x4B0, 0x4B1, 0x4B2, 0x0B4, 0x1B3, 0x1B4, 0x1C4, 0x2B3, 0x2B4, 0x3B2, 0x3B3, 0x3B4, 0x4B1, 0x4B2, 0x4B3, 0x0B5,
    0x1B4, 0x1B5, 0x2B4, 0x2B5, 0x3B3, 0x3B4, 0x3B5, 0x4B3, 0x4B4, 0x0B6, 0x1B5, 0x1B6, 0x2B5, 0x2B6, 0x3B4, 0x3B5,
    0x3B6, 0x4B4, 0x4B5, 0x0B7, 0x1B6, 0x1B7, 0x2B6, 0x2B7, 0x3A6, 0x3B5, 0x3B6, 0x3B7, 0x3C6, 0x4A6, 0x4B5, 0x4B6,
    0x0B8, 0x1B7, 0x1B8, 0x1C7, 0x2B7, 0x2B8, 0x2C7, 0x3A7, 0x3B6, 0x3B7, 0x3B8, 0x3C7, 0x4A7, 0x4B6, 0x4B7, 0x0B9,
    0x1B8, 0x1B9, 0x1C8, 0x2B8, 0x2B9, 0x2C8, 0x3A8, 0x3B7, 0x3B8, 0x3B9, 0x3C8, 0x4A8, 0x4B7, 0x4B8, 0x0BA, 0x0C9,
    0x1B9, 0x1BA, 0x1C9, 0x2B9, 0x2BA, 0x2C9, 0x3A9, 0x3B8, 0x3B9, 0x3BA, 0x3C9, 0x4A9, 0x4B8, 0x4B9, 0x0BB, 0x0CA,
    0x1BA, 0x1BB, 0x1CA, 0x2BA, 0x2BB, 0x2CA, 0x3AA, 0x3B9, 0x3BA, 0x3BB, 0x3CA, 0x4AA, 0x4B9, 0x4BA, 0x0BC, 0x0CB,
    0x1BB, 0x1BC, 0x1CB, 0x2BB, 0x2BC, 0x2CB, 0x3AB, 0x3BA, 0x3BB, 0x3BC, 0x3CB, 0x4AB, 0x4BA, 0x4BB, 0x0BD, 0x0CC,
    0x1BC, 0x1BD, 0x1CC, 0x2BC, 0x2BD, 0x2CC, 0x3AC, 0x3BB, 0x3BC, 0x3BD, 0x3CC, 0x4AC, 0x4BB, 0x4BC, 0x0CD, 0x1BD,
    0x1BE, 0x1CD, 0x2BD, 0x2BE, 0x2CD, 0x3AD, 0x3BC, 0x3BD, 0x3BE, 0x3CD, 0x4AD, 0x4BC, 0x4BD, 0x0CE, 0x1BE, 0x1BF,
    0x1CE, 0x2BE, 0x2BF, 0x2CE, 0x3AE, 0x3BD, 0x3BE, 0x3BF, 0x3CE, 0x4AE, 0x4BD, 0x4BE, 0x0CF, 0x1BF, 0x1CF, 0x2BF,
    0x2CF, 0x3BE, 0x3BF, 0x3CF, 0x4BE, 0x4BF, 0x0C2, 0x0D2, 0x1C1, 0x1C2, 0x1D2, 0x2C0, 0x2C1, 0x2C2, 0x2D2, 0x3C0,
    0x3C1, 0x3C2, 0x4C0, 0x0C2, 0x1C2, 0x2C1, 0x2C2, 0x3C0, 0x3C1, 0x3C2, 0x4C0, 0x4C1, 0x0C3, 0x1C2, 0x1C3, 0x2C2,
    0x2C3, 0x3C0, 0x3C1, 0x3C2, 0x3C3, 0x4C0, 0x4C1, 0x4C2, 0x0C4, 0x1C3, 0x1C4, 0x2C3, 0x2C4, 0x3C2, 0x3C3, 0x3C4,
    0x4B2, 0x4C1, 0x4C2, 0x4C3, 0x0C5, 0x1C4, 0x1C5, 0x2C4, 0x2C5, 0x3C3, 0x3C4, 0x3C5, 0x4B3, 0x4C3, 0x4C4, 0x0C6,
    0x1C5, 0x1C6, 0x2C5, 0x2C6, 0x3C4, 0x3C5, 0x3C6, 0x4C4, 0x4C5, 0x0C6, 0x0C7, 0x1C6, 0x1C7, 0x2C6, 0x2C7, 0x3B6,
    0x3C5, 0x3C6, 0x3C7, 0x4B6, 0x4C5, 0x4C6, 0x0C7, 0x0C8, 0x1C7, 0x1C8, 0x2C7, 0x2C8, 0x3B7, 0x3C6, 0x3C7, 0x3C8,
    0x3D7, 0x4B7, 0x4C6, 0x4C7, 0x0C8, 0x0C9, 0x1C8, 0x1C9, 0x1D8, 0x2C8, 0x2C9, 0x2D8, 0x3B8, 0x3C7, 0x3C8, 0x3C9,
    0x3D8, 0x4B8, 0x4C7, 0x4C8, 0x0C9, 0x0CA, 0x0D9, 0x1C9, 0x1CA, 0x1D9, 0x2C9, 0x2CA, 0x2D9, 0x3B9, 0x3C8, 0x3C9,
    0x3CA, 0x3D9, 0x4B9, 0x4C8, 0x4C9, 0x0CA, 0x0CB, 0x0DA, 0x1CA, 0x1CB, 0x1DA, 0x2CA, 0x2CB, 0x2DA, 0x3BA, 0x3C9,
    0x3CA, 0x3CB, 0x3DA, 0x4BA, 0x4C9, 0x4CA, 0x0CB, 0x0CC, 0x0DB, 0x1CB, 0x1CC, 0x1DB, 0x2CB, 0x2CC, 0x2DB, 0x3BB,
    0x3CA, 0x3CB, 0x3CC, 0x3DB, 0x4BB, 0x4CA, 0x4CB, 0x0CC, 0x0CD, 0x0DC, 0x1CC, 0x1CD, 0x1DC, 0x2CC, 0x2CD, 0x2DC,
    0x3BC, 0x3CB, 0x3CC, 0x3CD, 0x3DC, 0x4BC, 0x4CB, 0x4CC, 0x0CD, 0x0CE, 0x0DD, 0x1CD, 0x1CE, 0x1DD, 0x2CD, 0x2CE,
    0x2DD, 0x3BD, 0x3CC, 0x3CD, 0x3CE, 0x3DD, 0x4BD, 0x4CC, 0x4CD, 0x0CE, 0x0CF, 0x0DE, 0x1CE, 0x1CF, 0x1DE, 0x2CE,
    0x2CF, 0x2DE, 0x3BE, 0x3CD, 0x3CE, 0x3CF, 0x3DE, 0x4BE, 0x4CD, 0x4CE, 0x0CF, 0x0DF, 0x1CF, 0x1DF, 0x2CF, 0x2DF,
    0x3CE, 0x3CF, 0x3DF, 0x4CE, 0x4CF, 0x0D2, 0x0E2, 0x1D1, 0x1D2, 0x1E2, 0x2D0, 0x2D1, 0x2D2, 0x2E2, 0x3D0, 0x3D1,
    0x3D2, 0x4D0, 0x0D2, 0x0D3, 0x0E2, 0x0E3, 0x1D2, 0x1D3, 0x1E2, 0x2D1, 0x2D2, 0x2D3, 0x2E2, 0x2E3, 0x3D0, 0x3D1,
    0x3D2, 0x4D0, 0x4D1, 0x0D3, 0x0E3, 0x1D2, 0x1D3, 0x2D2, 0x2D3, 0x2E3, 0x3D0, 0x3D1, 0x3D2, 0x3D3, 0x4D0, 0x4D1,
    0x4D2, 0x0D4, 0x0E4, 0x1D3, 0x1D4, 0x1E4, 0x2D3, 0x2D4, 0x2E4, 0x3D2, 0x3D3, 0x3D4, 0x4C2, 0x4D1, 0x4D2, 0x4D3,
    0x0D4, 0x0D5, 0x0E4, 0x0E5, 0x1D4, 0x1D5, 0x1E4, 0x1E5, 0x2D4, 0x2D5, 0x2E4, 0x2E5, 0x3D3, 0x3D4, 0x3D5, 0x4C3,
    0x4D3, 0x4D4, 0x0D5, 0x0D6, 0x0E5, 0x0E6, 0x1D5, 0x1D6, 0x1E5, 0x1E6, 0x2D5, 0x2D6, 0x2E5, 0x2E6, 0x3D4, 0x3D5,
    0x3D6, 0x4C4, 0x4D4, 0x4D5, 0x5D4, 0x0D6, 0x0D7, 0x0E6, 0x0E7, 0x1D6, 0x1D7, 0x1E6, 0x2D6, 0x2D7, 0x2E6, 0x2E7,
    0x3C6, 0x3D5, 0x3D6, 0x3D7, 0x3E6, 0x4C6, 0x4D5, 0x4D6, 0x5D5, 0x0D7, 0x0D8, 0x0E7, 0x0E8, 0x1D7, 0x1D8, 0x1E7,
    0x2D7, 0x2D8, 0x2E7, 0x2E8, 0x3C7, 0x3D6, 0x3D7, 0x3D8, 0x3E7, 0x4C7, 0x4D6, 0x4D7, 0x5D6, 0x0D8, 0x0D9, 0x0E8,
    0x0E9, 0x1D8, 0x1D9, 0x1E8, 0x2D8, 0x2D9, 0x2E8, 0x2E9, 0x3C8, 0x3D7, 0x3D8, 0x3D9, 0x3E8, 0x4C8, 0x4D7, 0x4D8,
    0x5D7, 0x0D9, 0x0DA, 0x0E9, 0x0EA, 0x1D9, 0x1DA, 0x1E9, 0x2D9, 0x2DA, 0x2E9, 0x2EA, 0x3C9, 0x3D8, 0x3D9, 0x3DA,
    0x3E9, 0x4C9, 0x4D8, 0x4D9, 0x5D8, 0x0DA, 0x0DB, 0x0EA, 0x0EB, 0x1DA, 0x1DB, 0x1EA, 0x2DA, 0x2DB, 0x2EA, 0x2EB,
    0x3CA, 0x3D9, 0x3DA, 0x3DB, 0x3EA, 0x4CA, 0x4D9, 0x4DA, 0x5D9, 0x0DB, 0x0DC, 0x0EB, 0x0EC, 0x1DB, 0x1DC, 0x1EB,
    0x2DB, 0x2DC, 0x2EB, 0x2EC, 0x3CB, 0x3DA, 0x3DB, 0x3DC, 0x3EB, 0x4CB, 0x4DA, 0x4DB, 0x5DA, 0x0DC, 0x0DD, 0x0EC,
    0x1DC, 0x1DD, 0x1EC, 0x2DC, 0x2DD, 0x2EC, 0x2ED, 0x3CC, 0x3DB, 0x3DC, 0x3DD, 0x3EC, 0x4CC, 0x4DB, 0x4DC, 0x0DD,
    0x0DE, 0x0ED, 0x0EE, 0x1DD, 0x1DE, 0x1ED, 0x2DD, 0x2DE, 0x2ED, 0x2EE, 0x3CD, 0x3DC, 0x3DD, 0x3DE, 0x3ED, 0x4CD,
    0x4DC, 0x4DD, 0x0DE, 0x0DF, 0x0EE, 0x0EF, 0x1DE, 0x1DF, 0x1EE, 0x2DE, 0x2DF, 0x2EE, 0x2EF, 0x3CE, 0x3DD, 0x3DE,
    0x3DF, 0x3EE, 0x4CE, 0x4DD, 0x4DE, 0x0DF, 0x0EF, 0x1DF, 0x1EF, 0x2DF, 0x2EF, 0x3DE, 0x3DF, 0x3EF, 0x4DE, 0x4DF,
    0x0E2, 0x0F2, 0x1E1, 0x1E2, 0x1F2, 0x2E0, 0x2E1, 0x2E2, 0x2F2, 0x3E0, 0x3E1, 0x3E2, 0x4E0, 0x0E2, 0x0E3, 0x0F2,
    0x1E2, 0x1E3, 0x1F2, 0x2E1, 0x2E2, 0x2E3, 0x2F2, 0x3E0, 0x3E1, 0x3E2, 0x4E0, 0x4E1, 0x0E3, 0x1E2, 0x1E3, 0x2E2,
    0x2E3, 0x3E0, 0x3E1, 0x3E2, 0x3E3, 0x4E0, 0x4E1, 0x4E2, 0x0E3, 0x0E4, 0x1E3, 0x1E4, 0x2E3, 0x2E4, 0x2F4, 0x3E2,
    0x3E3, 0x3E4, 0x4E1, 0x4E2, 0x4E3, 0x0E4, 0x0E5, 0x0F5, 0x1E4, 0x1E5, 0x1F5, 0x2E4, 0x2E5, 0x2F5, 0x3E3, 0x3E4,
    0x3E5, 0x4E3, 0x4E4, 0x5E3, 0x0E5, 0x0E6, 0x0F6, 0x1E5, 0x1E6, 0x2E5, 0x2E6, 0x3E4, 0x3E5, 0x3E6, 0x4E4, 0x4E5,
    0x5E4, 0x0E6, 0x0E7, 0x1E6, 0x1E7, 0x2E6, 0x2E7, 0x3E5, 0x3E6, 0x3E7, 0x4E5, 0x4E6, 0x5E5, 0x0E7, 0x0E8, 0x1E7,
    0x1E8, 0x2E7, 0x2E8, 0x2F7, 0x3E6, 0x3E7, 0x3E8, 0x4E6, 0x4E7, 0x5E6, 0x0E8, 0x0E9, 0x0F8, 0x1E8, 0x1E9, 0x1F8,
    0x2E8, 0x2E9, 0x2F8, 0x3E7, 0x3E8, 0x3E9, 0x3F8, 0x4D8, 0x4E7, 0x4E8, 0x5E7, 0x0E9, 0x0EA, 0x0F9, 0x1E9, 0x1EA,
    0x1F9, 0x2E9, 0x2EA, 0x2F9, 0x3D9, 0x3E8, 0x3E9, 0x3EA, 0x3F9, 0x4D9, 0x4E8, 0x4E9, 0x5E8, 0x0EA, 0x0EB, 0x0FA,
    0x1EA, 0x1EB, 0x1FA, 0x2EA, 0x2EB, 0x2FA, 0x3DA, 0x3E9, 0x3EA, 0x3EB, 0x3FA, 0x4DA, 0x4E9, 0x4EA, 0x5E9, 0x0EB,
    0x0EC, 0x0FB, 0x1EB, 0x1EC, 0x1FB, 0x2EB, 0x2EC, 0x2FB, 0x3DB, 0x3EA, 0x3EB, 0x3EC, 0x4DB, 0x4EA, 0x4EB, 0x5EA,
    0x0EC, 0x0ED, 0x0FC, 0x1EC, 0x1ED, 0x1FC, 0x2EC, 0x2ED, 0x2FC, 0x3DC, 0x3EB, 0x3EC, 0x3ED, 0x4DC, 0x4EB, 0x4EC,
    0x5EB, 0x0ED, 0x0EE, 0x0FD, 0x1ED, 0x1EE, 0x1FD, 0x2ED, 0x2EE, 0x2FD, 0x3DD, 0x3EC, 0x3ED, 0x3EE, 0x4DD, 0x4EC,
    0x4ED, 0x5EC, 0x0EE, 0x0EF, 0x0FE, 0x1EE, 0x1EF, 0x1FE, 0x2EE, 0x2EF, 0x2FE, 0x3DE, 0x3ED, 0x3EE, 0x3EF, 0x4DE,
    0x4ED, 0x4EE, 0x5ED, 0x0EF, 0x0FF, 0x1EF, 0x1FF, 0x2EF, 0x2FF, 0x3EE, 0x3EF, 0x4EE, 0x4EF, 0x5EE, 0x0F2, 0x1F1,
    0x1F2, 0x2F0, 0x2F1, 0x2F2, 0x3F0, 0x3F1, 0x3F2, 0x0F2, 0x0F3, 0x1F2, 0x1F3, 0x2F1, 0x2F2, 0x2F3, 0x3F0, 0x3F1,
    0x3F2, 0x0F3, 0x1F2, 0x1F3, 0x2F2, 0x2F3, 0x3F1, 0x3F2, 0x3F3, 0x4F2, 0x0F3, 0x0F4, 0x1F3, 0x1F4, 0x2F3, 0x2F4,
    0x3F2, 0x3F3, 0x3F4, 0x4F3, 0x0F4, 0x0F5, 0x1F4, 0x1F5, 0x2F4, 0x2F5, 0x3F3, 0x3F4, 0x3F5, 0x4F4, 0x0F5, 0x0F6,
    0x1F5, 0x1F6, 0x2F5, 0x2F6, 0x3F4, 0x3F5, 0x3F6, 0x4F4, 0x4F5, 0x0F6, 0x0F7, 0x1F6, 0x1F7, 0x2F6, 0x2F7, 0x3F5,
    0x3F6, 0x3F7, 0x4F5, 0x4F6, 0x0F7, 0x0F8, 0x1F7, 0x1F8, 0x2F7, 0x2F8, 0x3F7, 0x3F8, 0x4F7, 0x0F8, 0x0F9, 0x1F8,
    0x1F9, 0x2F8, 0x2F9, 0x3E8, 0x3F8, 0x3F9, 0x4E8, 0x4F8, 0x0F9, 0x0FA, 0x1F9, 0x1FA, 0x2F9, 0x2FA, 0x3E9, 0x3F8,
    0x3F9, 0x3FA, 0x4E9, 0x4F9, 0x0FA, 0x0FB, 0x1FA, 0x1FB, 0x2FA, 0x2FB, 0x3EA, 0x3FA, 0x3FB, 0x4EA, 0x4FA, 0x0FB,
    0x0FC, 0x1FB, 0x1FC, 0x2FB, 0x2FC, 0x3EB, 0x3FB, 0x3FC, 0x4EB, 0x4FB, 0x0FC, 0x0FD, 0x1FC, 0x1FD, 0x2FC, 0x2FD,
    0x3EC, 0x3FC, 0x3FD, 0x4EC, 0x4FC, 0x0FD, 0x0FE, 0x1FD, 0x1FE, 0x2FD, 0x2FE, 0x3ED, 0x3FD, 0x3FE, 0x4ED, 0x4FD,
    0x0FE, 0x0FF, 0x1FE, 0x1FF, 0x2FE, 0x2FF, 0x3EE, 0x3FE, 0x3FF, 0x4EE, 0x4FE, 0x0FF, 0x1FF, 0x2FF, 0x3FF, 0x400,
    0x401, 0x410, 0x411, 0x500, 0x501, 0x301, 0x311, 0x400, 0x401, 0x402, 0x411, 0x412, 0x500, 0x501, 0x302, 0x312,
    0x401, 0x402, 0x403, 0x412, 0x413, 0x501, 0x502, 0x503, 0x303, 0x402, 0x403, 0x404, 0x413, 0x414, 0x502, 0x503,
    0x504, 0x304, 0x403, 0x404, 0x405, 0x414, 0x415, 0x504, 0x505, 0x305, 0x315, 0x404, 0x405, 0x406, 0x414, 0x415,
    0x505, 0x506, 0x306, 0x316, 0x405, 0x406, 0x407, 0x415, 0x416, 0x506, 0x507, 0x307, 0x317, 0x406, 0x407, 0x408,
    0x416, 0x417, 0x507, 0x508, 0x308, 0x318, 0x407, 0x408, 0x409, 0x417, 0x418, 0x508, 0x309, 0x319, 0x408, 0x409,
    0x40A, 0x418, 0x419, 0x509, 0x30A, 0x31A, 0x409, 0x40A, 0x40B, 0x419, 0x41A, 0x50A, 0x30B, 0x31A, 0x31B, 0x40A,
    0x40B, 0x40C, 0x41A, 0x41B, 0x50B, 0x30C, 0x31B, 0x31C, 0x40B, 0x40C, 0x40D, 0x41B, 0x41C, 0x50C, 0x30D, 0x31C,
    0x31D, 0x40D, 0x40E, 0x41C, 0x41D, 0x50D, 0x30E, 0x31D, 0x31E, 0x40E, 0x40F, 0x41D, 0x41E, 0x50E, 0x30F, 0x31E,
    0x31F, 0x40F, 0x41E, 0x41F, 0x50F, 0x310, 0x311, 0x400, 0x410, 0x411, 0x420, 0x421, 0x500, 0x510, 0x311, 0x312,
    0x400, 0x401, 0x410, 0x411, 0x412, 0x421, 0x422, 0x500, 0x501, 0x510, 0x511, 0x312, 0x313, 0x401, 0x402, 0x411,
    0x412, 0x413, 0x422, 0x423, 0x501, 0x502, 0x511, 0x512, 0x313, 0x314, 0x402, 0x403, 0x404, 0x412, 0x413, 0x414,
    0x423, 0x424, 0x503, 0x504, 0x512, 0x513, 0x514, 0x314, 0x403, 0x404, 0x405, 0x413, 0x414, 0x415, 0x424, 0x425,
    0x504, 0x505, 0x513, 0x514, 0x515, 0x314, 0x315, 0x405, 0x406, 0x414, 0x415, 0x416, 0x425, 0x426, 0x505, 0x506,
    0x514, 0x515, 0x516, 0x315, 0x316, 0x406, 0x407, 0x415, 0x416, 0x417, 0x426, 0x506, 0x507, 0x516, 0x517, 0x316,
    0x317, 0x327, 0x407, 0x408, 0x416, 0x417, 0x418, 0x427, 0x507, 0x517, 0x518, 0x317, 0x318, 0x328, 0x408, 0x409,
    0x417, 0x418, 0x419, 0x427, 0x428, 0x508, 0x518, 0x519, 0x318, 0x319, 0x329, 0x409, 0x40A, 0x418, 0x419, 0x41A,
    0x428, 0x429, 0x509, 0x519, 0x51A, 0x31A, 0x32A, 0x40A, 0x40B, 0x419, 0x41A, 0x41B, 0x429, 0x42A, 0x50A, 0x51A,
    0x51B, 0x31B, 0x32B, 0x40B, 0x40C, 0x41A, 0x41B, 0x41C, 0x42A, 0x42B, 0x50B, 0x50C, 0x51B, 0x51C, 0x31B, 0x31C,
    0x32C, 0x40C, 0x40D, 0x41B, 0x41C, 0x41D, 0x42B, 0x42C, 0x50C, 0x50D, 0x51C, 0x31C, 0x31D, 0x32C, 0x32D, 0x40D,
    0x40E, 0x41C, 0x41D, 0x41E, 0x42C, 0x42D, 0x50D, 0x50E, 0x51D, 0x31E, 0x32E, 0x40E, 0x40F, 0x41D, 0x41E, 0x41F,
    0x42D, 0x42E, 0x50E, 0x50F, 0x51E, 0x31E, 0x31F, 0x32E, 0x32F, 0x40F, 0x41E, 0x41F, 0x42E, 0x42F, 0x50F, 0x51F,
    0x320, 0x321, 0x331, 0x410, 0x420, 0x421, 0x431, 0x510, 0x520, 0x321, 0x322, 0x410, 0x411, 0x420, 0x421, 0x422,
    0x431, 0x432, 0x510, 0x511, 0x520, 0x521, 0x322, 0x323, 0x411, 0x412, 0x421, 0x422, 0x423, 0x432, 0x433, 0x511,
    0x512, 0x521, 0x522, 0x323, 0x324, 0x333, 0x412, 0x413, 0x422, 0x423, 0x424, 0x433, 0x434, 0x512, 0x513, 0x522,
    0x523, 0x324, 0x325, 0x334, 0x413, 0x414, 0x423, 0x424, 0x425, 0x434, 0x435, 0x513, 0x514, 0x523, 0x524, 0x325,
    0x326, 0x335, 0x414, 0x415, 0x416, 0x424, 0x425, 0x426, 0x435, 0x436, 0x514, 0x515, 0x516, 0x524, 0x525, 0x326,
    0x336, 0x415, 0x416, 0x417, 0x425, 0x426, 0x427, 0x436, 0x437, 0x516, 0x517, 0x525, 0x526, 0x527, 0x326, 0x327,
    0x417, 0x418, 0x426, 0x427, 0x428, 0x437, 0x438, 0x517, 0x518, 0x527, 0x528, 0x327, 0x328, 0x338, 0x418, 0x419,
    0x427, 0x428, 0x429, 0x438, 0x518, 0x519, 0x528, 0x529, 0x328, 0x329, 0x339, 0x419, 0x41A, 0x428, 0x429, 0x42A,
    0x439, 0x519, 0x51A, 0x529, 0x52A, 0x329, 0x32A, 0x33A, 0x41A, 0x41B, 0x429, 0x42A, 0x42B, 0x439, 0x43A, 0x51A,
    0x52A, 0x52B, 0x32A, 0x32B, 0x33B, 0x41B, 0x41C, 0x42A, 0x42B, 0x42C, 0x43A, 0x43B, 0x51B, 0x52B, 0x52C, 0x32B,
    0x32C, 0x33C, 0x41C, 0x41D, 0x42B, 0x42C, 0x42D, 0x43B, 0x43C, 0x51C, 0x52C, 0x52D, 0x32C, 0x32D, 0x32E, 0x33D,
    0x41D, 0x41E, 0x42C, 0x42D, 0x42E, 0x43C, 0x43D, 0x51D, 0x52D, 0x52E, 0x32E, 0x32F, 0x33E, 0x41E, 0x41F, 0x42D,
    0x42E, 0x42F, 0x43D, 0x43E, 0x51E, 0x52E, 0x52F, 0x32E, 0x32F, 0x33F, 0x41F, 0x42E, 0x42F, 0x43E, 0x43F, 0x51F,
    0x52F, 0x330, 0x331, 0x341, 0x420, 0x430, 0x431, 0x441, 0x520, 0x530, 0x331, 0x332, 0x342, 0x420, 0x421, 0x430,
    0x431, 0x432, 0x441, 0x442, 0x520, 0x521, 0x530, 0x531, 0x332, 0x333, 0x421, 0x422, 0x431, 0x432, 0x433, 0x442,
    0x443, 0x521, 0x522, 0x531, 0x532, 0x333, 0x334, 0x343, 0x422, 0x423, 0x432, 0x433, 0x434, 0x443, 0x444, 0x522,
    0x523, 0x532, 0x533, 0x334, 0x335, 0x344, 0x423, 0x424, 0x433, 0x434, 0x435, 0x444, 0x445, 0x523, 0x524, 0x533,
    0x534, 0x335, 0x336, 0x345, 0x424, 0x425, 0x434, 0x435, 0x436, 0x445, 0x446, 0x524, 0x525, 0x534, 0x535, 0x336,
    0x337, 0x346, 0x347, 0x425, 0x426, 0x427, 0x435, 0x436, 0x437, 0x446, 0x447, 0x526, 0x535, 0x536, 0x337, 0x338,
    0x347, 0x348, 0x426, 0x427, 0x428, 0x436, 0x437, 0x438, 0x447, 0x448, 0x527, 0x528, 0x536, 0x537, 0x338, 0x348,
    0x428, 0x429, 0x437, 0x438, 0x439, 0x448, 0x449, 0x528, 0x529, 0x537, 0x538, 0x539, 0x339, 0x33A, 0x349, 0x429,
    0x42A, 0x438, 0x439, 0x43A, 0x449, 0x44A, 0x529, 0x52A, 0x538, 0x539, 0x53A, 0x339, 0x33A, 0x33B, 0x42A, 0x42B,
    0x439, 0x43A, 0x43B, 0x44A, 0x44B, 0x52A, 0x52B, 0x53A, 0x53B, 0x33A, 0x33B, 0x33C, 0x34B, 0x42B, 0x42C, 0x43A,
    0x43B, 0x43C, 0x44B, 0x52B, 0x52C, 0x53B, 0x53C, 0x33B, 0x33C, 0x33D, 0x34C, 0x42C, 0x42D, 0x43B, 0x43C, 0x43D,
    0x44B, 0x44C, 0x52C, 0x53C, 0x53D, 0x33C, 0x33D, 0x33E, 0x34D, 0x42D, 0x42E, 0x43C, 0x43D, 0x43E, 0x44C, 0x44D,
    0x52D, 0x53D, 0x53E, 0x33D, 0x33E, 0x33F, 0x34E, 0x42E, 0x42F, 0x43D, 0x43E, 0x43F, 0x44D, 0x44E, 0x52E, 0x53E,
    0x53F, 0x33E, 0x33F, 0x42F, 0x43E, 0x43F, 0x44E, 0x44F, 0x52F, 0x53F, 0x340, 0x341, 0x351, 0x430, 0x440, 0x441,
    0x451, 0x540, 0x341, 0x342, 0x352, 0x430, 0x431, 0x440, 0x441, 0x442, 0x451, 0x452, 0x530, 0x540, 0x541, 0x342,
    0x343, 0x431, 0x432, 0x441, 0x442, 0x443, 0x452, 0x453, 0x531, 0x532, 0x541, 0x542, 0x343, 0x344, 0x432, 0x433,
    0x442, 0x443, 0x444, 0x453, 0x454, 0x533, 0x542, 0x543, 0x344, 0x345, 0x354, 0x433, 0x434, 0x443, 0x444, 0x445,
    0x454, 0x455, 0x534, 0x543, 0x544, 0x345, 0x346, 0x355, 0x434, 0x435, 0x444, 0x445, 0x446, 0x455, 0x456, 0x535,
    0x544, 0x545, 0x346, 0x347, 0x356, 0x435, 0x436, 0x445, 0x446, 0x447, 0x456, 0x457, 0x536, 0x545, 0x546, 0x347,
    0x348, 0x357, 0x436, 0x437, 0x446, 0x447, 0x448, 0x457, 0x458, 0x537, 0x546, 0x547, 0x348, 0x349, 0x358, 0x437,
    0x438, 0x447, 0x448, 0x449, 0x458, 0x459, 0x538, 0x547, 0x548, 0x349, 0x34A, 0x359, 0x438, 0x439, 0x43A, 0x448,
    0x449, 0x44A, 0x459, 0x45A, 0x539, 0x548, 0x549, 0x34A, 0x34B, 0x35A, 0x43A, 0x43B, 0x449, 0x44A, 0x44B, 0x45A,
    0x45B, 0x53B, 0x549, 0x54A, 0x34B, 0x34C, 0x35B, 0x43B, 0x43C, 0x44B, 0x44C, 0x45B, 0x45C, 0x53B, 0x53C, 0x54A,
    0x54B, 0x54C, 0x34B, 0x34C, 0x34D, 0x43C, 0x43D, 0x44B, 0x44C, 0x44D, 0x45C, 0x45D, 0x53C, 0x53D, 0x54C, 0x54D,
    0x34C, 0x34D, 0x34E, 0x43D, 0x43E, 0x44C, 0x44D, 0x44E, 0x45D, 0x53D, 0x53E, 0x54D, 0x54E, 0x34D, 0x34E, 0x34F,
    0x35E, 0x43E, 0x43F, 0x44D, 0x44E, 0x44F, 0x45E, 0x53E, 0x53F, 0x54E, 0x54F, 0x34E, 0x34F, 0x43F, 0x44E, 0x44F,
    0x45E, 0x45F, 0x53F, 0x54F, 0x350, 0x351, 0x361, 0x440, 0x450, 0x451, 0x461, 0x550, 0x351, 0x352, 0x440, 0x441,
    0x450, 0x451, 0x452, 0x461, 0x462, 0x550, 0x551, 0x352, 0x353, 0x441, 0x442, 0x451, 0x452, 0x453, 0x462, 0x463,
    0x541, 0x550, 0x551, 0x552, 0x353, 0x354, 0x442, 0x443, 0x452, 0x453, 0x454, 0x463, 0x464, 0x543, 0x552, 0x553,
    0x354, 0x355, 0x364, 0x443, 0x444, 0x453, 0x454, 0x455, 0x464, 0x465, 0x544, 0x553, 0x554, 0x355, 0x356, 0x365,
    0x444, 0x445, 0x454, 0x455, 0x456, 0x465, 0x466, 0x545, 0x554, 0x555, 0x356, 0x357, 0x366, 0x445, 0x446, 0x455,
    0x456, 0x457, 0x466, 0x467, 0x546, 0x555, 0x556, 0x357, 0x358, 0x367, 0x446, 0x447, 0x456, 0x457, 0x458, 0x467,
    0x468, 0x547, 0x556, 0x557, 0x358, 0x359, 0x368, 0x447, 0x448, 0x457, 0x458, 0x459, 0x468, 0x469, 0x548, 0x557,
    0x558, 0x359, 0x35A, 0x369, 0x448, 0x449, 0x458, 0x459, 0x45A, 0x469, 0x46A, 0x549, 0x558, 0x559, 0x35A, 0x35B,
    0x36A, 0x449, 0x44A, 0x459, 0x45A, 0x45B, 0x46A, 0x46B, 0x54A, 0x559, 0x55A, 0x35B, 0x35C, 0x36B, 0x44B, 0x44C,
    0x45A, 0x45B, 0x45C, 0x46B, 0x46C, 0x54B, 0x55A, 0x55B, 0x35C, 0x35D, 0x36C, 0x44C, 0x44D, 0x45B, 0x45C, 0x45D,
    0x46C, 0x46D, 0x54D, 0x55B, 0x55C, 0x35D, 0x35E, 0x44D, 0x44E, 0x45C, 0x45D, 0x45E, 0x46D, 0x46E, 0x54D, 0x54E,
    0x55C, 0x55D, 0x55E, 0x35E, 0x35F, 0x44E, 0x44F, 0x45D, 0x45E, 0x45F, 0x46E, 0x46F, 0x54E, 0x54F, 0x55E, 0x55F,
    0x35E, 0x35F, 0x44F, 0x45E, 0x45F, 0x46F, 0x54F, 0x55F, 0x360, 0x361, 0x371, 0x450, 0x460, 0x461, 0x471, 0x472,
    0x560, 0x361, 0x362, 0x371, 0x450, 0x451, 0x460, 0x461, 0x462, 0x471, 0x472, 0x560, 0x561, 0x362, 0x363, 0x372,
    0x373, 0x451, 0x452, 0x460, 0x461, 0x462, 0x463, 0x472, 0x473, 0x551, 0x560, 0x561, 0x562, 0x363, 0x364, 0x452,
    0x453, 0x462, 0x463, 0x464, 0x473, 0x474, 0x552, 0x562, 0x563, 0x364, 0x365, 0x374, 0x453, 0x454, 0x463, 0x464,
    0x465, 0x474, 0x475, 0x554, 0x563, 0x564, 0x365, 0x366, 0x375, 0x454, 0x455, 0x464, 0x465, 0x466, 0x475, 0x476,
    0x555, 0x564, 0x565, 0x366, 0x367, 0x376, 0x455, 0x456, 0x465, 0x466, 0x467, 0x476, 0x477, 0x556, 0x565, 0x566,
    0x367, 0x368, 0x377, 0x456, 0x457, 0x466, 0x467, 0x468, 0x477, 0x478, 0x557, 0x566, 0x567, 0x368, 0x369, 0x378,
    0x457, 0x458, 0x467, 0x468, 0x469, 0x478, 0x479, 0x558, 0x567, 0x568, 0x369, 0x36A, 0x379, 0x458, 0x459, 0x468,
    0x469, 0x46A, 0x479, 0x47A, 0x559, 0x568, 0x569, 0x36A, 0x36B, 0x37A, 0x459, 0x45A, 0x469, 0x46A, 0x46B, 0x47A,
    0x47B, 0x55A, 0x569, 0x56A, 0x36B, 0x36C, 0x37B, 0x45A, 0x45B, 0x46A, 0x46B, 0x46C, 0x47B, 0x47C, 0x55B, 0x56A,
    0x56B, 0x36C, 0x36D, 0x37C, 0x45B, 0x45C, 0x46B, 0x46C, 0x46D, 0x47C, 0x47D, 0x55C, 0x56B, 0x56C, 0x36D, 0x36E,
    0x37D, 0x45C, 0x45D, 0x45E, 0x46C, 0x46D, 0x46E, 0x47D, 0x47E, 0x55D, 0x56C, 0x56D, 0x36E, 0x36F, 0x37E, 0x45E,
    0x45F, 0x46D, 0x46E, 0x46F, 0x47E, 0x47F, 0x55E, 0x55F, 0x56D, 0x56E, 0x36F, 0x37F, 0x45F, 0x46E, 0x46F, 0x47F,
    0x55F, 0x56E, 0x56F, 0x370, 0x371, 0x372, 0x381, 0x470, 0x471, 0x472, 0x481, 0x482, 0x570, 0x371, 0x372, 0x470,
    0x471, 0x472, 0x481, 0x482, 0x570, 0x571, 0x372, 0x373, 0x461, 0x470, 0x471, 0x472, 0x473, 0x482, 0x483, 0x570,
    0x571, 0x572, 0x373, 0x374, 0x462, 0x463, 0x472, 0x473, 0x474, 0x483, 0x484, 0x572, 0x573, 0x374, 0x375, 0x464,
    0x473, 0x474, 0x475, 0x484, 0x485, 0x573, 0x574, 0x375, 0x376, 0x385, 0x465, 0x474, 0x475, 0x476, 0x485, 0x486,
    0x565, 0x574, 0x575, 0x376, 0x377, 0x386, 0x466, 0x475, 0x476, 0x477, 0x486, 0x487, 0x566, 0x575, 0x576, 0x377,
    0x378, 0x387, 0x467, 0x476, 0x477, 0x478, 0x487, 0x488, 0x567, 0x576, 0x577, 0x378, 0x379, 0x388, 0x468, 0x477,
    0x478, 0x479, 0x488, 0x489, 0x568, 0x577, 0x578, 0x379, 0x37A, 0x389, 0x469, 0x478, 0x479, 0x47A, 0x489, 0x48A,
    0x569, 0x578, 0x579, 0x37A, 0x37B, 0x38A, 0x46A, 0x479, 0x47A, 0x47B, 0x48A, 0x48B, 0x56A, 0x579, 0x57A, 0x37B,
    0x37C, 0x38B, 0x46B, 0x47A, 0x47B, 0x47C, 0x48B, 0x48C, 0x56B, 0x57A, 0x57B, 0x37C, 0x37D, 0x38C, 0x46C, 0x47B,
    0x47C, 0x47D, 0x48C, 0x48D, 0x56C, 0x57B, 0x57C, 0x37D, 0x37E, 0x38D, 0x46D, 0x47C, 0x47D, 0x47E, 0x48D, 0x48E,
    0x56D, 0x57C, 0x57D, 0x37E, 0x37F, 0x38E, 0x46E, 0x47D, 0x47E, 0x47F, 0x48E, 0x48F, 0x56E, 0x57D, 0x57E, 0x37F,
    0x38F, 0x46F, 0x47E, 0x47F, 0x48F, 0x57E, 0x57F, 0x380, 0x381, 0x382, 0x391, 0x480, 0x481, 0x482, 0x491, 0x492,
    0x580, 0x381, 0x382, 0x480, 0x481, 0x482, 0x491, 0x492, 0x580, 0x581, 0x382, 0x383, 0x471, 0x480, 0x481, 0x482,
    0x483, 0x493, 0x571, 0x580, 0x581, 0x582, 0x383, 0x384, 0x472, 0x482, 0x483, 0x484, 0x493, 0x494, 0x572, 0x582,
    0x583, 0x384, 0x385, 0x474, 0x483, 0x484, 0x485, 0x494, 0x495, 0x583, 0x584, 0x385, 0x386, 0x395, 0x475, 0x484,
    0x485, 0x486, 0x495, 0x575, 0x584, 0x585, 0x386, 0x387, 0x396, 0x476, 0x485, 0x486, 0x487, 0x496, 0x576, 0x585,
    0x586, 0x387, 0x388, 0x397, 0x477, 0x486, 0x487, 0x488, 0x497, 0x577, 0x586, 0x587, 0x388, 0x389, 0x398, 0x478,
    0x487, 0x488, 0x489, 0x498, 0x578, 0x587, 0x588, 0x389, 0x38A, 0x399, 0x479, 0x488, 0x489, 0x48A, 0x499, 0x49A,
    0x579, 0x588, 0x589, 0x38A, 0x38B, 0x39A, 0x47A, 0x489, 0x48A, 0x48B, 0x49A, 0x49B, 0x57A, 0x589, 0x58A, 0x38B,
    0x38C, 0x39B, 0x47B, 0x48A, 0x48B, 0x48C, 0x49B, 0x57B, 0x58A, 0x58B, 0x38C, 0x38D, 0x39C, 0x47C, 0x48B, 0x48C,
    0x48D, 0x49C, 0x57C, 0x58B, 0x58C, 0x38D, 0x38E, 0x39D, 0x47D, 0x48C, 0x48D, 0x48E, 0x49D, 0x49E, 0x57D, 0x58C,
    0x58D, 0x38E, 0x38F, 0x39E, 0x47E, 0x48D, 0x48E, 0x48F, 0x49E, 0x57E, 0x58D, 0x58E, 0x38F, 0x39F, 0x47F, 0x48E,
    0x48F, 0x49F, 0x58E, 0x58F, 0x390, 0x391, 0x392, 0x3A1, 0x3A2, 0x490, 0x491, 0x492, 0x4A1, 0x4A2, 0x590, 0x391,
    0x392, 0x3A2, 0x490, 0x491, 0x492, 0x4A2, 0x590, 0x591, 0x392, 0x393, 0x3A2, 0x3A3, 0x481, 0x490, 0x491, 0x492,
    0x493, 0x4A2, 0x4A3, 0x580, 0x581, 0x590, 0x591, 0x592, 0x393, 0x394, 0x3A3, 0x3A4, 0x482, 0x492, 0x493, 0x494,
    0x4A3, 0x4A4, 0x582, 0x591, 0x592, 0x593, 0x394, 0x395, 0x3A4, 0x3A5, 0x484, 0x493, 0x494, 0x495, 0x4A4, 0x4A5,
    0x593, 0x594, 0x395, 0x396, 0x3A5, 0x3A6, 0x485, 0x494, 0x495, 0x496, 0x4A5, 0x4A6, 0x585, 0x594, 0x595, 0x396,
    0x397, 0x3A6, 0x3A7, 0x486, 0x495, 0x496, 0x497, 0x4A6, 0x4A7, 0x586, 0x595, 0x596, 0x397, 0x398, 0x3A7, 0x3A8,
    0x487, 0x496, 0x497, 0x498, 0x4A7, 0x4A8, 0x587, 0x596, 0x597, 0x398, 0x399, 0x3A8, 0x3A9, 0x488, 0x497, 0x498,
    0x499, 0x4A8, 0x4A9, 0x588, 0x597, 0x598, 0x399, 0x39A, 0x3A9, 0x3AA, 0x489, 0x498, 0x499, 0x49A, 0x4A9, 0x4AA,
    0x589, 0x598, 0x599, 0x39A, 0x39B, 0x3AA, 0x3AB, 0x48A, 0x499, 0x49A, 0x49B, 0x4AA, 0x4AB, 0x58A, 0x599, 0x59A,
    0x39B, 0x39C, 0x3AB, 0x3AC, 0x48B, 0x49A, 0x49B, 0x49C, 0x4AB, 0x4AC, 0x58B, 0x59A, 0x59B, 0x39C, 0x39D, 0x3AC,
    0x3AD, 0x48C, 0x49B, 0x49C, 0x49D, 0x4AC, 0x4AD, 0x58C, 0x59B, 0x59C, 0x39D, 0x39E, 0x3AD, 0x3AE, 0x48D, 0x49C,
    0x49D, 0x49E, 0x4AD, 0x4AE, 0x58D, 0x59C, 0x59D, 0x39E, 0x39F, 0x3AE, 0x3AF, 0x48E, 0x49D, 0x49E, 0x49F, 0x4AE,
    0x4AF, 0x58E, 0x59D, 0x59E, 0x39F, 0x3AF, 0x48F, 0x49E, 0x49F, 0x4AF, 0x59E, 0x59F, 0x2B2, 0x3A0, 0x3A1, 0x3A2,
    0x3B1, 0x3B2, 0x4A0, 0x4A1, 0x4A2, 0x4B1, 0x4B2, 0x5A0, 0x3A1, 0x3A2, 0x3B2, 0x4A0, 0x4A1, 0x4A2, 0x4B2, 0x5A0,
    0x5A1, 0x3A2, 0x3A3, 0x3B2, 0x3B3, 0x4A0, 0x4A1, 0x4A2, 0x4A3, 0x5A0, 0x5A1, 0x5A2, 0x3A3, 0x3A4, 0x3B3, 0x3B4,
    0x4A2, 0x4A3, 0x4A4, 0x4B4, 0x5A1, 0x5A2, 0x5A3, 0x2A5, 0x3A4, 0x3A5, 0x3B4, 0x3B5, 0x4A3, 0x4A4, 0x4A5, 0x5A3,
    0x5A4, 0x2A6, 0x3A5, 0x3A6, 0x3B5, 0x3B6, 0x4A4, 0x4A5, 0x4A6, 0x5A4, 0x5A5, 0x2A7, 0x3A6, 0x3A7, 0x3B6, 0x3B7,
    0x496, 0x4A5, 0x4A6, 0x4A7, 0x4B6, 0x596, 0x5A5, 0x5A6, 0x3A7, 0x3A8, 0x3B7, 0x3B8, 0x497, 0x4A6, 0x4A7, 0x4A8,
    0x4B7, 0x597, 0x5A6, 0x5A7, 0x3A8, 0x3A9, 0x3B8, 0x3B9, 0x498, 0x4A7, 0x4A8, 0x4A9, 0x4B8, 0x598, 0x5A7, 0x5A8,
    0x3A9, 0x3AA, 0x3B9, 0x3BA, 0x499, 0x4A8, 0x4A9, 0x4AA, 0x4B9, 0x599, 0x5A8, 0x5A9, 0x3AA, 0x3AB, 0x3BA, 0x3BB,
    0x49A, 0x4A9, 0x4AA, 0x4AB, 0x4BA, 0x59A, 0x5A9, 0x5AA, 0x3AB, 0x3AC, 0x3BB, 0x3BC, 0x49B, 0x4AA, 0x4AB, 0x4AC,
    0x4BB, 0x59B, 0x5AA, 0x5AB, 0x3AC, 0x3AD, 0x3BC, 0x3BD, 0x49C, 0x4AB, 0x4AC, 0x4AD, 0x4BC, 0x59C, 0x5AB, 0x5AC,
    0x3AD, 0x3AE, 0x3BD, 0x3BE, 0x49D, 0x4AC, 0x4AD, 0x4AE, 0x4BD, 0x59D, 0x5AC, 0x5AD, 0x3AE, 0x3AF, 0x3BE, 0x3BF,
    0x49E, 0x4AD, 0x4AE, 0x4AF, 0x4BE, 0x59E, 0x5AD, 0x5AE, 0x3AF, 0x3BF, 0x4AE, 0x4AF, 0x4BF, 0x5AE, 0x5AF, 0x2C2,
    0x3B0, 0x3B1, 0x3B2, 0x3C2, 0x4B0, 0x4B1, 0x4B2, 0x4C2, 0x5B0, 0x3B1, 0x3B2, 0x3C2, 0x4B0, 0x4B1, 0x4B2, 0x5B0,
    0x5B1, 0x2B3, 0x3B2, 0x3B3, 0x3C3, 0x4B0, 0x4B1, 0x4B2, 0x4B3, 0x5B0, 0x5B1, 0x5B2, 0x2B4, 0x3B3, 0x3B4, 0x3C4,
    0x4B2, 0x4B3, 0x4B4, 0x5B1, 0x5B2, 0x5B3, 0x2B5, 0x3B4, 0x3B5, 0x3C4, 0x3C5, 0x4B3, 0x4B4, 0x4B5, 0x5B3, 0x5B4,
    0x2B6, 0x3B5, 0x3B6, 0x3C5, 0x3C6, 0x4B4, 0x4B5, 0x4B6, 0x5B4, 0x5B5, 0x2B7, 0x3B6, 0x3B7, 0x3C6, 0x3C7, 0x4A6,
    0x4B5, 0x4B6, 0x4B7, 0x5A6, 0x5B5, 0x5B6, 0x2B8, 0x3B7, 0x3B8, 0x3C7, 0x3C8, 0x4A7, 0x4B6, 0x4B7, 0x4B8, 0x4C7,
    0x5A7, 0x5B6, 0x5B7, 0x2B9, 0x3B8, 0x3B9, 0x3C8, 0x3C9, 0x4A8, 0x4B7, 0x4B8, 0x4B9, 0x4C8, 0x5A8, 0x5B7, 0x5B8,
    0x2BA, 0x3B9, 0x3BA, 0x3C9, 0x3CA, 0x4A9, 0x4B8, 0x4B9, 0x4BA, 0x4C9, 0x5A9, 0x5B8, 0x5B9, 0x2BB, 0x3BA, 0x3BB,
    0x3CA, 0x3CB, 0x4AA, 0x4B9, 0x4BA, 0x4BB, 0x4CA, 0x5AA, 0x5B9, 0x5BA, 0x2BC, 0x2CB, 0x3BB, 0x3BC, 0x3CB, 0x3CC,
    0x4AB, 0x4BA, 0x4BB, 0x4BC, 0x4CB, 0x5AB, 0x5BA, 0x5BB, 0x2BD, 0x2CC, 0x3BC, 0x3BD, 0x3CC, 0x4AC, 0x4BB, 0x4BC,
    0x4BD, 0x4CC, 0x5AC, 0x5BB, 0x5BC, 0x2BE, 0x2CD, 0x3BD, 0x3BE, 0x3CD, 0x3CE, 0x4AD, 0x4BC, 0x4BD, 0x4BE, 0x4CD,
    0x5AD, 0x5BC, 0x5BD, 0x2CE, 0x3BE, 0x3BF, 0x3CE, 0x3CF, 0x4AE, 0x4BD, 0x4BE, 0x4BF, 0x4CE, 0x5AE, 0x5BD, 0x5BE,
    0x2CF, 0x3BF, 0x3CF, 0x4BE, 0x4BF, 0x4CF, 0x5BE, 0x5BF, 0x2C2, 0x3C0, 0x3C1, 0x3C2, 0x3D2, 0x4C0, 0x4C1, 0x4C2,
    0x5C0, 0x2C2, 0x3C1, 0x3C2, 0x3C3, 0x3D2, 0x4C0, 0x4C1, 0x4C2, 0x5C0, 0x5C1, 0x2C3, 0x3C2, 0x3C3, 0x4C0, 0x4C1,
    0x4C2, 0x4C3, 0x5C0, 0x5C1, 0x5C2, 0x2C4, 0x3C3, 0x3C4, 0x4C2, 0x4C3, 0x4C4, 0x5B2, 0x5C1, 0x5C2, 0x5C3, 0x2C5,
    0x3C4, 0x3C5, 0x4C3, 0x4C4, 0x4C5, 0x5B3, 0x5C3, 0x5C4, 0x2C6, 0x3C5, 0x3C6, 0x4C4, 0x4C5, 0x4C6, 0x5C4, 0x5C5,
    0x2C6, 0x2C7, 0x3C6, 0x3C7, 0x4B6, 0x4C5, 0x4C6, 0x4C7, 0x5B6, 0x5C5, 0x5C6, 0x2C7, 0x2C8, 0x3C7, 0x3C8, 0x3D7,
    0x4B7, 0x4C6, 0x4C7, 0x4C8, 0x5B7, 0x5C6, 0x5C7, 0x2C8, 0x2C9, 0x3C8, 0x3C9, 0x3D8, 0x4B8, 0x4C7, 0x4C8, 0x4C9,
    0x4D8, 0x5B8, 0x5C7, 0x5C8, 0x2C9, 0x2CA, 0x2D9, 0x3C9, 0x3CA, 0x3D9, 0x4B9, 0x4C8, 0x4C9, 0x4CA, 0x4D9, 0x5B9,
    0x5C8, 0x5C9, 0x2CA, 0x2CB, 0x2DA, 0x3CA, 0x3CB, 0x3DA, 0x4BA, 0x4C9, 0x4CA, 0x4CB, 0x4DA, 0x5BA, 0x5C9, 0x5CA,
    0x2CB, 0x2CC, 0x2DB, 0x3CB, 0x3CC, 0x3DB, 0x4BB, 0x4CA, 0x4CB, 0x4CC, 0x4DB, 0x5BB, 0x5CA, 0x5CB, 0x2CC, 0x2CD,
    0x2DC, 0x3CC, 0x3CD, 0x3DC, 0x4BC, 0x4CB, 0x4CC, 0x4CD, 0x4DC, 0x5BC, 0x5CB, 0x5CC, 0x2CD, 0x2CE, 0x2DD, 0x3CD,
    0x3CE, 0x3DD, 0x4BD, 0x4CC, 0x4CD, 0x4CE, 0x4DD, 0x5BD, 0x5CC, 0x5CD, 0x2CE, 0x2CF, 0x2DE, 0x3CE, 0x3CF, 0x3DE,
    0x4BE, 0x4CD, 0x4CE, 0x4CF, 0x4DE, 0x5BE, 0x5CD, 0x5CE, 0x2CF, 0x2DF, 0x3CF, 0x3DF, 0x4CE, 0x4CF, 0x4DF, 0x5CE,
    0x5CF, 0x2D2, 0x2E2, 0x3D0, 0x3D1, 0x3D2, 0x3E2, 0x4D0, 0x4D1, 0x4D2, 0x4E2, 0x5D0, 0x2D2, 0x2D3, 0x2E2, 0x2E3,
    0x3D1, 0x3D2, 0x3D3, 0x3E2, 0x3E3, 0x4D0, 0x4D1, 0x4D2, 0x4E2, 0x5C0, 0x5D0, 0x5D1, 0x2D3, 0x2E3, 0x3D2, 0x3D3,
    0x3E3, 0x4D0, 0x4D1, 0x4D2, 0x4D3, 0x5C0, 0x5C1, 0x5D0, 0x5D1, 0x5D2, 0x2D4, 0x2E3, 0x2E4, 0x3D3, 0x3D4, 0x3E3,
    0x3E4, 0x4C2, 0x4D1, 0x4D2, 0x4D3, 0x4D4, 0x4E4, 0x5C1, 0x5C2, 0x5D1, 0x5D2, 0x5D3, 0x2D4, 0x2D5, 0x2E4, 0x2E5,
    0x3D4, 0x3D5, 0x3E4, 0x3E5, 0x4C3, 0x4D3, 0x4D4, 0x4D5, 0x4E5, 0x5C3, 0x5D3, 0x5D4, 0x2D5, 0x2D6, 0x2E5, 0x2E6,
    0x3D5, 0x3D6, 0x3E5, 0x3E6, 0x4D4, 0x4D5, 0x4D6, 0x5C4, 0x5D4, 0x5D5, 0x2D6, 0x2D7, 0x2E6, 0x2E7, 0x3D6, 0x3D7,
    0x3E6, 0x3E7, 0x4C6, 0x4D5, 0x4D6, 0x4D7, 0x4E6, 0x5C6, 0x5D5, 0x5D6, 0x2D7, 0x2D8, 0x2E7, 0x2E8, 0x3D7, 0x3D8,
    0x3E7, 0x3E8, 0x4C7, 0x4D6, 0x4D7, 0x4D8, 0x4E7, 0x5C7, 0x5D6, 0x5D7, 0x2D8, 0x2D9, 0x2E8, 0x2E9, 0x3D8, 0x3D9,
    0x3E8, 0x3E9, 0x4C8, 0x4D7, 0x4D8, 0x4D9, 0x4E8, 0x5C8, 0x5D7, 0x5D8, 0x2D9, 0x2DA, 0x2E9, 0x2EA, 0x3D9, 0x3DA,
    0x3E9, 0x3EA, 0x4C9, 0x4D8, 0x4D9, 0x4DA, 0x4E9, 0x5C9, 0x5D8, 0x5D9, 0x2DA, 0x2DB, 0x2EA, 0x2EB, 0x3DA, 0x3DB,
    0x3EA, 0x3EB, 0x4CA, 0x4D9, 0x4DA, 0x4DB, 0x4EA, 0x5CA, 0x5D9, 0x5DA, 0x2DB, 0x2DC, 0x2EB, 0x2EC, 0x3DB, 0x3DC,
    0x3EB, 0x3EC, 0x4CB, 0x4DA, 0x4DB, 0x4DC, 0x4EB, 0x5CB, 0x5DA, 0x5DB, 0x2DC, 0x2DD, 0x2EC, 0x2ED, 0x3DC, 0x3DD,
    0x3EC, 0x3ED, 0x4CC, 0x4DB, 0x4DC, 0x4DD, 0x4EC, 0x5CC, 0x5DB, 0x5DC, 0x2DD, 0x2DE, 0x2ED, 0x2EE, 0x3DD, 0x3DE,
    0x3ED, 0x3EE, 0x4CD, 0x4DC, 0x4DD, 0x4DE, 0x4ED, 0x5CD, 0x5DC, 0x5DD, 0x2DE, 0x2DF, 0x2EE, 0x2EF, 0x3DE, 0x3DF,
    0x3EE, 0x3EF, 0x4CE, 0x4DD, 0x4DE, 0x4DF, 0x4EE, 0x5CE, 0x5DD, 0x5DE, 0x2DF, 0x2EF, 0x3DF, 0x3EF, 0x4DE, 0x4DF,
    0x4EF, 0x5DE, 0x5DF, 0x2E2, 0x2F2, 0x3E0, 0x3E1, 0x3E2, 0x3F2, 0x4E0, 0x4E1, 0x4E2, 0x4F2, 0x5E0, 0x2E2, 0x2E3,
    0x2F2, 0x2F3, 0x3E1, 0x3E2, 0x3E3, 0x3F2, 0x4E0, 0x4E1, 0x4E2, 0x4F2, 0x5E0, 0x5E1, 0x2E3, 0x2F3, 0x3E2, 0x3E3,
    0x4E0, 0x4E1, 0x4E2, 0x4E3, 0x5E0, 0x5E1, 0x5E2, 0x2E3, 0x2E4, 0x2F4, 0x3E3, 0x3E4, 0x4E1, 0x4E2, 0x4E3, 0x4E4,
    0x5E1, 0x5E2, 0x5E3, 0x2E4, 0x2E5, 0x2F5, 0x3E4, 0x3E5, 0x3F5, 0x4E3, 0x4E4, 0x4E5, 0x5E2, 0x5E3, 0x5E4, 0x2E5,
    0x2E6, 0x2F6, 0x3E5, 0x3E6, 0x3F6, 0x4E4, 0x4E5, 0x4E6, 0x5E4, 0x5E5, 0x2E6, 0x2E7, 0x2F6, 0x2F7, 0x3E6, 0x3E7,
    0x4E5, 0x4E6, 0x4E7, 0x5E5, 0x5E6, 0x2E7, 0x2E8, 0x2F7, 0x3E7, 0x3E8, 0x4E6, 0x4E7, 0x4E8, 0x4F7, 0x5E6, 0x5E7,
    0x2E8, 0x2E9, 0x2F8, 0x3E8, 0x3E9, 0x3F8, 0x4E7, 0x4E8, 0x4E9, 0x4F8, 0x5D8, 0x5E7, 0x5E8, 0x2E9, 0x2EA, 0x2F9,
    0x2FA, 0x3E9, 0x3EA, 0x3F9, 0x4D9, 0x4E8, 0x4E9, 0x4EA, 0x4F9, 0x5D9, 0x5E8, 0x5E9, 0x2EA, 0x2EB, 0x2FA, 0x3EA,
    0x3EB, 0x3FA, 0x4DA, 0x4E9, 0x4EA, 0x4EB, 0x4FA, 0x5DA, 0x5E9, 0x5EA, 0x2EB, 0x2EC, 0x2FB, 0x3EB, 0x3EC, 0x3FB,
    0x4DB, 0x4EA, 0x4EB, 0x4EC, 0x4FB, 0x5DB, 0x5EA, 0x5EB, 0x2EC, 0x2ED, 0x2FC, 0x3EC, 0x3ED, 0x3FC, 0x4DC, 0x4EB,
    0x4EC, 0x4ED, 0x4FC, 0x5DC, 0x5EB, 0x5EC, 0x2ED, 0x2EE, 0x2FD, 0x2FE, 0x3ED, 0x3EE, 0x3FD, 0x4DD, 0x4EC, 0x4ED,
    0x4EE, 0x4FD, 0x5DD, 0x5EC, 0x5ED, 0x2EE, 0x2EF, 0x2FE, 0x3EE, 0x3EF, 0x3FE, 0x4DE, 0x4ED, 0x4EE, 0x4EF, 0x4FE,
    0x5DE, 0x5ED, 0x5EE, 0x2EF, 0x2FF, 0x3EF, 0x3FF, 0x4EE, 0x4EF, 0x4FF, 0x5EE, 0x5EF, 0x2F2, 0x3F0, 0x3F1, 0x3F2,
    0x4F0, 0x4F1, 0x4F2, 0x2F2, 0x2F3, 0x3F1, 0x3F2, 0x3F3, 0x4F0, 0x4F1, 0x4F2, 0x2F3, 0x3F2, 0x3F3, 0x4F1, 0x4F2,
    0x4F3, 0x5F2, 0x2F3, 0x2F4, 0x3F3, 0x3F4, 0x4F2, 0x4F3, 0x4F4, 0x5F3, 0x1F5, 0x2F4, 0x2F5, 0x3F4, 0x3F5, 0x4F3,
    0x4F4, 0x4F5, 0x5F4, 0x1F6, 0x2F5, 0x2F6, 0x3F5, 0x3F6, 0x4F4, 0x4F5, 0x4F6, 0x5F5, 0x1F7, 0x2F6, 0x2F7, 0x3F6,
    0x3F7, 0x4F5, 0x4F6, 0x4F7, 0x5F5, 0x5F6, 0x1F8, 0x2F7, 0x2F8, 0x3F7, 0x3F8, 0x4F6, 0x4F7, 0x4F8, 0x5F7, 0x1F9,
    0x2F8, 0x2F9, 0x3F8, 0x3F9, 0x4E8, 0x4F7, 0x4F8, 0x4F9, 0x5E8, 0x5F8, 0x1FA, 0x2F9, 0x2FA, 0x3F9, 0x3FA, 0x4E9,
    0x4F8, 0x4F9, 0x4FA, 0x5E9, 0x5F9, 0x1FB, 0x2FA, 0x2FB, 0x3FA, 0x3FB, 0x4EA, 0x4FA, 0x4FB, 0x5EA, 0x5FA, 0x1FC,
    0x2FB, 0x2FC, 0x3FB, 0x3FC, 0x4EB, 0x4FB, 0x4FC, 0x5EB, 0x5FB, 0x1FD, 0x2FC, 0x2FD, 0x3FC, 0x3FD, 0x4EC, 0x4FC,
    0x4FD, 0x5EC, 0x5FC, 0x1FE, 0x2FD, 0x2FE, 0x3FD, 0x3FE, 0x4ED, 0x4FD, 0x4FE, 0x5ED, 0x5FD, 0x2FE, 0x2FF, 0x3FE,
    0x3FF, 0x4EE, 0x4FE, 0x4FF, 0x5EE, 0x5FE, 0x2FF, 0x3FF, 0x4FF, 0x500, 0x501, 0x510, 0x511, 0x600, 0x401, 0x411,
    0x500, 0x501, 0x502, 0x511, 0x512, 0x600, 0x601, 0x402, 0x412, 0x501, 0x502, 0x503, 0x512, 0x513, 0x601, 0x602,
    0x603, 0x403, 0x413, 0x502, 0x503, 0x504, 0x513, 0x514, 0x603, 0x604, 0x404, 0x503, 0x504, 0x505, 0x514, 0x515,
    0x604, 0x605, 0x405, 0x415, 0x504, 0x505, 0x506, 0x515, 0x605, 0x606, 0x406, 0x416, 0x505, 0x506, 0x507, 0x515,
    0x516, 0x606, 0x607, 0x407, 0x417, 0x506, 0x507, 0x508, 0x516, 0x517, 0x607, 0x608, 0x408, 0x418, 0x507, 0x508,
    0x509, 0x517, 0x518, 0x608, 0x409, 0x419, 0x508, 0x509, 0x50A, 0x518, 0x519, 0x609, 0x40A, 0x41A, 0x509, 0x50A,
    0x50B, 0x519, 0x51A, 0x60A, 0x40B, 0x41A, 0x41B, 0x50A, 0x50B, 0x50C, 0x51A, 0x51B, 0x60B, 0x40C, 0x41B, 0x41C,
    0x50B, 0x50C, 0x50D, 0x51B, 0x51C, 0x60C, 0x40D, 0x41C, 0x41D, 0x50C, 0x50D, 0x50E, 0x51C, 0x51D, 0x60D, 0x40E,
    0x41D, 0x41E, 0x50E, 0x50F, 0x51D, 0x51E, 0x60E, 0x40F, 0x41E, 0x41F, 0x50F, 0x51E, 0x51F, 0x60F, 0x410, 0x411,
    0x500, 0x510, 0x511, 0x520, 0x521, 0x600, 0x610, 0x411, 0x500, 0x501, 0x510, 0x511, 0x512, 0x521, 0x522, 0x601,
    0x610, 0x611, 0x412, 0x501, 0x502, 0x511, 0x512, 0x513, 0x522, 0x523, 0x601, 0x602, 0x611, 0x612, 0x413, 0x502,
    0x503, 0x512, 0x513, 0x514, 0x523, 0x524, 0x602, 0x603, 0x612, 0x613, 0x614, 0x414, 0x503, 0x504, 0x505, 0x513,
    0x514, 0x515, 0x524, 0x525, 0x605, 0x613, 0x614, 0x615, 0x414, 0x415, 0x504, 0x505, 0x506, 0x514, 0x515, 0x516,
    0x525, 0x526, 0x605, 0x614, 0x615, 0x616, 0x415, 0x416, 0x505, 0x506, 0x507, 0x515, 0x516, 0x517, 0x526, 0x527,
    0x606, 0x616, 0x617, 0x416, 0x417, 0x427, 0x507, 0x508, 0x516, 0x517, 0x518, 0x527, 0x607, 0x617, 0x618, 0x417,
    0x418, 0x428, 0x508, 0x509, 0x517, 0x518, 0x519, 0x527, 0x528, 0x608, 0x618, 0x619, 0x418, 0x419, 0x429, 0x509,
    0x50A, 0x518, 0x519, 0x51A, 0x528, 0x529, 0x609, 0x619, 0x61A, 0x41A, 0x42A, 0x50A, 0x50B, 0x519, 0x51A, 0x51B,
    0x529, 0x52A, 0x60A, 0x61A, 0x61B, 0x41B, 0x42B, 0x50B, 0x50C, 0x51A, 0x51B, 0x51C, 0x52A, 0x52B, 0x60B, 0x61B,
    0x61C, 0x41C, 0x42C, 0x50C, 0x50D, 0x51B, 0x51C, 0x51D, 0x52B, 0x52C, 0x60C, 0x61C, 0x41C, 0x41D, 0x42D, 0x50D,
    0x50E, 0x51C, 0x51D, 0x51E, 0x52C, 0x52D, 0x60D, 0x60E, 0x61D, 0x41E, 0x42E, 0x50E, 0x50F, 0x51D, 0x51E, 0x51F,
    0x52D, 0x52E, 0x60E, 0x61E, 0x41F, 0x42E, 0x42F, 0x50F, 0x51E, 0x51F, 0x52E, 0x52F, 0x60F, 0x61F, 0x420, 0x421,
    0x510, 0x520, 0x521, 0x531, 0x610, 0x620, 0x421, 0x422, 0x510, 0x511, 0x520, 0x521, 0x522, 0x531, 0x532, 0x610,
    0x611, 0x620, 0x621, 0x422, 0x423, 0x511, 0x512, 0x521, 0x522, 0x523, 0x532, 0x533, 0x611, 0x612, 0x621, 0x622,
    0x423, 0x424, 0x433, 0x512, 0x513, 0x522, 0x523, 0x524, 0x533, 0x534, 0x612, 0x613, 0x622, 0x623, 0x424, 0x425,
    0x434, 0x513, 0x514, 0x523, 0x524, 0x525, 0x534, 0x535, 0x613, 0x614, 0x623, 0x624, 0x425, 0x426, 0x435, 0x514,
    0x515, 0x516, 0x524, 0x525, 0x526, 0x535, 0x536, 0x614, 0x615, 0x624, 0x625, 0x426, 0x436, 0x515, 0x516, 0x517,
    0x525, 0x526, 0x527, 0x536, 0x537, 0x616, 0x617, 0x625, 0x626, 0x627, 0x426, 0x427, 0x516, 0x517, 0x518, 0x526,
    0x527, 0x528, 0x537, 0x538, 0x617, 0x618, 0x626, 0x627, 0x628, 0x427, 0x428, 0x518, 0x519, 0x527, 0x528, 0x529,
    0x538, 0x539, 0x618, 0x619, 0x628, 0x629, 0x428, 0x429, 0x439, 0x519, 0x51A, 0x528, 0x529, 0x52A, 0x539, 0x619,
    0x61A, 0x629, 0x62A, 0x429, 0x42A, 0x43A, 0x51A, 0x51B, 0x529, 0x52A, 0x52B, 0x539, 0x53A, 0x61A, 0x62A, 0x62B,
    0x42A, 0x42B, 0x43B, 0x51B, 0x51C, 0x52A, 0x52B, 0x52C, 0x53A, 0x53B, 0x61B, 0x62B, 0x62C, 0x42B, 0x42C, 0x43C,
    0x51C, 0x51D, 0x52B, 0x52C, 0x52D, 0x53B, 0x53C, 0x61C, 0x62C, 0x62D, 0x42C, 0x42D, 0x43D, 0x51D, 0x51E, 0x52C,
    0x52D, 0x52E, 0x53C, 0x53D, 0x61D, 0x62D, 0x62E, 0x42E, 0x43E, 0x51E, 0x51F, 0x52D, 0x52E, 0x52F, 0x53D, 0x53E,
    0x61E, 0x62E, 0x62F, 0x42E, 0x42F, 0x43F, 0x51F, 0x52E, 0x52F, 0x53E, 0x53F, 0x61F, 0x62F, 0x430, 0x431, 0x441,
    0x520, 0x530, 0x531, 0x541, 0x620, 0x630, 0x431, 0x432, 0x520, 0x521, 0x530, 0x531, 0x532, 0x541, 0x542, 0x620,
    0x621, 0x630, 0x631, 0x432, 0x433, 0x521, 0x522, 0x531, 0x532, 0x533, 0x542, 0x543, 0x621, 0x622, 0x631, 0x632,
    0x433, 0x434, 0x443, 0x522, 0x523, 0x532, 0x533, 0x534, 0x543, 0x544, 0x622, 0x623, 0x632, 0x633, 0x434, 0x435,
    0x444, 0x523, 0x524, 0x533, 0x534, 0x535, 0x544, 0x545, 0x623, 0x624, 0x633, 0x634, 0x435, 0x436, 0x445, 0x524,
    0x525, 0x534, 0x535, 0x536, 0x545, 0x546, 0x624, 0x625, 0x634, 0x635, 0x436, 0x437, 0x446, 0x525, 0x526, 0x535,
    0x536, 0x537, 0x546, 0x547, 0x625, 0x626, 0x635, 0x636, 0x437, 0x438, 0x447, 0x526, 0x527, 0x528, 0x536, 0x537,
    0x538, 0x547, 0x548, 0x627, 0x628, 0x636, 0x637, 0x438, 0x448, 0x528, 0x529, 0x537, 0x538, 0x539, 0x548, 0x549,
    0x628, 0x629, 0x637, 0x638, 0x639, 0x438, 0x439, 0x449, 0x529, 0x52A, 0x538, 0x539, 0x53A, 0x549, 0x54A, 0x629,
    0x62A, 0x638, 0x639, 0x63A, 0x439, 0x43A, 0x52A, 0x52B, 0x539, 0x53A, 0x53B, 0x54A, 0x54B, 0x62A, 0x62B, 0x63A,
    0x63B, 0x43A, 0x43B, 0x44B, 0x52B, 0x52C, 0x53A, 0x53B, 0x53C, 0x54B, 0x62B, 0x62C, 0x63B, 0x63C, 0x43B, 0x43C,
    0x44C, 0x52C, 0x52D, 0x53B, 0x53C, 0x53D, 0x54B, 0x54C, 0x62C, 0x63C, 0x63D, 0x43C, 0x43D, 0x44D, 0x52D, 0x52E,
    0x53C, 0x53D, 0x53E, 0x54C, 0x54D, 0x62D, 0x63D, 0x63E, 0x43D, 0x43E, 0x44E, 0x52E, 0x52F, 0x53D, 0x53E, 0x53F,
    0x54D, 0x54E, 0x62E, 0x63E, 0x63F, 0x43E, 0x43F, 0x52F, 0x53E, 0x53F, 0x54E, 0x54F, 0x62F, 0x63F, 0x440, 0x441,
    0x451, 0x530, 0x540, 0x541, 0x551, 0x630, 0x640, 0x441, 0x442, 0x530, 0x531, 0x540, 0x541, 0x542, 0x551, 0x552,
    0x630, 0x631, 0x640, 0x641, 0x442, 0x443, 0x531, 0x532, 0x541, 0x542, 0x543, 0x552, 0x553, 0x631, 0x632, 0x641,
    0x642, 0x443, 0x444, 0x532, 0x533, 0x542, 0x543, 0x544, 0x553, 0x554, 0x632, 0x633, 0x642, 0x643, 0x444, 0x445,
    0x454, 0x533, 0x534, 0x543, 0x544, 0x545, 0x554, 0x555, 0x633, 0x634, 0x643, 0x644, 0x445, 0x446, 0x455, 0x534,
    0x535, 0x544, 0x545, 0x546, 0x555, 0x556, 0x635, 0x644, 0x645, 0x446, 0x447, 0x456, 0x535, 0x536, 0x545, 0x546,
    0x547, 0x556, 0x557, 0x636, 0x645, 0x646, 0x447, 0x448, 0x457, 0x536, 0x537, 0x546, 0x547, 0x548, 0x557, 0x558,
    0x637, 0x646, 0x647, 0x448, 0x449, 0x458, 0x537, 0x538, 0x547, 0x548, 0x549, 0x558, 0x559, 0x638, 0x647, 0x648,
    0x449, 0x44A, 0x459, 0x538, 0x539, 0x53A, 0x548, 0x549, 0x54A, 0x559, 0x55A, 0x639, 0x648, 0x649, 0x44A, 0x44B,
    0x45A, 0x53A, 0x53B, 0x549, 0x54A, 0x54B, 0x55A, 0x55B, 0x63B, 0x649, 0x64A, 0x64B, 0x44B, 0x45B, 0x53B, 0x53C,
    0x54A, 0x54B, 0x54C, 0x55B, 0x55C, 0x63B, 0x63C, 0x64A, 0x64B, 0x64C, 0x44B, 0x44C, 0x53C, 0x53D, 0x54B, 0x54C,
    0x54D, 0x55C, 0x55D, 0x63C, 0x63D, 0x64C, 0x64D, 0x44C, 0x44D, 0x44E, 0x53D, 0x53E, 0x54C, 0x54D, 0x54E, 0x55D,
    0x63D, 0x63E, 0x64D, 0x64E, 0x44D, 0x44E, 0x44F, 0x45E, 0x53E, 0x53F, 0x54D, 0x54E, 0x54F, 0x55E, 0x63E, 0x64E,
    0x64F, 0x44E, 0x44F, 0x53F, 0x54E, 0x54F, 0x55E, 0x55F, 0x63F, 0x64F, 0x450, 0x451, 0x461, 0x540, 0x550, 0x551,
    0x561, 0x562, 0x650, 0x451, 0x452, 0x540, 0x541, 0x550, 0x551, 0x552, 0x561, 0x562, 0x640, 0x650, 0x651, 0x452,
    0x453, 0x541, 0x542, 0x550, 0x551, 0x552, 0x553, 0x562, 0x563, 0x641, 0x650, 0x651, 0x652, 0x453, 0x454, 0x542,
    0x543, 0x552, 0x553, 0x554, 0x563, 0x564, 0x643, 0x652, 0x653, 0x454, 0x455, 0x543, 0x544, 0x553, 0x554, 0x555,
    0x564, 0x565, 0x644, 0x653, 0x654, 0x455, 0x456, 0x465, 0x544, 0x545, 0x554, 0x555, 0x556, 0x565, 0x566, 0x645,
    0x654, 0x655, 0x456, 0x457, 0x466, 0x545, 0x546, 0x555, 0x556, 0x557, 0x566, 0x567, 0x646, 0x655, 0x656, 0x457,
    0x458, 0x467, 0x546, 0x547, 0x556, 0x557, 0x558, 0x567, 0x568, 0x647, 0x656, 0x657, 0x458, 0x459, 0x468, 0x547,
    0x548, 0x557, 0x558, 0x559, 0x568, 0x569, 0x648, 0x657, 0x658, 0x459, 0x45A, 0x469, 0x548, 0x549, 0x558, 0x559,
    0x55A, 0x569, 0x56A, 0x649, 0x658, 0x659, 0x45A, 0x45B, 0x46A, 0x549, 0x54A, 0x559, 0x55A, 0x55B, 0x56A, 0x56B,
    0x64A, 0x659, 0x65A, 0x45B, 0x45C, 0x46B, 0x54A, 0x54B, 0x54C, 0x55A, 0x55B, 0x55C, 0x56B, 0x56C, 0x64B, 0x65A,
    0x65B, 0x45C, 0x45D, 0x46C, 0x54C, 0x54D, 0x55B, 0x55C, 0x55D, 0x56C, 0x56D, 0x64D, 0x65B, 0x65C, 0x45D, 0x45E,
    0x46D, 0x54D, 0x54E, 0x55C, 0x55D, 0x55E, 0x56D, 0x56E, 0x64D, 0x64E, 0x65C, 0x65D, 0x65E, 0x45E, 0x45F, 0x54E,
    0x54F, 0x55E, 0x55F, 0x56E, 0x56F, 0x64E, 0x64F, 0x65E, 0x65F, 0x45E, 0x45F, 0x54F, 0x55E, 0x55F, 0x56F, 0x64F,
    0x65F, 0x460, 0x461, 0x462, 0x471, 0x472, 0x550, 0x560, 0x561, 0x562, 0x571, 0x572, 0x660, 0x461, 0x462, 0x472,
    0x550, 0x551, 0x560, 0x561, 0x562, 0x571, 0x572, 0x660, 0x661, 0x462, 0x463, 0x473, 0x550, 0x551, 0x552, 0x560,
    0x561, 0x562, 0x563, 0x572, 0x573, 0x651, 0x660, 0x661, 0x662, 0x463, 0x464, 0x473, 0x474, 0x552, 0x553, 0x562,
    0x563, 0x564, 0x573, 0x574, 0x652, 0x662, 0x663, 0x464, 0x465, 0x474, 0x475, 0x553, 0x554, 0x563, 0x564, 0x565,
    0x574, 0x575, 0x654, 0x663, 0x664, 0x465, 0x466, 0x475, 0x554, 0x555, 0x564, 0x565, 0x566, 0x575, 0x576, 0x655,
    0x664, 0x665, 0x466, 0x467, 0x476, 0x477, 0x555, 0x556, 0x565, 0x566, 0x567, 0x576, 0x577, 0x656, 0x665, 0x666,
    0x467, 0x468, 0x477, 0x478, 0x556, 0x557, 0x566, 0x567, 0x568, 0x577, 0x578, 0x657, 0x666, 0x667, 0x468, 0x469,
    0x478, 0x557, 0x558, 0x567, 0x568, 0x569, 0x578, 0x579, 0x658, 0x667, 0x668, 0x469, 0x46A, 0x479, 0x47A, 0x558,
    0x559, 0x568, 0x569, 0x56A, 0x579, 0x57A, 0x659, 0x668, 0x669, 0x46A, 0x46B, 0x47A, 0x47B, 0x559, 0x55A, 0x569,
    0x56A, 0x56B, 0x57A, 0x57B, 0x65A, 0x669, 0x66A, 0x46B, 0x46C, 0x47B, 0x55A, 0x55B, 0x56A, 0x56B, 0x56C, 0x57B,
    0x57C, 0x65B, 0x66A, 0x66B, 0x46C, 0x46D, 0x47C, 0x55B, 0x55C, 0x56B, 0x56C, 0x56D, 0x57C, 0x57D, 0x65C, 0x66B,
    0x66C, 0x46D, 0x46E, 0x47D, 0x47E, 0x55C, 0x55D, 0x55E, 0x56C, 0x56D, 0x56E, 0x57D, 0x57E, 0x65D, 0x66C, 0x66D,
    0x46E, 0x46F, 0x47E, 0x55E, 0x55F, 0x56D, 0x56E, 0x56F, 0x57E, 0x57F, 0x65E, 0x65F, 0x66D, 0x66E, 0x46F, 0x47F,
    0x55F, 0x56E, 0x56F, 0x57F, 0x65F, 0x66E, 0x66F, 0x470, 0x471, 0x472, 0x481, 0x482, 0x560, 0x570, 0x571, 0x572,
    0x581, 0x582, 0x670, 0x471, 0x472, 0x482, 0x560, 0x561, 0x570, 0x571, 0x572, 0x581, 0x582, 0x670, 0x671, 0x472,
    0x473, 0x483, 0x560, 0x561, 0x562, 0x570, 0x571, 0x572, 0x573, 0x582, 0x583, 0x670, 0x671, 0x672, 0x473, 0x474,
    0x562, 0x563, 0x572, 0x573, 0x574, 0x583, 0x584, 0x672, 0x673, 0x474, 0x475, 0x563, 0x564, 0x573, 0x574, 0x575,
    0x584, 0x585, 0x673, 0x674, 0x475, 0x476, 0x485, 0x564, 0x565, 0x574, 0x575, 0x576, 0x585, 0x586, 0x665, 0x674,
    0x675, 0x476, 0x477, 0x486, 0x565, 0x566, 0x575, 0x576, 0x577, 0x586, 0x587, 0x666, 0x675, 0x676, 0x477, 0x478,
    0x487, 0x566, 0x567, 0x576, 0x577, 0x578, 0x587, 0x588, 0x667, 0x676, 0x677, 0x478, 0x479, 0x488, 0x567, 0x568,
    0x577, 0x578, 0x579, 0x588, 0x589, 0x668, 0x677, 0x678, 0x479, 0x47A, 0x489, 0x568, 0x569, 0x578, 0x579, 0x57A,
    0x589, 0x58A, 0x669, 0x678, 0x679, 0x47A, 0x47B, 0x48A, 0x569, 0x56A, 0x579, 0x57A, 0x57B, 0x58A, 0x58B, 0x66A,
    0x679, 0x67A, 0x47B, 0x47C, 0x48B, 0x56A, 0x56B, 0x57A, 0x57B, 0x57C, 0x58B, 0x58C, 0x66B, 0x67A, 0x67B, 0x47C,
    0x47D, 0x48C, 0x56B, 0x56C, 0x57B, 0x57C, 0x57D, 0x58C, 0x58D, 0x66C, 0x67B, 0x67C, 0x47D, 0x47E, 0x48D, 0x56C,
    0x56D, 0x57C, 0x57D, 0x57E, 0x58D, 0x58E, 0x66D, 0x67C, 0x67D, 0x47E, 0x47F, 0x48E, 0x56D, 0x56E, 0x57D, 0x57E,
    0x57F, 0x58E, 0x58F, 0x66E, 0x67D, 0x67E, 0x47F, 0x48F, 0x56E, 0x56F, 0x57E, 0x57F, 0x58F, 0x67E, 0x67F, 0x480,
    0x481, 0x482, 0x491, 0x492, 0x570, 0x580, 0x581, 0x582, 0x591, 0x592, 0x680, 0x481, 0x482, 0x570, 0x580, 0x581,
    0x582, 0x592, 0x680, 0x681, 0x482, 0x483, 0x570, 0x571, 0x572, 0x580, 0x581, 0x582, 0x583, 0x592, 0x593, 0x680,
    0x681, 0x682, 0x483, 0x484, 0x572, 0x573, 0x582, 0x583, 0x584, 0x593, 0x594, 0x672, 0x681, 0x682, 0x683, 0x484,
    0x485, 0x573, 0x574, 0x583, 0x584, 0x585, 0x594, 0x595, 0x683, 0x684, 0x485, 0x486, 0x574, 0x575, 0x584, 0x585,
    0x586, 0x595, 0x596, 0x675, 0x684, 0x685, 0x486, 0x487, 0x496, 0x575, 0x576, 0x585, 0x586, 0x587, 0x596, 0x597,
    0x676, 0x685, 0x686, 0x487, 0x488, 0x497, 0x576, 0x577, 0x586, 0x587, 0x588, 0x597, 0x598, 0x677, 0x686, 0x687,
    0x488, 0x489, 0x498, 0x577, 0x578, 0x587, 0x588, 0x589, 0x598, 0x599, 0x678, 0x687, 0x688, 0x489, 0x48A, 0x499,
    0x578, 0x579, 0x588, 0x589, 0x58A, 0x599, 0x59A, 0x679, 0x688, 0x689, 0x48A, 0x48B, 0x49A, 0x579, 0x57A, 0x589,
    0x58A, 0x58B, 0x59A, 0x59B, 0x67A, 0x689, 0x68A, 0x48B, 0x48C, 0x49B, 0x57A, 0x57B, 0x58A, 0x58B, 0x58C, 0x59B,
    0x59C, 0x67B, 0x68A, 0x68B, 0x48C, 0x48D, 0x49C, 0x57B, 0x57C, 0x58B, 0x58C, 0x58D, 0x59C, 0x59D, 0x67C, 0x68B,
    0x68C, 0x48D, 0x48E, 0x49D, 0x57C, 0x57D, 0x58C, 0x58D, 0x58E, 0x59D, 0x59E, 0x67D, 0x68C, 0x68D, 0x48E, 0x48F,
    0x49E, 0x57D, 0x57E, 0x58D, 0x58E, 0x58F, 0x59E, 0x59F, 0x67E, 0x68D, 0x68E, 0x48F, 0x49F, 0x57E, 0x57F, 0x58E,
    0x58F, 0x59F, 0x68E, 0x68F, 0x490, 0x491, 0x492, 0x4A1, 0x4A2, 0x580, 0x590, 0x591, 0x592, 0x5A1, 0x5A2, 0x690,
    0x491, 0x492, 0x4A2, 0x580, 0x590, 0x591, 0x592, 0x5A2, 0x690, 0x691, 0x492, 0x493, 0x4A3, 0x580, 0x581, 0x582,
    0x590, 0x591, 0x592, 0x593, 0x5A2, 0x5A3, 0x680, 0x690, 0x691, 0x692, 0x493, 0x494, 0x4A3, 0x4A4, 0x582, 0x583,
    0x592, 0x593, 0x594, 0x5A3, 0x5A4, 0x682, 0x691, 0x692, 0x693, 0x494, 0x495, 0x4A4, 0x4A5, 0x583, 0x584, 0x593,
    0x594, 0x595, 0x5A4, 0x5A5, 0x683, 0x693, 0x694, 0x495, 0x496, 0x4A5, 0x4A6, 0x584, 0x585, 0x594, 0x595, 0x596,
    0x5A5, 0x5A6, 0x685, 0x694, 0x695, 0x496, 0x497, 0x4A6, 0x4A7, 0x585, 0x586, 0x595, 0x596, 0x597, 0x5A6, 0x5A7,
    0x686, 0x695, 0x696, 0x497, 0x498, 0x4A7, 0x4A8, 0x586, 0x587, 0x596, 0x597, 0x598, 0x5A7, 0x5A8, 0x687, 0x696,
    0x697, 0x498, 0x499, 0x4A8, 0x4A9, 0x587, 0x588, 0x597, 0x598, 0x599, 0x5A8, 0x5A9, 0x688, 0x697, 0x698, 0x499,
    0x49A, 0x4A9, 0x4AA, 0x588, 0x589, 0x598, 0x599, 0x59A, 0x5A9, 0x5AA, 0x689, 0x698, 0x699, 0x49A, 0x49B, 0x4AA,
    0x4AB, 0x589, 0x58A, 0x599, 0x59A, 0x59B, 0x5AA, 0x5AB, 0x68A, 0x699, 0x69A, 0x49B, 0x49C, 0x4AB, 0x4AC, 0x58A,
    0x58B, 0x59A, 0x59B, 0x59C, 0x5AB, 0x5AC, 0x68B, 0x69A, 0x69B, 0x49C, 0x49D, 0x4AC, 0x58B, 0x58C, 0x59B, 0x59C,
    0x59D, 0x5AC, 0x5AD, 0x68C, 0x69B, 0x69C, 0x49D, 0x49E, 0x4AD, 0x4AE, 0x58C, 0x58D, 0x59C, 0x59D, 0x59E, 0x5AD,
    0x5AE, 0x68D, 0x69C, 0x69D, 0x49E, 0x49F, 0x4AE, 0x4AF, 0x58D, 0x58E, 0x59D, 0x59E, 0x59F, 0x5AE, 0x5AF, 0x68E,
    0x69D, 0x69E, 0x49F, 0x4AF, 0x58E, 0x58F, 0x59E, 0x59F, 0x5AF, 0x69E, 0x69F, 0x4A0, 0x4A1, 0x4A2, 0x4B2, 0x5A0,
    0x5A1, 0x5A2, 0x5B1, 0x5B2, 0x6A0, 0x4A1, 0x4A2, 0x4B2, 0x5A0, 0x5A1, 0x5A2, 0x5B2, 0x6A0, 0x6A1, 0x4A2, 0x4A3,
    0x4B3, 0x5A0, 0x5A1, 0x5A2, 0x5A3, 0x5B2, 0x5B3, 0x6A0, 0x6A1, 0x6A2, 0x4A3, 0x4A4, 0x4B4, 0x5A2, 0x5A3, 0x5A4,
    0x5B3, 0x5B4, 0x6A1, 0x6A2, 0x6A3, 0x4A4, 0x4A5, 0x5A3, 0x5A4, 0x5A5, 0x5B4, 0x5B5, 0x6A3, 0x6A4, 0x4A5, 0x4A6,
    0x5A4, 0x5A5, 0x5A6, 0x5B5, 0x5B6, 0x6A4, 0x6A5, 0x4A6, 0x4A7, 0x4B6, 0x596, 0x5A5, 0x5A6, 0x5A7, 0x5B6, 0x5B7,
    0x6A5, 0x6A6, 0x4A7, 0x4A8, 0x4B7, 0x597, 0x5A6, 0x5A7, 0x5A8, 0x5B7, 0x5B8, 0x697, 0x6A6, 0x6A7, 0x4A8, 0x4A9,
    0x4B8, 0x598, 0x5A7, 0x5A8, 0x5A9, 0x5B8, 0x5B9, 0x698, 0x6A7, 0x6A8, 0x4A9, 0x4AA, 0x4B9, 0x4BA, 0x599, 0x5A8,
    0x5A9, 0x5AA, 0x5B9, 0x5BA, 0x699, 0x6A8, 0x6A9, 0x4AA, 0x4AB, 0x4BA, 0x59A, 0x5A9, 0x5AA, 0x5AB, 0x5BA, 0x5BB,
    0x69A, 0x6A9, 0x6AA, 0x4AB, 0x4AC, 0x4BB, 0x59B, 0x5AA, 0x5AB, 0x5AC, 0x5BB, 0x5BC, 0x69B, 0x6AA, 0x6AB, 0x4AC,
    0x4AD, 0x4BC, 0x59C, 0x5AB, 0x5AC, 0x5AD, 0x5BC, 0x5BD, 0x69C, 0x6AB, 0x6AC, 0x4AD, 0x4AE, 0x4BD, 0x59D, 0x5AC,
    0x5AD, 0x5AE, 0x5BD, 0x5BE, 0x69D, 0x6AC, 0x6AD, 0x4AE, 0x4AF, 0x4BE, 0x59E, 0x5AD, 0x5AE, 0x5AF, 0x5BE, 0x5BF,
    0x69E, 0x6AD, 0x6AE, 0x4AF, 0x4BF, 0x5AE, 0x5AF, 0x5BF, 0x6AE, 0x6AF, 0x4B0, 0x4B1, 0x4B2, 0x4C2, 0x5B0, 0x5B1,
    0x5B2, 0x5C1, 0x5C2, 0x6B0, 0x4B1, 0x4B2, 0x4B3, 0x4C2, 0x5B0, 0x5B1, 0x5B2, 0x5C2, 0x6B0, 0x6B1, 0x4B2, 0x4B3,
    0x5B0, 0x5B1, 0x5B2, 0x5B3, 0x6B0, 0x6B1, 0x6B2, 0x4B3, 0x4B4, 0x4C4, 0x5B1, 0x5B2, 0x5B3, 0x5B4, 0x5C4, 0x6B1,
    0x6B2, 0x6B3, 0x4B4, 0x4B5, 0x4C5, 0x5B3, 0x5B4, 0x5B5, 0x5C5, 0x6B3, 0x6B4, 0x4B5, 0x4B6, 0x5B4, 0x5B5, 0x5B6,
    0x6B4, 0x6B5, 0x4B6, 0x4B7, 0x4C6, 0x5A6, 0x5B5, 0x5B6, 0x5B7, 0x5C6, 0x6B5, 0x6B6, 0x4B7, 0x4B8, 0x4C7, 0x5A7,
    0x5B6, 0x5B7, 0x5B8, 0x5C7, 0x6A7, 0x6B6, 0x6B7, 0x4B8, 0x4B9, 0x4C8, 0x5A8, 0x5B7, 0x5B8, 0x5B9, 0x5C8, 0x6A8,
    0x6B7, 0x6B8, 0x4B9, 0x4BA, 0x4C9, 0x4CA, 0x5A9, 0x5B8, 0x5B9, 0x5BA, 0x5C9, 0x6A9, 0x6B8, 0x6B9, 0x4BA, 0x4BB,
    0x4CA, 0x5AA, 0x5B9, 0x5BA, 0x5BB, 0x5CA, 0x6AA, 0x6B9, 0x6BA, 0x4BB, 0x4BC, 0x4CB, 0x5AB, 0x5BA, 0x5BB, 0x5BC,
    0x5CB, 0x6AB, 0x6BA, 0x6BB, 0x4BC, 0x4BD, 0x4CC, 0x5AC, 0x5BB, 0x5BC, 0x5BD, 0x5CC, 0x6AC, 0x6BB, 0x6BC, 0x4BD,
    0x4BE, 0x4CD, 0x5AD, 0x5BC, 0x5BD, 0x5BE, 0x5CD, 0x6AD, 0x6BC, 0x6BD, 0x4BE, 0x4BF, 0x4CE, 0x5AE, 0x5BD, 0x5BE,
    0x5BF, 0x5CE, 0x6AE, 0x6BD, 0x6BE, 0x4BF, 0x4CF, 0x5BE, 0x5BF, 0x5CF, 0x6BE, 0x6BF, 0x4C0, 0x4C1, 0x4C2, 0x4D2,
    0x5C0, 0x5C1, 0x5C2, 0x5D2, 0x6C0, 0x4C1, 0x4C2, 0x4C3, 0x4D2, 0x5C0, 0x5C1, 0x5C2, 0x5D2, 0x6C0, 0x6C1, 0x4C2,
    0x4C3, 0x5C0, 0x5C1, 0x5C2, 0x5C3, 0x6C0, 0x6C1, 0x6C2, 0x4C3, 0x4C4, 0x5B2, 0x5C1, 0x5C2, 0x5C3, 0x5C4, 0x6B2,
    0x6C1, 0x6C2, 0x6C3, 0x4C4, 0x4C5, 0x5B3, 0x5C3, 0x5C4, 0x5C5, 0x6B3, 0x6C3, 0x6C4, 0x4C5, 0x4C6, 0x5C4, 0x5C5,
    0x5C6, 0x6C4, 0x6C5, 0x4C6, 0x4C7, 0x5B6, 0x5C5, 0x5C6, 0x5C7, 0x6B6, 0x6C5, 0x6C6, 0x4C7, 0x4C8, 0x4D7, 0x5B7,
    0x5C6, 0x5C7, 0x5C8, 0x6B7, 0x6C6, 0x6C7, 0x4C8, 0x4C9, 0x4D8, 0x5B8, 0x5C7, 0x5C8, 0x5C9, 0x5D8, 0x6B8, 0x6C7,
    0x6C8, 0x4C9, 0x4CA, 0x4D9, 0x5B9, 0x5C8, 0x5C9, 0x5CA, 0x5D9, 0x6B9, 0x6C8, 0x6C9, 0x4CA, 0x4CB, 0x4DA, 0x5BA,
    0x5C9, 0x5CA, 0x5CB, 0x5DA, 0x6BA, 0x6C9, 0x6CA, 0x4CB, 0x4CC, 0x4DB, 0x5BB, 0x5CA, 0x5CB, 0x5CC, 0x5DB, 0x6BB,
    0x6CA, 0x6CB, 0x4CC, 0x4CD, 0x4DC, 0x5BC, 0x5CB, 0x5CC, 0x5CD, 0x5DC, 0x6BC, 0x6CB, 0x6CC, 0x4CD, 0x4CE, 0x4DD,
    0x5BD, 0x5CC, 0x5CD, 0x5CE, 0x5DD, 0x6BD, 0x6CC, 0x6CD, 0x4CE, 0x4CF, 0x4DE, 0x5BE, 0x5CD, 0x5CE, 0x5CF, 0x5DE,
    0x6BE, 0x6CD, 0x6CE, 0x4CF, 0x4DF, 0x5CE, 0x5CF, 0x5DF, 0x6CE, 0x6CF, 0x4D0, 0x4D1, 0x4D2, 0x4E2, 0x5D0, 0x5D1,
    0x5D2, 0x5E2, 0x6D0, 0x4D1, 0x4D2, 0x4D3, 0x4E2, 0x4E3, 0x5D0, 0x5D1, 0x5D2, 0x5D3, 0x5E2, 0x6D0, 0x6D1, 0x4D2,
    0x4D3, 0x4E3, 0x5C0, 0x5D0, 0x5D1, 0x5D2, 0x5D3, 0x6D0, 0x6D1, 0x6D2, 0x4D3, 0x4D4, 0x4E3, 0x4E4, 0x5C2, 0x5D1,
    0x5D2, 0x5D3, 0x5D4, 0x5E4, 0x6C2, 0x6D1, 0x6D2, 0x6D3, 0x3E5, 0x4D4, 0x4D5, 0x4E4, 0x4E5, 0x5C3, 0x5D3, 0x5D4,
    0x5D5, 0x5E5, 0x6C3, 0x6D2, 0x6D3, 0x6D4, 0x3D6, 0x3E6, 0x4D5, 0x4D6, 0x4E5, 0x4E6, 0x5D4, 0x5D5, 0x5D6, 0x5E6,
    0x6C4, 0x6D4, 0x6D5, 0x3D7, 0x4D6, 0x4D7, 0x4E6, 0x4E7, 0x5C6, 0x5D5, 0x5D6, 0x5D7, 0x6C6, 0x6D5, 0x6D6, 0x3D8,
    0x4D7, 0x4D8, 0x4E7, 0x4E8, 0x5C7, 0x5D6, 0x5D7, 0x5D8, 0x5E7, 0x6C7, 0x6D6, 0x6D7, 0x3D9, 0x4D8, 0x4D9, 0x4E8,
    0x4E9, 0x5C8, 0x5D7, 0x5D8, 0x5D9, 0x5E8, 0x6C8, 0x6D7, 0x6D8, 0x3DA, 0x4D9, 0x4DA, 0x4E9, 0x4EA, 0x5C9, 0x5D8,
    0x5D9, 0x5DA, 0x5E9, 0x6C9, 0x6D8, 0x6D9, 0x3DB, 0x4DA, 0x4DB, 0x4EA, 0x4EB, 0x5CA, 0x5D9, 0x5DA, 0x5DB, 0x5EA,
    0x6CA, 0x6D9, 0x6DA, 0x4DB, 0x4DC, 0x4EB, 0x4EC, 0x5CB, 0x5DA, 0x5DB, 0x5DC, 0x5EB, 0x6CB, 0x6DA, 0x6DB, 0x4DC,
    0x4DD, 0x4EC, 0x4ED, 0x5CC, 0x5DB, 0x5DC, 0x5DD, 0x5EC, 0x6CC, 0x6DB, 0x6DC, 0x4DD, 0x4DE, 0x4ED, 0x4EE, 0x5CD,
    0x5DC, 0x5DD, 0x5DE, 0x5ED, 0x6CD, 0x6DC, 0x6DD, 0x4DE, 0x4DF, 0x4EE, 0x4EF, 0x5CE, 0x5DD, 0x5DE, 0x5DF, 0x5EE,
    0x6CE, 0x6DD, 0x6DE, 0x4DF, 0x4EF, 0x5DE, 0x5DF, 0x5EF, 0x6DE, 0x6DF, 0x4E1, 0x4E2, 0x4F2, 0x5E0, 0x5E1, 0x5E2,
    0x5F2, 0x6E0, 0x4E1, 0x4E2, 0x4E3, 0x4F2, 0x4F3, 0x5E0, 0x5E1, 0x5E2, 0x5E3, 0x5F2, 0x6E0, 0x6E1, 0x4E2, 0x4E3,
    0x4F3, 0x5E0, 0x5E1, 0x5E2, 0x5E3, 0x6E0, 0x6E1, 0x6E2, 0x3E4, 0x4E3, 0x4E4, 0x4F4, 0x5E1, 0x5E2, 0x5E3, 0x5E4,
    0x6E0, 0x6E1, 0x6E2, 0x6E3, 0x3E5, 0x3F5, 0x4E4, 0x4E5, 0x4F4, 0x4F5, 0x5E3, 0x5E4, 0x5E5, 0x6E2, 0x6E3, 0x6E4,
    0x3E6, 0x4E5, 0x4E6, 0x4F5, 0x4F6, 0x5E4, 0x5E5, 0x5E6, 0x6E4, 0x6E5, 0x3E7, 0x4E6, 0x4E7, 0x4F6, 0x4F7, 0x5E5,
    0x5E6, 0x5E7, 0x6E5, 0x6E6, 0x3E8, 0x4E7, 0x4E8, 0x4F7, 0x4F8, 0x5E6, 0x5E7, 0x5E8, 0x6E6, 0x6E7, 0x3E9, 0x4E8,
    0x4E9, 0x4F8, 0x4F9, 0x5D8, 0x5E7, 0x5E8, 0x5E9, 0x5F8, 0x6D8, 0x6E7, 0x6E8, 0x3EA, 0x4E9, 0x4EA, 0x4F9, 0x4FA,
    0x5D9, 0x5E8, 0x5E9, 0x5EA, 0x5F9, 0x6D9, 0x6E8, 0x6E9, 0x3EB, 0x4EA, 0x4EB, 0x4FA, 0x4FB, 0x5DA, 0x5E9, 0x5EA,
    0x5EB, 0x5FA, 0x6DA, 0x6E9, 0x6EA, 0x3EC, 0x4EB, 0x4EC, 0x4FB, 0x4FC, 0x5DB, 0x5EA, 0x5EB, 0x5EC, 0x5FB, 0x6DB,
    0x6EA, 0x6EB, 0x3ED, 0x4EC, 0x4ED, 0x4FC, 0x4FD, 0x5DC, 0x5EB, 0x5EC, 0x5ED, 0x5FC, 0x6DC, 0x6EB, 0x6EC, 0x3EE,
    0x4ED, 0x4EE, 0x4FD, 0x4FE, 0x5DD, 0x5EC, 0x5ED, 0x5EE, 0x5FD, 0x6DD, 0x6EC, 0x6ED, 0x3EF, 0x3FE, 0x4EE, 0x4EF,
    0x4FE, 0x4FF, 0x5DE, 0x5ED, 0x5EE, 0x5EF, 0x5FE, 0x6DE, 0x6ED, 0x6EE, 0x3FF, 0x4EF, 0x4FF, 0x5EE, 0x5EF, 0x5FF,
    0x6EE, 0x6EF, 0x4F1, 0x4F2, 0x5F0, 0x5F1, 0x5F2, 0x3F3, 0x4F1, 0x4F2, 0x4F3, 0x5F0, 0x5F1, 0x5F2, 0x5F3, 0x3F3,
    0x4F2, 0x4F3, 0x5F1, 0x5F2, 0x5F3, 0x6F2, 0x3F4, 0x4F3, 0x4F4, 0x5F2, 0x5F3, 0x5F4, 0x6F3, 0x3F5, 0x4F4, 0x4F5,
    0x5F3, 0x5F4, 0x5F5, 0x6F4, 0x3F6, 0x4F5, 0x4F6, 0x5F4, 0x5F5, 0x5F6, 0x6E4, 0x6F5, 0x3F7, 0x4F6, 0x4F7, 0x5F5,
    0x5F6, 0x5F7, 0x6F6, 0x3F8, 0x4F7, 0x4F8, 0x5F6, 0x5F7, 0x5F8, 0x6F7, 0x3F9, 0x4F8, 0x4F9, 0x5E8, 0x5F7, 0x5F8,
    0x5F9, 0x6E8, 0x6F8, 0x3F9, 0x3FA, 0x4F9, 0x4FA, 0x5E9, 0x5F8, 0x5F9, 0x5FA, 0x6E9, 0x6F9, 0x3FA, 0x3FB, 0x4FA,
    0x4FB, 0x5EA, 0x5F9, 0x5FA, 0x5FB, 0x6EA, 0x6FA, 0x3FB, 0x3FC, 0x4FB, 0x4FC, 0x5EB, 0x5FA, 0x5FB, 0x5FC, 0x6EB,
    0x6FB, 0x3FC, 0x3FD, 0x4FC, 0x4FD, 0x5EC, 0x5FB, 0x5FC, 0x5FD, 0x6EC, 0x6FC, 0x3FD, 0x3FE, 0x4FD, 0x4FE, 0x5ED,
    0x5FC, 0x5FD, 0x5FE, 0x6ED, 0x6FD, 0x3FE, 0x3FF, 0x4FE, 0x4FF, 0x5EE, 0x5FE, 0x5FF, 0x6EE, 0x6FE, 0x3FF, 0x4FF,
    0x5FF, 0x600, 0x610, 0x611, 0x700, 0x501, 0x511, 0x600, 0x601, 0x602, 0x611, 0x612, 0x700, 0x701, 0x502, 0x512,
    0x601, 0x602, 0x603, 0x612, 0x613, 0x701, 0x702, 0x703, 0x503, 0x513, 0x602, 0x603, 0x604, 0x613, 0x614, 0x702,
    0x703, 0x704, 0x504, 0x603, 0x604, 0x605, 0x614, 0x615, 0x704, 0x705, 0x505, 0x515, 0x604, 0x605, 0x606, 0x615,
    0x705, 0x706, 0x506, 0x516, 0x605, 0x606, 0x607, 0x615, 0x616, 0x706, 0x707, 0x507, 0x517, 0x606, 0x607, 0x608,
    0x616, 0x617, 0x707, 0x708, 0x508, 0x518, 0x607, 0x608, 0x609, 0x617, 0x618, 0x708, 0x709, 0x509, 0x519, 0x608,
    0x609, 0x60A, 0x618, 0x619, 0x709, 0x70A, 0x50A, 0x51A, 0x609, 0x60A, 0x60B, 0x619, 0x61A, 0x70A, 0x50B, 0x51B,
    0x60A, 0x60B, 0x60C, 0x61A, 0x61B, 0x70B, 0x50C, 0x51B, 0x51C, 0x60B, 0x60C, 0x60D, 0x61B, 0x61C, 0x70C, 0x50D,
    0x51C, 0x51D, 0x60C, 0x60D, 0x60E, 0x61C, 0x61D, 0x70D, 0x50E, 0x51D, 0x51E, 0x60E, 0x60F, 0x61D, 0x61E, 0x70E,
    0x50F, 0x51E, 0x51F, 0x60F, 0x61E, 0x61F, 0x70F, 0x510, 0x511, 0x600, 0x610, 0x611, 0x620, 0x621, 0x700, 0x710,
    0x511, 0x600, 0x601, 0x610, 0x611, 0x612, 0x621, 0x622, 0x700, 0x701, 0x710, 0x711, 0x512, 0x601, 0x602, 0x611,
    0x612, 0x613, 0x622, 0x623, 0x701, 0x702, 0x711, 0x712, 0x513, 0x523, 0x602, 0x603, 0x612, 0x613, 0x614, 0x623,
    0x624, 0x702, 0x703, 0x712, 0x713, 0x714, 0x513, 0x514, 0x524, 0x603, 0x604, 0x605, 0x613, 0x614, 0x615, 0x624,
    0x625, 0x703, 0x704, 0x705, 0x713, 0x714, 0x715, 0x514, 0x515, 0x604, 0x605, 0x606, 0x614, 0x615, 0x616, 0x625,
    0x626, 0x705, 0x706, 0x714, 0x715, 0x716, 0x515, 0x516, 0x605, 0x606, 0x607, 0x615, 0x616, 0x617, 0x626, 0x627,
    0x706, 0x707, 0x716, 0x717, 0x516, 0x517, 0x607, 0x608, 0x616, 0x617, 0x618, 0x627, 0x707, 0x717, 0x718, 0x517,
    0x518, 0x528, 0x608, 0x609, 0x617, 0x618, 0x619, 0x627, 0x628, 0x708, 0x718, 0x719, 0x518, 0x519, 0x529, 0x609,
    0x60A, 0x618, 0x619, 0x61A, 0x628, 0x629, 0x709, 0x719, 0x71A, 0x51A, 0x52A, 0x60A, 0x60B, 0x619, 0x61A, 0x61B,
    0x629, 0x62A, 0x70A, 0x71A, 0x71B, 0x51B, 0x52B, 0x60B, 0x60C, 0x61A, 0x61B, 0x61C, 0x62A, 0x62B, 0x70B, 0x70C,
    0x71B, 0x71C, 0x51C, 0x52C, 0x60C, 0x60D, 0x61B, 0x61C, 0x61D, 0x62B, 0x62C, 0x70C, 0x70D, 0x71C, 0x71D, 0x51C,
    0x51D, 0x52D, 0x60D, 0x60E, 0x61C, 0x61D, 0x61E, 0x62C, 0x62D, 0x70D, 0x70E, 0x71D, 0x71E, 0x51E, 0x52E, 0x60E,
    0x60F, 0x61D, 0x61E, 0x61F, 0x62D, 0x62E, 0x70E, 0x70F, 0x71E, 0x51F, 0x52E, 0x52F, 0x60F, 0x61E, 0x61F, 0x62E,
    0x62F, 0x70F, 0x71F, 0x520, 0x521, 0x610, 0x620, 0x621, 0x631, 0x710, 0x720, 0x521, 0x522, 0x610, 0x611, 0x620,
    0x621, 0x622, 0x631, 0x632, 0x710, 0x711, 0x720, 0x721, 0x522, 0x523, 0x611, 0x612, 0x621, 0x622, 0x623, 0x632,
    0x633, 0x711, 0x712, 0x721, 0x722, 0x523, 0x524, 0x533, 0x612, 0x613, 0x622, 0x623, 0x624, 0x633, 0x634, 0x712,
    0x713, 0x722, 0x723, 0x524, 0x525, 0x534, 0x613, 0x614, 0x623, 0x624, 0x625, 0x634, 0x635, 0x713, 0x714, 0x723,
    0x724, 0x525, 0x526, 0x535, 0x614, 0x615, 0x624, 0x625, 0x626, 0x635, 0x636, 0x714, 0x715, 0x724, 0x725, 0x726,
    0x525, 0x526, 0x536, 0x615, 0x616, 0x617, 0x625, 0x626, 0x627, 0x636, 0x637, 0x715, 0x716, 0x717, 0x725, 0x726,
    0x727, 0x526, 0x527, 0x616, 0x617, 0x618, 0x626, 0x627, 0x628, 0x637, 0x638, 0x717, 0x718, 0x726, 0x727, 0x728,
    0x527, 0x528, 0x617, 0x618, 0x619, 0x627, 0x628, 0x629, 0x638, 0x639, 0x718, 0x719, 0x728, 0x729, 0x528, 0x529,
    0x539, 0x619, 0x61A, 0x628, 0x629, 0x62A, 0x639, 0x719, 0x71A, 0x729, 0x72A, 0x529, 0x52A, 0x53A, 0x61A, 0x61B,
    0x629, 0x62A, 0x62B, 0x639, 0x63A, 0x71A, 0x71B, 0x72A, 0x72B, 0x52A, 0x52B, 0x53B, 0x61B, 0x61C, 0x62A, 0x62B,
    0x62C, 0x63A, 0x63B, 0x71B, 0x71C, 0x72B, 0x72C, 0x52B, 0x52C, 0x53C, 0x61C, 0x61D, 0x62B, 0x62C, 0x62D, 0x63B,
    0x63C, 0x71C, 0x72C, 0x72D, 0x52C, 0x52D, 0x53D, 0x61D, 0x61E, 0x62C, 0x62D, 0x62E, 0x63C, 0x63D, 0x71D, 0x72D,
    0x72E, 0x52D, 0x52E, 0x53E, 0x61E, 0x61F, 0x62D, 0x62E, 0x62F, 0x63D, 0x63E, 0x71E, 0x72E, 0x72F, 0x52F, 0x53F,
    0x61F, 0x62E, 0x62F, 0x63E, 0x63F, 0x71F, 0x72F, 0x530, 0x531, 0x541, 0x620, 0x630, 0x631, 0x641, 0x720, 0x730,
    0x531, 0x532, 0x620, 0x621, 0x630, 0x631, 0x632, 0x641, 0x642, 0x720, 0x721, 0x730, 0x731, 0x532, 0x533, 0x621,
    0x622, 0x631, 0x632, 0x633, 0x642, 0x643, 0x721, 0x722, 0x731, 0x732, 0x533, 0x534, 0x622, 0x623, 0x632, 0x633,
    0x634, 0x643, 0x644, 0x722, 0x723, 0x732, 0x733, 0x534, 0x535, 0x544, 0x623, 0x624, 0x633, 0x634, 0x635, 0x644,
    0x645, 0x723, 0x724, 0x733, 0x734, 0x535, 0x536, 0x545, 0x624, 0x625, 0x634, 0x635, 0x636, 0x645, 0x646, 0x724,
    0x725, 0x734, 0x735, 0x536, 0x537, 0x546, 0x625, 0x626, 0x635, 0x636, 0x637, 0x646, 0x647, 0x725, 0x726, 0x735,
    0x736, 0x537, 0x538, 0x547, 0x626, 0x627, 0x628, 0x636, 0x637, 0x638, 0x647, 0x648, 0x726, 0x727, 0x736, 0x737,
    0x738, 0x538, 0x548, 0x627, 0x628, 0x629, 0x637, 0x638, 0x639, 0x648, 0x649, 0x728, 0x729, 0x737, 0x738, 0x739,
    0x538, 0x539, 0x549, 0x629, 0x62A, 0x638, 0x639, 0x63A, 0x649, 0x64A, 0x729, 0x72A, 0x738, 0x739, 0x73A, 0x539,
    0x53A, 0x62A, 0x62B, 0x639, 0x63A, 0x63B, 0x64A, 0x64B, 0x72A, 0x72B, 0x73A, 0x73B, 0x53A, 0x53B, 0x54B, 0x62B,
    0x62C, 0x63A, 0x63B, 0x63C, 0x64B, 0x72B, 0x72C, 0x73B, 0x73C, 0x53B, 0x53C, 0x54C, 0x62C, 0x62D, 0x63B, 0x63C,
    0x63D, 0x64B, 0x64C, 0x72C, 0x72D, 0x73C, 0x73D, 0x53C, 0x53D, 0x54D, 0x62D, 0x62E, 0x63C, 0x63D, 0x63E, 0x64C,
    0x64D, 0x72D, 0x72E, 0x73D, 0x73E, 0x53D, 0x53E, 0x54E, 0x62E, 0x62F, 0x63D, 0x63E, 0x63F, 0x64D, 0x64E, 0x72E,
    0x73E, 0x73F, 0x53E, 0x53F, 0x62F, 0x63E, 0x63F, 0x64E, 0x64F, 0x72F, 0x73F, 0x540, 0x541, 0x551, 0x630, 0x640,
    0x641, 0x651, 0x730, 0x740, 0x541, 0x542, 0x630, 0x631, 0x640, 0x641, 0x642, 0x651, 0x652, 0x730, 0x731, 0x740,
    0x741, 0x542, 0x543, 0x631, 0x632, 0x641, 0x642, 0x643, 0x652, 0x653, 0x731, 0x732, 0x741, 0x742, 0x543, 0x544,
    0x632, 0x633, 0x642, 0x643, 0x644, 0x653, 0x654, 0x732, 0x733, 0x742, 0x743, 0x544, 0x545, 0x554, 0x633, 0x634,
    0x643, 0x644, 0x645, 0x654, 0x655, 0x733, 0x734, 0x743, 0x744, 0x545, 0x546, 0x555, 0x634, 0x635, 0x644, 0x645,
    0x646, 0x655, 0x656, 0x734, 0x735, 0x744, 0x745, 0x546, 0x547, 0x556, 0x635, 0x636, 0x645, 0x646, 0x647, 0x656,
    0x657, 0x735, 0x736, 0x745, 0x746, 0x547, 0x548, 0x557, 0x636, 0x637, 0x646, 0x647, 0x648, 0x657, 0x658, 0x736,
    0x737, 0x746, 0x747, 0x548, 0x549, 0x558, 0x637, 0x638, 0x647, 0x648, 0x649, 0x658, 0x659, 0x737, 0x738, 0x747,
    0x748, 0x549, 0x54A, 0x559, 0x638, 0x639, 0x63A, 0x648, 0x649, 0x64A, 0x659, 0x65A, 0x739, 0x73A, 0x748, 0x749,
    0x74A, 0x54A, 0x54B, 0x55A, 0x63A, 0x63B, 0x649, 0x64A, 0x64B, 0x65A, 0x65B, 0x73A, 0x73B, 0x749, 0x74A, 0x74B,
    0x54B, 0x55B, 0x63B, 0x63C, 0x64A, 0x64B, 0x64C, 0x65B, 0x65C, 0x73B, 0x73C, 0x74A, 0x74B, 0x74C, 0x54B, 0x54C,
    0x63C, 0x63D, 0x64B, 0x64C, 0x64D, 0x65C, 0x65D, 0x73C, 0x73D, 0x74C, 0x74D, 0x54C, 0x54D, 0x55D, 0x63D, 0x63E,
    0x64C, 0x64D, 0x64E, 0x65D, 0x73D, 0x73E, 0x74D, 0x74E, 0x54D, 0x54E, 0x55E, 0x63E, 0x63F, 0x64D, 0x64E, 0x64F,
    0x65E, 0x73E, 0x73F, 0x74E, 0x74F, 0x54E, 0x54F, 0x63F, 0x64E, 0x64F, 0x65E, 0x65F, 0x73F, 0x74F, 0x550, 0x551,
    0x561, 0x640, 0x650, 0x651, 0x661, 0x662, 0x740, 0x750, 0x551, 0x552, 0x640, 0x641, 0x650, 0x651, 0x652, 0x661,
    0x662, 0x740, 0x750, 0x751, 0x552, 0x553, 0x641, 0x642, 0x650, 0x651, 0x652, 0x653, 0x662, 0x663, 0x740, 0x741,
    0x742, 0x750, 0x751, 0x752, 0x553, 0x554, 0x642, 0x643, 0x652, 0x653, 0x654, 0x663, 0x664, 0x742, 0x743, 0x752,
    0x753, 0x554, 0x555, 0x643, 0x644, 0x653, 0x654, 0x655, 0x664, 0x665, 0x743, 0x744, 0x753, 0x754, 0x555, 0x556,
    0x565, 0x644, 0x645, 0x654, 0x655, 0x656, 0x665, 0x666, 0x744, 0x745, 0x754, 0x755, 0x556, 0x557, 0x566, 0x645,
    0x646, 0x655, 0x656, 0x657, 0x666, 0x667, 0x745, 0x746, 0x755, 0x756, 0x557, 0x558, 0x567, 0x646, 0x647, 0x656,
    0x657, 0x658, 0x667, 0x668, 0x747, 0x756, 0x757, 0x558, 0x559, 0x568, 0x647, 0x648, 0x657, 0x658, 0x659, 0x668,
    0x669, 0x748, 0x757, 0x758, 0x559, 0x55A, 0x569, 0x648, 0x649, 0x658, 0x659, 0x65A, 0x669, 0x66A, 0x749, 0x758,
    0x759, 0x55A, 0x55B, 0x56A, 0x649, 0x64A, 0x659, 0x65A, 0x65B, 0x66A, 0x66B, 0x74A, 0x759, 0x75A, 0x55B, 0x55C,
    0x56B, 0x64A, 0x64B, 0x64C, 0x65A, 0x65B, 0x65C, 0x66B, 0x66C, 0x74B, 0x75A, 0x75B, 0x55C, 0x55D, 0x56C, 0x64C,
    0x64D, 0x65B, 0x65C, 0x65D, 0x66C, 0x66D, 0x74C, 0x74D, 0x75B, 0x75C, 0x55D, 0x55E, 0x56D, 0x64D, 0x64E, 0x65C,
    0x65D, 0x65E, 0x66D, 0x66E, 0x74D, 0x74E, 0x75C, 0x75D, 0x75E, 0x55E, 0x55F, 0x64E, 0x64F, 0x65E, 0x65F, 0x66E,
    0x66F, 0x74E, 0x74F, 0x75E, 0x75F, 0x55E, 0x55F, 0x64F, 0x65E, 0x65F, 0x66F, 0x74F, 0x75F, 0x560, 0x561, 0x562,
    0x571, 0x572, 0x650, 0x660, 0x661, 0x662, 0x671, 0x672, 0x760, 0x561, 0x562, 0x572, 0x650, 0x651, 0x660, 0x661,
    0x662, 0x671, 0x672, 0x750, 0x760, 0x761, 0x562, 0x563, 0x573, 0x650, 0x651, 0x652, 0x660, 0x661, 0x662, 0x663,
    0x672, 0x673, 0x750, 0x751, 0x760, 0x761, 0x762, 0x563, 0x564, 0x573, 0x574, 0x652, 0x653, 0x662, 0x663, 0x664,
    0x673, 0x674, 0x752, 0x753, 0x762, 0x763, 0x564, 0x565, 0x574, 0x575, 0x653, 0x654, 0x663, 0x664, 0x665, 0x674,
    0x675, 0x753, 0x754, 0x763, 0x764, 0x565, 0x566, 0x575, 0x654, 0x655, 0x664, 0x665, 0x666, 0x675, 0x676, 0x754,
    0x755, 0x764, 0x765, 0x566, 0x567, 0x576, 0x577, 0x655, 0x656, 0x665, 0x666, 0x667, 0x676, 0x677, 0x756, 0x765,
    0x766, 0x567, 0x568, 0x577, 0x578, 0x656, 0x657, 0x666, 0x667, 0x668, 0x677, 0x678, 0x757, 0x766, 0x767, 0x568,
    0x569, 0x578, 0x579, 0x657, 0x658, 0x667, 0x668, 0x669, 0x678, 0x679, 0x758, 0x767, 0x768, 0x569, 0x56A, 0x579,
    0x57A, 0x658, 0x659, 0x668, 0x669, 0x66A, 0x679, 0x67A, 0x759, 0x768, 0x769, 0x56A, 0x56B, 0x57A, 0x57B, 0x659,
    0x65A, 0x669, 0x66A, 0x66B, 0x67A, 0x67B, 0x75A, 0x769, 0x76A, 0x56B, 0x56C, 0x57B, 0x57C, 0x65A, 0x65B, 0x66A,
    0x66B, 0x66C, 0x67B, 0x67C, 0x75B, 0x76A, 0x76B, 0x56C, 0x56D, 0x57C, 0x65B, 0x65C, 0x66B, 0x66C, 0x66D, 0x67C,
    0x67D, 0x75C, 0x76B, 0x76C, 0x56D, 0x56E, 0x57D, 0x57E, 0x65C, 0x65D, 0x65E, 0x66C, 0x66D, 0x66E, 0x67D, 0x67E,
    0x75D, 0x76C, 0x76D, 0x56E, 0x56F, 0x57E, 0x57F, 0x65E, 0x65F, 0x66D, 0x66E, 0x66F, 0x67E, 0x67F, 0x75E, 0x75F,
    0x76D, 0x76E, 0x56F, 0x57F, 0x65F, 0x66E, 0x66F, 0x67F, 0x75F, 0x76E, 0x76F, 0x570, 0x571, 0x572, 0x581, 0x582,
    0x660, 0x670, 0x671, 0x672, 0x681, 0x682, 0x770, 0x571, 0x572, 0x582, 0x660, 0x670, 0x671, 0x672, 0x682, 0x770,
    0x771, 0x572, 0x573, 0x583, 0x660, 0x661, 0x662, 0x670, 0x671, 0x672, 0x673, 0x682, 0x683, 0x770, 0x771, 0x772,
    0x573, 0x574, 0x584, 0x662, 0x663, 0x672, 0x673, 0x674, 0x683, 0x684, 0x762, 0x772, 0x773, 0x574, 0x575, 0x663,
    0x664, 0x673, 0x674, 0x675, 0x684, 0x685, 0x773, 0x774, 0x575, 0x576, 0x585, 0x664, 0x665, 0x674, 0x675, 0x676,
    0x685, 0x686, 0x765, 0x774, 0x775, 0x576, 0x577, 0x586, 0x665, 0x666, 0x675, 0x676, 0x677, 0x686, 0x687, 0x766,
    0x775, 0x776, 0x577, 0x578, 0x587, 0x666, 0x667, 0x676, 0x677, 0x678, 0x687, 0x688, 0x767, 0x776, 0x777, 0x578,
    0x579, 0x588, 0x667, 0x668, 0x677, 0x678, 0x679, 0x688, 0x689, 0x768, 0x777, 0x778, 0x579, 0x57A, 0x589, 0x668,
    0x669, 0x678, 0x679, 0x67A, 0x689, 0x68A, 0x769, 0x778, 0x779, 0x57A, 0x57B, 0x58A, 0x669, 0x66A, 0x679, 0x67A,
    0x67B, 0x68A, 0x68B, 0x76A, 0x779, 0x77A, 0x57B, 0x57C, 0x58B, 0x66A, 0x66B, 0x67A, 0x67B, 0x67C, 0x68B, 0x68C,
    0x76B, 0x77A, 0x77B, 0x57C, 0x57D, 0x58C, 0x66B, 0x66C, 0x67B, 0x67C, 0x67D, 0x68C, 0x68D, 0x76C, 0x77B, 0x77C,
    0x57D, 0x57E, 0x58D, 0x66C, 0x66D, 0x67C, 0x67D, 0x67E, 0x68D, 0x68E, 0x76D, 0x77C, 0x77D, 0x57E, 0x57F, 0x58E,
    0x66D, 0x66E, 0x67D, 0x67E, 0x67F, 0x68E, 0x68F, 0x76E, 0x77D, 0x77E, 0x57F, 0x58F, 0x66E, 0x66F, 0x67E, 0x67F,
    0x68F, 0x77E, 0x77F, 0x580, 0x581, 0x582, 0x592, 0x670, 0x680, 0x681, 0x682, 0x691, 0x692, 0x780, 0x581, 0x582,
    0x592, 0x670, 0x680, 0x681, 0x682, 0x692, 0x780, 0x781, 0x582, 0x583, 0x670, 0x671, 0x672, 0x680, 0x681, 0x682,
    0x683, 0x692, 0x693, 0x770, 0x780, 0x781, 0x782, 0x583, 0x584, 0x672, 0x673, 0x682, 0x683, 0x684, 0x693, 0x694,
    0x772, 0x781, 0x782, 0x783, 0x584, 0x585, 0x673, 0x674, 0x683, 0x684, 0x685, 0x694, 0x695, 0x773, 0x783, 0x784,
    0x585, 0x586, 0x674, 0x675, 0x684, 0x685, 0x686, 0x695, 0x696, 0x784, 0x785, 0x586, 0x587, 0x596, 0x675, 0x676,
    0x685, 0x686, 0x687, 0x696, 0x697, 0x776, 0x785, 0x786, 0x587, 0x588, 0x597, 0x676, 0x677, 0x686, 0x687, 0x688,
    0x697, 0x698, 0x777, 0x786, 0x787, 0x588, 0x589, 0x598, 0x677, 0x678, 0x687, 0x688, 0x689, 0x698, 0x699, 0x778,
    0x787, 0x788, 0x589, 0x58A, 0x599, 0x678, 0x679, 0x688, 0x689, 0x68A, 0x699, 0x69A, 0x779, 0x788, 0x789, 0x58A,
    0x58B, 0x59A, 0x679, 0x67A, 0x689, 0x68A, 0x68B, 0x69A, 0x69B, 0x77A, 0x789, 0x78A, 0x58B, 0x58C, 0x59B, 0x67A,
    0x67B, 0x68A, 0x68B, 0x68C, 0x69B, 0x69C, 0x77B, 0x78A, 0x78B, 0x58C, 0x58D, 0x59C, 0x67B, 0x67C, 0x68B, 0x68C,
    0x68D, 0x69C, 0x69D, 0x77C, 0x78B, 0x78C, 0x58D, 0x58E, 0x59D, 0x67C, 0x67D, 0x68C, 0x68D, 0x68E, 0x69D, 0x69E,
    0x77D, 0x78C, 0x78D, 0x58E, 0x58F, 0x59E, 0x67D, 0x67E, 0x68D, 0x68E, 0x68F, 0x69E, 0x69F, 0x77E, 0x78D, 0x78E,
    0x58F, 0x59F, 0x67E, 0x67F, 0x68E, 0x68F, 0x69F, 0x78E, 0x78F, 0x591, 0x592, 0x5A2, 0x680, 0x690, 0x691, 0x692,
    0x6A1, 0x6A2, 0x790, 0x591, 0x592, 0x5A2, 0x680, 0x690, 0x691, 0x692, 0x6A2, 0x790, 0x791, 0x592, 0x593, 0x5A3,
    0x680, 0x681, 0x682, 0x690, 0x691, 0x692, 0x693, 0x6A2, 0x6A3, 0x780, 0x790, 0x791, 0x792, 0x593, 0x594, 0x5A3,
    0x5A4, 0x682, 0x683, 0x692, 0x693, 0x694, 0x6A3, 0x6A4, 0x782, 0x791, 0x792, 0x793, 0x594, 0x595, 0x5A4, 0x5A5,
    0x683, 0x684, 0x693, 0x694, 0x695, 0x6A4, 0x6A5, 0x783, 0x793, 0x794, 0x595, 0x596, 0x5A5, 0x5A6, 0x684, 0x685,
    0x694, 0x695, 0x696, 0x6A5, 0x6A6, 0x794, 0x795, 0x596, 0x597, 0x5A6, 0x5A7, 0x685, 0x686, 0x695, 0x696, 0x697,
    0x6A6, 0x6A7, 0x786, 0x795, 0x796, 0x597, 0x598, 0x5A7, 0x5A8, 0x686, 0x687, 0x696, 0x697, 0x698, 0x6A7, 0x6A8,
    0x787, 0x796, 0x797, 0x598, 0x599, 0x5A8, 0x5A9, 0x687, 0x688, 0x697, 0x698, 0x699, 0x6A8, 0x6A9, 0x788, 0x797,
    0x798, 0x599, 0x59A, 0x5A9, 0x5AA, 0x688, 0x689, 0x698, 0x699, 0x69A, 0x6A9, 0x6AA, 0x789, 0x798, 0x799, 0x59A,
    0x59B, 0x5AA, 0x5AB, 0x689, 0x68A, 0x699, 0x69A, 0x69B, 0x6AA, 0x6AB, 0x78A, 0x799, 0x79A, 0x59B, 0x59C, 0x5AB,
    0x5AC, 0x68A, 0x68B, 0x69A, 0x69B, 0x69C, 0x6AB, 0x6AC, 0x78B, 0x79A, 0x79B, 0x59C, 0x59D, 0x5AC, 0x5AD, 0x68B,
    0x68C, 0x69B, 0x69C, 0x69D, 0x6AC, 0x6AD, 0x78C, 0x79B, 0x79C, 0x59D, 0x59E, 0x5AD, 0x5AE, 0x68C, 0x68D, 0x69C,
    0x69D, 0x69E, 0x6AD, 0x6AE, 0x78D, 0x79C, 0x79D, 0x59E, 0x59F, 0x5AE, 0x5AF, 0x68D, 0x68E, 0x69D, 0x69E, 0x69F,
    0x6AE, 0x6AF, 0x78E, 0x79D, 0x79E, 0x59F, 0x5AF, 0x68E, 0x68F, 0x69E, 0x69F, 0x6AF, 0x79E, 0x79F, 0x5A1, 0x5A2,
    0x5B2, 0x6A0, 0x6A1, 0x6A2, 0x6B1, 0x6B2, 0x7A0, 0x5A1, 0x5A2, 0x5B2, 0x690, 0x6A0, 0x6A1, 0x6A2, 0x6B2, 0x7A0,
    0x7A1, 0x5A2, 0x5A3, 0x690, 0x6A0, 0x6A1, 0x6A2, 0x6A3, 0x6B2, 0x6B3, 0x7A0, 0x7A1, 0x7A2, 0x5A3, 0x5A4, 0x5B4,
    0x692, 0x6A1, 0x6A2, 0x6A3, 0x6A4, 0x6B3, 0x6B4, 0x7A1, 0x7A2, 0x7A3, 0x5A4, 0x5A5, 0x5B5, 0x693, 0x6A3, 0x6A4,
    0x6A5, 0x6B4, 0x6B5, 0x7A3, 0x7A4, 0x5A5, 0x5A6, 0x695, 0x6A4, 0x6A5, 0x6A6, 0x6B5, 0x6B6, 0x7A4, 0x7A5, 0x5A6,
    0x5A7, 0x5B6, 0x696, 0x6A5, 0x6A6, 0x6A7, 0x6B6, 0x6B7, 0x7A5, 0x7A6, 0x5A7, 0x5A8, 0x5B7, 0x697, 0x6A6, 0x6A7,
    0x6A8, 0x6B7, 0x6B8, 0x797, 0x7A6, 0x7A7, 0x5A8, 0x5A9, 0x5B8, 0x698, 0x6A7, 0x6A8, 0x6A9, 0x6B8, 0x6B9, 0x798,
    0x7A7, 0x7A8, 0x5A9, 0x5AA, 0x5B9, 0x699, 0x6A8, 0x6A9, 0x6AA, 0x6B9, 0x6BA, 0x799, 0x7A8, 0x7A9, 0x5AA, 0x5AB,
    0x5BA, 0x69A, 0x6A9, 0x6AA, 0x6AB, 0x6BA, 0x6BB, 0x79A, 0x7A9, 0x7AA, 0x5AB, 0x5AC, 0x5BB, 0x69B, 0x6AA, 0x6AB,
    0x6AC, 0x6BB, 0x6BC, 0x79B, 0x7AA, 0x7AB, 0x5AC, 0x5AD, 0x5BC, 0x69C, 0x6AB, 0x6AC, 0x6AD, 0x6BC, 0x6BD, 0x79C,
    0x7AB, 0x7AC, 0x5AD, 0x5AE, 0x5BD, 0x69D, 0x6AC, 0x6AD, 0x6AE, 0x6BD, 0x6BE, 0x79D, 0x7AC, 0x7AD, 0x5AE, 0x5AF,
    0x5BE, 0x69E, 0x6AD, 0x6AE, 0x6AF, 0x6BE, 0x6BF, 0x79E, 0x7AD, 0x7AE, 0x5AF, 0x5BF, 0x69F, 0x6AE, 0x6AF, 0x6BF,
    0x7AE, 0x7AF, 0x5B1, 0x5B2, 0x5C2, 0x6B0, 0x6B1, 0x6B2, 0x6C1, 0x6C2, 0x7B0, 0x5B1, 0x5B2, 0x5B3, 0x5C2, 0x6A0,
    0x6B0, 0x6B1, 0x6B2, 0x6C2, 0x7B0, 0x7B1, 0x5B2, 0x5B3, 0x6B0, 0x6B1, 0x6B2, 0x6B3, 0x6C2, 0x6C3, 0x7B0, 0x7B1,
    0x7B2, 0x5B3, 0x5B4, 0x6A2, 0x6B1, 0x6B2, 0x6B3, 0x6B4, 0x6C3, 0x6C4, 0x7B1, 0x7B2, 0x7B3, 0x5B4, 0x5B5, 0x6A3,
    0x6B3, 0x6B4, 0x6B5, 0x6C4, 0x6C5, 0x7A3, 0x7B3, 0x7B4, 0x5B5, 0x5B6, 0x6A5, 0x6B4, 0x6B5, 0x6B6, 0x6C5, 0x6C6,
    0x7B4, 0x7B5, 0x5B6, 0x5B7, 0x6A6, 0x6B5, 0x6B6, 0x6B7, 0x6C6, 0x6C7, 0x7B5, 0x7B6, 0x5B7, 0x5B8, 0x5C7, 0x6A7,
    0x6B6, 0x6B7, 0x6B8, 0x6C7, 0x6C8, 0x7A7, 0x7B6, 0x7B7, 0x5B8, 0x5B9, 0x5C8, 0x6A8, 0x6B7, 0x6B8, 0x6B9, 0x6C8,
    0x6C9, 0x7A8, 0x7B7, 0x7B8, 0x5B9, 0x5BA, 0x5C9, 0x6A9, 0x6B8, 0x6B9, 0x6BA, 0x6C9, 0x6CA, 0x7A9, 0x7B8, 0x7B9,
    0x5BA, 0x5BB, 0x5CA, 0x6AA, 0x6B9, 0x6BA, 0x6BB, 0x6CA, 0x6CB, 0x7AA, 0x7B9, 0x7BA, 0x5BB, 0x5BC, 0x5CB, 0x6AB,
    0x6BA, 0x6BB, 0x6BC, 0x6CB, 0x6CC, 0x7AB, 0x7BA, 0x7BB, 0x5BC, 0x5BD, 0x5CC, 0x6AC, 0x6BB, 0x6BC, 0x6BD, 0x6CC,
    0x6CD, 0x7AC, 0x7BB, 0x7BC, 0x5BD, 0x5BE, 0x5CD, 0x6AD, 0x6BC, 0x6BD, 0x6BE, 0x6CD, 0x6CE, 0x7AD, 0x7BC, 0x7BD,
    0x5BE, 0x5BF, 0x5CE, 0x6AE, 0x6BD, 0x6BE, 0x6BF, 0x6CE, 0x6CF, 0x7AE, 0x7BD, 0x7BE, 0x5BF, 0x5CF, 0x6AF, 0x6BE,
    0x6BF, 0x6CF, 0x7BE, 0x7BF, 0x5C1, 0x5C2, 0x5D2, 0x6C0, 0x6C1, 0x6C2, 0x6D2, 0x7C0, 0x5C1, 0x5C2, 0x5C3, 0x6C0,
    0x6C1, 0x6C2, 0x6C3, 0x6D2, 0x7C0, 0x7C1, 0x5C2, 0x5C3, 0x6C0, 0x6C1, 0x6C2, 0x6C3, 0x7C0, 0x7C1, 0x7C2, 0x5C3,
    0x5C4, 0x6B2, 0x6C1, 0x6C2, 0x6C3, 0x6C4, 0x7C1, 0x7C2, 0x7C3, 0x5C4, 0x5C5, 0x6B3, 0x6C3, 0x6C4, 0x6C5, 0x6D5,
    0x7B3, 0x7C2, 0x7C3, 0x7C4, 0x5C5, 0x5C6, 0x6B4, 0x6C4, 0x6C5, 0x6C6, 0x7B4, 0x7C4, 0x7C5, 0x5C6, 0x5C7, 0x6B6,
    0x6C5, 0x6C6, 0x6C7, 0x7C5, 0x7C6, 0x5C7, 0x5C8, 0x6B7, 0x6C6, 0x6C7, 0x6C8, 0x6D7, 0x7B7, 0x7C6, 0x7C7, 0x5C8,
    0x5C9, 0x5D8, 0x6B8, 0x6C7, 0x6C8, 0x6C9, 0x6D8, 0x7B8, 0x7C7, 0x7C8, 0x5C9, 0x5CA, 0x5D9, 0x6B9, 0x6C8, 0x6C9,
    0x6CA, 0x6D9, 0x7B9, 0x7C8, 0x7C9, 0x5CA, 0x5CB, 0x5DA, 0x6BA, 0x6C9, 0x6CA, 0x6CB, 0x6DA, 0x7BA, 0x7C9, 0x7CA,
    0x5CB, 0x5CC, 0x5DB, 0x6BB, 0x6CA, 0x6CB, 0x6CC, 0x6DB, 0x7BB, 0x7CA, 0x7CB, 0x5CC, 0x5CD, 0x5DC, 0x6BC, 0x6CB,
    0x6CC, 0x6CD, 0x6DC, 0x7BC, 0x7CB, 0x7CC, 0x5CD, 0x5CE, 0x5DD, 0x6BD, 0x6CC, 0x6CD, 0x6CE, 0x6DD, 0x7BD, 0x7CC,
    0x7CD, 0x5CE, 0x5CF, 0x5DE, 0x6BE, 0x6CD, 0x6CE, 0x6CF, 0x6DE, 0x7BE, 0x7CD, 0x7CE, 0x5CF, 0x5DF, 0x6BF, 0x6CE,
    0x6CF, 0x6DF, 0x7CE, 0x7CF, 0x5D1, 0x5D2, 0x5E2, 0x6D0, 0x6D1, 0x6D2, 0x6E2, 0x7D0, 0x5D1, 0x5D2, 0x5D3, 0x5E2,
    0x5E3, 0x6D0, 0x6D1, 0x6D2, 0x6D3, 0x6E2, 0x6E3, 0x7D0, 0x7D1, 0x5D2, 0x5D3, 0x5E3, 0x6D0, 0x6D1, 0x6D2, 0x6D3,
    0x6E2, 0x6E3, 0x7D0, 0x7D1, 0x7D2, 0x5D3, 0x5D4, 0x5E4, 0x6C2, 0x6D1, 0x6D2, 0x6D3, 0x6D4, 0x6E3, 0x6E4, 0x7C1,
    0x7C2, 0x7D1, 0x7D2, 0x7D3, 0x5D4, 0x5D5, 0x5E4, 0x5E5, 0x6C3, 0x6D3, 0x6D4, 0x6D5, 0x6E4, 0x6E5, 0x7C3, 0x7D2,
    0x7D3, 0x7D4, 0x5D5, 0x5D6, 0x5E5, 0x5E6, 0x6C4, 0x6D4, 0x6D5, 0x6D6, 0x6E5, 0x6E6, 0x7C4, 0x7D4, 0x7D5, 0x5D6,
    0x5D7, 0x5E6, 0x5E7, 0x6C6, 0x6D5, 0x6D6, 0x6D7, 0x6E6, 0x6E7, 0x7D5, 0x7D6, 0x5D7, 0x5D8, 0x5E7, 0x5E8, 0x6C7,
    0x6D6, 0x6D7, 0x6D8, 0x6E7, 0x6E8, 0x7C7, 0x7D6, 0x7D7, 0x5D8, 0x5D9, 0x5E8, 0x5E9, 0x6C8, 0x6D7, 0x6D8, 0x6D9,
    0x6E8, 0x6E9, 0x7C8, 0x7D7, 0x7D8, 0x5D9, 0x5DA, 0x5E9, 0x5EA, 0x6C9, 0x6D8, 0x6D9, 0x6DA, 0x6E9, 0x6EA, 0x7C9,
    0x7D8, 0x7D9, 0x5DA, 0x5DB, 0x5EA, 0x5EB, 0x6CA, 0x6D9, 0x6DA, 0x6DB, 0x6EA, 0x6EB, 0x7CA, 0x7D9, 0x7DA, 0x5DB,
    0x5DC, 0x5EB, 0x5EC, 0x6CB, 0x6DA, 0x6DB, 0x6DC, 0x6EB, 0x6EC, 0x7CB, 0x7DA, 0x7DB, 0x5DC, 0x5DD, 0x5EC, 0x5ED,
    0x6CC, 0x6DB, 0x6DC, 0x6DD, 0x6EC, 0x6ED, 0x7CC, 0x7DB, 0x7DC, 0x5DD, 0x5DE, 0x5ED, 0x5EE, 0x6CD, 0x6DC, 0x6DD,
    0x6DE, 0x6ED, 0x6EE, 0x7CD, 0x7DC, 0x7DD, 0x5DE, 0x5DF, 0x5EE, 0x5EF, 0x6CE, 0x6DD, 0x6DE, 0x6DF, 0x6EE, 0x6EF,
    0x7CE, 0x7DD, 0x7DE, 0x5DF, 0x5EF, 0x6CF, 0x6DE, 0x6DF, 0x6EF, 0x7DE, 0x7DF, 0x5E1, 0x5E2, 0x5F2, 0x6E0, 0x6E1,
    0x6E2, 0x6F2, 0x7E0, 0x5E1, 0x5E2, 0x5E3, 0x5F2, 0x5F3, 0x6E0, 0x6E1, 0x6E2, 0x6E3, 0x6F2, 0x7E0, 0x7E1, 0x5E2,
    0x5E3, 0x5F3, 0x6E0, 0x6E1, 0x6E2, 0x6E3, 0x7E0, 0x7E1, 0x7E2, 0x5E3, 0x5E4, 0x5F4, 0x6E1, 0x6E2, 0x6E3, 0x6E4,
    0x7E0, 0x7E1, 0x7E2, 0x7E3, 0x5E4, 0x5E5, 0x5F5, 0x6E3, 0x6E4, 0x6E5, 0x6F5, 0x7E2, 0x7E3, 0x7E4, 0x5E5, 0x5E6,
    0x5F5, 0x5F6, 0x6E4, 0x6E5, 0x6E6, 0x7E4, 0x7E5, 0x5E6, 0x5E7, 0x5F6, 0x5F7, 0x6E5, 0x6E6, 0x6E7, 0x7E5, 0x7E6,
    0x5E7, 0x5E8, 0x5F7, 0x5F8, 0x6E6, 0x6E7, 0x6E8, 0x7E6, 0x7E7, 0x5E8, 0x5E9, 0x5F8, 0x5F9, 0x6D8, 0x6E7, 0x6E8,
    0x6E9, 0x6F8, 0x7E7, 0x7E8, 0x5E9, 0x5EA, 0x5F9, 0x5FA, 0x6D9, 0x6E8, 0x6E9, 0x6EA, 0x6F9, 0x7D9, 0x7E8, 0x7E9,
    0x5EA, 0x5EB, 0x5FA, 0x5FB, 0x6DA, 0x6E9, 0x6EA, 0x6EB, 0x6FA, 0x7DA, 0x7E9, 0x7EA, 0x5EB, 0x5EC, 0x5FB, 0x5FC,
    0x6DB, 0x6EA, 0x6EB, 0x6EC, 0x6FB, 0x7DB, 0x7EA, 0x7EB, 0x5EC, 0x5ED, 0x5FC, 0x5FD, 0x6DC, 0x6EB, 0x6EC, 0x6ED,
    0x6FC, 0x7DC, 0x7EB, 0x7EC, 0x5ED, 0x5EE, 0x5FD, 0x5FE, 0x6DD, 0x6EC, 0x6ED, 0x6EE, 0x6FD, 0x7DD, 0x7EC, 0x7ED,
    0x5EE, 0x5EF, 0x5FE, 0x5FF, 0x6DE, 0x6ED, 0x6EE, 0x6EF, 0x6FE, 0x7DE, 0x7ED, 0x7EE, 0x5EF, 0x5FF, 0x6EE, 0x6EF,
    0x6FF, 0x7EE, 0x7EF, 0x5F1, 0x5F2, 0x6F0, 0x6F1, 0x6F2, 0x5F1, 0x5F2, 0x5F3, 0x6F0, 0x6F1, 0x6F2, 0x6F3, 0x5F2,
    0x5F3, 0x5F4, 0x6F1, 0x6F2, 0x6F3, 0x7F2, 0x5F3, 0x5F4, 0x6F2, 0x6F3, 0x6F4, 0x7F3, 0x5F4, 0x5F5, 0x6F3, 0x6F4,
    0x6F5, 0x7F4, 0x5F5, 0x5F6, 0x6F4, 0x6F5, 0x6F6, 0x7F5, 0x5F6, 0x5F7, 0x6F5, 0x6F6, 0x6F7, 0x7F6, 0x5F7, 0x5F8,
    0x6F6, 0x6F7, 0x6F8, 0x7F7, 0x5F8, 0x5F9, 0x6E8, 0x6F7, 0x6F8, 0x6F9, 0x7E8, 0x7F8, 0x5F9, 0x5FA, 0x6E9, 0x6F8,
    0x6F9, 0x6FA, 0x7E9, 0x7F9, 0x5FA, 0x5FB, 0x6EA, 0x6F9, 0x6FA, 0x6FB, 0x7EA, 0x7FA, 0x5FB, 0x5FC, 0x6EB, 0x6FA,
    0x6FB, 0x6FC, 0x7EB, 0x7FB, 0x5FC, 0x5FD, 0x6EC, 0x6FB, 0x6FC, 0x6FD, 0x7EC, 0x7FC, 0x5FD, 0x5FE, 0x6ED, 0x6FC,
    0x6FD, 0x6FE, 0x7ED, 0x7FD, 0x5FE, 0x5FF, 0x6EE, 0x6FD, 0x6FE, 0x6FF, 0x7EE, 0x7FE, 0x5FF, 0x6FE, 0x6FF, 0x700,
    0x710, 0x711, 0x800, 0x611, 0x700, 0x701, 0x711, 0x712, 0x801, 0x602, 0x612, 0x701, 0x702, 0x703, 0x712, 0x713,
    0x801, 0x802, 0x603, 0x702, 0x703, 0x704, 0x713, 0x714, 0x803, 0x604, 0x703, 0x704, 0x705, 0x714, 0x715, 0x805,
    0x605, 0x615, 0x704, 0x705, 0x706, 0x714, 0x715, 0x805, 0x806, 0x606, 0x616, 0x705, 0x706, 0x707, 0x715, 0x716,
    0x806, 0x807, 0x607, 0x617, 0x706, 0x707, 0x708, 0x716, 0x717, 0x807, 0x808, 0x608, 0x618, 0x707, 0x708, 0x709,
    0x717, 0x718, 0x808, 0x609, 0x619, 0x708, 0x709, 0x70A, 0x718, 0x719, 0x809, 0x60A, 0x61A, 0x709, 0x70A, 0x70B,
    0x719, 0x71A, 0x80A, 0x60B, 0x61B, 0x70A, 0x70B, 0x70C, 0x71A, 0x71B, 0x80B, 0x60C, 0x61C, 0x70B, 0x70C, 0x70D,
    0x71B, 0x71C, 0x80C, 0x61D, 0x70C, 0x70D, 0x70E, 0x71C, 0x71D, 0x80D, 0x61E, 0x70E, 0x70F, 0x71D, 0x71E, 0x80E,
    0x61E, 0x70F, 0x71E, 0x71F, 0x80F, 0x610, 0x700, 0x710, 0x711, 0x720, 0x721, 0x800, 0x810, 0x611, 0x700, 0x701,
    0x710, 0x711, 0x712, 0x721, 0x722, 0x800, 0x801, 0x810, 0x811, 0x612, 0x701, 0x702, 0x711, 0x712, 0x713, 0x722,
    0x723, 0x801, 0x802, 0x811, 0x812, 0x613, 0x623, 0x702, 0x703, 0x712, 0x713, 0x714, 0x723, 0x724, 0x802, 0x803,
    0x812, 0x813, 0x614, 0x624, 0x703, 0x704, 0x705, 0x713, 0x714, 0x715, 0x724, 0x725, 0x803, 0x813, 0x814, 0x815,
    0x615, 0x704, 0x705, 0x706, 0x714, 0x715, 0x716, 0x725, 0x726, 0x805, 0x814, 0x815, 0x816, 0x615, 0x616, 0x705,
    0x706, 0x707, 0x715, 0x716, 0x717, 0x726, 0x727, 0x806, 0x815, 0x816, 0x817, 0x617, 0x707, 0x708, 0x716, 0x717,
    0x718, 0x727, 0x807, 0x817, 0x818, 0x618, 0x628, 0x708, 0x709, 0x717, 0x718, 0x719, 0x728, 0x808, 0x818, 0x819,
    0x619, 0x629, 0x709, 0x70A, 0x718, 0x719, 0x71A, 0x728, 0x729, 0x809, 0x819, 0x81A, 0x61A, 0x62A, 0x70A, 0x70B,
    0x719, 0x71A, 0x71B, 0x729, 0x72A, 0x80A, 0x81A, 0x81B, 0x61B, 0x62B, 0x70B, 0x70C, 0x71A, 0x71B, 0x71C, 0x72A,
    0x72B, 0x80B, 0x81B, 0x81C, 0x61C, 0x62C, 0x70C, 0x70D, 0x71B, 0x71C, 0x71D, 0x72B, 0x72C, 0x80C, 0x80D, 0x81C,
    0x81D, 0x61D, 0x62D, 0x70D, 0x70E, 0x71C, 0x71D, 0x71E, 0x72C, 0x72D, 0x80D, 0x80E, 0x81D, 0x81E, 0x61E, 0x62E,
    0x70E, 0x70F, 0x71D, 0x71E, 0x71F, 0x72D, 0x72E, 0x80E, 0x80F, 0x81E, 0x70F, 0x71E, 0x71F, 0x72E, 0x72F, 0x80F,
    0x81F, 0x620, 0x621, 0x710, 0x720, 0x721, 0x731, 0x810, 0x820, 0x621, 0x622, 0x710, 0x711, 0x720, 0x721, 0x722,
    0x731, 0x732, 0x810, 0x811, 0x820, 0x821, 0x622, 0x623, 0x711, 0x712, 0x721, 0x722, 0x723, 0x732, 0x733, 0x811,
    0x812, 0x821, 0x822, 0x623, 0x624, 0x633, 0x712, 0x713, 0x722, 0x723, 0x724, 0x733, 0x734, 0x812, 0x813, 0x822,
    0x823, 0x624, 0x625, 0x634, 0x713, 0x714, 0x723, 0x724, 0x725, 0x734, 0x735, 0x813, 0x814, 0x823, 0x824, 0x625,
    0x635, 0x714, 0x715, 0x724, 0x725, 0x726, 0x735, 0x736, 0x814, 0x815, 0x824, 0x825, 0x626, 0x636, 0x715, 0x716,
    0x717, 0x725, 0x726, 0x727, 0x736, 0x737, 0x815, 0x816, 0x817, 0x825, 0x826, 0x827, 0x626, 0x627, 0x716, 0x717,
    0x718, 0x726, 0x727, 0x728, 0x737, 0x738, 0x817, 0x818, 0x826, 0x827, 0x828, 0x627, 0x628, 0x717, 0x718, 0x719,
    0x727, 0x728, 0x729, 0x738, 0x739, 0x818, 0x819, 0x827, 0x828, 0x829, 0x628, 0x629, 0x718, 0x719, 0x71A, 0x728,
    0x729, 0x72A, 0x739, 0x73A, 0x819, 0x81A, 0x829, 0x82A, 0x629, 0x62A, 0x63A, 0x71A, 0x71B, 0x729, 0x72A, 0x72B,
    0x73A, 0x81A, 0x81B, 0x82A, 0x82B, 0x62A, 0x62B, 0x63B, 0x71B, 0x71C, 0x72A, 0x72B, 0x72C, 0x73A, 0x73B, 0x81B,
    0x82B, 0x82C, 0x62B, 0x62C, 0x63C, 0x71C, 0x71D, 0x72B, 0x72C, 0x72D, 0x73B, 0x73C, 0x81C, 0x82C, 0x82D, 0x62C,
    0x62D, 0x63D, 0x71D, 0x71E, 0x72C, 0x72D, 0x72E, 0x73C, 0x73D, 0x81D, 0x82D, 0x82E, 0x62E, 0x63E, 0x71E, 0x71F,
    0x72D, 0x72E, 0x72F, 0x73D, 0x73E, 0x81E, 0x82E, 0x82F, 0x62F, 0x71F, 0x72E, 0x72F, 0x73E, 0x73F, 0x81F, 0x82F,
    0x630, 0x631, 0x720, 0x730, 0x731, 0x741, 0x820, 0x830, 0x631, 0x632, 0x720, 0x721, 0x730, 0x731, 0x732, 0x741,
    0x742, 0x820, 0x821, 0x830, 0x831, 0x632, 0x633, 0x721, 0x722, 0x731, 0x732, 0x733, 0x742, 0x743, 0x821, 0x822,
    0x831, 0x832, 0x633, 0x634, 0x722, 0x723, 0x732, 0x733, 0x734, 0x743, 0x744, 0x822, 0x823, 0x832, 0x833, 0x634,
    0x635, 0x644, 0x723, 0x724, 0x733, 0x734, 0x735, 0x744, 0x745, 0x823, 0x824, 0x833, 0x834, 0x635, 0x636, 0x645,
    0x724, 0x725, 0x734, 0x735, 0x736, 0x745, 0x746, 0x824, 0x825, 0x834, 0x835, 0x636, 0x637, 0x646, 0x725, 0x726,
    0x735, 0x736, 0x737, 0x746, 0x747, 0x825, 0x826, 0x835, 0x836, 0x637, 0x638, 0x647, 0x726, 0x727, 0x736, 0x737,
    0x738, 0x747, 0x748, 0x826, 0x827, 0x836, 0x837, 0x638, 0x648, 0x727, 0x728, 0x729, 0x737, 0x738, 0x739, 0x748,
    0x749, 0x827, 0x828, 0x829, 0x837, 0x838, 0x839, 0x638, 0x639, 0x728, 0x729, 0x72A, 0x738, 0x739, 0x73A, 0x749,
    0x74A, 0x829, 0x82A, 0x838, 0x839, 0x83A, 0x639, 0x63A, 0x72A, 0x72B, 0x739, 0x73A, 0x73B, 0x74A, 0x74B, 0x82A,
    0x82B, 0x83A, 0x83B, 0x63A, 0x63B, 0x72B, 0x72C, 0x73A, 0x73B, 0x73C, 0x74B, 0x82B, 0x82C, 0x83B, 0x83C, 0x63B,
    0x63C, 0x64C, 0x72C, 0x72D, 0x73B, 0x73C, 0x73D, 0x74B, 0x74C, 0x82C, 0x82D, 0x83C, 0x83D, 0x63C, 0x63D, 0x64D,
    0x72D, 0x72E, 0x73C, 0x73D, 0x73E, 0x74C, 0x74D, 0x82D, 0x82E, 0x83D, 0x83E, 0x63D, 0x63E, 0x64E, 0x72E, 0x72F,
    0x73D, 0x73E, 0x73F, 0x74D, 0x74E, 0x82E, 0x83E, 0x83F, 0x63E, 0x63F, 0x72F, 0x73E, 0x73F, 0x74E, 0x74F, 0x82F,
    0x83F, 0x640, 0x641, 0x651, 0x730, 0x740, 0x741, 0x751, 0x830, 0x840, 0x641, 0x642, 0x730, 0x731, 0x740, 0x741,
    0x742, 0x751, 0x752, 0x830, 0x831, 0x840, 0x841, 0x642, 0x643, 0x731, 0x732, 0x741, 0x742, 0x743, 0x752, 0x753,
    0x831, 0x832, 0x840, 0x841, 0x842, 0x643, 0x644, 0x732, 0x733, 0x742, 0x743, 0x744, 0x753, 0x754, 0x832, 0x833,
    0x842, 0x843, 0x644, 0x645, 0x733, 0x734, 0x743, 0x744, 0x745, 0x754, 0x755, 0x833, 0x834, 0x843, 0x844, 0x645,
    0x646, 0x655, 0x734, 0x735, 0x744, 0x745, 0x746, 0x755, 0x756, 0x834, 0x835, 0x844, 0x845, 0x646, 0x647, 0x656,
    0x735, 0x736, 0x745, 0x746, 0x747, 0x756, 0x757, 0x835, 0x836, 0x845, 0x846, 0x647, 0x648, 0x657, 0x736, 0x737,
    0x746, 0x747, 0x748, 0x757, 0x758, 0x836, 0x837, 0x846, 0x847, 0x648, 0x649, 0x658, 0x737, 0x738, 0x747, 0x748,
    0x749, 0x758, 0x759, 0x837, 0x838, 0x847, 0x848, 0x649, 0x64A, 0x659, 0x738, 0x739, 0x73A, 0x748, 0x749, 0x74A,
    0x759, 0x75A, 0x838, 0x839, 0x848, 0x849, 0x84A, 0x64A, 0x64B, 0x65A, 0x739, 0x73A, 0x73B, 0x749, 0x74A, 0x74B,
    0x75A, 0x75B, 0x83A, 0x83B, 0x849, 0x84A, 0x84B, 0x64B, 0x73B, 0x73C, 0x74A, 0x74B, 0x74C, 0x75B, 0x75C, 0x83B,
    0x83C, 0x84A, 0x84B, 0x84C, 0x64B, 0x64C, 0x73C, 0x73D, 0x74B, 0x74C, 0x74D, 0x75C, 0x75D, 0x83C, 0x83D, 0x84C,
    0x84D, 0x64C, 0x64D, 0x73D, 0x73E, 0x74C, 0x74D, 0x74E, 0x75D, 0x75E, 0x83D, 0x83E, 0x84D, 0x84E, 0x64D, 0x64E,
    0x65E, 0x73E, 0x73F, 0x74D, 0x74E, 0x74F, 0x75E, 0x83E, 0x83F, 0x84E, 0x84F, 0x64E, 0x64F, 0x73F, 0x74E, 0x74F,
    0x75E, 0x75F, 0x83F, 0x84F, 0x651, 0x661, 0x740, 0x750, 0x751, 0x761, 0x762, 0x840, 0x850, 0x651, 0x652, 0x740,
    0x741, 0x750, 0x751, 0x752, 0x761, 0x762, 0x840, 0x850, 0x851, 0x652, 0x653, 0x740, 0x741, 0x742, 0x750, 0x751,
    0x752, 0x753, 0x762, 0x763, 0x840, 0x841, 0x842, 0x850, 0x851, 0x852, 0x653, 0x654, 0x742, 0x743, 0x752, 0x753,
    0x754, 0x763, 0x764, 0x842, 0x843, 0x852, 0x853, 0x654, 0x655, 0x743, 0x744, 0x753, 0x754, 0x755, 0x764, 0x765,
    0x843, 0x844, 0x853, 0x854, 0x655, 0x656, 0x665, 0x744, 0x745, 0x754, 0x755, 0x756, 0x765, 0x766, 0x844, 0x845,
    0x854, 0x855, 0x656, 0x657, 0x666, 0x745, 0x746, 0x755, 0x756, 0x757, 0x766, 0x767, 0x845, 0x846, 0x855, 0x856,
    0x657, 0x658, 0x667, 0x746, 0x747, 0x756, 0x757, 0x758, 0x767, 0x768, 0x846, 0x847, 0x856, 0x857, 0x658, 0x659,
    0x668, 0x747, 0x748, 0x757, 0x758, 0x759, 0x768, 0x769, 0x847, 0x848, 0x857, 0x858, 0x659, 0x65A, 0x669, 0x748,
    0x749, 0x758, 0x759, 0x75A, 0x769, 0x76A, 0x849, 0x858, 0x859, 0x65A, 0x65B, 0x66A, 0x749, 0x74A, 0x759, 0x75A,
    0x75B, 0x76A, 0x76B, 0x84A, 0x859, 0x85A, 0x65B, 0x65C, 0x66B, 0x74A, 0x74B, 0x74C, 0x75A, 0x75B, 0x75C, 0x76B,
    0x76C, 0x84B, 0x85A, 0x85B, 0x65C, 0x65D, 0x66C, 0x74B, 0x74C, 0x74D, 0x75B, 0x75C, 0x75D, 0x76C, 0x76D, 0x84C,
    0x84D, 0x85B, 0x85C, 0x65D, 0x66D, 0x74D, 0x74E, 0x75C, 0x75D, 0x75E, 0x76D, 0x76E, 0x84D, 0x84E, 0x85C, 0x85D,
    0x85E, 0x65E, 0x74E, 0x74F, 0x75D, 0x75E, 0x75F, 0x76E, 0x76F, 0x84E, 0x84F, 0x85E, 0x85F, 0x65E, 0x65F, 0x74F,
    0x75E, 0x75F, 0x76F, 0x84F, 0x85F, 0x661, 0x662, 0x671, 0x672, 0x750, 0x760, 0x761, 0x762, 0x771, 0x772, 0x860,
    0x661, 0x662, 0x672, 0x750, 0x751, 0x760, 0x761, 0x762, 0x771, 0x772, 0x850, 0x860, 0x861, 0x662, 0x663, 0x673,
    0x750, 0x751, 0x752, 0x760, 0x761, 0x762, 0x763, 0x772, 0x773, 0x850, 0x851, 0x852, 0x860, 0x861, 0x862, 0x663,
    0x664, 0x674, 0x752, 0x753, 0x762, 0x763, 0x764, 0x773, 0x774, 0x852, 0x853, 0x862, 0x863, 0x664, 0x665, 0x753,
    0x754, 0x763, 0x764, 0x765, 0x774, 0x775, 0x853, 0x854, 0x863, 0x864, 0x665, 0x666, 0x675, 0x754, 0x755, 0x764,
    0x765, 0x766, 0x775, 0x776, 0x854, 0x855, 0x864, 0x865, 0x666, 0x667, 0x676, 0x755, 0x756, 0x765, 0x766, 0x767,
    0x776, 0x777, 0x855, 0x856, 0x865, 0x866, 0x667, 0x668, 0x677, 0x756, 0x757, 0x766, 0x767, 0x768, 0x777, 0x778,
    0x857, 0x866, 0x867, 0x668, 0x669, 0x678, 0x757, 0x758, 0x767, 0x768, 0x769, 0x778, 0x779, 0x858, 0x867, 0x868,
    0x669, 0x66A, 0x679, 0x758, 0x759, 0x768, 0x769, 0x76A, 0x779, 0x77A, 0x859, 0x868, 0x869, 0x66A, 0x66B, 0x67A,
    0x759, 0x75A, 0x769, 0x76A, 0x76B, 0x77A, 0x77B, 0x85A, 0x869, 0x86A, 0x66B, 0x66C, 0x67B, 0x75A, 0x75B, 0x76A,
    0x76B, 0x76C, 0x77B, 0x77C, 0x85B, 0x86A, 0x86B, 0x66C, 0x66D, 0x67C, 0x75B, 0x75C, 0x76B, 0x76C, 0x76D, 0x77C,
    0x77D, 0x85C, 0x86B, 0x86C, 0x66D, 0x66E, 0x67D, 0x67E, 0x75C, 0x75D, 0x75E, 0x76C, 0x76D, 0x76E, 0x77D, 0x77E,
    0x85D, 0x86C, 0x86D, 0x66E, 0x66F, 0x67E, 0x75E, 0x75F, 0x76D, 0x76E, 0x76F, 0x77E, 0x77F, 0x85E, 0x85F, 0x86D,
    0x86E, 0x66F, 0x67F, 0x75F, 0x76E, 0x76F, 0x77F, 0x85F, 0x86E, 0x86F, 0x671, 0x672, 0x682, 0x760, 0x770, 0x771,
    0x772, 0x781, 0x782, 0x870, 0x671, 0x672, 0x682, 0x760, 0x770, 0x771, 0x772, 0x782, 0x870, 0x871, 0x672, 0x673,
    0x760, 0x761, 0x762, 0x770, 0x771, 0x772, 0x773, 0x782, 0x783, 0x860, 0x870, 0x871, 0x872, 0x673, 0x674, 0x684,
    0x762, 0x763, 0x772, 0x773, 0x774, 0x783, 0x784, 0x862, 0x872, 0x873, 0x674, 0x675, 0x763, 0x764, 0x773, 0x774,
    0x775, 0x784, 0x785, 0x873, 0x874, 0x675, 0x676, 0x764, 0x765, 0x774, 0x775, 0x776, 0x785, 0x786, 0x865, 0x874,
    0x875, 0x676, 0x677, 0x686, 0x765, 0x766, 0x775, 0x776, 0x777, 0x786, 0x787, 0x866, 0x875, 0x876, 0x677, 0x678,
    0x687, 0x766, 0x767, 0x776, 0x777, 0x778, 0x787, 0x788, 0x867, 0x876, 0x877, 0x678, 0x679, 0x688, 0x767, 0x768,
    0x777, 0x778, 0x779, 0x788, 0x789, 0x868, 0x877, 0x878, 0x679, 0x67A, 0x689, 0x768, 0x769, 0x778, 0x779, 0x77A,
    0x789, 0x78A, 0x869, 0x878, 0x879, 0x67A, 0x67B, 0x68A, 0x769, 0x76A, 0x779, 0x77A, 0x77B, 0x78A, 0x78B, 0x86A,
    0x879, 0x87A, 0x67B, 0x67C, 0x68B, 0x76A, 0x76B, 0x77A, 0x77B, 0x77C, 0x78B, 0x78C, 0x86B, 0x87A, 0x87B, 0x67C,
    0x67D, 0x68C, 0x76B, 0x76C, 0x77B, 0x77C, 0x77D, 0x78C, 0x78D, 0x86C, 0x87B, 0x87C, 0x67D, 0x67E, 0x68D, 0x76C,
    0x76D, 0x77C, 0x77D, 0x77E, 0x78D, 0x78E, 0x86D, 0x87C, 0x87D, 0x67E, 0x67F, 0x68E, 0x76D, 0x76E, 0x77D, 0x77E,
    0x77F, 0x78E, 0x78F, 0x86E, 0x87D, 0x87E, 0x67F, 0x68F, 0x76E, 0x76F, 0x77E, 0x77F, 0x78F, 0x87E, 0x87F, 0x681,
    0x682, 0x692, 0x770, 0x780, 0x781, 0x782, 0x791, 0x792, 0x880, 0x681, 0x682, 0x692, 0x770, 0x780, 0x781, 0x782,
    0x792, 0x880, 0x881, 0x682, 0x683, 0x770, 0x771, 0x772, 0x780, 0x781, 0x782, 0x783, 0x792, 0x793, 0x870, 0x880,
    0x881, 0x882, 0x683, 0x684, 0x772, 0x773, 0x782, 0x783, 0x784, 0x793, 0x794, 0x872, 0x881, 0x882, 0x883, 0x684,
    0x685, 0x773, 0x774, 0x783, 0x784, 0x785, 0x794, 0x795, 0x873, 0x883, 0x884, 0x685, 0x686, 0x774, 0x775, 0x784,
    0x785, 0x786, 0x795, 0x796, 0x884, 0x885, 0x686, 0x687, 0x775, 0x776, 0x785, 0x786, 0x787, 0x796, 0x797, 0x876,
    0x885, 0x886, 0x687, 0x688, 0x697, 0x776, 0x777, 0x786, 0x787, 0x788, 0x797, 0x798, 0x877, 0x886, 0x887, 0x688,
    0x689, 0x698, 0x777, 0x778, 0x787, 0x788, 0x789, 0x798, 0x799, 0x878, 0x887, 0x888, 0x689, 0x68A, 0x699, 0x778,
    0x779, 0x788, 0x789, 0x78A, 0x799, 0x79A, 0x879, 0x888, 0x889, 0x68A, 0x68B, 0x69A, 0x779, 0x77A, 0x789, 0x78A,
    0x78B, 0x79A, 0x79B, 0x87A, 0x889, 0x88A, 0x68B, 0x68C, 0x69B, 0x77A, 0x77B, 0x78A, 0x78B, 0x78C, 0x79B, 0x79C,
    0x87B, 0x88A, 0x88B, 0x68C, 0x68D, 0x69C, 0x77B, 0x77C, 0x78B, 0x78C, 0x78D, 0x79C, 0x79D, 0x87C, 0x88B, 0x88C,
    0x68D, 0x68E, 0x69D, 0x77C, 0x77D, 0x78C, 0x78D, 0x78E, 0x79D, 0x79E, 0x87D, 0x88C, 0x88D, 0x68E, 0x68F, 0x69E,
    0x77D, 0x77E, 0x78D, 0x78E, 0x78F, 0x79E, 0x79F, 0x87E, 0x88D, 0x88E, 0x68F, 0x69F, 0x77E, 0x77F, 0x78E, 0x78F,
    0x79F, 0x88E, 0x88F, 0x691, 0x692, 0x6A2, 0x780, 0x790, 0x791, 0x792, 0x7A1, 0x7A2, 0x890, 0x691, 0x692, 0x6A2,
    0x780, 0x790, 0x791, 0x792, 0x7A2, 0x890, 0x891, 0x692, 0x693, 0x6A3, 0x780, 0x781, 0x782, 0x790, 0x791, 0x792,
    0x793, 0x7A2, 0x7A3, 0x880, 0x890, 0x891, 0x892, 0x693, 0x694, 0x6A3, 0x6A4, 0x782, 0x783, 0x791, 0x792, 0x793,
    0x794, 0x7A3, 0x7A4, 0x882, 0x891, 0x892, 0x893, 0x694, 0x695, 0x6A4, 0x6A5, 0x783, 0x784, 0x793, 0x794, 0x795,
    0x7A4, 0x7A5, 0x883, 0x893, 0x894, 0x695, 0x696, 0x6A5, 0x6A6, 0x784, 0x785, 0x794, 0x795, 0x796, 0x7A5, 0x7A6,
    0x894, 0x895, 0x696, 0x697, 0x6A6, 0x6A7, 0x785, 0x786, 0x795, 0x796, 0x797, 0x7A6, 0x7A7, 0x886, 0x895, 0x896,
    0x697, 0x698, 0x6A7, 0x6A8, 0x786, 0x787, 0x796, 0x797, 0x798, 0x7A7, 0x7A8, 0x887, 0x896, 0x897, 0x698, 0x699,
    0x6A8, 0x6A9, 0x787, 0x788, 0x797, 0x798, 0x799, 0x7A8, 0x7A9, 0x888, 0x897, 0x898, 0x699, 0x69A, 0x6A9, 0x6AA,
    0x788, 0x789, 0x798, 0x799, 0x79A, 0x7A9, 0x7AA, 0x889, 0x898, 0x899, 0x69A, 0x69B, 0x6AA, 0x6AB, 0x789, 0x78A,
    0x799, 0x79A, 0x79B, 0x7AA, 0x7AB, 0x88A, 0x899, 0x89A, 0x69B, 0x69C, 0x6AB, 0x6AC, 0x78A, 0x78B, 0x79A, 0x79B,
    0x79C, 0x7AB, 0x7AC, 0x88B, 0x89A, 0x89B, 0x69C, 0x69D, 0x6AC, 0x6AD, 0x78B, 0x78C, 0x79B, 0x79C, 0x79D, 0x7AC,
    0x7AD, 0x88C, 0x89B, 0x89C, 0x69D, 0x69E, 0x6AD, 0x6AE, 0x78C, 0x78D, 0x79C, 0x79D, 0x79E, 0x7AD, 0x7AE, 0x88D,
    0x89C, 0x89D, 0x69E, 0x69F, 0x6AE, 0x6AF, 0x78D, 0x78E, 0x79D, 0x79E, 0x79F, 0x7AE, 0x7AF, 0x88E, 0x89D, 0x89E,
    0x69F, 0x6AF, 0x78E, 0x78F, 0x79E, 0x79F, 0x7AF, 0x89E, 0x89F, 0x6A1, 0x6A2, 0x6B2, 0x7A0, 0x7A1, 0x7A2, 0x7B1,
    0x7B2, 0x8A0, 0x6A1, 0x6A2, 0x6A3, 0x6B2, 0x790, 0x7A0, 0x7A1, 0x7A2, 0x7B2, 0x7B3, 0x8A0, 0x8A1, 0x6A2, 0x6A3,
    0x790, 0x791, 0x792, 0x7A0, 0x7A1, 0x7A2, 0x7A3, 0x7B2, 0x7B3, 0x8A0, 0x8A1, 0x8A2, 0x6A3, 0x6A4, 0x6B4, 0x792,
    0x793, 0x7A1, 0x7A2, 0x7A3, 0x7A4, 0x7B3, 0x7B4, 0x8A1, 0x8A2, 0x8A3, 0x6A4, 0x6A5, 0x6B5, 0x793, 0x794, 0x7A3,
    0x7A4, 0x7A5, 0x7B4, 0x7B5, 0x8A3, 0x8A4, 0x6A5, 0x6A6, 0x794, 0x795, 0x7A4, 0x7A5, 0x7A6, 0x7B5, 0x7B6, 0x8A4,
    0x8A5, 0x6A6, 0x6A7, 0x795, 0x796, 0x7A5, 0x7A6, 0x7A7, 0x7B6, 0x7B7, 0x8A5, 0x8A6, 0x6A7, 0x6A8, 0x6B7, 0x796,
    0x797, 0x7A6, 0x7A7, 0x7A8, 0x7B7, 0x7B8, 0x8A6, 0x8A7, 0x6A8, 0x6A9, 0x6B8, 0x797, 0x798, 0x7A7, 0x7A8, 0x7A9,
    0x7B8, 0x7B9, 0x898, 0x8A7, 0x8A8, 0x6A9, 0x6AA, 0x6B9, 0x798, 0x799, 0x7A8, 0x7A9, 0x7AA, 0x7B9, 0x7BA, 0x899,
    0x8A8, 0x8A9, 0x6AA, 0x6AB, 0x6BA, 0x799, 0x79A, 0x7A9, 0x7AA, 0x7AB, 0x7BA, 0x7BB, 0x89A, 0x8A9, 0x8AA, 0x6AB,
    0x6AC, 0x6BB, 0x79A, 0x79B, 0x7AA, 0x7AB, 0x7AC, 0x7BB, 0x7BC, 0x89B, 0x8AA, 0x8AB, 0x6AC, 0x6AD, 0x6BC, 0x79B,
    0x79C, 0x7AB, 0x7AC, 0x7AD, 0x7BC, 0x7BD, 0x89C, 0x8AB, 0x8AC, 0x6AD, 0x6AE, 0x6BD, 0x79C, 0x79D, 0x7AC, 0x7AD,
    0x7AE, 0x7BD, 0x7BE, 0x89D, 0x8AC, 0x8AD, 0x6AE, 0x6AF, 0x6BE, 0x79D, 0x79E, 0x7AD, 0x7AE, 0x7AF, 0x7BE, 0x7BF,
    0x89E, 0x8AD, 0x8AE, 0x6AF, 0x6BF, 0x79E, 0x79F, 0x7AE, 0x7AF, 0x7BF, 0x8AE, 0x8AF, 0x6B1, 0x6B2, 0x6C2, 0x7B0,
    0x7B1, 0x7B2, 0x7C2, 0x8B0, 0x6B1, 0x6B2, 0x6B3, 0x6C2, 0x7A0, 0x7B0, 0x7B1, 0x7B2, 0x7B3, 0x7C2, 0x7C3, 0x8B0,
    0x8B1, 0x6B2, 0x6B3, 0x7A0, 0x7A1, 0x7A2, 0x7B0, 0x7B1, 0x7B2, 0x7B3, 0x7C2, 0x7C3, 0x8B0, 0x8B1, 0x8B2, 0x6B3,
    0x6B4, 0x7A1, 0x7A2, 0x7A3, 0x7B1, 0x7B2, 0x7B3, 0x7B4, 0x7C3, 0x7C4, 0x8B1, 0x8B2, 0x8B3, 0x6B4, 0x6B5, 0x7A3,
    0x7A4, 0x7B3, 0x7B4, 0x7B5, 0x7C4, 0x7C5, 0x8A3, 0x8B3, 0x8B4, 0x6B5, 0x6B6, 0x7A4, 0x7A5, 0x7B4, 0x7B5, 0x7B6,
    0x7C5, 0x7C6, 0x8B4, 0x8B5, 0x6B6, 0x6B7, 0x7A5, 0x7A6, 0x7B5, 0x7B6, 0x7B7, 0x7C6, 0x7C7, 0x8B5, 0x8B6, 0x6B7,
    0x6B8, 0x6C7, 0x7A6, 0x7A7, 0x7B6, 0x7B7, 0x7B8, 0x7C7, 0x7C8, 0x8B6, 0x8B7, 0x6B8, 0x6B9, 0x6C8, 0x7A7, 0x7A8,
    0x7B7, 0x7B8, 0x7B9, 0x7C8, 0x7C9, 0x8A8, 0x8B7, 0x8B8, 0x6B9, 0x6BA, 0x6C9, 0x7A8, 0x7A9, 0x7B8, 0x7B9, 0x7BA,
    0x7C9, 0x7CA, 0x8A9, 0x8B8, 0x8B9, 0x6BA, 0x6BB, 0x6CA, 0x7A9, 0x7AA, 0x7B9, 0x7BA, 0x7BB, 0x7CA, 0x7CB, 0x8AA,
    0x8B9, 0x8BA, 0x6BB, 0x6BC, 0x6CB, 0x7AA, 0x7AB, 0x7BA, 0x7BB, 0x7BC, 0x7CB, 0x7CC, 0x8AB, 0x8BA, 0x8BB, 0x6BC,
    0x6BD, 0x6CC, 0x7AB, 0x7AC, 0x7BB, 0x7BC, 0x7BD, 0x7CC, 0x7CD, 0x8AC, 0x8BB, 0x8BC, 0x6BD, 0x6BE, 0x6CD, 0x7AC,
    0x7AD, 0x7BC, 0x7BD, 0x7BE, 0x7CD, 0x7CE, 0x8AD, 0x8BC, 0x8BD, 0x6BE, 0x6BF, 0x6CE, 0x7AD, 0x7AE, 0x7BD, 0x7BE,
    0x7BF, 0x7CE, 0x7CF, 0x8AE, 0x8BD, 0x8BE, 0x6BF, 0x6CF, 0x7AE, 0x7AF, 0x7BE, 0x7BF, 0x7CF, 0x8BE, 0x8BF, 0x6C1,
    0x6C2, 0x6D2, 0x7C0, 0x7C1, 0x7C2, 0x7D2, 0x8C0, 0x6C1, 0x6C2, 0x6C3, 0x7B0, 0x7C0, 0x7C1, 0x7C2, 0x7C3, 0x7D2,
    0x7D3, 0x8C0, 0x8C1, 0x6C2, 0x6C3, 0x7B0, 0x7B1, 0x7B2, 0x7C0, 0x7C1, 0x7C2, 0x7C3, 0x7D2, 0x7D3, 0x8C0, 0x8C1,
    0x8C2, 0x6C3, 0x6C4, 0x7B1, 0x7B2, 0x7B3, 0x7C1, 0x7C2, 0x7C3, 0x7C4, 0x7D3, 0x7D4, 0x8C1, 0x8C2, 0x8C3, 0x6C4,
    0x6C5, 0x7B3, 0x7B4, 0x7C3, 0x7C4, 0x7C5, 0x7D4, 0x7D5, 0x8B3, 0x8C2, 0x8C3, 0x8C4, 0x6C5, 0x6C6, 0x7B4, 0x7B5,
    0x7C4, 0x7C5, 0x7C6, 0x7D5, 0x7D6, 0x8B4, 0x8C4, 0x8C5, 0x6C6, 0x6C7, 0x7B5, 0x7B6, 0x7C5, 0x7C6, 0x7C7, 0x7D6,
    0x7D7, 0x8C5, 0x8C6, 0x6C7, 0x6C8, 0x7B6, 0x7B7, 0x7C6, 0x7C7, 0x7C8, 0x7D7, 0x7D8, 0x8C6, 0x8C7, 0x6C8, 0x6C9,
    0x6D8, 0x7B7, 0x7B8, 0x7C7, 0x7C8, 0x7C9, 0x7D8, 0x7D9, 0x8B8, 0x8C7, 0x8C8, 0x6C9, 0x6CA, 0x6D9, 0x7B8, 0x7B9,
    0x7C8, 0x7C9, 0x7CA, 0x7D9, 0x7DA, 0x8B9, 0x8C8, 0x8C9, 0x6CA, 0x6CB, 0x6DA, 0x7B9, 0x7BA, 0x7C9, 0x7CA, 0x7CB,
    0x7DA, 0x7DB, 0x8BA, 0x8C9, 0x8CA, 0x6CB, 0x6CC, 0x6DB, 0x7BA, 0x7BB, 0x7CA, 0x7CB, 0x7CC, 0x7DB, 0x7DC, 0x8BB,
    0x8CA, 0x8CB, 0x6CC, 0x6CD, 0x6DC, 0x7BB, 0x7BC, 0x7CB, 0x7CC, 0x7CD, 0x7DC, 0x7DD, 0x8BC, 0x8CB, 0x8CC, 0x6CD,
    0x6CE, 0x6DD, 0x7BC, 0x7BD, 0x7CC, 0x7CD, 0x7CE, 0x7DD, 0x7DE, 0x8BD, 0x8CC, 0x8CD, 0x6CE, 0x6CF, 0x6DE, 0x7BD,
    0x7BE, 0x7CD, 0x7CE, 0x7CF, 0x7DE, 0x7DF, 0x8BE, 0x8CD, 0x8CE, 0x6CF, 0x6DF, 0x7BE, 0x7BF, 0x7CE, 0x7CF, 0x7DF,
    0x8CE, 0x8CF, 0x6D1, 0x6D2, 0x6E2, 0x7D0, 0x7D1, 0x7D2, 0x7E2, 0x8D0, 0x6D1, 0x6D2, 0x6D3, 0x6E2, 0x6E3, 0x7C0,
    0x7D0, 0x7D1, 0x7D2, 0x7D3, 0x7E2, 0x7E3, 0x8D0, 0x8D1, 0x6D2, 0x6D3, 0x7C0, 0x7C1, 0x7C2, 0x7D0, 0x7D1, 0x7D2,
    0x7D3, 0x7E2, 0x7E3, 0x8D0, 0x8D1, 0x8D2, 0x6D3, 0x6D4, 0x6E4, 0x7C1, 0x7C2, 0x7C3, 0x7D1, 0x7D2, 0x7D3, 0x7D4,
    0x7E3, 0x7E4, 0x8C1, 0x8D0, 0x8D1, 0x8D2, 0x8D3, 0x6D4, 0x6D5, 0x6E4, 0x6E5, 0x7C3, 0x7C4, 0x7D3, 0x7D4, 0x7D5,
    0x7E4, 0x7E5, 0x8C3, 0x8D2, 0x8D3, 0x8D4, 0x6D5, 0x6D6, 0x6E6, 0x7C4, 0x7C5, 0x7D4, 0x7D5, 0x7D6, 0x7E5, 0x7E6,
    0x8C4, 0x8D4, 0x8D5, 0x6D6, 0x6D7, 0x7C5, 0x7C6, 0x7D5, 0x7D6, 0x7D7, 0x7E6, 0x7E7, 0x8C5, 0x8D5, 0x8D6, 0x6D7,
    0x6D8, 0x6E7, 0x7C6, 0x7C7, 0x7D6, 0x7D7, 0x7D8, 0x7E7, 0x7E8, 0x8C7, 0x8D6, 0x8D7, 0x6D8, 0x6D9, 0x6E8, 0x7C7,
    0x7C8, 0x7D7, 0x7D8, 0x7D9, 0x7E8, 0x7E9, 0x8C8, 0x8D7, 0x8D8, 0x6D9, 0x6DA, 0x6E9, 0x7C8, 0x7C9, 0x7D8, 0x7D9,
    0x7DA, 0x7E9, 0x7EA, 0x8C9, 0x8D8, 0x8D9, 0x6DA, 0x6DB, 0x6EA, 0x7C9, 0x7CA, 0x7D9, 0x7DA, 0x7DB, 0x7EA, 0x7EB,
    0x8CA, 0x8D9, 0x8DA, 0x6DB, 0x6DC, 0x6EB, 0x7CA, 0x7CB, 0x7DA, 0x7DB, 0x7DC, 0x7EB, 0x7EC, 0x8CB, 0x8DA, 0x8DB,
    0x6DC, 0x6DD, 0x6EC, 0x7CB, 0x7CC, 0x7DB, 0x7DC, 0x7DD, 0x7EC, 0x7ED, 0x8CC, 0x8DB, 0x8DC, 0x6DD, 0x6DE, 0x6ED,
    0x7CC, 0x7CD, 0x7DC, 0x7DD, 0x7DE, 0x7ED, 0x7EE, 0x8CD, 0x8DC, 0x8DD, 0x6DE, 0x6DF, 0x6EE, 0x7CD, 0x7CE, 0x7DD,
    0x7DE, 0x7DF, 0x7EE, 0x7EF, 0x8CE, 0x8DD, 0x8DE, 0x6DF, 0x6EF, 0x7CE, 0x7CF, 0x7DE, 0x7DF, 0x7EF, 0x8DE, 0x8DF,
    0x6E1, 0x6E2, 0x6F2, 0x7E0, 0x7E1, 0x7E2, 0x7F2, 0x8E0, 0x6E1, 0x6E2, 0x6E3, 0x6F2, 0x7E0, 0x7E1, 0x7E2, 0x7E3,
    0x7F2, 0x7F3, 0x8E0, 0x8E1, 0x6E2, 0x6E3, 0x7E0, 0x7E1, 0x7E2, 0x7E3, 0x7F3, 0x8E0, 0x8E1, 0x8E2, 0x6E3, 0x6E4,
    0x7E1, 0x7E2, 0x7E3, 0x7E4, 0x7F3, 0x7F4, 0x8E0, 0x8E1, 0x8E2, 0x8E3, 0x6E4, 0x6E5, 0x6F5, 0x7E3, 0x7E4, 0x7E5,
    0x7F4, 0x7F5, 0x8E2, 0x8E3, 0x8E4, 0x6E5, 0x6E6, 0x6F6, 0x7E4, 0x7E5, 0x7E6, 0x7F5, 0x7F6, 0x8E4, 0x8E5, 0x6E6,
    0x6E7, 0x7E5, 0x7E6, 0x7E7, 0x7F6, 0x7F7, 0x8E5, 0x8E6, 0x6E7, 0x6E8, 0x7E6, 0x7E7, 0x7E8, 0x7F7, 0x7F8, 0x8E6,
    0x8E7, 0x6E8, 0x6E9, 0x6F8, 0x7D8, 0x7E7, 0x7E8, 0x7E9, 0x7F8, 0x7F9, 0x8E7, 0x8E8, 0x6E9, 0x6EA, 0x6F9, 0x7D9,
    0x7E8, 0x7E9, 0x7EA, 0x7F9, 0x7FA, 0x8D9, 0x8E8, 0x8E9, 0x6EA, 0x6EB, 0x6FA, 0x7DA, 0x7E9, 0x7EA, 0x7EB, 0x7FA,
    0x7FB, 0x8DA, 0x8E9, 0x8EA, 0x6EB, 0x6EC, 0x6FB, 0x7DB, 0x7EA, 0x7EB, 0x7EC, 0x7FB, 0x7FC, 0x8DB, 0x8EA, 0x8EB,
    0x6EC, 0x6ED, 0x6FC, 0x7DC, 0x7EB, 0x7EC, 0x7ED, 0x7FC, 0x7FD, 0x8DC, 0x8EB, 0x8EC, 0x6ED, 0x6EE, 0x6FD, 0x7DD,
    0x7EC, 0x7ED, 0x7EE, 0x7FD, 0x7FE, 0x8DD, 0x8EC, 0x8ED, 0x6EE, 0x6EF, 0x6FE, 0x7DE, 0x7ED, 0x7EE, 0x7EF, 0x7FE,
    0x7FF, 0x8DE, 0x8ED, 0x8EE, 0x6EF, 0x6FF, 0x7EE, 0x7EF, 0x7FF, 0x8EE, 0x8EF, 0x6F1, 0x6F2, 0x6F3, 0x7F0, 0x7F1,
    0x7F2, 0x6F1, 0x6F2, 0x6F3, 0x7F0, 0x7F1, 0x7F2, 0x7F3, 0x6F2, 0x6F3, 0x6F4, 0x7F1, 0x7F2, 0x7F3, 0x6F3, 0x6F4,
    0x7F2, 0x7F3, 0x7F4, 0x8F3, 0x6F4, 0x6F5, 0x7F3, 0x7F4, 0x7F5, 0x8F4, 0x6F5, 0x6F6, 0x7F4, 0x7F5, 0x7F6, 0x8E4,
    0x8F5, 0x6F6, 0x6F7, 0x7F5, 0x7F6, 0x7F7, 0x8F6, 0x6F7, 0x6F8, 0x7F6, 0x7F7, 0x7F8, 0x8F7, 0x6F8, 0x6F9, 0x7E8,
    0x7F7, 0x7F8, 0x7F9, 0x8F8, 0x6F9, 0x6FA, 0x7E9, 0x7F8, 0x7F9, 0x7FA, 0x8E9, 0x8F9, 0x6FA, 0x6FB, 0x7EA, 0x7F9,
    0x7FA, 0x7FB, 0x8EA, 0x8FA, 0x6FB, 0x6FC, 0x7EB, 0x7FA, 0x7FB, 0x7FC, 0x8EB, 0x8FB, 0x6FC, 0x6FD, 0x7EC, 0x7FB,
    0x7FC, 0x7FD, 0x8EC, 0x8FC, 0x6FD, 0x6FE, 0x7ED, 0x7FC, 0x7FD, 0x7FE, 0x8ED, 0x8FD, 0x6FE, 0x6FF, 0x7EE, 0x7FD,
    0x7FE, 0x7FF, 0x8EE, 0x8FE, 0x6FF, 0x7FE, 0x7FF, 0x711, 0x800, 0x810, 0x811, 0x711, 0x712, 0x800, 0x801, 0x811,
    0x812, 0x901, 0x702, 0x712, 0x713, 0x801, 0x802, 0x803, 0x812, 0x813, 0x902, 0x703, 0x713, 0x802, 0x803, 0x804,
    0x813, 0x814, 0x704, 0x803, 0x804, 0x805, 0x814, 0x815, 0x905, 0x705, 0x715, 0x804, 0x805, 0x806, 0x814, 0x815,
    0x905, 0x906, 0x706, 0x716, 0x805, 0x806, 0x807, 0x815, 0x816, 0x906, 0x907, 0x707, 0x717, 0x806, 0x807, 0x808,
    0x816, 0x817, 0x907, 0x708, 0x718, 0x807, 0x808, 0x809, 0x817, 0x818, 0x908, 0x709, 0x719, 0x808, 0x809, 0x80A,
    0x818, 0x819, 0x909, 0x70A, 0x71A, 0x809, 0x80A, 0x80B, 0x819, 0x81A, 0x90A, 0x70B, 0x71B, 0x80A, 0x80B, 0x80C,
    0x81A, 0x81B, 0x90B, 0x70C, 0x71C, 0x80B, 0x80C, 0x80D, 0x81B, 0x81C, 0x90C, 0x70D, 0x71D, 0x80C, 0x80D, 0x80E,
    0x81C, 0x81D, 0x90D, 0x71E, 0x80D, 0x80E, 0x80F, 0x81D, 0x81E, 0x90E, 0x71E, 0x80F, 0x81E, 0x81F, 0x90F, 0x800,
    0x810, 0x811, 0x820, 0x821, 0x900, 0x910, 0x711, 0x800, 0x801, 0x810, 0x811, 0x812, 0x821, 0x822, 0x900, 0x901,
    0x910, 0x911, 0x712, 0x722, 0x801, 0x802, 0x811, 0x812, 0x813, 0x822, 0x823, 0x901, 0x902, 0x911, 0x912, 0x713,
    0x723, 0x802, 0x803, 0x812, 0x813, 0x814, 0x823, 0x824, 0x902, 0x903, 0x912, 0x913, 0x724, 0x803, 0x804, 0x805,
    0x813, 0x814, 0x815, 0x824, 0x825, 0x903, 0x904, 0x914, 0x715, 0x804, 0x805, 0x806, 0x814, 0x815, 0x816, 0x825,
    0x826, 0x905, 0x915, 0x916, 0x715, 0x716, 0x805, 0x806, 0x807, 0x815, 0x816, 0x817, 0x826, 0x827, 0x906, 0x916,
    0x917, 0x717, 0x807, 0x808, 0x816, 0x817, 0x818, 0x827, 0x828, 0x907, 0x917, 0x918, 0x718, 0x728, 0x808, 0x809,
    0x817, 0x818, 0x819, 0x828, 0x908, 0x918, 0x919, 0x719, 0x729, 0x808, 0x809, 0x80A, 0x818, 0x819, 0x81A, 0x828,
    0x829, 0x909, 0x919, 0x91A, 0x71A, 0x72A, 0x80A, 0x80B, 0x819, 0x81A, 0x81B, 0x829, 0x82A, 0x90A, 0x91A, 0x91B,
    0x71B, 0x72B, 0x80B, 0x80C, 0x81A, 0x81B, 0x81C, 0x82A, 0x82B, 0x90B, 0x91B, 0x91C, 0x71C, 0x72C, 0x80C, 0x80D,
    0x81B, 0x81C, 0x81D, 0x82B, 0x82C, 0x90C, 0x91C, 0x91D, 0x71D, 0x72D, 0x80D, 0x80E, 0x81C, 0x81D, 0x81E, 0x82C,
    0x82D, 0x90D, 0x90E, 0x91D, 0x91E, 0x71E, 0x72E, 0x80E, 0x80F, 0x81D, 0x81E, 0x81F, 0x82D, 0x82E, 0x90E, 0x90F,
    0x91E, 0x80F, 0x81E, 0x81F, 0x82E, 0x82F, 0x90F, 0x91F, 0x720, 0x721, 0x810, 0x820, 0x821, 0x831, 0x910, 0x920,
    0x721, 0x722, 0x810, 0x811, 0x820, 0x821, 0x822, 0x831, 0x832, 0x911, 0x920, 0x921, 0x722, 0x723, 0x811, 0x812,
    0x821, 0x822, 0x823, 0x832, 0x833, 0x911, 0x912, 0x921, 0x922, 0x723, 0x733, 0x812, 0x813, 0x822, 0x823, 0x824,
    0x833, 0x834, 0x912, 0x913, 0x922, 0x923, 0x724, 0x734, 0x813, 0x814, 0x823, 0x824, 0x825, 0x834, 0x835, 0x913,
    0x914, 0x923, 0x924, 0x725, 0x735, 0x814, 0x815, 0x824, 0x825, 0x826, 0x835, 0x836, 0x915, 0x924, 0x925, 0x725,
    0x726, 0x736, 0x815, 0x816, 0x817, 0x825, 0x826, 0x827, 0x836, 0x837, 0x916, 0x917, 0x925, 0x926, 0x927, 0x726,
    0x727, 0x816, 0x817, 0x818, 0x826, 0x827, 0x828, 0x837, 0x838, 0x917, 0x918, 0x926, 0x927, 0x928, 0x727, 0x728,
    0x817, 0x818, 0x819, 0x827, 0x828, 0x829, 0x838, 0x839, 0x918, 0x919, 0x927, 0x928, 0x929, 0x728, 0x729, 0x818,
    0x819, 0x81A, 0x828, 0x829, 0x82A, 0x839, 0x83A, 0x919, 0x91A, 0x929, 0x92A, 0x729, 0x72A, 0x73A, 0x819, 0x81A,
    0x81B, 0x829, 0x82A, 0x82B, 0x83A, 0x91A, 0x92A, 0x92B, 0x72A, 0x72B, 0x73B, 0x81B, 0x81C, 0x82A, 0x82B, 0x82C,
    0x83A, 0x83B, 0x91B, 0x92B, 0x92C, 0x72B, 0x72C, 0x73C, 0x81C, 0x81D, 0x82B, 0x82C, 0x82D, 0x83B, 0x83C, 0x91C,
    0x92C, 0x92D, 0x72C, 0x72D, 0x73D, 0x81D, 0x81E, 0x82C, 0x82D, 0x82E, 0x83C, 0x83D, 0x91D, 0x92D, 0x92E, 0x72E,
    0x73E, 0x81E, 0x81F, 0x82D, 0x82E, 0x82F, 0x83D, 0x83E, 0x91E, 0x92E, 0x92F, 0x72F, 0x81F, 0x82E, 0x82F, 0x83E,
    0x83F, 0x91F, 0x92F, 0x730, 0x731, 0x820, 0x830, 0x831, 0x841, 0x920, 0x930, 0x731, 0x732, 0x820, 0x821, 0x830,
    0x831, 0x832, 0x841, 0x842, 0x920, 0x921, 0x930, 0x931, 0x732, 0x733, 0x821, 0x822, 0x831, 0x832, 0x833, 0x842,
    0x843, 0x921, 0x922, 0x931, 0x932, 0x733, 0x734, 0x822, 0x823, 0x832, 0x833, 0x834, 0x843, 0x844, 0x922, 0x923,
    0x932, 0x933, 0x734, 0x735, 0x744, 0x823, 0x824, 0x833, 0x834, 0x835, 0x844, 0x845, 0x923, 0x924, 0x933, 0x934,
    0x735, 0x736, 0x745, 0x824, 0x825, 0x834, 0x835, 0x836, 0x845, 0x846, 0x924, 0x925, 0x934, 0x935, 0x736, 0x737,
    0x746, 0x825, 0x826, 0x835, 0x836, 0x837, 0x846, 0x847, 0x925, 0x926, 0x935, 0x936, 0x737, 0x738, 0x747, 0x826,
    0x827, 0x836, 0x837, 0x838, 0x847, 0x848, 0x927, 0x936, 0x937, 0x738, 0x748, 0x827, 0x828, 0x829, 0x837, 0x838,
    0x839, 0x848, 0x849, 0x928, 0x937, 0x938, 0x939, 0x738, 0x739, 0x828, 0x829, 0x82A, 0x838, 0x839, 0x83A, 0x849,
    0x84A, 0x929, 0x92A, 0x938, 0x939, 0x93A, 0x739, 0x73A, 0x829, 0x82A, 0x82B, 0x839, 0x83A, 0x83B, 0x84A, 0x84B,
    0x92A, 0x92B, 0x939, 0x93A, 0x93B, 0x73A, 0x73B, 0x82B, 0x82C, 0x83A, 0x83B, 0x83C, 0x84B, 0x84C, 0x92B, 0x92C,
    0x93B, 0x93C, 0x73B, 0x73C, 0x74C, 0x82C, 0x82D, 0x83B, 0x83C, 0x83D, 0x84C, 0x92C, 0x93C, 0x93D, 0x73C, 0x73D,
    0x74D, 0x82D, 0x82E, 0x83C, 0x83D, 0x83E, 0x84C, 0x84D, 0x92D, 0x92E, 0x93D, 0x93E, 0x73D, 0x73E, 0x74E, 0x82E,
    0x82F, 0x83D, 0x83E, 0x83F, 0x84D, 0x84E, 0x92E, 0x93E, 0x93F, 0x73E, 0x73F, 0x82F, 0x83E, 0x83F, 0x84E, 0x84F,
    0x92F, 0x93F, 0x740, 0x741, 0x830, 0x840, 0x841, 0x851, 0x930, 0x940, 0x741, 0x742, 0x830, 0x831, 0x840, 0x841,
    0x842, 0x851, 0x852, 0x930, 0x931, 0x940, 0x941, 0x742, 0x743, 0x831, 0x832, 0x841, 0x842, 0x843, 0x852, 0x853,
    0x931, 0x932, 0x940, 0x941, 0x942, 0x743, 0x744, 0x832, 0x833, 0x842, 0x843, 0x844, 0x853, 0x854, 0x932, 0x933,
    0x942, 0x943, 0x744, 0x745, 0x833, 0x834, 0x843, 0x844, 0x845, 0x854, 0x855, 0x933, 0x934, 0x943, 0x944, 0x745,
    0x746, 0x755, 0x834, 0x835, 0x844, 0x845, 0x846, 0x855, 0x856, 0x934, 0x935, 0x944, 0x945, 0x746, 0x747, 0x756,
    0x835, 0x836, 0x845, 0x846, 0x847, 0x856, 0x857, 0x935, 0x936, 0x945, 0x946, 0x747, 0x748, 0x757, 0x836, 0x837,
    0x846, 0x847, 0x848, 0x857, 0x858, 0x936, 0x937, 0x946, 0x947, 0x748, 0x749, 0x758, 0x837, 0x838, 0x847, 0x848,
    0x849, 0x858, 0x859, 0x937, 0x938, 0x947, 0x948, 0x749, 0x74A, 0x759, 0x838, 0x839, 0x848, 0x849, 0x84A, 0x859,
    0x85A, 0x938, 0x939, 0x948, 0x949, 0x74A, 0x74B, 0x75A, 0x839, 0x83A, 0x83B, 0x849, 0x84A, 0x84B, 0x85A, 0x85B,
    0x93A, 0x93B, 0x949, 0x94A, 0x94B, 0x74B, 0x83A, 0x83B, 0x83C, 0x84A, 0x84B, 0x84C, 0x85B, 0x85C, 0x93B, 0x93C,
    0x94A, 0x94B, 0x94C, 0x74B, 0x74C, 0x83C, 0x83D, 0x84B, 0x84C, 0x84D, 0x85C, 0x85D, 0x93C, 0x93D, 0x94B, 0x94C,
    0x94D, 0x74C, 0x74D, 0x83D, 0x83E, 0x84C, 0x84D, 0x84E, 0x85D, 0x85E, 0x93D, 0x93E, 0x94D, 0x94E, 0x74D, 0x74E,
    0x75E, 0x83E, 0x83F, 0x84D, 0x84E, 0x84F, 0x85E, 0x93E, 0x93F, 0x94E, 0x94F, 0x74E, 0x74F, 0x83F, 0x84E, 0x84F,
    0x85E, 0x85F, 0x93F, 0x94F, 0x751, 0x840, 0x850, 0x851, 0x861, 0x862, 0x940, 0x950, 0x751, 0x752, 0x840, 0x841,
    0x850, 0x851, 0x852, 0x862, 0x940, 0x950, 0x951, 0x752, 0x753, 0x840, 0x841, 0x842, 0x850, 0x851, 0x852, 0x853,
    0x862, 0x863, 0x940, 0x941, 0x942, 0x950, 0x951, 0x952, 0x753, 0x754, 0x842, 0x843, 0x852, 0x853, 0x854, 0x863,
    0x864, 0x942, 0x943, 0x952, 0x953, 0x754, 0x755, 0x843, 0x844, 0x853, 0x854, 0x855, 0x864, 0x865, 0x943, 0x944,
    0x953, 0x954, 0x755, 0x756, 0x765, 0x844, 0x845, 0x854, 0x855, 0x856, 0x865, 0x866, 0x944, 0x945, 0x954, 0x955,
    0x756, 0x757, 0x766, 0x845, 0x846, 0x855, 0x856, 0x857, 0x866, 0x867, 0x945, 0x946, 0x955, 0x956, 0x757, 0x758,
    0x767, 0x846, 0x847, 0x856, 0x857, 0x858, 0x867, 0x868, 0x946, 0x947, 0x956, 0x957, 0x758, 0x759, 0x768, 0x847,
    0x848, 0x857, 0x858, 0x859, 0x868, 0x869, 0x947, 0x948, 0x957, 0x958, 0x759, 0x75A, 0x769, 0x848, 0x849, 0x858,
    0x859, 0x85A, 0x869, 0x86A, 0x948, 0x949, 0x958, 0x959, 0x75A, 0x75B, 0x76A, 0x849, 0x84A, 0x859, 0x85A, 0x85B,
    0x86A, 0x86B, 0x94A, 0x959, 0x95A, 0x75B, 0x75C, 0x76B, 0x84A, 0x84B, 0x85A, 0x85B, 0x85C, 0x86B, 0x86C, 0x94B,
    0x95A, 0x95B, 0x75C, 0x75D, 0x76C, 0x84B, 0x84C, 0x84D, 0x85B, 0x85C, 0x85D, 0x86C, 0x86D, 0x94C, 0x94D, 0x95B,
    0x95C, 0x75C, 0x75D, 0x76D, 0x84C, 0x84D, 0x84E, 0x85C, 0x85D, 0x85E, 0x86D, 0x86E, 0x94D, 0x94E, 0x95C, 0x95D,
    0x95E, 0x75E, 0x84E, 0x84F, 0x85D, 0x85E, 0x85F, 0x86E, 0x86F, 0x94E, 0x94F, 0x95E, 0x95F, 0x75E, 0x75F, 0x84F,
    0x85E, 0x85F, 0x86F, 0x94F, 0x95F, 0x761, 0x762, 0x771, 0x772, 0x850, 0x860, 0x861, 0x862, 0x871, 0x872, 0x960,
    0x761, 0x762, 0x772, 0x850, 0x851, 0x860, 0x861, 0x862, 0x872, 0x950, 0x960, 0x961, 0x762, 0x763, 0x850, 0x851,
    0x852, 0x860, 0x861, 0x862, 0x863, 0x872, 0x873, 0x950, 0x951, 0x952, 0x960, 0x961, 0x962, 0x763, 0x764, 0x774,
    0x852, 0x853, 0x862, 0x863, 0x864, 0x873, 0x874, 0x952, 0x953, 0x962, 0x963, 0x764, 0x765, 0x853, 0x854, 0x863,
    0x864, 0x865, 0x874, 0x875, 0x953, 0x954, 0x963, 0x964, 0x765, 0x766, 0x775, 0x854, 0x855, 0x864, 0x865, 0x866,
    0x875, 0x876, 0x954, 0x955, 0x964, 0x965, 0x766, 0x767, 0x776, 0x855, 0x856, 0x865, 0x866, 0x867, 0x876, 0x877,
    0x955, 0x956, 0x965, 0x966, 0x767, 0x768, 0x777, 0x856, 0x857, 0x866, 0x867, 0x868, 0x877, 0x878, 0x956, 0x957,
    0x966, 0x967, 0x768, 0x769, 0x778, 0x857, 0x858, 0x867, 0x868, 0x869, 0x878, 0x879, 0x957, 0x958, 0x967, 0x968,
    0x769, 0x76A, 0x779, 0x858, 0x859, 0x868, 0x869, 0x86A, 0x879, 0x87A, 0x958, 0x959, 0x968, 0x969, 0x76A, 0x76B,
    0x77A, 0x859, 0x85A, 0x869, 0x86A, 0x86B, 0x87A, 0x87B, 0x95A, 0x969, 0x96A, 0x76B, 0x76C, 0x77B, 0x85A, 0x85B,
    0x86A, 0x86B, 0x86C, 0x87B, 0x87C, 0x95B, 0x96A, 0x96B, 0x76C, 0x76D, 0x77C, 0x85B, 0x85C, 0x86B, 0x86C, 0x86D,
    0x87C, 0x87D, 0x95C, 0x96B, 0x96C, 0x76D, 0x76E, 0x77D, 0x85C, 0x85D, 0x86C, 0x86D, 0x86E, 0x87D, 0x87E, 0x95D,
    0x96C, 0x96D, 0x76E, 0x76F, 0x77E, 0x85D, 0x85E, 0x85F, 0x86D, 0x86E, 0x86F, 0x87E, 0x87F, 0x95E, 0x95F, 0x96D,
    0x96E, 0x76F, 0x77F, 0x85F, 0x86E, 0x86F, 0x87F, 0x95F, 0x96E, 0x96F, 0x771, 0x772, 0x782, 0x860, 0x870, 0x871,
    0x872, 0x881, 0x882, 0x970, 0x771, 0x772, 0x782, 0x860, 0x870, 0x871, 0x872, 0x882, 0x970, 0x971, 0x772, 0x773,
    0x860, 0x861, 0x862, 0x870, 0x871, 0x872, 0x873, 0x882, 0x883, 0x960, 0x970, 0x971, 0x972, 0x773, 0x774, 0x784,
    0x862, 0x863, 0x872, 0x873, 0x874, 0x883, 0x884, 0x962, 0x971, 0x972, 0x973, 0x774, 0x775, 0x863, 0x864, 0x873,
    0x874, 0x875, 0x884, 0x885, 0x963, 0x973, 0x974, 0x775, 0x776, 0x864, 0x865, 0x874, 0x875, 0x876, 0x885, 0x886,
    0x965, 0x974, 0x975, 0x776, 0x777, 0x786, 0x865, 0x866, 0x875, 0x876, 0x877, 0x886, 0x887, 0x966, 0x975, 0x976,
    0x777, 0x778, 0x787, 0x866, 0x867, 0x876, 0x877, 0x878, 0x887, 0x888, 0x967, 0x976, 0x977, 0x778, 0x779, 0x788,
    0x867, 0x868, 0x877, 0x878, 0x879, 0x888, 0x889, 0x968, 0x977, 0x978, 0x779, 0x77A, 0x789, 0x868, 0x869, 0x878,
    0x879, 0x87A, 0x889, 0x88A, 0x969, 0x978, 0x979, 0x77A, 0x77B, 0x78A, 0x869, 0x86A, 0x879, 0x87A, 0x87B, 0x88A,
    0x88B, 0x96A, 0x979, 0x97A, 0x77B, 0x77C, 0x78B, 0x86A, 0x86B, 0x87A, 0x87B, 0x87C, 0x88B, 0x88C, 0x96B, 0x97A,
    0x97B, 0x77C, 0x77D, 0x78C, 0x86B, 0x86C, 0x87B, 0x87C, 0x87D, 0x88C, 0x88D, 0x96C, 0x97B, 0x97C, 0x77D, 0x77E,
    0x78D, 0x86C, 0x86D, 0x87C, 0x87D, 0x87E, 0x88D, 0x88E, 0x96D, 0x97C, 0x97D, 0x77E, 0x77F, 0x78E, 0x86D, 0x86E,
    0x87D, 0x87E, 0x87F, 0x88E, 0x88F, 0x96E, 0x97D, 0x97E, 0x77F, 0x78F, 0x86E, 0x86F, 0x87E, 0x87F, 0x88F, 0x97E,
    0x97F, 0x781, 0x782, 0x792, 0x870, 0x880, 0x881, 0x882, 0x891, 0x892, 0x980, 0x781, 0x782, 0x792, 0x870, 0x880,
    0x881, 0x882, 0x892, 0x980, 0x981, 0x782, 0x783, 0x870, 0x871, 0x872, 0x880, 0x881, 0x882, 0x883, 0x892, 0x893,
    0x970, 0x980, 0x981, 0x982, 0x783, 0x784, 0x872, 0x873, 0x881, 0x882, 0x883, 0x884, 0x893, 0x894, 0x972, 0x981,
    0x982, 0x983, 0x784, 0x785, 0x873, 0x874, 0x883, 0x884, 0x885, 0x894, 0x895, 0x973, 0x983, 0x984, 0x785, 0x786,
    0x874, 0x875, 0x884, 0x885, 0x886, 0x895, 0x896, 0x984, 0x985, 0x786, 0x787, 0x875, 0x876, 0x885, 0x886, 0x887,
    0x896, 0x897, 0x976, 0x985, 0x986, 0x787, 0x788, 0x797, 0x876, 0x877, 0x886, 0x887, 0x888, 0x897, 0x898, 0x977,
    0x986, 0x987, 0x788, 0x789, 0x798, 0x877, 0x878, 0x887, 0x888, 0x889, 0x898, 0x899, 0x978, 0x987, 0x988, 0x789,
    0x78A, 0x799, 0x878, 0x879, 0x888, 0x889, 0x88A, 0x899, 0x89A, 0x979, 0x988, 0x989, 0x78A, 0x78B, 0x79A, 0x879,
    0x87A, 0x889, 0x88A, 0x88B, 0x89A, 0x89B, 0x97A, 0x989, 0x98A, 0x78B, 0x78C, 0x79B, 0x87A, 0x87B, 0x88A, 0x88B,
    0x88C, 0x89B, 0x89C, 0x97B, 0x98A, 0x98B, 0x78C, 0x78D, 0x79C, 0x87B, 0x87C, 0x88B, 0x88C, 0x88D, 0x89C, 0x89D,
    0x97C, 0x98B, 0x98C, 0x78D, 0x78E, 0x79D, 0x87C, 0x87D, 0x88C, 0x88D, 0x88E, 0x89D, 0x89E, 0x97D, 0x98C, 0x98D,
    0x78E, 0x78F, 0x79E, 0x87D, 0x87E, 0x88D, 0x88E, 0x88F, 0x89E, 0x89F, 0x97E, 0x98D, 0x98E, 0x78F, 0x79F, 0x87E,
    0x87F, 0x88E, 0x88F, 0x89F, 0x98E, 0x98F, 0x791, 0x792, 0x7A2, 0x880, 0x890, 0x891, 0x892, 0x8A1, 0x8A2, 0x990,
    0x791, 0x792, 0x7A2, 0x880, 0x890, 0x891, 0x892, 0x8A2, 0x8A3, 0x990, 0x991, 0x792, 0x793, 0x7A3, 0x880, 0x881,
    0x882, 0x890, 0x891, 0x892, 0x893, 0x8A2, 0x8A3, 0x990, 0x991, 0x992, 0x793, 0x794, 0x7A4, 0x881, 0x882, 0x883,
    0x891, 0x892, 0x893, 0x894, 0x8A3, 0x8A4, 0x982, 0x991, 0x992, 0x993, 0x794, 0x795, 0x7A4, 0x7A5, 0x883, 0x884,
    0x893, 0x894, 0x895, 0x8A4, 0x8A5, 0x983, 0x993, 0x994, 0x795, 0x796, 0x7A5, 0x7A6, 0x884, 0x885, 0x894, 0x895,
    0x896, 0x8A5, 0x8A6, 0x984, 0x994, 0x995, 0x796, 0x797, 0x7A6, 0x7A7, 0x885, 0x886, 0x895, 0x896, 0x897, 0x8A6,
    0x8A7, 0x986, 0x995, 0x996, 0x797, 0x798, 0x7A7, 0x7A8, 0x886, 0x887, 0x896, 0x897, 0x898, 0x8A7, 0x8A8, 0x987,
    0x996, 0x997, 0x798, 0x799, 0x7A8, 0x7A9, 0x887, 0x888, 0x897, 0x898, 0x899, 0x8A8, 0x8A9, 0x988, 0x997, 0x998,
    0x799, 0x79A, 0x7A9, 0x7AA, 0x888, 0x889, 0x898, 0x899, 0x89A, 0x8A9, 0x8AA, 0x989, 0x998, 0x999, 0x79A, 0x79B,
    0x7AA, 0x7AB, 0x889, 0x88A, 0x899, 0x89A, 0x89B, 0x8AA, 0x8AB, 0x98A, 0x999, 0x99A, 0x79B, 0x79C, 0x7AB, 0x7AC,
    0x88A, 0x88B, 0x89A, 0x89B, 0x89C, 0x8AB, 0x8AC, 0x98B, 0x99A, 0x99B, 0x79C, 0x79D, 0x7AC, 0x7AD, 0x88B, 0x88C,
    0x89B, 0x89C, 0x89D, 0x8AC, 0x8AD, 0x98C, 0x99B, 0x99C, 0x79D, 0x79E, 0x7AD, 0x7AE, 0x88C, 0x88D, 0x89C, 0x89D,
    0x89E, 0x8AD, 0x8AE, 0x98D, 0x99C, 0x99D, 0x79E, 0x79F, 0x7AE, 0x7AF, 0x88D, 0x88E, 0x89D, 0x89E, 0x89F, 0x8AE,
    0x8AF, 0x98E, 0x99D, 0x99E, 0x79F, 0x7AF, 0x88E, 0x88F, 0x89E, 0x89F, 0x8AF, 0x99E, 0x99F, 0x7A1, 0x7A2, 0x7B2,
    0x890, 0x8A0, 0x8A1, 0x8A2, 0x8B1, 0x8B2, 0x9A0, 0x7A1, 0x7A2, 0x7A3, 0x7B2, 0x890, 0x8A0, 0x8A1, 0x8A2, 0x8A3,
    0x8B2, 0x8B3, 0x9A0, 0x9A1, 0x7A2, 0x7A3, 0x890, 0x891, 0x892, 0x8A0, 0x8A1, 0x8A2, 0x8A3, 0x8B2, 0x8B3, 0x9A0,
    0x9A1, 0x9A2, 0x7A3, 0x7A4, 0x7B4, 0x891, 0x892, 0x893, 0x8A1, 0x8A2, 0x8A3, 0x8A4, 0x8B3, 0x8B4, 0x9A1, 0x9A2,
    0x9A3, 0x7A4, 0x7A5, 0x7B5, 0x893, 0x894, 0x8A3, 0x8A4, 0x8A5, 0x8B4, 0x8B5, 0x9A3, 0x9A4, 0x7A5, 0x7A6, 0x7B6,
    0x894, 0x895, 0x8A4, 0x8A5, 0x8A6, 0x8B5, 0x8B6, 0x9A4, 0x9A5, 0x7A6, 0x7A7, 0x895, 0x896, 0x8A5, 0x8A6, 0x8A7,
    0x8B6, 0x8B7, 0x9A5, 0x9A6, 0x7A7, 0x7A8, 0x7B7, 0x896, 0x897, 0x8A6, 0x8A7, 0x8A8, 0x8B7, 0x8B8, 0x9A6, 0x9A7,
    0x7A8, 0x7A9, 0x7B8, 0x897, 0x898, 0x8A7, 0x8A8, 0x8A9, 0x8B8, 0x8B9, 0x998, 0x9A7, 0x9A8, 0x7A9, 0x7AA, 0x7B9,
    0x898, 0x899, 0x8A8, 0x8A9, 0x8AA, 0x8B9, 0x8BA, 0x999, 0x9A8, 0x9A9, 0x7AA, 0x7AB, 0x7BA, 0x899, 0x89A, 0x8A9,
    0x8AA, 0x8AB, 0x8BA, 0x8BB, 0x99A, 0x9A9, 0x9AA, 0x7AB, 0x7AC, 0x7BB, 0x89A, 0x89B, 0x8AA, 0x8AB, 0x8AC, 0x8BB,
    0x8BC, 0x99B, 0x9AA, 0x9AB, 0x7AC, 0x7AD, 0x7BC, 0x89B, 0x89C, 0x8AB, 0x8AC, 0x8AD, 0x8BC, 0x8BD, 0x99C, 0x9AB,
    0x9AC, 0x7AD, 0x7AE, 0x7BD, 0x89C, 0x89D, 0x8AC, 0x8AD, 0x8AE, 0x8BD, 0x8BE, 0x99D, 0x9AC, 0x9AD, 0x7AE, 0x7AF,
    0x7BE, 0x89D, 0x89E, 0x8AD, 0x8AE, 0x8AF, 0x8BE, 0x8BF, 0x99E, 0x9AD, 0x9AE, 0x7AF, 0x7BF, 0x89E, 0x89F, 0x8AE,
    0x8AF, 0x8BF, 0x9AE, 0x9AF, 0x7B1, 0x7B2, 0x7C2, 0x8A0, 0x8B0, 0x8B1, 0x8B2, 0x8C2, 0x9B0, 0x7B1, 0x7B2, 0x7B3,
    0x7C2, 0x8A0, 0x8B0, 0x8B1, 0x8B2, 0x8B3, 0x8C2, 0x8C3, 0x9B0, 0x9B1, 0x7B2, 0x7B3, 0x8A0, 0x8A1, 0x8A2, 0x8B0,
    0x8B1, 0x8B2, 0x8B3, 0x8C2, 0x8C3, 0x9B0, 0x9B1, 0x9B2, 0x7B3, 0x7B4, 0x8A1, 0x8A2, 0x8A3, 0x8B1, 0x8B2, 0x8B3,
    0x8B4, 0x8C3, 0x8C4, 0x9B1, 0x9B2, 0x9B3, 0x7B4, 0x7B5, 0x7C5, 0x8A3, 0x8A4, 0x8B3, 0x8B4, 0x8B5, 0x8C4, 0x8C5,
    0x9A3, 0x9B3, 0x9B4, 0x7B5, 0x7B6, 0x8A4, 0x8A5, 0x8B4, 0x8B5, 0x8B6, 0x8C5, 0x8C6, 0x9B4, 0x9B5, 0x7B6, 0x7B7,
    0x8A5, 0x8A6, 0x8B5, 0x8B6, 0x8B7, 0x8C6, 0x8C7, 0x9B5, 0x9B6, 0x7B7, 0x7B8, 0x8A6, 0x8A7, 0x8B6, 0x8B7, 0x8B8,
    0x8C7, 0x8C8, 0x9B6, 0x9B7, 0x7B8, 0x7B9, 0x7C8, 0x8A7, 0x8A8, 0x8B7, 0x8B8, 0x8B9, 0x8C8, 0x8C9, 0x9A8, 0x9B7,
    0x9B8, 0x7B9, 0x7BA, 0x7C9, 0x8A8, 0x8A9, 0x8B8, 0x8B9, 0x8BA, 0x8C9, 0x8CA, 0x9A9, 0x9B8, 0x9B9, 0x7BA, 0x7BB,
    0x7CA, 0x8A9, 0x8AA, 0x8B9, 0x8BA, 0x8BB, 0x8CA, 0x8CB, 0x9AA, 0x9B9, 0x9BA, 0x7BB, 0x7BC, 0x7CB, 0x8AA, 0x8AB,
    0x8BA, 0x8BB, 0x8BC, 0x8CB, 0x8CC, 0x9AB, 0x9BA, 0x9BB, 0x7BC, 0x7BD, 0x7CC, 0x8AB, 0x8AC, 0x8BB, 0x8BC, 0x8BD,
    0x8CC, 0x8CD, 0x9AC, 0x9BB, 0x9BC, 0x7BD, 0x7BE, 0x7CD, 0x8AC, 0x8AD, 0x8BC, 0x8BD, 0x8BE, 0x8CD, 0x8CE, 0x9AD,
    0x9BC, 0x9BD, 0x7BE, 0x7BF, 0x7CE, 0x8AD, 0x8AE, 0x8BD, 0x8BE, 0x8BF, 0x8CE, 0x8CF, 0x9AE, 0x9BD, 0x9BE, 0x7BF,
    0x7CF, 0x8AE, 0x8AF, 0x8BE, 0x8BF, 0x8CF, 0x9BE, 0x9BF, 0x7C1, 0x7C2, 0x7D2, 0x8B0, 0x8C0, 0x8C1, 0x8C2, 0x8D2,
    0x9C0, 0x7C1, 0x7C2, 0x7C3, 0x7D2, 0x8B0, 0x8C0, 0x8C1, 0x8C2, 0x8C3, 0x8D2, 0x8D3, 0x9C0, 0x9C1, 0x7C2, 0x7C3,
    0x8B0, 0x8B1, 0x8C0, 0x8C1, 0x8C2, 0x8C3, 0x8D3, 0x9C0, 0x9C1, 0x9C2, 0x7C3, 0x7C4, 0x8B1, 0x8B2, 0x8B3, 0x8C1,
    0x8C2, 0x8C3, 0x8C4, 0x8D3, 0x8D4, 0x9C1, 0x9C2, 0x9C3, 0x7C4, 0x7C5, 0x8B3, 0x8B4, 0x8C3, 0x8C4, 0x8C5, 0x8D4,
    0x8D5, 0x9B3, 0x9C2, 0x9C3, 0x9C4, 0x7C5, 0x7C6, 0x8B4, 0x8B5, 0x8C4, 0x8C5, 0x8C6, 0x8D5, 0x8D6, 0x9B4, 0x9C4,
    0x9C5, 0x7C6, 0x7C7, 0x8B5, 0x8B6, 0x8C5, 0x8C6, 0x8C7, 0x8D6, 0x8D7, 0x9C5, 0x9C6, 0x7C7, 0x7C8, 0x8B6, 0x8B7,
    0x8C6, 0x8C7, 0x8C8, 0x8D7, 0x8D8, 0x9C6, 0x9C7, 0x7C8, 0x7C9, 0x8B7, 0x8B8, 0x8C7, 0x8C8, 0x8C9, 0x8D8, 0x8D9,
    0x9B8, 0x9C7, 0x9C8, 0x7C9, 0x7CA, 0x7D9, 0x8B8, 0x8B9, 0x8C8, 0x8C9, 0x8CA, 0x8D9, 0x8DA, 0x9B9, 0x9C8, 0x9C9,
    0x7CA, 0x7CB, 0x7DA, 0x8B9, 0x8BA, 0x8C9, 0x8CA, 0x8CB, 0x8DA, 0x8DB, 0x9BA, 0x9C9, 0x9CA, 0x7CB, 0x7CC, 0x7DB,
    0x8BA, 0x8BB, 0x8CA, 0x8CB, 0x8CC, 0x8DB, 0x8DC, 0x9BB, 0x9CA, 0x9CB, 0x7CC, 0x7CD, 0x7DC, 0x8BB, 0x8BC, 0x8CB,
    0x8CC, 0x8CD, 0x8DC, 0x8DD, 0x9BC, 0x9CB, 0x9CC, 0x7CD, 0x7CE, 0x7DD, 0x8BC, 0x8BD, 0x8CC, 0x8CD, 0x8CE, 0x8DD,
    0x8DE, 0x9BD, 0x9CC, 0x9CD, 0x7CE, 0x7CF, 0x7DE, 0x8BD, 0x8BE, 0x8CD, 0x8CE, 0x8CF, 0x8DE, 0x8DF, 0x9BE, 0x9CD,
    0x9CE, 0x7CF, 0x7DF, 0x8BE, 0x8BF, 0x8CE, 0x8CF, 0x8DF, 0x9CE, 0x9CF, 0x7D1, 0x7D2, 0x7E2, 0x8C0, 0x8D0, 0x8D1,
    0x8D2, 0x8E2, 0x9D0, 0x7D1, 0x7D2, 0x7D3, 0x7E2, 0x7E3, 0x8C0, 0x8D0, 0x8D1, 0x8D2, 0x8D3, 0x8E2, 0x8E3, 0x9D0,
    0x7D2, 0x7D3, 0x7E3, 0x8C0, 0x8C1, 0x8D0, 0x8D1, 0x8D2, 0x8D3, 0x8E2, 0x8E3, 0x9D0, 0x9D1, 0x9D2, 0x7D3, 0x7D4,
    0x7E4, 0x8C1, 0x8C2, 0x8C3, 0x8D1, 0x8D2, 0x8D3, 0x8D4, 0x8E3, 0x8E4, 0x9C1, 0x9D0, 0x9D1, 0x9D2, 0x9D3, 0x7D4,
    0x7D5, 0x7E4, 0x7E5, 0x8C3, 0x8C4, 0x8D3, 0x8D4, 0x8D5, 0x8E4, 0x8E5, 0x9C3, 0x9D2, 0x9D3, 0x9D4, 0x7D5, 0x7D6,
    0x7E5, 0x7E6, 0x8C4, 0x8C5, 0x8D4, 0x8D5, 0x8D6, 0x8E5, 0x8E6, 0x9C4, 0x9D4, 0x9D5, 0x7D6, 0x7D7, 0x7E6, 0x7E7,
    0x8C5, 0x8C6, 0x8D5, 0x8D6, 0x8D7, 0x8E6, 0x8E7, 0x9C5, 0x9D5, 0x9D6, 0x7D7, 0x7D8, 0x8C6, 0x8C7, 0x8D6, 0x8D7,
    0x8D8, 0x8E7, 0x8E8, 0x9D6, 0x9D7, 0x7D8, 0x7D9, 0x7E8, 0x8C7, 0x8C8, 0x8D7, 0x8D8, 0x8D9, 0x8E8, 0x8E9, 0x9C8,
    0x9D7, 0x9D8, 0x7D9, 0x7DA, 0x7E9, 0x8C8, 0x8C9, 0x8D8, 0x8D9, 0x8DA, 0x8E9, 0x8EA, 0x9C9, 0x9D8, 0x9D9, 0x7DA,
    0x7DB, 0x7EA, 0x8C9, 0x8CA, 0x8D9, 0x8DA, 0x8DB, 0x8EA, 0x8EB, 0x9CA, 0x9D9, 0x9DA, 0x7DB, 0x7DC, 0x7EB, 0x8CA,
    0x8CB, 0x8DA, 0x8DB, 0x8DC, 0x8EB, 0x8EC, 0x9CB, 0x9DA, 0x9DB, 0x7DC, 0x7DD, 0x7EC, 0x8CB, 0x8CC, 0x8DB, 0x8DC,
    0x8DD, 0x8EC, 0x8ED, 0x9CC, 0x9DB, 0x9DC, 0x7DD, 0x7DE, 0x7ED, 0x8CC, 0x8CD, 0x8DC, 0x8DD, 0x8DE, 0x8ED, 0x8EE,
    0x9CD, 0x9DC, 0x9DD, 0x7DE, 0x7DF, 0x7EE, 0x8CD, 0x8CE, 0x8DD, 0x8DE, 0x8DF, 0x8EE, 0x8EF, 0x9CE, 0x9DD, 0x9DE,
    0x7DF, 0x7EF, 0x8CE, 0x8CF, 0x8DE, 0x8DF, 0x8EF, 0x9DE, 0x9DF, 0x7E1, 0x7E2, 0x7F2, 0x8E0, 0x8E1, 0x8E2, 0x8F2,
    0x9E0, 0x7E1, 0x7E2, 0x7E3, 0x7F2, 0x7F3, 0x8E0, 0x8E1, 0x8E2, 0x8E3, 0x8F2, 0x8F3, 0x9E0, 0x7E2, 0x7E3, 0x7E4,
    0x8D1, 0x8E0, 0x8E1, 0x8E2, 0x8E3, 0x8F3, 0x9E0, 0x9E1, 0x9E2, 0x7E3, 0x7E4, 0x8E1, 0x8E2, 0x8E3, 0x8E4, 0x8F3,
    0x8F4, 0x9E0, 0x9E1, 0x9E2, 0x9E3, 0x7E4, 0x7E5, 0x7F5, 0x8D3, 0x8E2, 0x8E3, 0x8E4, 0x8E5, 0x8F4, 0x8F5, 0x9E2,
    0x9E3, 0x9E4, 0x7E5, 0x7E6, 0x7F6, 0x8D4, 0x8E4, 0x8E5, 0x8E6, 0x8F5, 0x8F6, 0x9E4, 0x9E5, 0x7E6, 0x7E7, 0x8D5,
    0x8E5, 0x8E6, 0x8E7, 0x8F6, 0x8F7, 0x9E5, 0x9E6, 0x7E7, 0x7E8, 0x8D7, 0x8E6, 0x8E7, 0x8E8, 0x8F7, 0x8F8, 0x9E6,
    0x9E7, 0x7E8, 0x7E9, 0x7F8, 0x8D8, 0x8E7, 0x8E8, 0x8E9, 0x8F8, 0x8F9, 0x9E7, 0x9E8, 0x7E9, 0x7EA, 0x7F9, 0x8D9,
    0x8E8, 0x8E9, 0x8EA, 0x8F9, 0x8FA, 0x9E8, 0x9E9, 0x7EA, 0x7EB, 0x7FA, 0x8DA, 0x8E9, 0x8EA, 0x8EB, 0x8FA, 0x8FB,
    0x9DA, 0x9E9, 0x9EA, 0x7EB, 0x7EC, 0x7FB, 0x8DB, 0x8EA, 0x8EB, 0x8EC, 0x8FB, 0x8FC, 0x9DB, 0x9EA, 0x9EB, 0x7EC,
    0x7ED, 0x7FC, 0x8DC, 0x8EB, 0x8EC, 0x8ED, 0x8FC, 0x8FD, 0x9DC, 0x9EB, 0x9EC, 0x7ED, 0x7EE, 0x7FD, 0x8DD, 0x8EC,
    0x8ED, 0x8EE, 0x8FD, 0x8FE, 0x9DD, 0x9EC, 0x9ED, 0x7EE, 0x7EF, 0x7FE, 0x8DE, 0x8ED, 0x8EE, 0x8EF, 0x8FE, 0x8FF,
    0x9DE, 0x9ED, 0x9EE, 0x7EF, 0x7FF, 0x8EE, 0x8EF, 0x8FF, 0x9EE, 0x9EF, 0x7F1, 0x7F2, 0x7F3, 0x8F0, 0x8F1, 0x8F2,
    0x7F1, 0x7F2, 0x7F3, 0x8F0, 0x8F1, 0x8F2, 0x8F3, 0x7F2, 0x7F3, 0x7F4, 0x8E1, 0x8F1, 0x8F2, 0x8F3, 0x7F3, 0x7F4,
    0x8F2, 0x8F3, 0x8F4, 0x9F3, 0x7F4, 0x7F5, 0x8E3, 0x8F3, 0x8F4, 0x8F5, 0x9F4, 0x7F5, 0x7F6, 0x8E4, 0x8F4, 0x8F5,
    0x8F6, 0x9E4, 0x9F5, 0x7F6, 0x7F7, 0x8E5, 0x8F5, 0x8F6, 0x8F7, 0x9F6, 0x7F7, 0x7F8, 0x8E7, 0x8F6, 0x8F7, 0x8F8,
    0x9F7, 0x7F8, 0x7F9, 0x8E8, 0x8F7, 0x8F8, 0x8F9, 0x9F8, 0x7F9, 0x7FA, 0x8E9, 0x8F8, 0x8F9, 0x8FA, 0x9E9, 0x9F9,
    0x7FA, 0x7FB, 0x8EA, 0x8F9, 0x8FA, 0x8FB, 0x9EA, 0x9FA, 0x7FB, 0x7FC, 0x8EB, 0x8FA, 0x8FB, 0x8FC, 0x9EB, 0x9FB,
    0x7FC, 0x7FD, 0x8EC, 0x8FB, 0x8FC, 0x8FD, 0x9EC, 0x9FC, 0x7FD, 0x7FE, 0x8ED, 0x8FC, 0x8FD, 0x8FE, 0x9ED, 0x9FD,
    0x7FE, 0x7FF, 0x8EE, 0x8FD, 0x8FE, 0x8FF, 0x9EE, 0x9FE, 0x7FF, 0x8FE, 0x8FF, 0x811, 0x900, 0x910, 0x911, 0xA00,
    0x811, 0x812, 0x900, 0x901, 0x911, 0x912, 0xA01, 0x802, 0x812, 0x813, 0x901, 0x902, 0x903, 0x912, 0x913, 0xA01,
    0xA02, 0x803, 0x813, 0x814, 0x902, 0x903, 0x904, 0x913, 0x914, 0xA02, 0xA03, 0xA04, 0x804, 0x814, 0x903, 0x904,
    0x905, 0x914, 0xA03, 0xA04, 0xA05, 0x805, 0x815, 0x904, 0x905, 0x906, 0x914, 0x915, 0xA05, 0xA06, 0x806, 0x816,
    0x905, 0x906, 0x907, 0x915, 0x916, 0xA06, 0xA07, 0x807, 0x817, 0x906, 0x907, 0x908, 0x916, 0x917, 0xA07, 0xA08,
    0x808, 0x818, 0x907, 0x908, 0x909, 0x917, 0x918, 0xA08, 0xA09, 0x809, 0x819, 0x908, 0x909, 0x90A, 0x918, 0x919,
    0xA09, 0xA0A, 0x80A, 0x81A, 0x909, 0x90A, 0x90B, 0x919, 0x91A, 0xA0A, 0x80B, 0x81B, 0x90A, 0x90B, 0x90C, 0x91A,
    0x91B, 0xA0B, 0x80C, 0x81C, 0x90B, 0x90C, 0x90D, 0x91B, 0x91C, 0xA0C, 0x80D, 0x81C, 0x81D, 0x90C, 0x90D, 0x90E,
    0x91C, 0x91D, 0xA0D, 0x81E, 0x90D, 0x90E, 0x90F, 0x91D, 0x91E, 0xA0E, 0x81E, 0x90E, 0x90F, 0x91E, 0x91F, 0xA0F,
    0x900, 0x910, 0x911, 0x920, 0x921, 0xA00, 0xA10, 0x811, 0x900, 0x901, 0x910, 0x911, 0x912, 0x921, 0x922, 0xA00,
    0xA01, 0xA10, 0xA11, 0x812, 0x822, 0x901, 0x902, 0x911, 0x912, 0x913, 0x922, 0x923, 0xA01, 0xA02, 0xA11, 0xA12,
    0x813, 0x823, 0x902, 0x903, 0x912, 0x913, 0x914, 0x923, 0x924, 0xA02, 0xA03, 0xA12, 0xA13, 0x814, 0x824, 0x903,
    0x904, 0x905, 0x913, 0x914, 0x924, 0x925, 0xA03, 0xA04, 0xA13, 0xA14, 0x815, 0x825, 0x904, 0x905, 0x906, 0x914,
    0x915, 0x916, 0x925, 0x926, 0xA04, 0xA05, 0xA14, 0xA15, 0x815, 0x816, 0x905, 0x906, 0x907, 0x915, 0x916, 0x917,
    0x926, 0x927, 0xA06, 0xA07, 0xA15, 0xA16, 0xA17, 0x817, 0x907, 0x908, 0x916, 0x917, 0x918, 0x927, 0x928, 0xA07,
    0xA08, 0xA17, 0xA18, 0x818, 0x828, 0x908, 0x909, 0x917, 0x918, 0x919, 0x928, 0xA08, 0xA18, 0xA19, 0x819, 0x829,
    0x908, 0x909, 0x90A, 0x918, 0x919, 0x91A, 0x928, 0x929, 0xA09, 0xA0A, 0xA19, 0xA1A, 0x81A, 0x82A, 0x90A, 0x90B,
    0x919, 0x91A, 0x91B, 0x929, 0x92A, 0xA0A, 0xA0B, 0xA1A, 0xA1B, 0x81B, 0x82B, 0x90B, 0x90C, 0x91A, 0x91B, 0x91C,
    0x92A, 0x92B, 0xA0B, 0xA0C, 0xA1B, 0xA1C, 0x81C, 0x82C, 0x90C, 0x90D, 0x91B, 0x91C, 0x91D, 0x92B, 0x92C, 0xA0C,
    0xA0D, 0xA1C, 0xA1D, 0x81D, 0x82D, 0x90D, 0x90E, 0x91C, 0x91D, 0x91E, 0x92C, 0x92D, 0xA0D, 0xA0E, 0xA1D, 0xA1E,
    0x81E, 0x82E, 0x90E, 0x90F, 0x91D, 0x91E, 0x91F, 0x92D, 0x92E, 0xA0E, 0xA0F, 0xA1E, 0xA1F, 0x90F, 0x91E, 0x91F,
    0x92E, 0x92F, 0xA0F, 0xA1F, 0x820, 0x821, 0x910, 0x920, 0x921, 0x931, 0xA10, 0xA20, 0x821, 0x822, 0x910, 0x911,
    0x920, 0x921, 0x922, 0x931, 0x932, 0xA10, 0xA11, 0xA20, 0xA21, 0x822, 0x911, 0x912, 0x921, 0x922, 0x923, 0x932,
    0x933, 0xA11, 0xA12, 0xA21, 0xA22, 0x823, 0x833, 0x912, 0x913, 0x922, 0x923, 0x924, 0x933, 0x934, 0xA12, 0xA13,
    0xA22, 0xA23, 0x824, 0x834, 0x913, 0x914, 0x923, 0x924, 0x925, 0x934, 0x935, 0xA13, 0xA14, 0xA23, 0xA24, 0xA25,
    0x825, 0x835, 0x914, 0x915, 0x924, 0x925, 0x926, 0x935, 0x936, 0xA14, 0xA15, 0xA24, 0xA25, 0xA26, 0x825, 0x826,
    0x836, 0x915, 0x916, 0x917, 0x925, 0x926, 0x927, 0x936, 0x937, 0xA15, 0xA16, 0xA17, 0xA25, 0xA26, 0xA27, 0x826,
    0x827, 0x837, 0x916, 0x917, 0x918, 0x926, 0x927, 0x928, 0x937, 0x938, 0xA17, 0xA18, 0xA26, 0xA27, 0xA28, 0x827,
    0x828, 0x917, 0x918, 0x919, 0x927, 0x928, 0x929, 0x938, 0x939, 0xA18, 0xA19, 0xA27, 0xA28, 0xA29, 0x828, 0x829,
    0x918, 0x919, 0x91A, 0x928, 0x929, 0x92A, 0x939, 0x93A, 0xA19, 0xA1A, 0xA29, 0xA2A, 0x829, 0x82A, 0x919, 0x91A,
    0x91B, 0x929, 0x92A, 0x92B, 0x93A, 0x93B, 0xA1A, 0xA1B, 0xA2A, 0xA2B, 0x82A, 0x82B, 0x83B, 0x91A, 0x91B, 0x91C,
    0x92A, 0x92B, 0x92C, 0x93A, 0x93B, 0xA1B, 0xA1C, 0xA2B, 0xA2C, 0x82B, 0x82C, 0x83C, 0x91C, 0x91D, 0x92B, 0x92C,
    0x92D, 0x93B, 0x93C, 0xA1C, 0xA2C, 0xA2D, 0x82C, 0x82D, 0x83D, 0x91D, 0x91E, 0x92C, 0x92D, 0x92E, 0x93C, 0x93D,
    0xA1D, 0xA1E, 0xA2D, 0xA2E, 0x82E, 0x83E, 0x91E, 0x91F, 0x92D, 0x92E, 0x92F, 0x93D, 0x93E, 0xA1E, 0xA1F, 0xA2E,
    0xA2F, 0x82F, 0x91F, 0x92E, 0x92F, 0x93E, 0x93F, 0xA1F, 0xA2F, 0x830, 0x831, 0x920, 0x930, 0x931, 0x941, 0xA20,
    0xA30, 0x831, 0x832, 0x920, 0x921, 0x930, 0x931, 0x932, 0x941, 0x942, 0xA20, 0xA21, 0xA30, 0xA31, 0x832, 0x833,
    0x921, 0x922, 0x931, 0x932, 0x933, 0x942, 0x943, 0xA21, 0xA22, 0xA31, 0xA32, 0x833, 0x834, 0x922, 0x923, 0x932,
    0x933, 0x934, 0x943, 0x944, 0xA22, 0xA23, 0xA32, 0xA33, 0x834, 0x835, 0x844, 0x923, 0x924, 0x933, 0x934, 0x935,
    0x944, 0x945, 0xA23, 0xA24, 0xA33, 0xA34, 0x835, 0x836, 0x845, 0x924, 0x925, 0x934, 0x935, 0x936, 0x945, 0x946,
    0xA24, 0xA25, 0xA34, 0xA35, 0x836, 0x837, 0x846, 0x925, 0x926, 0x935, 0x936, 0x937, 0x946, 0x947, 0xA25, 0xA26,
    0xA35, 0xA36, 0xA37, 0x837, 0x838, 0x847, 0x926, 0x927, 0x936, 0x937, 0x938, 0x947, 0x948, 0xA26, 0xA27, 0xA36,
    0xA37, 0xA38, 0x838, 0x839, 0x848, 0x927, 0x928, 0x937, 0x938, 0x939, 0x948, 0x949, 0xA27, 0xA28, 0xA37, 0xA38,
    0xA39, 0x838, 0x839, 0x849, 0x928, 0x929, 0x92A, 0x938, 0x939, 0x93A, 0x949, 0x94A, 0xA28, 0xA29, 0xA2A, 0xA38,
    0xA39, 0xA3A, 0x839, 0x83A, 0x929, 0x92A, 0x92B, 0x939, 0x93A, 0x93B, 0x94A, 0x94B, 0xA2A, 0xA2B, 0xA39, 0xA3A,
    0xA3B, 0x83A, 0x83B, 0x92A, 0x92B, 0x92C, 0x93A, 0x93B, 0x93C, 0x94B, 0x94C, 0xA2B, 0xA2C, 0xA3B, 0xA3C, 0x83B,
    0x83C, 0x84C, 0x92C, 0x92D, 0x93B, 0x93C, 0x93D, 0x94C, 0xA2C, 0xA2D, 0xA3C, 0xA3D, 0x83C, 0x83D, 0x84D, 0x92D,
    0x92E, 0x93C, 0x93D, 0x93E, 0x94C, 0x94D, 0xA2D, 0xA2E, 0xA3D, 0xA3E, 0x83D, 0x83E, 0x84E, 0x92E, 0x92F, 0x93D,
    0x93E, 0x93F, 0x94D, 0x94E, 0xA2E, 0xA2F, 0xA3E, 0xA3F, 0x83E, 0x83F, 0x92F, 0x93E, 0x93F, 0x94E, 0x94F, 0xA2F,
    0xA3F, 0x840, 0x841, 0x930, 0x940, 0x941, 0x951, 0x952, 0xA30, 0xA40, 0x841, 0x842, 0x930, 0x931, 0x940, 0x941,
    0x942, 0x951, 0x952, 0xA30, 0xA31, 0xA40, 0xA41, 0x842, 0x843, 0x931, 0x932, 0x941, 0x942, 0x943, 0x952, 0x953,
    0xA31, 0xA32, 0xA40, 0xA41, 0xA42, 0x843, 0x844, 0x932, 0x933, 0x942, 0x943, 0x944, 0x953, 0x954, 0xA32, 0xA33,
    0xA42, 0xA43, 0x844, 0x845, 0x933, 0x934, 0x943, 0x944, 0x945, 0x954, 0x955, 0xA33, 0xA34, 0xA43, 0xA44, 0x845,
    0x846, 0x855, 0x934, 0x935, 0x944, 0x945, 0x946, 0x955, 0x956, 0xA34, 0xA35, 0xA44, 0xA45, 0x846, 0x847, 0x856,
    0x935, 0x936, 0x945, 0x946, 0x947, 0x956, 0x957, 0xA35, 0xA36, 0xA45, 0xA46, 0xA47, 0x847, 0x848, 0x857, 0x936,
    0x937, 0x946, 0x947, 0x948, 0x957, 0x958, 0xA36, 0xA37, 0xA46, 0xA47, 0xA48, 0x848, 0x849, 0x858, 0x937, 0x938,
    0x947, 0x948, 0x949, 0x958, 0x959, 0xA37, 0xA38, 0xA47, 0xA48, 0x849, 0x84A, 0x859, 0x938, 0x939, 0x948, 0x949,
    0x94A, 0x959, 0x95A, 0xA38, 0xA39, 0xA48, 0xA49, 0xA4A, 0x84A, 0x84B, 0x85A, 0x939, 0x93A, 0x93B, 0x949, 0x94A,
    0x94B, 0x95A, 0x95B, 0xA39, 0xA3A, 0xA49, 0xA4A, 0xA4B, 0x84B, 0x85B, 0x93A, 0x93B, 0x93C, 0x94A, 0x94B, 0x94C,
    0x95B, 0x95C, 0xA3B, 0xA3C, 0xA4A, 0xA4B, 0xA4C, 0x84B, 0x84C, 0x93B, 0x93C, 0x93D, 0x94B, 0x94C, 0x94D, 0x95C,
    0x95D, 0xA3C, 0xA3D, 0xA4B, 0xA4C, 0xA4D, 0x84C, 0x84D, 0x93D, 0x93E, 0x94C, 0x94D, 0x94E, 0x95D, 0x95E, 0xA3D,
    0xA3E, 0xA4D, 0xA4E, 0x84D, 0x84E, 0x85E, 0x93E, 0x93F, 0x94D, 0x94E, 0x94F, 0x95E, 0xA3E, 0xA3F, 0xA4E, 0xA4F,
    0x84E, 0x84F, 0x93F, 0x94E, 0x94F, 0x95E, 0x95F, 0xA3F, 0xA4F, 0x851, 0x940, 0x950, 0x951, 0x961, 0x962, 0xA40,
    0xA50, 0x851, 0x852, 0x940, 0x941, 0x950, 0x951, 0x952, 0x962, 0xA40, 0xA50, 0xA51, 0x852, 0x853, 0x940, 0x941,
    0x942, 0x950, 0x951, 0x952, 0x953, 0x962, 0x963, 0xA40, 0xA41, 0xA42, 0xA50, 0xA51, 0xA52, 0x853, 0x854, 0x942,
    0x943, 0x952, 0x953, 0x954, 0x963, 0x964, 0xA42, 0xA43, 0xA52, 0xA53, 0x854, 0x855, 0x943, 0x944, 0x953, 0x954,
    0x955, 0x964, 0x965, 0xA43, 0xA44, 0xA53, 0xA54, 0x855, 0x856, 0x944, 0x945, 0x954, 0x955, 0x956, 0x965, 0x966,
    0xA44, 0xA45, 0xA54, 0xA55, 0x856, 0x857, 0x866, 0x945, 0x946, 0x955, 0x956, 0x957, 0x966, 0x967, 0xA45, 0xA46,
    0xA55, 0xA56, 0xA57, 0x857, 0x858, 0x867, 0x946, 0x947, 0x956, 0x957, 0x958, 0x967, 0x968, 0xA46, 0xA47, 0xA56,
    0xA57, 0xA58, 0x858, 0x859, 0x868, 0x947, 0x948, 0x957, 0x958, 0x959, 0x968, 0x969, 0xA47, 0xA48, 0xA57, 0xA58,
    0xA59, 0x859, 0x85A, 0x869, 0x948, 0x949, 0x958, 0x959, 0x95A, 0x969, 0x96A, 0xA48, 0xA49, 0xA58, 0xA59, 0xA5A,
    0x85A, 0x85B, 0x86A, 0x949, 0x94A, 0x959, 0x95A, 0x95B, 0x96A, 0x96B, 0xA49, 0xA4A, 0xA59, 0xA5A, 0x85B, 0x85C,
    0x86B, 0x94A, 0x94B, 0x95A, 0x95B, 0x95C, 0x96B, 0x96C, 0xA4A, 0xA4B, 0xA5A, 0xA5B, 0x85C, 0x85D, 0x86C, 0x94B,
    0x94C, 0x94D, 0x95B, 0x95C, 0x95D, 0x96C, 0x96D, 0xA4B, 0xA4C, 0xA5B, 0xA5C, 0xA5D, 0x85C, 0x85D, 0x86D, 0x94C,
    0x94D, 0x94E, 0x95C, 0x95D, 0x95E, 0x96D, 0x96E, 0xA4D, 0xA4E, 0xA5C, 0xA5D, 0xA5E, 0x85D, 0x85E, 0x94E, 0x94F,
    0x95D, 0x95E, 0x95F, 0x96E, 0x96F, 0xA4E, 0xA4F, 0xA5D, 0xA5E, 0xA5F, 0x85E, 0x85F, 0x94F, 0x95E, 0x95F, 0x96F,
    0xA4F, 0xA5F, 0x861, 0x862, 0x872, 0x950, 0x960, 0x961, 0x962, 0x971, 0x972, 0xA50, 0xA60, 0x861, 0x862, 0x872,
    0x950, 0x951, 0x960, 0x961, 0x962, 0x972, 0xA50, 0xA60, 0xA61, 0x862, 0x863, 0x950, 0x951, 0x952, 0x960, 0x961,
    0x962, 0x963, 0x972, 0x973, 0xA50, 0xA51, 0xA52, 0xA60, 0xA61, 0xA62, 0x863, 0x864, 0x952, 0x953, 0x962, 0x963,
    0x964, 0x973, 0x974, 0xA52, 0xA53, 0xA62, 0xA63, 0x864, 0x865, 0x953, 0x954, 0x963, 0x964, 0x965, 0x974, 0x975,
    0xA53, 0xA54, 0xA63, 0xA64, 0x865, 0x866, 0x875, 0x954, 0x955, 0x964, 0x965, 0x966, 0x975, 0x976, 0xA54, 0xA55,
    0xA64, 0xA65, 0x866, 0x867, 0x876, 0x955, 0x956, 0x965, 0x966, 0x967, 0x976, 0x977, 0xA55, 0xA56, 0xA65, 0xA66,
    0x867, 0x868, 0x877, 0x956, 0x957, 0x966, 0x967, 0x968, 0x977, 0x978, 0xA56, 0xA57, 0xA66, 0xA67, 0x868, 0x869,
    0x878, 0x957, 0x958, 0x967, 0x968, 0x969, 0x978, 0x979, 0xA57, 0xA58, 0xA67, 0xA68, 0x869, 0x86A, 0x879, 0x958,
    0x959, 0x968, 0x969, 0x96A, 0x979, 0x97A, 0xA58, 0xA59, 0xA68, 0xA69, 0xA6A, 0x86A, 0x86B, 0x87A, 0x959, 0x95A,
    0x969, 0x96A, 0x96B, 0x97A, 0x97B, 0xA59, 0xA5A, 0xA69, 0xA6A, 0x86B, 0x86C, 0x87B, 0x95A, 0x95B, 0x96A, 0x96B,
    0x96C, 0x97B, 0x97C, 0xA5A, 0xA5B, 0xA6A, 0xA6B, 0x86C, 0x86D, 0x87C, 0x95B, 0x95C, 0x96B, 0x96C, 0x96D, 0x97C,
    0x97D, 0xA5B, 0xA5C, 0xA6B, 0xA6C, 0x86D, 0x86E, 0x87D, 0x95C, 0x95D, 0x96C, 0x96D, 0x96E, 0x97D, 0x97E, 0xA5C,
    0xA5D, 0xA6C, 0xA6D, 0xA6E, 0x86E, 0x86F, 0x87E, 0x95D, 0x95E, 0x95F, 0x96D, 0x96E, 0x96F, 0x97E, 0x97F, 0xA5E,
    0xA5F, 0xA6D, 0xA6E, 0xA6F, 0x86F, 0x87F, 0x95E, 0x95F, 0x96E, 0x96F, 0x97F, 0xA5F, 0xA6E, 0xA6F, 0x871, 0x872,
    0x882, 0x960, 0x970, 0x971, 0x972, 0x981, 0x982, 0xA70, 0x871, 0x872, 0x882, 0x960, 0x970, 0x971, 0x972, 0x982,
    0xA60, 0xA70, 0xA71, 0x872, 0x873, 0x960, 0x961, 0x962, 0x970, 0x971, 0x972, 0x973, 0x982, 0x983, 0xA60, 0xA61,
    0xA70, 0xA71, 0xA72, 0x873, 0x874, 0x884, 0x962, 0x963, 0x972, 0x973, 0x974, 0x983, 0x984, 0xA62, 0xA71, 0xA72,
    0xA73, 0x874, 0x875, 0x963, 0x964, 0x973, 0x974, 0x975, 0x984, 0x985, 0xA63, 0xA64, 0xA73, 0xA74, 0x875, 0x876,
    0x964, 0x965, 0x974, 0x975, 0x976, 0x985, 0x986, 0xA65, 0xA74, 0xA75, 0x876, 0x877, 0x886, 0x965, 0x966, 0x975,
    0x976, 0x977, 0x986, 0x987, 0xA66, 0xA75, 0xA76, 0x877, 0x878, 0x887, 0x966, 0x967, 0x976, 0x977, 0x978, 0x987,
    0x988, 0xA67, 0xA76, 0xA77, 0x878, 0x879, 0x888, 0x967, 0x968, 0x977, 0x978, 0x979, 0x988, 0x989, 0xA68, 0xA77,
    0xA78, 0x879, 0x87A, 0x889, 0x968, 0x969, 0x978, 0x979, 0x97A, 0x989, 0x98A, 0xA69, 0xA78, 0xA79, 0x87A, 0x87B,
    0x88A, 0x969, 0x96A, 0x979, 0x97A, 0x97B, 0x98A, 0x98B, 0xA6A, 0xA79, 0xA7A, 0x87B, 0x87C, 0x88B, 0x96A, 0x96B,
    0x97A, 0x97B, 0x97C, 0x98B, 0x98C, 0xA6B, 0xA7A, 0xA7B, 0x87C, 0x87D, 0x88C, 0x96B, 0x96C, 0x97B, 0x97C, 0x97D,
    0x98C, 0x98D, 0xA6C, 0xA7B, 0xA7C, 0x87D, 0x87E, 0x88D, 0x96C, 0x96D, 0x97C, 0x97D, 0x97E, 0x98D, 0x98E, 0xA6D,
    0xA7C, 0xA7D, 0x87E, 0x87F, 0x88E, 0x96D, 0x96E, 0x97D, 0x97E, 0x97F, 0x98E, 0x98F, 0xA6E, 0xA7D, 0xA7E, 0x87F,
    0x88F, 0x96E, 0x96F, 0x97E, 0x97F, 0x98F, 0xA7E, 0xA7F, 0x881, 0x882, 0x892, 0x970, 0x980, 0x981, 0x982, 0x991,
    0x992, 0xA80, 0x881, 0x882, 0x892, 0x970, 0x980, 0x981, 0x982, 0x992, 0x993, 0xA70, 0xA80, 0xA81, 0x882, 0x883,
    0x970, 0x971, 0x972, 0x980, 0x981, 0x982, 0x983, 0x992, 0x993, 0xA70, 0xA80, 0xA81, 0xA82, 0x883, 0x884, 0x972,
    0x973, 0x981, 0x982, 0x983, 0x984, 0x993, 0x994, 0xA72, 0xA81, 0xA82, 0xA83, 0x884, 0x885, 0x973, 0x974, 0x983,
    0x984, 0x985, 0x994, 0x995, 0xA73, 0xA83, 0xA84, 0x885, 0x886, 0x974, 0x975, 0x984, 0x985, 0x986, 0x995, 0x996,
    0xA75, 0xA84, 0xA85, 0x886, 0x887, 0x975, 0x976, 0x985, 0x986, 0x987, 0x996, 0x997, 0xA76, 0xA85, 0xA86, 0x887,
    0x888, 0x897, 0x976, 0x977, 0x986, 0x987, 0x988, 0x997, 0x998, 0xA77, 0xA86, 0xA87, 0x888, 0x889, 0x898, 0x977,
    0x978, 0x987, 0x988, 0x989, 0x998, 0x999, 0xA78, 0xA87, 0xA88, 0x889, 0x88A, 0x899, 0x978, 0x979, 0x988, 0x989,
    0x98A, 0x999, 0x99A, 0xA79, 0xA88, 0xA89, 0x88A, 0x88B, 0x89A, 0x979, 0x97A, 0x989, 0x98A, 0x98B, 0x99A, 0x99B,
    0xA7A, 0xA89, 0xA8A, 0x88B, 0x88C, 0x89B, 0x97A, 0x97B, 0x98A, 0x98B, 0x98C, 0x99B, 0x99C, 0xA7B, 0xA8A, 0xA8B,
    0x88C, 0x88D, 0x89C, 0x97B, 0x97C, 0x98B, 0x98C, 0x98D, 0x99C, 0x99D, 0xA7C, 0xA8B, 0xA8C, 0x88D, 0x88E, 0x89D,
    0x97C, 0x97D, 0x98C, 0x98D, 0x98E, 0x99D, 0x99E, 0xA7D, 0xA8C, 0xA8D, 0x88E, 0x88F, 0x89E, 0x97D, 0x97E, 0x98D,
    0x98E, 0x98F, 0x99E, 0x99F, 0xA7E, 0xA8D, 0xA8E, 0x88F, 0x89F, 0x97E, 0x97F, 0x98E, 0x98F, 0x99F, 0xA8E, 0xA8F,
    0x891, 0x892, 0x8A2, 0x980, 0x990, 0x991, 0x992, 0x9A1, 0x9A2, 0xA90, 0x891, 0x892, 0x893, 0x8A2, 0x980, 0x990,
    0x991, 0x992, 0x993, 0x9A2, 0x9A3, 0xA80, 0xA90, 0xA91, 0x892, 0x893, 0x8A3, 0x980, 0x981, 0x982, 0x990, 0x991,
    0x992, 0x993, 0x9A2, 0x9A3, 0xA80, 0xA81, 0xA90, 0xA91, 0xA92, 0x893, 0x894, 0x8A4, 0x981, 0x982, 0x983, 0x991,
    0x992, 0x993, 0x994, 0x9A3, 0x9A4, 0xA81, 0xA82, 0xA91, 0xA92, 0xA93, 0x894, 0x895, 0x8A4, 0x8A5, 0x983, 0x984,
    0x993, 0x994, 0x995, 0x9A4, 0x9A5, 0xA83, 0xA93, 0xA94, 0x895, 0x896, 0x8A5, 0x8A6, 0x984, 0x985, 0x994, 0x995,
    0x996, 0x9A5, 0x9A6, 0xA84, 0xA94, 0xA95, 0x896, 0x897, 0x8A6, 0x8A7, 0x985, 0x986, 0x995, 0x996, 0x997, 0x9A6,
    0x9A7, 0xA86, 0xA95, 0xA96, 0x897, 0x898, 0x8A7, 0x8A8, 0x986, 0x987, 0x996, 0x997, 0x998, 0x9A7, 0x9A8, 0xA87,
    0xA96, 0xA97, 0x898, 0x899, 0x8A8, 0x8A9, 0x987, 0x988, 0x997, 0x998, 0x999, 0x9A8, 0x9A9, 0xA88, 0xA97, 0xA98,
    0x899, 0x89A, 0x8A9, 0x8AA, 0x988, 0x989, 0x998, 0x999, 0x99A, 0x9A9, 0x9AA, 0xA89, 0xA98, 0xA99, 0x89A, 0x89B,
    0x8AA, 0x8AB, 0x989, 0x98A, 0x999, 0x99A, 0x99B, 0x9AA, 0x9AB, 0xA8A, 0xA99, 0xA9A, 0x89B, 0x89C, 0x8AB, 0x8AC,
    0x98A, 0x98B, 0x99A, 0x99B, 0x99C, 0x9AB, 0x9AC, 0xA8B, 0xA9A, 0xA9B, 0x89C, 0x89D, 0x8AC, 0x8AD, 0x98B, 0x98C,
    0x99B, 0x99C, 0x99D, 0x9AC, 0x9AD, 0xA8C, 0xA9B, 0xA9C, 0x89D, 0x89E, 0x8AD, 0x8AE, 0x98C, 0x98D, 0x99C, 0x99D,
    0x99E, 0x9AD, 0x9AE, 0xA8D, 0xA9C, 0xA9D, 0x89E, 0x89F, 0x8AE, 0x8AF, 0x98D, 0x98E, 0x99D, 0x99E, 0x99F, 0x9AE,
    0x9AF, 0xA8E, 0xA9D, 0xA9E, 0x89F, 0x8AF, 0x98E, 0x98F, 0x99E, 0x99F, 0x9AF, 0xA9E, 0xA9F, 0x8A1, 0x8A2, 0x8B2,
    0x990, 0x9A0, 0x9A1, 0x9A2, 0x9B1, 0x9B2, 0xAA0, 0x8A1, 0x8A2, 0x8A3, 0x8B2, 0x990, 0x9A0, 0x9A1, 0x9A2, 0x9A3,
    0x9B2, 0x9B3, 0xAA0, 0xAA1, 0x8A2, 0x8A3, 0x990, 0x991, 0x9A0, 0x9A1, 0x9A2, 0x9A3, 0x9B2, 0x9B3, 0xAA0, 0xAA1,
    0xAA2, 0x8A3, 0x8A4, 0x8B4, 0x991, 0x992, 0x993, 0x9A1, 0x9A2, 0x9A3, 0x9A4, 0x9B3, 0x9B4, 0xAA1, 0xAA2, 0xAA3,
    0x8A4, 0x8A5, 0x8B5, 0x993, 0x994, 0x9A3, 0x9A4, 0x9A5, 0x9B4, 0x9B5, 0xA93, 0xAA3, 0xAA4, 0x8A5, 0x8A6, 0x8B6,
    0x994, 0x995, 0x9A4, 0x9A5, 0x9A6, 0x9B5, 0x9B6, 0xAA4, 0xAA5, 0x8A6, 0x8A7, 0x995, 0x996, 0x9A5, 0x9A6, 0x9A7,
    0x9B6, 0x9B7, 0xAA5, 0xAA6, 0x8A7, 0x8A8, 0x8B7, 0x996, 0x997, 0x9A6, 0x9A7, 0x9A8, 0x9B7, 0x9B8, 0xAA6, 0xAA7,
    0x8A8, 0x8A9, 0x8B8, 0x997, 0x998, 0x9A7, 0x9A8, 0x9A9, 0x9B8, 0x9B9, 0xA98, 0xAA7, 0xAA8, 0x8A9, 0x8AA, 0x8B9,
    0x998, 0x999, 0x9A8, 0x9A9, 0x9AA, 0x9B9, 0x9BA, 0xA99, 0xAA8, 0xAA9, 0x8AA, 0x8AB, 0x8BA, 0x999, 0x99A, 0x9A9,
    0x9AA, 0x9AB, 0x9BA, 0x9BB, 0xA9A, 0xAA9, 0xAAA, 0x8AB, 0x8AC, 0x8BB, 0x99A, 0x99B, 0x9AA, 0x9AB, 0x9AC, 0x9BB,
    0x9BC, 0xA9B, 0xAAA, 0xAAB, 0x8AC, 0x8AD, 0x8BC, 0x99B, 0x99C, 0x9AB, 0x9AC, 0x9AD, 0x9BC, 0x9BD, 0xA9C, 0xAAB,
    0xAAC, 0x8AD, 0x8AE, 0x8BD, 0x99C, 0x99D, 0x9AC, 0x9AD, 0x9AE, 0x9BD, 0x9BE, 0xA9D, 0xAAC, 0xAAD, 0x8AE, 0x8AF,
    0x8BE, 0x99D, 0x99E, 0x9AD, 0x9AE, 0x9AF, 0x9BE, 0x9BF, 0xA9E, 0xAAD, 0xAAE, 0x8AF, 0x8BF, 0x99E, 0x99F, 0x9AE,
    0x9AF, 0x9BF, 0xAAE, 0xAAF, 0x8B1, 0x8B2, 0x8C2, 0x9A0, 0x9B0, 0x9B1, 0x9B2, 0x9C2, 0xAB0, 0x8B1, 0x8B2, 0x8B3,
    0x8C2, 0x9A0, 0x9B0, 0x9B1, 0x9B2, 0x9B3, 0x9C2, 0x9C3, 0xAB0, 0xAB1, 0x8B2, 0x8B3, 0x9A0, 0x9A1, 0x9B0, 0x9B1,
    0x9B2, 0x9B3, 0x9C2, 0x9C3, 0xAB0, 0xAB1, 0xAB2, 0x8B3, 0x8B4, 0x9A1, 0x9A2, 0x9A3, 0x9B1, 0x9B2, 0x9B3, 0x9B4,
    0x9C3, 0x9C4, 0xAB1, 0xAB2, 0xAB3, 0x8B4, 0x8B5, 0x8C5, 0x9A3, 0x9A4, 0x9B3, 0x9B4, 0x9B5, 0x9C4, 0x9C5, 0xAA3,
    0xAB2, 0xAB3, 0xAB4, 0x8B5, 0x8B6, 0x8C6, 0x9A4, 0x9A5, 0x9B4, 0x9B5, 0x9B6, 0x9C5, 0x9C6, 0xAA4, 0xAB4, 0xAB5,
    0x8B6, 0x8B7, 0x9A5, 0x9A6, 0x9B5, 0x9B6, 0x9B7, 0x9C6, 0x9C7, 0xAB5, 0xAB6, 0x8B7, 0x8B8, 0x9A6, 0x9A7, 0x9B6,
    0x9B7, 0x9B8, 0x9C7, 0x9C8, 0xAB6, 0xAB7, 0x8B8, 0x8B9, 0x8C8, 0x9A7, 0x9A8, 0x9B7, 0x9B8, 0x9B9, 0x9C8, 0x9C9,
    0xAA8, 0xAB7, 0xAB8, 0x8B9, 0x8BA, 0x8C9, 0x9A8, 0x9A9, 0x9B8, 0x9B9, 0x9BA, 0x9C9, 0x9CA, 0xAA9, 0xAB8, 0xAB9,
    0x8BA, 0x8BB, 0x8CA, 0x9A9, 0x9AA, 0x9B9, 0x9BA, 0x9BB, 0x9CA, 0x9CB, 0xAAA, 0xAB9, 0xABA, 0x8BB, 0x8BC, 0x8CB,
    0x9AA, 0x9AB, 0x9BA, 0x9BB, 0x9BC, 0x9CB, 0x9CC, 0xAAB, 0xABA, 0xABB, 0x8BC, 0x8BD, 0x8CC, 0x9AB, 0x9AC, 0x9BB,
    0x9BC, 0x9BD, 0x9CC, 0x9CD, 0xAAC, 0xABB, 0xABC, 0x8BD, 0x8BE, 0x8CD, 0x9AC, 0x9AD, 0x9BC, 0x9BD, 0x9BE, 0x9CD,
    0x9CE, 0xAAD, 0xABC, 0xABD, 0x8BE, 0x8BF, 0x8CE, 0x9AD, 0x9AE, 0x9BD, 0x9BE, 0x9BF, 0x9CE, 0x9CF, 0xAAE, 0xABD,
    0xABE, 0x8BF, 0x8CF, 0x9AE, 0x9AF, 0x9BE, 0x9BF, 0x9CF, 0xABE, 0xABF, 0x8C1, 0x8C2, 0x8D2, 0x9B0, 0x9C0, 0x9C1,
    0x9C2, 0x9D2, 0xAC0, 0x8C1, 0x8C2, 0x8C3, 0x8D2, 0x9B0, 0x9C0, 0x9C1, 0x9C2, 0x9C3, 0x9D2, 0x9D3, 0xAC0, 0x8C2,
    0x8C3, 0x9B0, 0x9B1, 0x9C0, 0x9C1, 0x9C2, 0x9C3, 0x9D3, 0xAC0, 0xAC1, 0xAC2, 0x8C3, 0x8C4, 0x9B1, 0x9B2, 0x9B3,
    0x9C1, 0x9C2, 0x9C3, 0x9C4, 0x9D3, 0x9D4, 0xAC0, 0xAC1, 0xAC2, 0xAC3, 0x8C4, 0x8C5, 0x9B3, 0x9B4, 0x9C3, 0x9C4,
    0x9C5, 0x9D4, 0x9D5, 0xAB3, 0xAC2, 0xAC3, 0xAC4, 0x8C5, 0x8C6, 0x9B4, 0x9B5, 0x9C4, 0x9C5, 0x9C6, 0x9D5, 0x9D6,
    0xAB4, 0xAC4, 0xAC5, 0x8C6, 0x8C7, 0x9B5, 0x9B6, 0x9C5, 0x9C6, 0x9C7, 0x9D6, 0x9D7, 0xAB5, 0xAC5, 0xAC6, 0x8C7,
    0x8C8, 0x9B6, 0x9B7, 0x9C6, 0x9C7, 0x9C8, 0x9D7, 0x9D8, 0xAC6, 0xAC7, 0x8C8, 0x8C9, 0x9B7, 0x9B8, 0x9C7, 0x9C8,
    0x9C9, 0x9D8, 0x9D9, 0xAB8, 0xAC7, 0xAC8, 0x8C9, 0x8CA, 0x8D9, 0x9B8, 0x9B9, 0x9C8, 0x9C9, 0x9CA, 0x9D9, 0x9DA,
    0xAB9, 0xAC8, 0xAC9, 0x8CA, 0x8CB, 0x8DA, 0x9B9, 0x9BA, 0x9C9, 0x9CA, 0x9CB, 0x9DA, 0x9DB, 0xABA, 0xAC9, 0xACA,
    0x8CB, 0x8CC, 0x8DB, 0x9BA, 0x9BB, 0x9CA, 0x9CB, 0x9CC, 0x9DB, 0x9DC, 0xABB, 0xACA, 0xACB, 0x8CC, 0x8CD, 0x8DC,
    0x9BB, 0x9BC, 0x9CB, 0x9CC, 0x9CD, 0x9DC, 0x9DD, 0xABC, 0xACB, 0xACC, 0x8CD, 0x8CE, 0x8DD, 0x9BC, 0x9BD, 0x9CC,
    0x9CD, 0x9CE, 0x9DD, 0x9DE, 0xABD, 0xACC, 0xACD, 0x8CE, 0x8CF, 0x8DE, 0x9BD, 0x9BE, 0x9CD, 0x9CE, 0x9CF, 0x9DE,
    0x9DF, 0xABE, 0xACD, 0xACE, 0x8CF, 0x8DF, 0x9BE, 0x9BF, 0x9CE, 0x9CF, 0x9DF, 0xACE, 0xACF, 0x8D1, 0x8D2, 0x8E2,
    0x9C0, 0x9D0, 0x9D1, 0x9D2, 0x9E2, 0xAD0, 0x8D1, 0x8D2, 0x8D3, 0x8E2, 0x8E3, 0x9C0, 0x9D0, 0x9D1, 0x9D2, 0x9D3,
    0x9E2, 0x9E3, 0xAD0, 0x8D2, 0x8D3, 0x8E3, 0x9C0, 0x9C1, 0x9D0, 0x9D1, 0x9D2, 0x9D3, 0x9E3, 0xAC1, 0xAD0, 0xAD1,
    0xAD2, 0x8D3, 0x8D4, 0x8E4, 0x9C1, 0x9C2, 0x9C3, 0x9D1, 0x9D2, 0x9D3, 0x9D4, 0x9E3, 0x9E4, 0xAC1, 0xAD0, 0xAD1,
    0xAD2, 0xAD3, 0x8D4, 0x8D5, 0x8E4, 0x8E5, 0x9C3, 0x9C4, 0x9D2, 0x9D3, 0x9D4, 0x9D5, 0x9E4, 0x9E5, 0xAC3, 0xAD2,
    0xAD3, 0xAD4, 0x8D5, 0x8D6, 0x8E5, 0x8E6, 0x9C4, 0x9C5, 0x9D4, 0x9D5, 0x9D6, 0x9E5, 0x9E6, 0xAC4, 0xAD4, 0xAD5,
    0x8D6, 0x8D7, 0x8E6, 0x8E7, 0x9C5, 0x9C6, 0x9D5, 0x9D6, 0x9D7, 0x9E6, 0x9E7, 0xAC5, 0xAD5, 0xAD6, 0x8D7, 0x8D8,
    0x8E7, 0x8E8, 0x9C6, 0x9C7, 0x9D6, 0x9D7, 0x9D8, 0x9E7, 0x9E8, 0xAC6, 0xAD6, 0xAD7, 0x8D8, 0x8D9, 0x8E8, 0x9C7,
    0x9C8, 0x9D7, 0x9D8, 0x9D9, 0x9E8, 0x9E9, 0xAC8, 0xAD7, 0xAD8, 0x8D9, 0x8DA, 0x8E9, 0x8EA, 0x9C8, 0x9C9, 0x9D8,
    0x9D9, 0x9DA, 0x9E9, 0x9EA, 0xAC9, 0xAD8, 0xAD9, 0x8DA, 0x8DB, 0x8EA, 0x8EB, 0x9C9, 0x9CA, 0x9D9, 0x9DA, 0x9DB,
    0x9EA, 0x9EB, 0xACA, 0xAD9, 0xADA, 0x8DB, 0x8DC, 0x8EB, 0x9CA, 0x9CB, 0x9DA, 0x9DB, 0x9DC, 0x9EB, 0x9EC, 0xACB,
    0xADA, 0xADB, 0x8DC, 0x8DD, 0x8EC, 0x9CB, 0x9CC, 0x9DB, 0x9DC, 0x9DD, 0x9EC, 0x9ED, 0xACC, 0xADB, 0xADC, 0x8DD,
    0x8DE, 0x8ED, 0x8EE, 0x9CC, 0x9CD, 0x9DC, 0x9DD, 0x9DE, 0x9ED, 0x9EE, 0xACD, 0xADC, 0xADD, 0x8DE, 0x8DF, 0x8EE,
    0x8EF, 0x9CD, 0x9CE, 0x9DD, 0x9DE, 0x9DF, 0x9EE, 0x9EF, 0xACE, 0xADD, 0xADE, 0x8DF, 0x8EF, 0x9CE, 0x9CF, 0x9DE,
    0x9DF, 0x9EF, 0xADE, 0xADF, 0x8E1, 0x8E2, 0x8E3, 0x8F2, 0x9E0, 0x9E1, 0x9E2, 0x9F2, 0xAE0, 0x8E1, 0x8E2, 0x8E3,
    0x8F2, 0x8F3, 0x9D0, 0x9E0, 0x9E1, 0x9E2, 0x9E3, 0x9F2, 0x9F3, 0xAE0, 0x8E2, 0x8E3, 0x8E4, 0x9D0, 0x9D1, 0x9E0,
    0x9E1, 0x9E2, 0x9E3, 0x9F3, 0xAE0, 0xAE1, 0xAE2, 0x8E3, 0x8E4, 0x9D1, 0x9D2, 0x9D3, 0x9E1, 0x9E2, 0x9E3, 0x9E4,
    0x9F3, 0x9F4, 0xAE0, 0xAE1, 0xAE2, 0xAE3, 0x8E4, 0x8E5, 0x8F5, 0x9D3, 0x9D4, 0x9E2, 0x9E3, 0x9E4, 0x9E5, 0x9F4,
    0x9F5, 0xAE2, 0xAE3, 0xAE4, 0x8E5, 0x8E6, 0x8F6, 0x9D4, 0x9D5, 0x9E4, 0x9E5, 0x9E6, 0x9F5, 0x9F6, 0xAE4, 0xAE5,
    0x8E6, 0x8E7, 0x8F7, 0x9D5, 0x9D6, 0x9E5, 0x9E6, 0x9E7, 0x9F6, 0x9F7, 0xAE5, 0xAE6, 0x8E7, 0x8E8, 0x9D6, 0x9D7,
    0x9E6, 0x9E7, 0x9E8, 0x9F7, 0x9F8, 0xAE6, 0xAE7, 0x8E8, 0x8E9, 0x9D7, 0x9D8, 0x9E7, 0x9E8, 0x9E9, 0x9F8, 0x9F9,
    0xAE7, 0xAE8, 0x8E9, 0x8EA, 0x8F9, 0x9D8, 0x9D9, 0x9E8, 0x9E9, 0x9EA, 0x9F9, 0x9FA, 0xAE8, 0xAE9, 0x8EA, 0x8EB,
    0x8FA, 0x9D9, 0x9DA, 0x9E9, 0x9EA, 0x9EB, 0x9FA, 0x9FB, 0xADA, 0xAE9, 0xAEA, 0x8EB, 0x8EC, 0x8FB, 0x9DA, 0x9DB,
    0x9EA, 0x9EB, 0x9EC, 0x9FB, 0x9FC, 0xADB, 0xAEA, 0xAEB, 0x8EC, 0x8ED, 0x8FC, 0x9DB, 0x9DC, 0x9EB, 0x9EC, 0x9ED,
    0x9FC, 0x9FD, 0xADC, 0xAEB, 0xAEC, 0x8ED, 0x8EE, 0x8FD, 0x9DC, 0x9DD, 0x9EC, 0x9ED, 0x9EE, 0x9FD, 0x9FE, 0xADD,
    0xAEC, 0xAED, 0x8EE, 0x8EF, 0x8FE, 0x9DD, 0x9DE, 0x9ED, 0x9EE, 0x9EF, 0x9FE, 0x9FF, 0xADE, 0xAED, 0xAEE, 0x8EF,
    0x8FF, 0x9DE, 0x9EE, 0x9EF, 0x9FF, 0xAEE, 0xAEF, 0x8F1, 0x8F2, 0x8F3, 0x9F0, 0x9F1, 0x9F2, 0x8F1, 0x8F2, 0x8F3,
    0x9E0, 0x9F0, 0x9F1, 0x9F2, 0x9F3, 0x8F2, 0x8F3, 0x8F4, 0x9E0, 0x9E1, 0x9F1, 0x9F2, 0x9F3, 0x9F4, 0x8F3, 0x8F4,
    0x9E1, 0x9E2, 0x9E3, 0x9F2, 0x9F3, 0x9F4, 0xAF3, 0x8F4, 0x8F5, 0x9E3, 0x9E4, 0x9F3, 0x9F4, 0x9F5, 0xAF4, 0x8F5,
    0x8F6, 0x9E4, 0x9E5, 0x9F4, 0x9F5, 0x9F6, 0xAE4, 0xAF5, 0x8F6, 0x8F7, 0x9E5, 0x9E6, 0x9F5, 0x9F6, 0x9F7, 0xAE5,
    0xAF6, 0x8F7, 0x8F8, 0x9E6, 0x9E7, 0x9F6, 0x9F7, 0x9F8, 0xAF7, 0x8F8, 0x8F9, 0x9E7, 0x9E8, 0x9F7, 0x9F8, 0x9F9,
    0xAF8, 0x8F9, 0x8FA, 0x9E8, 0x9E9, 0x9F8, 0x9F9, 0x9FA, 0xAF9, 0x8FA, 0x8FB, 0x9E9, 0x9EA, 0x9F9, 0x9FA, 0x9FB,
    0xAEA, 0xAFA, 0x8FB, 0x8FC, 0x9EA, 0x9EB, 0x9FA, 0x9FB, 0x9FC, 0xAEB, 0xAFB, 0x8FC, 0x8FD, 0x9EB, 0x9EC, 0x9FB,
    0x9FC, 0x9FD, 0xAEC, 0xAFC, 0x8FD, 0x8FE, 0x9EC, 0x9ED, 0x9FC, 0x9FD, 0x9FE, 0xAED, 0xAFD, 0x8FE, 0x8FF, 0x9ED,
    0x9EE, 0x9FD, 0x9FE, 0x9FF, 0xAEE, 0xAFE, 0x8FF, 0x9EE, 0x9EF, 0x9FE, 0x9FF, 0x911, 0xA00, 0xA10, 0xA11, 0xB00,
    0x911, 0x912, 0xA00, 0xA01, 0xA11, 0xA12, 0xB01, 0x912, 0x913, 0xA01, 0xA02, 0xA03, 0xA12, 0xA13, 0xB01, 0xB02,
    0x903, 0x913, 0xA02, 0xA03, 0xA04, 0xA13, 0xA14, 0xB02, 0xB03, 0x904, 0x914, 0xA03, 0xA04, 0xA05, 0xA14, 0xB03,
    0xB05, 0x905, 0x915, 0xA04, 0xA05, 0xA06, 0xA14, 0xA15, 0xB05, 0x906, 0x916, 0xA05, 0xA06, 0xA07, 0xA15, 0xA16,
    0xA17, 0xB06, 0xB07, 0x907, 0x917, 0xA06, 0xA07, 0xA08, 0xA16, 0xA17, 0xB07, 0xB08, 0x908, 0x918, 0xA07, 0xA08,
    0xA09, 0xA17, 0xA18, 0xB08, 0x919, 0xA08, 0xA09, 0xA0A, 0xA18, 0xA19, 0xA1A, 0xB09, 0x91A, 0xA09, 0xA0A, 0xA0B,
    0xA19, 0xA1A, 0xB0A, 0x91B, 0xA0A, 0xA0B, 0xA0C, 0xA1A, 0xA1B, 0xB0B, 0x91C, 0xA0B, 0xA0C, 0xA0D, 0xA1B, 0xA1C,
    0xB0C, 0x91D, 0xA0C, 0xA0D, 0xA0E, 0xA1C, 0xA1D, 0xB0D, 0x91E, 0xA0D, 0xA0E, 0xA0F, 0xA1D, 0xA1E, 0xB0E, 0xA0E,
    0xA0F, 0xA1E, 0xA1F, 0xB0F, 0xA00, 0xA10, 0xA11, 0xA20, 0xA21, 0xB00, 0xB10, 0xA00, 0xA01, 0xA10, 0xA11, 0xA12,
    0xA21, 0xA22, 0xB00, 0xB01, 0xB10, 0xB11, 0xA01, 0xA02, 0xA11, 0xA12, 0xA13, 0xA22, 0xA23, 0xB01, 0xB02, 0xB11,
    0xB12, 0x923, 0xA02, 0xA03, 0xA12, 0xA13, 0xA14, 0xA23, 0xA24, 0xB02, 0xB03, 0xB12, 0xB13, 0x924, 0xA03, 0xA04,
    0xA05, 0xA13, 0xA14, 0xA24, 0xA25, 0xB03, 0xB04, 0xB14, 0x915, 0xA04, 0xA05, 0xA06, 0xA14, 0xA15, 0xA25, 0xA26,
    0xB04, 0xB05, 0xB15, 0x916, 0xA05, 0xA06, 0xA07, 0xA15, 0xA16, 0xA17, 0xA26, 0xA27, 0xB05, 0xB06, 0xB16, 0xB17,
    0x917, 0xA07, 0xA08, 0xA16, 0xA17, 0xA18, 0xA27, 0xA28, 0xB07, 0xB17, 0xB18, 0x918, 0xA07, 0xA08, 0xA09, 0xA17,
    0xA18, 0xA19, 0xA28, 0xB08, 0xB18, 0xB19, 0x919, 0x929, 0xA08, 0xA09, 0xA0A, 0xA18, 0xA19, 0xA1A, 0xA28, 0xA29,
    0xB09, 0xB19, 0xB1A, 0x91A, 0x92A, 0xA0A, 0xA0B, 0xA19, 0xA1A, 0xA1B, 0xA29, 0xA2A, 0xB0A, 0xB1A, 0xB1B, 0x91B,
    0x92B, 0xA0B, 0xA0C, 0xA1A, 0xA1B, 0xA1C, 0xA2A, 0xA2B, 0xB0B, 0xB1B, 0xB1C, 0x91C, 0x92C, 0xA0C, 0xA0D, 0xA1B,
    0xA1C, 0xA1D, 0xA2B, 0xA2C, 0xB0C, 0xB0D, 0xB1C, 0xB1D, 0x91D, 0x92D, 0xA0D, 0xA0E, 0xA1C, 0xA1D, 0xA1E, 0xA2C,
    0xA2D, 0xB0D, 0xB0E, 0xB1D, 0xB1E, 0x91E, 0x92E, 0xA0E, 0xA0F, 0xA1D, 0xA1E, 0xA1F, 0xA2D, 0xA2E, 0xB0E, 0xB0F,
    0xB1E, 0xB1F, 0xA0F, 0xA1E, 0xA1F, 0xA2E, 0xA2F, 0xB0F, 0xB1F, 0x920, 0x921, 0xA10, 0xA20, 0xA21, 0xA31, 0xB10,
    0xB20, 0x921, 0xA10, 0xA11, 0xA20, 0xA21, 0xA22, 0xA31, 0xA32, 0xB11, 0xB20, 0xB21, 0x922, 0xA11, 0xA12, 0xA21,
    0xA22, 0xA23, 0xA32, 0xA33, 0xB11, 0xB12, 0xB21, 0xB22, 0x923, 0x933, 0xA12, 0xA13, 0xA22, 0xA23, 0xA24, 0xA33,
    0xA34, 0xB12, 0xB13, 0xB22, 0xB23, 0x924, 0x934, 0xA13, 0xA14, 0xA23, 0xA24, 0xA25, 0xA34, 0xA35, 0xB13, 0xB14,
    0xB23, 0xB24, 0x925, 0x935, 0xA14, 0xA15, 0xA24, 0xA25, 0xA26, 0xA35, 0xA36, 0xB05, 0xB14, 0xB15, 0xB24, 0xB25,
    0xB26, 0x926, 0x936, 0xA15, 0xA16, 0xA17, 0xA25, 0xA26, 0xA27, 0xA36, 0xA37, 0xB15, 0xB16, 0xB17, 0xB25, 0xB26,
    0xB27, 0x927, 0x937, 0xA16, 0xA17, 0xA18, 0xA26, 0xA27, 0xA28, 0xA37, 0xA38, 0xB17, 0xB18, 0xB26, 0xB27, 0xB28,
    0x928, 0xA17, 0xA18, 0xA19, 0xA27, 0xA28, 0xA29, 0xA38, 0xA39, 0xB18, 0xB19, 0xB27, 0xB28, 0xB29, 0x928, 0x929,
    0xA18, 0xA19, 0xA1A, 0xA28, 0xA29, 0xA2A, 0xA39, 0xA3A, 0xB19, 0xB1A, 0xB28, 0xB29, 0xB2A, 0x92A, 0xA19, 0xA1A,
    0xA1B, 0xA29, 0xA2A, 0xA2B, 0xA3A, 0xA3B, 0xB1A, 0xB1B, 0xB2A, 0xB2B, 0x92B, 0xA1A, 0xA1B, 0xA1C, 0xA2A, 0xA2B,
    0xA2C, 0xA3B, 0xB1B, 0xB2B, 0xB2C, 0x92C, 0x93C, 0xA1B, 0xA1C, 0xA1D, 0xA2B, 0xA2C, 0xA2D, 0xA3B, 0xA3C, 0xB1C,
    0xB2C, 0xB2D, 0x92D, 0x93D, 0xA1D, 0xA1E, 0xA2C, 0xA2D, 0xA2E, 0xA3C, 0xA3D, 0xB1D, 0xB2D, 0xB2E, 0x92E, 0x93E,
    0xA1E, 0xA1F, 0xA2D, 0xA2E, 0xA2F, 0xA3D, 0xA3E, 0xB1E, 0xB2E, 0xB2F, 0xA1F, 0xA2E, 0xA2F, 0xA3E, 0xA3F, 0xB1F,
    0xB2F, 0x930, 0x931, 0xA20, 0xA30, 0xA31, 0xA41, 0xB20, 0xB30, 0x931, 0x932, 0xA20, 0xA21, 0xA30, 0xA31, 0xA32,
    0xA41, 0xA42, 0xB20, 0xB21, 0xB30, 0xB31, 0x932, 0x933, 0xA21, 0xA22, 0xA31, 0xA32, 0xA33, 0xA42, 0xA43, 0xB21,
    0xB22, 0xB31, 0xB32, 0x933, 0x934, 0xA22, 0xA23, 0xA32, 0xA33, 0xA34, 0xA43, 0xA44, 0xB22, 0xB23, 0xB32, 0xB33,
    0x934, 0x935, 0x944, 0xA23, 0xA24, 0xA33, 0xA34, 0xA35, 0xA44, 0xA45, 0xB23, 0xB24, 0xB33, 0xB34, 0x935, 0x936,
    0x945, 0xA24, 0xA25, 0xA34, 0xA35, 0xA36, 0xA45, 0xA46, 0xB24, 0xB25, 0xB34, 0xB35, 0x936, 0x937, 0x946, 0xA25,
    0xA26, 0xA35, 0xA36, 0xA37, 0xA46, 0xA47, 0xB25, 0xB26, 0xB35, 0xB36, 0xB37, 0x937, 0x938, 0x947, 0xA26, 0xA27,
    0xA36, 0xA37, 0xA38, 0xA47, 0xA48, 0xB27, 0xB36, 0xB37, 0xB38, 0x938, 0x948, 0xA27, 0xA28, 0xA37, 0xA38, 0xA39,
    0xA48, 0xA49, 0xB28, 0xB37, 0xB38, 0xB39, 0x939, 0xA28, 0xA29, 0xA2A, 0xA38, 0xA39, 0xA3A, 0xA49, 0xA4A, 0xB28,
    0xB29, 0xB2A, 0xB38, 0xB39, 0xB3A, 0x939, 0x93A, 0xA29, 0xA2A, 0xA2B, 0xA39, 0xA3A, 0xA3B, 0xA4A, 0xA4B, 0xB2A,
    0xB2B, 0xB39, 0xB3A, 0xB3B, 0x93A, 0x93B, 0xA2A, 0xA2B, 0xA2C, 0xA3A, 0xA3B, 0xA3C, 0xA4B, 0xA4C, 0xB2B, 0xB2C,
    0xB3B, 0xB3C, 0x93B, 0x93C, 0xA2B, 0xA2C, 0xA2D, 0xA3B, 0xA3C, 0xA3D, 0xA4C, 0xB2C, 0xB2D, 0xB3C, 0xB3D, 0x93C,
    0x93D, 0xA2C, 0xA2D, 0xA2E, 0xA3C, 0xA3D, 0xA3E, 0xA4C, 0xA4D, 0xB2D, 0xB2E, 0xB3D, 0xB3E, 0x93D, 0x93E, 0x94E,
    0xA2E, 0xA2F, 0xA3D, 0xA3E, 0xA3F, 0xA4D, 0xA4E, 0xB2E, 0xB2F, 0xB3E, 0xB3F, 0x93E, 0x93F, 0xA2F, 0xA3E, 0xA3F,
    0xA4E, 0xA4F, 0xB2F, 0xB3F, 0x940, 0x941, 0xA30, 0xA40, 0xA41, 0xA51, 0xA52, 0xB30, 0xB40, 0x941, 0x942, 0xA30,
    0xA31, 0xA40, 0xA41, 0xA42, 0xA51, 0xA52, 0xB30, 0xB31, 0xB40, 0xB41, 0x942, 0x943, 0xA31, 0xA32, 0xA41, 0xA42,
    0xA43, 0xA52, 0xA53, 0xB31, 0xB32, 0xB40, 0xB41, 0xB42, 0x943, 0x944, 0xA32, 0xA33, 0xA42, 0xA43, 0xA44, 0xA53,
    0xA54, 0xB32, 0xB33, 0xB42, 0xB43, 0x944, 0x945, 0xA33, 0xA34, 0xA43, 0xA44, 0xA45, 0xA54, 0xA55, 0xB33, 0xB34,
    0xB43, 0xB44, 0x945, 0x946, 0x955, 0xA34, 0xA35, 0xA44, 0xA45, 0xA46, 0xA55, 0xA56, 0xB34, 0xB35, 0xB44, 0xB45,
    0x946, 0x947, 0x956, 0xA35, 0xA36, 0xA45, 0xA46, 0xA47, 0xA56, 0xA57, 0xB35, 0xB36, 0xB45, 0xB46, 0x947, 0x948,
    0x957, 0xA36, 0xA37, 0xA46, 0xA47, 0xA48, 0xA57, 0xA58, 0xB36, 0xB37, 0xB46, 0xB47, 0x948, 0x949, 0x958, 0xA37,
    0xA38, 0xA47, 0xA48, 0xA49, 0xA58, 0xA59, 0xB37, 0xB38, 0xB47, 0xB48, 0x949, 0x94A, 0x959, 0xA38, 0xA39, 0xA48,
    0xA49, 0xA4A, 0xA59, 0xA5A, 0xB38, 0xB39, 0xB48, 0xB49, 0xB4A, 0x94A, 0x94B, 0x95A, 0xA39, 0xA3A, 0xA49, 0xA4A,
    0xA4B, 0xA5A, 0xA5B, 0xB39, 0xB3A, 0xB49, 0xB4A, 0xB4B, 0x94B, 0xA3A, 0xA3B, 0xA3C, 0xA4A, 0xA4B, 0xA4C, 0xA5B,
    0xA5C, 0xB3B, 0xB3C, 0xB4A, 0xB4B, 0xB4C, 0x94B, 0x94C, 0xA3B, 0xA3C, 0xA3D, 0xA4B, 0xA4C, 0xA4D, 0xA5C, 0xA5D,
    0xB3C, 0xB3D, 0xB4B, 0xB4C, 0xB4D, 0x94C, 0x94D, 0xA3C, 0xA3D, 0xA3E, 0xA4C, 0xA4D, 0xA4E, 0xA5D, 0xA5E, 0xB3D,
    0xB3E, 0xB4D, 0xB4E, 0x94D, 0x94E, 0xA3E, 0xA3F, 0xA4D, 0xA4E, 0xA4F, 0xA5E, 0xA5F, 0xB3E, 0xB3F, 0xB4E, 0xB4F,
    0x94E, 0x94F, 0xA3F, 0xA4E, 0xA4F, 0xA5F, 0xB3F, 0xB4F, 0x951, 0xA40, 0xA50, 0xA51, 0xA61, 0xA62, 0xB40, 0xB50,
    0x951, 0x952, 0xA40, 0xA41, 0xA50, 0xA51, 0xA52, 0xA62, 0xB40, 0xB50, 0xB51, 0x952, 0x953, 0xA40, 0xA41, 0xA42,
    0xA50, 0xA51, 0xA52, 0xA53, 0xA62, 0xA63, 0xB40, 0xB41, 0xB42, 0xB50, 0xB51, 0xB52, 0x953, 0x954, 0xA42, 0xA43,
    0xA52, 0xA53, 0xA54, 0xA63, 0xA64, 0xB42, 0xB43, 0xB52, 0xB53, 0x954, 0x955, 0xA43, 0xA44, 0xA53, 0xA54, 0xA55,
    0xA64, 0xA65, 0xB43, 0xB44, 0xB53, 0xB54, 0x955, 0x956, 0xA44, 0xA45, 0xA54, 0xA55, 0xA56, 0xA65, 0xA66, 0xB44,
    0xB45, 0xB54, 0xB55, 0x956, 0x957, 0x966, 0xA45, 0xA46, 0xA55, 0xA56, 0xA57, 0xA66, 0xA67, 0xB45, 0xB46, 0xB55,
    0xB56, 0x957, 0x958, 0x967, 0xA46, 0xA47, 0xA56, 0xA57, 0xA58, 0xA67, 0xA68, 0xB46, 0xB47, 0xB56, 0xB57, 0x958,
    0x959, 0x968, 0xA47, 0xA48, 0xA57, 0xA58, 0xA59, 0xA68, 0xA69, 0xB47, 0xB48, 0xB57, 0xB58, 0x959, 0x95A, 0x969,
    0xA48, 0xA49, 0xA58, 0xA59, 0xA5A, 0xA69, 0xA6A, 0xB48, 0xB49, 0xB58, 0xB59, 0xB5A, 0x95A, 0x95B, 0x96A, 0xA49,
    0xA4A, 0xA59, 0xA5A, 0xA5B, 0xA6A, 0xA6B, 0xB49, 0xB4A, 0xB59, 0xB5A, 0x95B, 0x95C, 0x96B, 0xA4A, 0xA4B, 0xA5A,
    0xA5B, 0xA5C, 0xA6B, 0xA6C, 0xB4A, 0xB4B, 0xB5A, 0xB5B, 0x95C, 0x95D, 0x96C, 0xA4B, 0xA4C, 0xA5B, 0xA5C, 0xA5D,
    0xA6C, 0xA6D, 0xB4B, 0xB4C, 0xB5B, 0xB5C, 0x95D, 0xA4C, 0xA4D, 0xA4E, 0xA5C, 0xA5D, 0xA5E, 0xA6D, 0xA6E, 0xB4C,
    0xB4D, 0xB4E, 0xB5C, 0xB5D, 0xB5E, 0x95E, 0xA4D, 0xA4E, 0xA4F, 0xA5D, 0xA5E, 0xA5F, 0xA6E, 0xA6F, 0xB4E, 0xB4F,
    0xB5D, 0xB5E, 0xB5F, 0x95E, 0x95F, 0xA4F, 0xA5E, 0xA5F, 0xA6F, 0xB4F, 0xB5F, 0x961, 0x962, 0x972, 0xA50, 0xA60,
    0xA61, 0xA62, 0xA71, 0xA72, 0xB50, 0xB60, 0x961, 0x962, 0xA50, 0xA51, 0xA60, 0xA61, 0xA62, 0xA72, 0xB50, 0xB60,
    0xB61, 0x962, 0x963, 0xA50, 0xA51, 0xA52, 0xA60, 0xA61, 0xA62, 0xA63, 0xA72, 0xA73, 0xB50, 0xB51, 0xB52, 0xB60,
    0xB61, 0xB62, 0x963, 0x964, 0xA52, 0xA53, 0xA62, 0xA63, 0xA64, 0xA73, 0xA74, 0xB52, 0xB53, 0xB62, 0xB63, 0x964,
    0x965, 0xA53, 0xA54, 0xA63, 0xA64, 0xA65, 0xA74, 0xA75, 0xB53, 0xB54, 0xB63, 0xB64, 0x965, 0x966, 0xA54, 0xA55,
    0xA64, 0xA65, 0xA66, 0xA75, 0xA76, 0xB54, 0xB55, 0xB64, 0xB65, 0x966, 0x967, 0x976, 0xA55, 0xA56, 0xA65, 0xA66,
    0xA67, 0xA76, 0xA77, 0xB55, 0xB56, 0xB65, 0xB66, 0x967, 0x968, 0x977, 0xA56, 0xA57, 0xA66, 0xA67, 0xA68, 0xA77,
    0xA78, 0xB56, 0xB57, 0xB66, 0xB67, 0x968, 0x969, 0x978, 0xA57, 0xA58, 0xA67, 0xA68, 0xA69, 0xA78, 0xA79, 0xB57,
    0xB58, 0xB67, 0xB68, 0x969, 0x96A, 0x979, 0xA58, 0xA59, 0xA68, 0xA69, 0xA6A, 0xA79, 0xA7A, 0xB58, 0xB59, 0xB68,
    0xB69, 0x96A, 0x96B, 0x97A, 0xA59, 0xA5A, 0xA69, 0xA6A, 0xA6B, 0xA7A, 0xA7B, 0xB59, 0xB5A, 0xB69, 0xB6A, 0x96B,
    0x96C, 0x97B, 0xA5A, 0xA5B, 0xA6A, 0xA6B, 0xA6C, 0xA7B, 0xA7C, 0xB5A, 0xB5B, 0xB6A, 0xB6B, 0x96C, 0x96D, 0x97C,
    0xA5B, 0xA5C, 0xA6B, 0xA6C, 0xA6D, 0xA7C, 0xA7D, 0xB5B, 0xB5C, 0xB6B, 0xB6C, 0x96D, 0x96E, 0x97D, 0xA5C, 0xA5D,
    0xA6C, 0xA6D, 0xA6E, 0xA7D, 0xA7E, 0xB5C, 0xB5D, 0xB6C, 0xB6D, 0x96E, 0x96F, 0x97E, 0xA5D, 0xA5E, 0xA5F, 0xA6D,
    0xA6E, 0xA6F, 0xA7E, 0xA7F, 0xB5E, 0xB6D, 0xB6E, 0xB6F, 0x96F, 0x97F, 0xA5E, 0xA5F, 0xA6E, 0xA6F, 0xA7F, 0xB5F,
    0xB6E, 0xB6F, 0x971, 0x972, 0x982, 0xA60, 0xA70, 0xA71, 0xA72, 0xA81, 0xA82, 0xB70, 0x971, 0x972, 0x982, 0xA60,
    0xA70, 0xA71, 0xA72, 0xA82, 0xB60, 0xB70, 0xB71, 0x972, 0x973, 0xA60, 0xA61, 0xA62, 0xA70, 0xA71, 0xA72, 0xA73,
    0xA82, 0xA83, 0xB60, 0xB61, 0xB70, 0xB71, 0xB72, 0x973, 0x974, 0xA62, 0xA63, 0xA71, 0xA72, 0xA73, 0xA74, 0xA83,
    0xA84, 0xB62, 0xB71, 0xB72, 0xB73, 0x974, 0x975, 0xA63, 0xA64, 0xA73, 0xA74, 0xA75, 0xA84, 0xA85, 0xB63, 0xB64,
    0xB73, 0xB74, 0x975, 0x976, 0xA64, 0xA65, 0xA74, 0xA75, 0xA76, 0xA85, 0xA86, 0xB65, 0xB74, 0xB75, 0x976, 0x977,
    0xA65, 0xA66, 0xA75, 0xA76, 0xA77, 0xA86, 0xA87, 0xB66, 0xB75, 0xB76, 0x977, 0x978, 0x987, 0xA66, 0xA67, 0xA76,
    0xA77, 0xA78, 0xA87, 0xA88, 0xB67, 0xB76, 0xB77, 0x978, 0x979, 0x988, 0xA67, 0xA68, 0xA77, 0xA78, 0xA79, 0xA88,
    0xA89, 0xB68, 0xB77, 0xB78, 0x979, 0x97A, 0x989, 0xA68, 0xA69, 0xA78, 0xA79, 0xA7A, 0xA89, 0xA8A, 0xB69, 0xB78,
    0xB79, 0x97A, 0x97B, 0x98A, 0xA69, 0xA6A, 0xA79, 0xA7A, 0xA7B, 0xA8A, 0xA8B, 0xB6A, 0xB79, 0xB7A, 0x97B, 0x97C,
    0x98B, 0xA6A, 0xA6B, 0xA7A, 0xA7B, 0xA7C, 0xA8B, 0xA8C, 0xB6B, 0xB7A, 0xB7B, 0x97C, 0x97D, 0x98C, 0xA6B, 0xA6C,
    0xA7B, 0xA7C, 0xA7D, 0xA8C, 0xA8D, 0xB6C, 0xB7B, 0xB7C, 0x97D, 0x97E, 0x98D, 0xA6C, 0xA6D, 0xA7C, 0xA7D, 0xA7E,
    0xA8D, 0xA8E, 0xB6D, 0xB7C, 0xB7D, 0x97E, 0x97F, 0x98E, 0xA6D, 0xA6E, 0xA7D, 0xA7E, 0xA7F, 0xA8E, 0xA8F, 0xB6E,
    0xB7D, 0xB7E, 0x97F, 0x98F, 0xA6E, 0xA6F, 0xA7E, 0xA7F, 0xA8F, 0xB7E, 0xB7F, 0x981, 0x982, 0x992, 0xA70, 0xA80,
    0xA81, 0xA82, 0xA92, 0xB80, 0x981, 0x982, 0x992, 0xA70, 0xA80, 0xA81, 0xA82, 0xA92, 0xA93, 0xB70, 0xB80, 0xB81,
    0x982, 0x983, 0xA70, 0xA71, 0xA72, 0xA80, 0xA81, 0xA82, 0xA83, 0xA92, 0xA93, 0xB70, 0xB80, 0xB81, 0xB82, 0x983,
    0x984, 0xA71, 0xA72, 0xA73, 0xA81, 0xA82, 0xA83, 0xA84, 0xA93, 0xA94, 0xB72, 0xB81, 0xB82, 0xB83, 0x984, 0x985,
    0xA73, 0xA74, 0xA83, 0xA84, 0xA85, 0xA94, 0xA95, 0xB73, 0xB83, 0xB84, 0x985, 0x986, 0xA74, 0xA75, 0xA84, 0xA85,
    0xA86, 0xA95, 0xA96, 0xB74, 0xB75, 0xB84, 0xB85, 0x986, 0x987, 0xA75, 0xA76, 0xA85, 0xA86, 0xA87, 0xA96, 0xA97,
    0xB76, 0xB85, 0xB86, 0x987, 0x988, 0x997, 0xA76, 0xA77, 0xA86, 0xA87, 0xA88, 0xA97, 0xA98, 0xB77, 0xB86, 0xB87,
    0x988, 0x989, 0x998, 0xA77, 0xA78, 0xA87, 0xA88, 0xA89, 0xA98, 0xA99, 0xB78, 0xB87, 0xB88, 0x989, 0x98A, 0x999,
    0xA78, 0xA79, 0xA88, 0xA89, 0xA8A, 0xA99, 0xA9A, 0xB79, 0xB88, 0xB89, 0x98A, 0x98B, 0x99A, 0xA79, 0xA7A, 0xA89,
    0xA8A, 0xA8B, 0xA9A, 0xA9B, 0xB7A, 0xB89, 0xB8A, 0x98B, 0x98C, 0x99B, 0xA7A, 0xA7B, 0xA8A, 0xA8B, 0xA8C, 0xA9B,
    0xA9C, 0xB7B, 0xB8A, 0xB8B, 0x98C, 0x98D, 0x99C, 0xA7B, 0xA7C, 0xA8B, 0xA8C, 0xA8D, 0xA9C, 0xA9D, 0xB7C, 0xB8B,
    0xB8C, 0x98D, 0x98E, 0x99D, 0xA7C, 0xA7D, 0xA8C, 0xA8D, 0xA8E, 0xA9D, 0xA9E, 0xB7D, 0xB8C, 0xB8D, 0x98E, 0x98F,
    0x99E, 0xA7D, 0xA7E, 0xA8D, 0xA8E, 0xA8F, 0xA9E, 0xA9F, 0xB7E, 0xB8D, 0xB8E, 0x98F, 0x99F, 0xA7E, 0xA7F, 0xA8E,
    0xA8F, 0xA9F, 0xB8E, 0xB8F, 0x991, 0x992, 0x9A2, 0xA80, 0xA90, 0xA91, 0xA92, 0xAA1, 0xAA2, 0xB90, 0x991, 0x992,
    0x993, 0x9A2, 0xA80, 0xA90, 0xA91, 0xA92, 0xA93, 0xAA2, 0xAA3, 0xB80, 0xB90, 0xB91, 0x992, 0x993, 0xA80, 0xA81,
    0xA82, 0xA90, 0xA91, 0xA92, 0xA93, 0xAA2, 0xAA3, 0xB80, 0xB81, 0xB90, 0xB91, 0xB92, 0x993, 0x994, 0x9A4, 0xA81,
    0xA82, 0xA83, 0xA91, 0xA92, 0xA93, 0xA94, 0xAA3, 0xAA4, 0xB81, 0xB82, 0xB91, 0xB92, 0xB93, 0x994, 0x995, 0x9A5,
    0xA83, 0xA84, 0xA93, 0xA94, 0xA95, 0xAA4, 0xAA5, 0xB83, 0xB93, 0xB94, 0x995, 0x996, 0x9A6, 0xA84, 0xA85, 0xA94,
    0xA95, 0xA96, 0xAA5, 0xAA6, 0xB84, 0xB94, 0xB95, 0x996, 0x997, 0xA85, 0xA86, 0xA95, 0xA96, 0xA97, 0xAA6, 0xAA7,
    0xB86, 0xB95, 0xB96, 0x997, 0x998, 0x9A7, 0xA86, 0xA87, 0xA96, 0xA97, 0xA98, 0xAA7, 0xAA8, 0xB87, 0xB96, 0xB97,
    0x998, 0x999, 0x9A8, 0xA87, 0xA88, 0xA97, 0xA98, 0xA99, 0xAA8, 0xAA9, 0xB88, 0xB97, 0xB98, 0x999, 0x99A, 0x9A9,
    0xA88, 0xA89, 0xA98, 0xA99, 0xA9A, 0xAA9, 0xAAA, 0xB89, 0xB98, 0xB99, 0x99A, 0x99B, 0x9AA, 0xA89, 0xA8A, 0xA99,
    0xA9A, 0xA9B, 0xAAA, 0xAAB, 0xB8A, 0xB99, 0xB9A, 0x99B, 0x99C, 0x9AB, 0xA8A, 0xA8B, 0xA9A, 0xA9B, 0xA9C, 0xAAB,
    0xAAC, 0xB8B, 0xB9A, 0xB9B, 0x99C, 0x99D, 0x9AC, 0xA8B, 0xA8C, 0xA9B, 0xA9C, 0xA9D, 0xAAC, 0xAAD, 0xB8C, 0xB9B,
    0xB9C, 0x99D, 0x99E, 0x9AD, 0xA8C, 0xA8D, 0xA9C, 0xA9D, 0xA9E, 0xAAD, 0xAAE, 0xB8D, 0xB9C, 0xB9D, 0x99E, 0x99F,
    0x9AE, 0xA8D, 0xA8E, 0xA9D, 0xA9E, 0xA9F, 0xAAE, 0xAAF, 0xB8E, 0xB9D, 0xB9E, 0x99F, 0x9AF, 0xA8E, 0xA8F, 0xA9E,
    0xA9F, 0xAAF, 0xB9E, 0xB9F, 0x9A1, 0x9A2, 0x9B2, 0xA90, 0xAA0, 0xAA1, 0xAA2, 0xAB2, 0xBA0, 0x9A1, 0x9A2, 0x9A3,
    0x9B2, 0xA90, 0xAA0, 0xAA1, 0xAA2, 0xAA3, 0xAB2, 0xAB3, 0xBA0, 0xBA1, 0x9A2, 0x9A3, 0xA90, 0xA91, 0xAA0, 0xAA1,
    0xAA2, 0xAA3, 0xAB2, 0xAB3, 0xBA0, 0xBA1, 0xBA2, 0x9A3, 0x9A4, 0xA91, 0xA92, 0xA93, 0xAA1, 0xAA2, 0xAA3, 0xAA4,
    0xAB3, 0xAB4, 0xBA1, 0xBA2, 0xBA3, 0x9A4, 0x9A5, 0x9B5, 0xA93, 0xA94, 0xAA3, 0xAA4, 0xAA5, 0xAB4, 0xAB5, 0xB93,
    0xBA3, 0xBA4, 0x9A5, 0x9A6, 0x9B6, 0xA94, 0xA95, 0xAA4, 0xAA5, 0xAA6, 0xAB5, 0xAB6, 0xB94, 0xBA4, 0xBA5, 0x9A6,
    0x9A7, 0xA95, 0xA96, 0xAA5, 0xAA6, 0xAA7, 0xAB6, 0xAB7, 0xBA5, 0xBA6, 0x9A7, 0x9A8, 0xA96, 0xA97, 0xAA6, 0xAA7,
    0xAA8, 0xAB7, 0xAB8, 0xBA6, 0xBA7, 0x9A8, 0x9A9, 0x9B8, 0xA97, 0xA98, 0xAA7, 0xAA8, 0xAA9, 0xAB8, 0xAB9, 0xB98,
    0xBA7, 0xBA8, 0x9A9, 0x9AA, 0x9B9, 0xA98, 0xA99, 0xAA8, 0xAA9, 0xAAA, 0xAB9, 0xABA, 0xB99, 0xBA8, 0xBA9, 0x9AA,
    0x9AB, 0x9BA, 0xA99, 0xA9A, 0xAA9, 0xAAA, 0xAAB, 0xABA, 0xABB, 0xB9A, 0xBA9, 0xBAA, 0x9AB, 0x9AC, 0x9BB, 0xA9A,
    0xA9B, 0xAAA, 0xAAB, 0xAAC, 0xABB, 0xABC, 0xB9B, 0xBAA, 0xBAB, 0x9AC, 0x9AD, 0x9BC, 0xA9B, 0xA9C, 0xAAB, 0xAAC,
    0xAAD, 0xABC, 0xABD, 0xB9C, 0xBAB, 0xBAC, 0x9AD, 0x9AE, 0x9BD, 0xA9C, 0xA9D, 0xAAC, 0xAAD, 0xAAE, 0xABD, 0xABE,
    0xB9D, 0xBAC, 0xBAD, 0x9AE, 0x9AF, 0x9BE, 0xA9D, 0xA9E, 0xAAD, 0xAAE, 0xAAF, 0xABE, 0xABF, 0xB9E, 0xBAD, 0xBAE,
    0x9AF, 0x9BF, 0xA9E, 0xA9F, 0xAAE, 0xAAF, 0xABF, 0xBAE, 0xBAF, 0x9B1, 0x9B2, 0x9C2, 0xAA0, 0xAB0, 0xAB1, 0xAB2,
    0xAC2, 0xBB0, 0x9B1, 0x9B2, 0x9B3, 0x9C2, 0xAA0, 0xAB0, 0xAB1, 0xAB2, 0xAB3, 0xAC2, 0xAC3, 0xBB0, 0x9B2, 0x9B3,
    0xAA0, 0xAA1, 0xAB0, 0xAB1, 0xAB2, 0xAB3, 0xAC3, 0xBB0, 0xBB1, 0xBB2, 0x9B3, 0x9B4, 0xAA1, 0xAA2, 0xAA3, 0xAB1,
    0xAB2, 0xAB3, 0xAB4, 0xAC3, 0xAC4, 0xBB1, 0xBB2, 0xBB3, 0x9B4, 0x9B5, 0x9C5, 0xAA3, 0xAA4, 0xAB3, 0xAB4, 0xAB5,
    0xAC4, 0xAC5, 0xBA3, 0xBB2, 0xBB3, 0xBB4, 0x9B5, 0x9B6, 0x9C6, 0xAA4, 0xAA5, 0xAB4, 0xAB5, 0xAB6, 0xAC5, 0xAC6,
    0xBA4, 0xBB4, 0xBB5, 0x9B6, 0x9B7, 0xAA5, 0xAA6, 0xAB5, 0xAB6, 0xAB7, 0xAC6, 0xAC7, 0xBB5, 0xBB6, 0x9B7, 0x9B8,
    0xAA6, 0xAA7, 0xAB6, 0xAB7, 0xAB8, 0xAC7, 0xAC8, 0xBB6, 0xBB7, 0x9B8, 0x9B9, 0xAA7, 0xAA8, 0xAB7, 0xAB8, 0xAB9,
    0xAC8, 0xAC9, 0xBA8, 0xBB7, 0xBB8, 0x9B9, 0x9BA, 0x9C9, 0xAA8, 0xAA9, 0xAB8, 0xAB9, 0xABA, 0xAC9, 0xACA, 0xBA9,
    0xBB8, 0xBB9, 0x9BA, 0x9BB, 0x9CA, 0xAA9, 0xAAA, 0xAB9, 0xABA, 0xABB, 0xACA, 0xACB, 0xBAA, 0xBB9, 0xBBA, 0x9BB,
    0x9BC, 0x9CB, 0xAAA, 0xAAB, 0xABA, 0xABB, 0xABC, 0xACB, 0xACC, 0xBAB, 0xBBA, 0xBBB, 0x9BC, 0x9BD, 0x9CC, 0xAAB,
    0xAAC, 0xABB, 0xABC, 0xABD, 0xACC, 0xACD, 0xBAC, 0xBBB, 0xBBC, 0x9BD, 0x9BE, 0x9CD, 0xAAC, 0xAAD, 0xABC, 0xABD,
    0xABE, 0xACD, 0xACE, 0xBAD, 0xBBC, 0xBBD, 0x9BE, 0x9BF, 0x9CE, 0xAAD, 0xAAE, 0xABD, 0xABE, 0xABF, 0xACE, 0xACF,
    0xBAE, 0xBBD, 0xBBE, 0x9BF, 0x9CF, 0xAAE, 0xAAF, 0xABE, 0xABF, 0xACF, 0xBBE, 0xBBF, 0x9C1, 0x9C2, 0x9D2, 0xAB0,
    0xAC0, 0xAC1, 0xAC2, 0xAD2, 0xBC0, 0x9C1, 0x9C2, 0x9C3, 0x9D2, 0xAB0, 0xAC0, 0xAC1, 0xAC2, 0xAC3, 0xAD2, 0xAD3,
    0xBC0, 0x9C2, 0x9C3, 0xAB0, 0xAB1, 0xAC0, 0xAC1, 0xAC2, 0xAC3, 0xAD3, 0xBC0, 0xBC1, 0xBC2, 0x9C3, 0x9C4, 0xAB1,
    0xAB2, 0xAB3, 0xAC1, 0xAC2, 0xAC3, 0xAC4, 0xAD3, 0xAD4, 0xBC0, 0xBC1, 0xBC2, 0xBC3, 0x9C4, 0x9C5, 0xAB3, 0xAB4,
    0xAC2, 0xAC3, 0xAC4, 0xAC5, 0xAD4, 0xAD5, 0xBB3, 0xBC2, 0xBC3, 0xBC4, 0x9C5, 0x9C6, 0xAB4, 0xAB5, 0xAC4, 0xAC5,
    0xAC6, 0xAD5, 0xAD6, 0xBB4, 0xBC4, 0xBC5, 0x9C6, 0x9C7, 0xAB5, 0xAB6, 0xAC5, 0xAC6, 0xAC7, 0xAD6, 0xAD7, 0xBB5,
    0xBC5, 0xBC6, 0x9C7, 0x9C8, 0xAB6, 0xAB7, 0xAC6, 0xAC7, 0xAC8, 0xAD7, 0xAD8, 0xBC6, 0xBC7, 0x9C8, 0x9C9, 0xAB7,
    0xAB8, 0xAC7, 0xAC8, 0xAC9, 0xAD8, 0xAD9, 0xBB8, 0xBC7, 0xBC8, 0x9C9, 0x9CA, 0xAB8, 0xAB9, 0xAC8, 0xAC9, 0xACA,
    0xAD9, 0xADA, 0xBB9, 0xBC8, 0xBC9, 0x9CA, 0x9CB, 0x9DA, 0xAB9, 0xABA, 0xAC9, 0xACA, 0xACB, 0xADA, 0xADB, 0xBBA,
    0xBC9, 0xBCA, 0x9CB, 0x9CC, 0x9DB, 0xABA, 0xABB, 0xACA, 0xACB, 0xACC, 0xADB, 0xADC, 0xBBB, 0xBCA, 0xBCB, 0x9CC,
    0x9CD, 0x9DC, 0xABB, 0xABC, 0xACB, 0xACC, 0xACD, 0xADC, 0xADD, 0xBBC, 0xBCB, 0xBCC, 0x9CD, 0x9CE, 0x9DD, 0xABC,
    0xABD, 0xACC, 0xACD, 0xACE, 0xADD, 0xADE, 0xBBD, 0xBCC, 0xBCD, 0x9CE, 0x9CF, 0x9DE, 0xABD, 0xABE, 0xACD, 0xACE,
    0xACF, 0xADE, 0xADF, 0xBBE, 0xBCD, 0xBCE, 0x9CF, 0x9DF, 0xABE, 0xABF, 0xACE, 0xACF, 0xADF, 0xBCE, 0xBCF, 0x9D1,
    0x9D2, 0x9E2, 0x9E3, 0xAC0, 0xAD0, 0xAD1, 0xAD2, 0xAE2, 0xAE3, 0xBD0, 0x9D1, 0x9D2, 0x9D3, 0x9E2, 0x9E3, 0xAC0,
    0xAD0, 0xAD1, 0xAD2, 0xAD3, 0xAE2, 0xAE3, 0xBD0, 0x9D2, 0x9D3, 0x9D4, 0x9E3, 0xAC0, 0xAC1, 0xAD0, 0xAD1, 0xAD2,
    0xAD3, 0xAE3, 0xAE4, 0xBC0, 0xBC1, 0xBD0, 0xBD1, 0xBD2, 0x9D3, 0x9D4, 0x9E4, 0xAC1, 0xAC2, 0xAC3, 0xAD1, 0xAD2,
    0xAD3, 0xAD4, 0xAE3, 0xAE4, 0xBC1, 0xBD0, 0xBD1, 0xBD2, 0xBD3, 0x9D4, 0x9D5, 0x9E5, 0xAC2, 0xAC3, 0xAC4, 0xAD2,
    0xAD3, 0xAD4, 0xAD5, 0xAE4, 0xAE5, 0xBC3, 0xBD2, 0xBD3, 0xBD4, 0x9D5, 0x9D6, 0x9E5, 0x9E6, 0xAC4, 0xAC5, 0xAD4,
    0xAD5, 0xAD6, 0xAE5, 0xAE6, 0xBC4, 0xBD4, 0xBD5, 0x9D6, 0x9D7, 0x9E7, 0xAC5, 0xAC6, 0xAD5, 0xAD6, 0xAD7, 0xAE6,
    0xAE7, 0xBC5, 0xBD5, 0xBD6, 0x9D7, 0x9D8, 0x9E8, 0xAC6, 0xAC7, 0xAD6, 0xAD7, 0xAD8, 0xAE7, 0xAE8, 0xBC6, 0xBD6,
    0xBD7, 0x9D8, 0x9D9, 0xAC7, 0xAC8, 0xAD7, 0xAD8, 0xAD9, 0xAE8, 0xAE9, 0xBC8, 0xBD7, 0xBD8, 0x9D9, 0x9DA, 0x9E9,
    0xAC8, 0xAC9, 0xAD8, 0xAD9, 0xADA, 0xAE9, 0xAEA, 0xBC9, 0xBD8, 0xBD9, 0x9DA, 0x9DB, 0x9EA, 0xAC9, 0xACA, 0xAD9,
    0xADA, 0xADB, 0xAEA, 0xAEB, 0xBCA, 0xBD9, 0xBDA, 0x9DB, 0x9DC, 0x9EB, 0xACA, 0xACB, 0xADA, 0xADB, 0xADC, 0xAEB,
    0xAEC, 0xBCB, 0xBDA, 0xBDB, 0x9DC, 0x9DD, 0x9EC, 0xACB, 0xACC, 0xADB, 0xADC, 0xADD, 0xAEC, 0xAED, 0xBCC, 0xBDB,
    0xBDC, 0x9DD, 0x9DE, 0x9ED, 0xACC, 0xACD, 0xADC, 0xADD, 0xADE, 0xAED, 0xAEE, 0xBCD, 0xBDC, 0xBDD, 0x9DE, 0x9DF,
    0x9EE, 0xACD, 0xACE, 0xADD, 0xADE, 0xADF, 0xAEE, 0xAEF, 0xBCE, 0xBDD, 0xBDE, 0x9DF, 0x9EF, 0xACE, 0xACF, 0xADE,
    0xADF, 0xAEF, 0xBDE, 0xBDF, 0x9E1, 0x9E2, 0x9E3, 0x9F2, 0x9F3, 0xAE0, 0xAE1, 0xAE2, 0xAF2, 0xAF3, 0xBE0, 0x9E1,
    0x9E2, 0x9E3, 0x9F2, 0x9F3, 0xAD0, 0xAE0, 0xAE1, 0xAE2, 0xAE3, 0xAF2, 0xAF3, 0xBE0, 0x9E2, 0x9E3, 0x9E4, 0x9F3,
    0xAD0, 0xAD1, 0xAE0, 0xAE1, 0xAE2, 0xAE3, 0xAE4, 0xAF3, 0xAF4, 0xBE0, 0xBE1, 0xBE2, 0x9E3, 0x9E4, 0xAD1, 0xAD2,
    0xAD3, 0xAE0, 0xAE1, 0xAE2, 0xAE3, 0xAE4, 0xAF3, 0xAF4, 0xBE0, 0xBE1, 0xBE2, 0xBE3, 0x9E4, 0x9E5, 0x9F5, 0xAD2,
    0xAD3, 0xAD4, 0xAE2, 0xAE3, 0xAE4, 0xAE5, 0xAF4, 0xAF5, 0xBE2, 0xBE3, 0xBE4, 0x9E5, 0x9E6, 0x9F6, 0xAD4, 0xAD5,
    0xAE4, 0xAE5, 0xAE6, 0xAF5, 0xAF6, 0xBE4, 0xBE5, 0x9E6, 0x9E7, 0x9F7, 0xAD5, 0xAD6, 0xAE5, 0xAE6, 0xAE7, 0xAF6,
    0xAF7, 0xBE5, 0xBE6, 0x9E7, 0x9E8, 0xAD6, 0xAD7, 0xAE6, 0xAE7, 0xAE8, 0xAF7, 0xAF8, 0xBE6, 0xBE7, 0x9E8, 0x9E9,
    0xAD7, 0xAD8, 0xAE7, 0xAE8, 0xAE9, 0xAF8, 0xAF9, 0xBE7, 0xBE8, 0x9E9, 0x9EA, 0x9F9, 0xAD8, 0xAD9, 0xAE8, 0xAE9,
    0xAEA, 0xAF9, 0xAFA, 0xBE8, 0xBE9, 0x9EA, 0x9EB, 0x9FA, 0xAD9, 0xADA, 0xAE9, 0xAEA, 0xAEB, 0xAFA, 0xAFB, 0xBE9,
    0xBEA, 0x9EB, 0x9EC, 0x9FB, 0xADA, 0xADB, 0xAEA, 0xAEB, 0xAEC, 0xAFB, 0xAFC, 0xBDB, 0xBEA, 0xBEB, 0x9EC, 0x9ED,
    0x9FC, 0xADB, 0xADC, 0xAEB, 0xAEC, 0xAED, 0xAFC, 0xAFD, 0xBDC, 0xBEB, 0xBEC, 0x9ED, 0x9EE, 0x9FD, 0xADC, 0xADD,
    0xAEC, 0xAED, 0xAEE, 0xAFD, 0xAFE, 0xBDD, 0xBEC, 0xBED, 0x9EE, 0x9EF, 0x9FE, 0xADD, 0xADE, 0xAED, 0xAEE, 0xAEF,
    0xAFE, 0xAFF, 0xBDE, 0xBED, 0xBEE, 0x9EF, 0x9FF, 0xADE, 0xADF, 0xAEE, 0xAEF, 0xAFF, 0xBEE, 0xBEF, 0x9F1, 0x9F2,
    0x9F3, 0xAF0, 0xAF1, 0xAF2, 0xAF3, 0x9F1, 0x9F2, 0x9F3, 0xAE0, 0xAF0, 0xAF1, 0xAF2, 0xAF3, 0x9F2, 0x9F3, 0x9F4,
    0xAE0, 0xAE1, 0xAF1, 0xAF2, 0xAF3, 0xAF4, 0x9F3, 0x9F4, 0xAE1, 0xAE2, 0xAE3, 0xAF2, 0xAF3, 0xAF4, 0xBF3, 0x9F4,
    0x9F5, 0xAE2, 0xAE3, 0xAE4, 0xAF3, 0xAF4, 0xAF5, 0xBF4, 0x9F5, 0x9F6, 0xAE4, 0xAE5, 0xAF4, 0xAF5, 0xAF6, 0xBE4,
    0xBF5, 0x9F6, 0x9F7, 0xAE5, 0xAE6, 0xAF5, 0xAF6, 0xAF7, 0xBE5, 0xBF6, 0x9F7, 0x9F8, 0xAE6, 0xAE7, 0xAF6, 0xAF7,
    0xAF8, 0xBF7, 0x9F8, 0x9F9, 0xAE7, 0xAE8, 0xAF7, 0xAF8, 0xAF9, 0xBF8, 0x9F9, 0x9FA, 0xAE8, 0xAE9, 0xAF8, 0xAF9,
    0xAFA, 0xBF9, 0x9FA, 0x9FB, 0xAE9, 0xAEA, 0xAF9, 0xAFA, 0xAFB, 0xBEA, 0xBFA, 0x9FB, 0x9FC, 0xAEA, 0xAEB, 0xAFA,
    0xAFB, 0xAFC, 0xBEB, 0xBFB, 0x9FC, 0x9FD, 0xAEB, 0xAEC, 0xAFB, 0xAFC, 0xAFD, 0xBEC, 0xBFC, 0x9FD, 0x9FE, 0xAEC,
    0xAED, 0xAFC, 0xAFD, 0xAFE, 0xBED, 0xBFD, 0x9FE, 0x9FF, 0xAED, 0xAEE, 0xAFD, 0xAFE, 0xAFF, 0xBEE, 0xBFE, 0x9FF,
    0xAEE, 0xAEF, 0xAFE, 0xAFF, 0xA10, 0xA11, 0xB00, 0xB10, 0xB11, 0xA11, 0xA12, 0xB00, 0xB01, 0xB11, 0xB12, 0xC01,
    0xA12, 0xA13, 0xB01, 0xB02, 0xB03, 0xB12, 0xB13, 0xC02, 0xA03, 0xA13, 0xA14, 0xB02, 0xB03, 0xB04, 0xB13, 0xB14,
    0xA04, 0xA14, 0xB03, 0xB04, 0xB05, 0xB14, 0xB15, 0xA05, 0xA15, 0xB04, 0xB05, 0xB06, 0xB14, 0xB15, 0xC05, 0xA06,
    0xA16, 0xB05, 0xB06, 0xB07, 0xB15, 0xB16, 0xB17, 0xC06, 0xA07, 0xA17, 0xB06, 0xB07, 0xB08, 0xB16, 0xB17, 0xB18,
    0xC07, 0xA08, 0xA18, 0xB07, 0xB08, 0xB09, 0xB17, 0xB18, 0xC08, 0xA19, 0xB08, 0xB09, 0xB0A, 0xB18, 0xB19, 0xB1A,
    0xC09, 0xA1A, 0xB09, 0xB0A, 0xB0B, 0xB19, 0xB1A, 0xC0A, 0xA1B, 0xB0A, 0xB0B, 0xB0C, 0xB1A, 0xB1B, 0xC0B, 0xA1C,
    0xB0B, 0xB0C, 0xB0D, 0xB1B, 0xB1C, 0xC0C, 0xA1D, 0xB0C, 0xB0D, 0xB0E, 0xB1C, 0xB1D, 0xC0D, 0xA1E, 0xB0D, 0xB0E,
    0xB0F, 0xB1D, 0xB1E, 0xC0E, 0xB0E, 0xB0F, 0xB1E, 0xB1F, 0xC0F, 0xB00, 0xB10, 0xB11, 0xB20, 0xB21, 0xC00, 0xB00,
    0xB01, 0xB10, 0xB11, 0xB12, 0xB21, 0xB22, 0xC00, 0xC01, 0xC11, 0xA22, 0xB01, 0xB02, 0xB11, 0xB12, 0xB13, 0xB22,
    0xB23, 0xC01, 0xC02, 0xC12, 0xA23, 0xB02, 0xB03, 0xB12, 0xB13, 0xB14, 0xB23, 0xB24, 0xC02, 0xC03, 0xC13, 0xA24,
    0xB03, 0xB04, 0xB05, 0xB13, 0xB14, 0xB24, 0xB25, 0xC03, 0xC04, 0xC14, 0xA15, 0xA25, 0xB04, 0xB05, 0xB06, 0xB14,
    0xB15, 0xB25, 0xB26, 0xC04, 0xC05, 0xC15, 0xA16, 0xB05, 0xB06, 0xB07, 0xB15, 0xB16, 0xB17, 0xB26, 0xB27, 0xC05,
    0xC06, 0xC17, 0xA17, 0xB06, 0xB07, 0xB08, 0xB16, 0xB17, 0xB18, 0xB27, 0xB28, 0xC07, 0xC17, 0xC18, 0xA18, 0xA28,
    0xB07, 0xB08, 0xB09, 0xB17, 0xB18, 0xB19, 0xB28, 0xC08, 0xC18, 0xC19, 0xA19, 0xA29, 0xB08, 0xB09, 0xB0A, 0xB18,
    0xB19, 0xB1A, 0xB28, 0xB29, 0xC09, 0xC19, 0xC1A, 0xA1A, 0xA2A, 0xB0A, 0xB0B, 0xB19, 0xB1A, 0xB1B, 0xB29, 0xB2A,
    0xC0A, 0xC1A, 0xC1B, 0xA1B, 0xA2B, 0xB0A, 0xB0B, 0xB0C, 0xB1A, 0xB1B, 0xB1C, 0xB2A, 0xB2B, 0xC0B, 0xC1B, 0xC1C,
    0xA1C, 0xA2C, 0xB0B, 0xB0C, 0xB0D, 0xB1B, 0xB1C, 0xB1D, 0xB2B, 0xB2C, 0xC0C, 0xC1C, 0xC1D, 0xA1D, 0xA2D, 0xB0C,
    0xB0D, 0xB0E, 0xB1C, 0xB1D, 0xB1E, 0xB2C, 0xB2D, 0xC0D, 0xC0E, 0xC1D, 0xC1E, 0xA1E, 0xA2E, 0xB0E, 0xB0F, 0xB1D,
    0xB1E, 0xB1F, 0xB2D, 0xB2E, 0xC0E, 0xC0F, 0xC1E, 0xB0F, 0xB1E, 0xB1F, 0xB2E, 0xB2F, 0xC0F, 0xC1F, 0xA20, 0xB10,
    0xB20, 0xB21, 0xB31, 0xC20, 0xB10, 0xB11, 0xB20, 0xB21, 0xB22, 0xB31, 0xB32, 0xC11, 0xC20, 0xC21, 0xA22, 0xB11,
    0xB12, 0xB21, 0xB22, 0xB23, 0xB32, 0xB33, 0xC11, 0xC12, 0xC21, 0xC22, 0xA23, 0xA33, 0xB12, 0xB13, 0xB22, 0xB23,
    0xB24, 0xB33, 0xB34, 0xC03, 0xC12, 0xC13, 0xC22, 0xC23, 0xA24, 0xA34, 0xB13, 0xB14, 0xB23, 0xB24, 0xB25, 0xB34,
    0xB35, 0xC04, 0xC13, 0xC14, 0xC23, 0xC24, 0xA25, 0xA35, 0xB04, 0xB14, 0xB15, 0xB24, 0xB25, 0xB26, 0xB35, 0xB36,
    0xC04, 0xC05, 0xC14, 0xC15, 0xC24, 0xC25, 0xA26, 0xA36, 0xB05, 0xB15, 0xB16, 0xB17, 0xB25, 0xB26, 0xB27, 0xB36,
    0xB37, 0xC05, 0xC06, 0xC15, 0xC25, 0xC26, 0xC27, 0xA27, 0xA37, 0xB16, 0xB17, 0xB18, 0xB26, 0xB27, 0xB28, 0xB37,
    0xB38, 0xC18, 0xC27, 0xC28, 0xA28, 0xB17, 0xB18, 0xB19, 0xB27, 0xB28, 0xB29, 0xB38, 0xB39, 0xC18, 0xC28, 0xC29,
    0xA28, 0xA29, 0xB18, 0xB19, 0xB1A, 0xB28, 0xB29, 0xB2A, 0xB39, 0xB3A, 0xC19, 0xC1A, 0xC29, 0xC2A, 0xA2A, 0xB1A,
    0xB1B, 0xB29, 0xB2A, 0xB2B, 0xB3A, 0xB3B, 0xC1A, 0xC2A, 0xC2B, 0xA2B, 0xB1A, 0xB1B, 0xB1C, 0xB2A, 0xB2B, 0xB2C,
    0xB3B, 0xC1B, 0xC2B, 0xC2C, 0xA2C, 0xA3C, 0xB1B, 0xB1C, 0xB1D, 0xB2B, 0xB2C, 0xB2D, 0xB3B, 0xB3C, 0xC1C, 0xC2C,
    0xC2D, 0xA2D, 0xA3D, 0xB1C, 0xB1D, 0xB1E, 0xB2C, 0xB2D, 0xB2E, 0xB3C, 0xB3D, 0xC1D, 0xC2D, 0xC2E, 0xA2E, 0xA3E,
    0xB1E, 0xB1F, 0xB2D, 0xB2E, 0xB2F, 0xB3D, 0xB3E, 0xC1E, 0xC2E, 0xC2F, 0xB1F, 0xB2E, 0xB2F, 0xB3E, 0xB3F, 0xC1F,
    0xC2F, 0xA30, 0xA31, 0xB20, 0xB30, 0xB31, 0xB41, 0xC20, 0xC30, 0xA31, 0xA32, 0xB20, 0xB21, 0xB30, 0xB31, 0xB32,
    0xB41, 0xB42, 0xC20, 0xC21, 0xC30, 0xC31, 0xA32, 0xA33, 0xB21, 0xB22, 0xB31, 0xB32, 0xB33, 0xB42, 0xB43, 0xC21,
    0xC22, 0xC31, 0xC32, 0xA33, 0xA34, 0xB22, 0xB23, 0xB32, 0xB33, 0xB34, 0xB43, 0xB44, 0xC22, 0xC23, 0xC32, 0xC33,
    0xA34, 0xA35, 0xA44, 0xB23, 0xB24, 0xB33, 0xB34, 0xB35, 0xB44, 0xB45, 0xC23, 0xC24, 0xC33, 0xC34, 0xA35, 0xA45,
    0xB24, 0xB25, 0xB34, 0xB35, 0xB36, 0xB45, 0xB46, 0xC24, 0xC25, 0xC34, 0xC35, 0xA36, 0xA37, 0xA46, 0xB25, 0xB26,
    0xB35, 0xB36, 0xB37, 0xB46, 0xB47, 0xC25, 0xC26, 0xC35, 0xC36, 0xA37, 0xA47, 0xB26, 0xB27, 0xB36, 0xB37, 0xB38,
    0xB47, 0xB48, 0xC27, 0xC36, 0xC37, 0xC38, 0xA38, 0xA48, 0xB27, 0xB28, 0xB37, 0xB38, 0xB39, 0xB48, 0xB49, 0xC28,
    0xC37, 0xC38, 0xC39, 0xA38, 0xA39, 0xA49, 0xB28, 0xB29, 0xB2A, 0xB38, 0xB39, 0xB3A, 0xB49, 0xB4A, 0xC29, 0xC2A,
    0xC38, 0xC39, 0xC3A, 0xA39, 0xA3A, 0xB29, 0xB2A, 0xB2B, 0xB39, 0xB3A, 0xB3B, 0xB4A, 0xB4B, 0xC2A, 0xC2B, 0xC39,
    0xC3A, 0xC3B, 0xA3A, 0xA3B, 0xB2A, 0xB2B, 0xB2C, 0xB3A, 0xB3B, 0xB3C, 0xB4B, 0xB4C, 0xC2B, 0xC2C, 0xC3A, 0xC3B,
    0xC3C, 0xA3B, 0xA3C, 0xB2B, 0xB2C, 0xB2D, 0xB3B, 0xB3C, 0xB3D, 0xB4C, 0xB4D, 0xC2C, 0xC3C, 0xC3D, 0xA3C, 0xA3D,
    0xB2C, 0xB2D, 0xB2E, 0xB3C, 0xB3D, 0xB3E, 0xB4D, 0xB4E, 0xC2D, 0xC2E, 0xC3D, 0xC3E, 0xA3D, 0xA3E, 0xA4E, 0xB2E,
    0xB2F, 0xB3D, 0xB3E, 0xB3F, 0xB4D, 0xB4E, 0xC2E, 0xC3E, 0xC3F, 0xA3E, 0xA3F, 0xB2F, 0xB3E, 0xB3F, 0xB4E, 0xB4F,
    0xC2F, 0xC3F, 0xA40, 0xA41, 0xB30, 0xB40, 0xB41, 0xB51, 0xB52, 0xC30, 0xC40, 0xA41, 0xA42, 0xB30, 0xB31, 0xB40,
    0xB41, 0xB42, 0xB51, 0xB52, 0xC30, 0xC31, 0xC40, 0xC41, 0xA42, 0xA43, 0xB31, 0xB32, 0xB41, 0xB42, 0xB43, 0xB52,
    0xB53, 0xC31, 0xC32, 0xC40, 0xC41, 0xC42, 0xA43, 0xA44, 0xB32, 0xB33, 0xB42, 0xB43, 0xB44, 0xB53, 0xB54, 0xC32,
    0xC33, 0xC42, 0xC43, 0xA44, 0xA45, 0xB33, 0xB34, 0xB43, 0xB44, 0xB45, 0xB54, 0xB55, 0xC33, 0xC34, 0xC43, 0xC44,
    0xA45, 0xA46, 0xA55, 0xB34, 0xB35, 0xB44, 0xB45, 0xB46, 0xB55, 0xB56, 0xC34, 0xC35, 0xC44, 0xC45, 0xA46, 0xA47,
    0xA56, 0xB35, 0xB36, 0xB45, 0xB46, 0xB47, 0xB56, 0xB57, 0xC35, 0xC36, 0xC45, 0xC46, 0xA47, 0xA48, 0xA57, 0xB36,
    0xB37, 0xB46, 0xB47, 0xB48, 0xB57, 0xB58, 0xC36, 0xC37, 0xC46, 0xC47, 0xA48, 0xA49, 0xA58, 0xB37, 0xB38, 0xB47,
    0xB48, 0xB49, 0xB58, 0xB59, 0xC37, 0xC38, 0xC47, 0xC48, 0xA49, 0xA4A, 0xA59, 0xB38, 0xB39, 0xB48, 0xB49, 0xB4A,
    0xB59, 0xB5A, 0xC38, 0xC39, 0xC48, 0xC49, 0xC4A, 0xA4A, 0xA4B, 0xA5A, 0xB39, 0xB3A, 0xB49, 0xB4A, 0xB4B, 0xB5A,
    0xB5B, 0xC3A, 0xC49, 0xC4A, 0xC4B, 0xA4B, 0xA5B, 0xB3A, 0xB3B, 0xB3C, 0xB4A, 0xB4B, 0xB4C, 0xB5B, 0xB5C, 0xC3B,
    0xC4A, 0xC4B, 0xC4C, 0xA4B, 0xA4C, 0xB3B, 0xB3C, 0xB3D, 0xB4B, 0xB4C, 0xB4D, 0xB5C, 0xB5D, 0xC3C, 0xC3D, 0xC4B,
    0xC4C, 0xC4D, 0xA4C, 0xA4D, 0xB3C, 0xB3D, 0xB3E, 0xB4C, 0xB4D, 0xB4E, 0xB5D, 0xB5E, 0xC3D, 0xC3E, 0xC4C, 0xC4D,
    0xC4E, 0xA4D, 0xA4E, 0xB3E, 0xB3F, 0xB4D, 0xB4E, 0xB4F, 0xB5E, 0xB5F, 0xC3E, 0xC3F, 0xC4E, 0xC4F, 0xA4E, 0xA4F,
    0xB3F, 0xB4E, 0xB4F, 0xB5F, 0xC3F, 0xC4F, 0xA51, 0xB40, 0xB50, 0xB51, 0xB61, 0xB62, 0xC40, 0xC50, 0xA51, 0xA52,
    0xB40, 0xB41, 0xB50, 0xB51, 0xB52, 0xB62, 0xC40, 0xC50, 0xC51, 0xA52, 0xA53, 0xB40, 0xB41, 0xB42, 0xB50, 0xB51,
    0xB52, 0xB53, 0xB62, 0xB63, 0xC40, 0xC41, 0xC42, 0xC50, 0xC51, 0xC52, 0xA53, 0xA54, 0xB42, 0xB43, 0xB52, 0xB53,
    0xB54, 0xB63, 0xB64, 0xC42, 0xC43, 0xC52, 0xC53, 0xA54, 0xA55, 0xB43, 0xB44, 0xB53, 0xB54, 0xB55, 0xB64, 0xB65,
    0xC43, 0xC44, 0xC53, 0xC54, 0xA55, 0xA56, 0xB44, 0xB45, 0xB54, 0xB55, 0xB56, 0xB65, 0xB66, 0xC44, 0xC45, 0xC54,
    0xC55, 0xA56, 0xA57, 0xA66, 0xB45, 0xB46, 0xB55, 0xB56, 0xB57, 0xB66, 0xB67, 0xC45, 0xC46, 0xC55, 0xC56, 0xA57,
    0xA58, 0xA67, 0xB46, 0xB47, 0xB56, 0xB57, 0xB58, 0xB67, 0xB68, 0xC46, 0xC47, 0xC56, 0xC57, 0xA58, 0xA59, 0xA68,
    0xB47, 0xB48, 0xB57, 0xB58, 0xB59, 0xB68, 0xB69, 0xC47, 0xC48, 0xC57, 0xC58, 0xA59, 0xA5A, 0xA69, 0xB48, 0xB49,
    0xB58, 0xB59, 0xB5A, 0xB69, 0xB6A, 0xC48, 0xC49, 0xC58, 0xC59, 0xA5A, 0xA5B, 0xA6A, 0xB49, 0xB4A, 0xB59, 0xB5A,
    0xB5B, 0xB6A, 0xB6B, 0xC49, 0xC4A, 0xC59, 0xC5A, 0xA5B, 0xA5C, 0xA6B, 0xB4A, 0xB4B, 0xB5A, 0xB5B, 0xB5C, 0xB6B,
    0xB6C, 0xC4A, 0xC4B, 0xC5A, 0xC5B, 0xA5C, 0xA5D, 0xA6C, 0xB4B, 0xB4C, 0xB5B, 0xB5C, 0xB5D, 0xB6C, 0xB6D, 0xC4B,
    0xC4C, 0xC5B, 0xC5C, 0xA5D, 0xA5E, 0xB4C, 0xB4D, 0xB4E, 0xB5C, 0xB5D, 0xB5E, 0xB6D, 0xB6E, 0xC4C, 0xC4D, 0xC4E,
    0xC5C, 0xC5D, 0xC5E, 0xA5E, 0xB4D, 0xB4E, 0xB4F, 0xB5D, 0xB5E, 0xB5F, 0xB6E, 0xB6F, 0xC4E, 0xC4F, 0xC5D, 0xC5E,
    0xC5F, 0xA5E, 0xA5F, 0xB4E, 0xB4F, 0xB5E, 0xB5F, 0xB6F, 0xC4F, 0xC5F, 0xA61, 0xA62, 0xA72, 0xB50, 0xB60, 0xB61,
    0xB62, 0xB71, 0xB72, 0xC50, 0xC60, 0xA61, 0xA62, 0xB50, 0xB51, 0xB60, 0xB61, 0xB62, 0xB72, 0xC50, 0xC60, 0xC61,
    0xA62, 0xA63, 0xB50, 0xB51, 0xB52, 0xB60, 0xB61, 0xB62, 0xB63, 0xB72, 0xB73, 0xC50, 0xC51, 0xC52, 0xC60, 0xC61,
    0xC62, 0xA63, 0xA64, 0xB52, 0xB53, 0xB62, 0xB63, 0xB64, 0xB73, 0xB74, 0xC52, 0xC53, 0xC62, 0xC63, 0xA64, 0xA65,
    0xB53, 0xB54, 0xB63, 0xB64, 0xB65, 0xB74, 0xB75, 0xC53, 0xC54, 0xC63, 0xC64, 0xA65, 0xA66, 0xB54, 0xB55, 0xB64,
    0xB65, 0xB66, 0xB75, 0xB76, 0xC54, 0xC55, 0xC64, 0xC65, 0xA66, 0xA67, 0xA76, 0xB55, 0xB56, 0xB65, 0xB66, 0xB67,
    0xB76, 0xB77, 0xC55, 0xC56, 0xC65, 0xC66, 0xA67, 0xA68, 0xA77, 0xB56, 0xB57, 0xB66, 0xB67, 0xB68, 0xB77, 0xB78,
    0xC56, 0xC57, 0xC66, 0xC67, 0xA68, 0xA69, 0xA78, 0xB57, 0xB58, 0xB67, 0xB68, 0xB69, 0xB78, 0xB79, 0xC57, 0xC58,
    0xC67, 0xC68, 0xA69, 0xA6A, 0xA79, 0xB58, 0xB59, 0xB68, 0xB69, 0xB6A, 0xB79, 0xB7A, 0xC58, 0xC59, 0xC68, 0xC69,
    0xA6A, 0xA6B, 0xA7A, 0xB59, 0xB5A, 0xB69, 0xB6A, 0xB6B, 0xB7A, 0xB7B, 0xC59, 0xC5A, 0xC69, 0xC6A, 0xA6B, 0xA6C,
    0xA7B, 0xB5A, 0xB5B, 0xB6A, 0xB6B, 0xB6C, 0xB7B, 0xB7C, 0xC5A, 0xC5B, 0xC6A, 0xC6B, 0xA6C, 0xA6D, 0xA7C, 0xB5B,
    0xB5C, 0xB6B, 0xB6C, 0xB6D, 0xB7C, 0xB7D, 0xC5B, 0xC5C, 0xC6B, 0xC6C, 0xA6D, 0xA6E, 0xA7D, 0xB5C, 0xB5D, 0xB6C,
    0xB6D, 0xB6E, 0xB7D, 0xB7E, 0xC5C, 0xC5D, 0xC6C, 0xC6D, 0xA6E, 0xA6F, 0xA7E, 0xB5D, 0xB5E, 0xB6D, 0xB6E, 0xB6F,
    0xB7E, 0xB7F, 0xC5E, 0xC6D, 0xC6E, 0xA6F, 0xA7F, 0xB5E, 0xB5F, 0xB6E, 0xB6F, 0xB7F, 0xC5F, 0xC6E, 0xC6F, 0xA71,
    0xA72, 0xA82, 0xB60, 0xB70, 0xB71, 0xB72, 0xB81, 0xB82, 0xC70, 0xA71, 0xA72, 0xA82, 0xB60, 0xB70, 0xB71, 0xB72,
    0xB82, 0xC60, 0xC70, 0xC71, 0xA72, 0xA73, 0xB60, 0xB61, 0xB62, 0xB70, 0xB71, 0xB72, 0xB73, 0xB82, 0xB83, 0xC60,
    0xC61, 0xC70, 0xC71, 0xC72, 0xA73, 0xA74, 0xB62, 0xB63, 0xB71, 0xB72, 0xB73, 0xB74, 0xB83, 0xB84, 0xC62, 0xC71,
    0xC72, 0xC73, 0xA74, 0xA75, 0xB63, 0xB64, 0xB73, 0xB74, 0xB75, 0xB84, 0xB85, 0xC63, 0xC64, 0xC73, 0xC74, 0xA75,
    0xA76, 0xB64, 0xB65, 0xB74, 0xB75, 0xB76, 0xB85, 0xB86, 0xC65, 0xC74, 0xC75, 0xA76, 0xA77, 0xB65, 0xB66, 0xB75,
    0xB76, 0xB77, 0xB86, 0xB87, 0xC66, 0xC75, 0xC76, 0xA77, 0xA78, 0xA87, 0xB66, 0xB67, 0xB76, 0xB77, 0xB78, 0xB87,
    0xB88, 0xC67, 0xC76, 0xC77, 0xA78, 0xA79, 0xA88, 0xB67, 0xB68, 0xB77, 0xB78, 0xB79, 0xB88, 0xB89, 0xC68, 0xC77,
    0xC78, 0xA79, 0xA7A, 0xA89, 0xB68, 0xB69, 0xB78, 0xB79, 0xB7A, 0xB89, 0xB8A, 0xC69, 0xC78, 0xC79, 0xA7A, 0xA7B,
    0xA8A, 0xB69, 0xB6A, 0xB79, 0xB7A, 0xB7B, 0xB8A, 0xB8B, 0xC6A, 0xC79, 0xC7A, 0xA7B, 0xA7C, 0xA8B, 0xB6A, 0xB6B,
    0xB7A, 0xB7B, 0xB7C, 0xB8B, 0xB8C, 0xC6B, 0xC7A, 0xC7B, 0xA7C, 0xA7D, 0xA8C, 0xB6B, 0xB6C, 0xB7B, 0xB7C, 0xB7D,
    0xB8C, 0xB8D, 0xC6C, 0xC7B, 0xC7C, 0xA7D, 0xA7E, 0xA8D, 0xB6C, 0xB6D, 0xB7C, 0xB7D, 0xB7E, 0xB8D, 0xB8E, 0xC6D,
    0xC7C, 0xC7D, 0xA7E, 0xA7F, 0xA8E, 0xB6D, 0xB6E, 0xB7D, 0xB7E, 0xB7F, 0xB8E, 0xB8F, 0xC6E, 0xC7D, 0xC7E, 0xA7F,
    0xA8F, 0xB6E, 0xB6F, 0xB7E, 0xB7F, 0xB8F, 0xC7E, 0xC7F, 0xA81, 0xA82, 0xA92, 0xB70, 0xB80, 0xB81, 0xB82, 0xB92,
    0xC80, 0xA81, 0xA82, 0xA92, 0xB70, 0xB80, 0xB81, 0xB82, 0xB92, 0xB93, 0xC70, 0xC80, 0xC81, 0xA82, 0xA83, 0xB70,
    0xB71, 0xB72, 0xB80, 0xB81, 0xB82, 0xB83, 0xB92, 0xB93, 0xC70, 0xC80, 0xC81, 0xC82, 0xA83, 0xA84, 0xB71, 0xB72,
    0xB73, 0xB81, 0xB82, 0xB83, 0xB84, 0xB93, 0xB94, 0xC72, 0xC81, 0xC82, 0xC83, 0xA84, 0xA85, 0xB73, 0xB74, 0xB83,
    0xB84, 0xB85, 0xB94, 0xB95, 0xC73, 0xC83, 0xC84, 0xA85, 0xA86, 0xB74, 0xB75, 0xB84, 0xB85, 0xB86, 0xB95, 0xB96,
    0xC74, 0xC75, 0xC84, 0xC85, 0xA86, 0xA87, 0xB75, 0xB76, 0xB85, 0xB86, 0xB87, 0xB96, 0xB97, 0xC76, 0xC85, 0xC86,
    0xA87, 0xA88, 0xB76, 0xB77, 0xB86, 0xB87, 0xB88, 0xB97, 0xB98, 0xC77, 0xC86, 0xC87, 0xA88, 0xA89, 0xA98, 0xB77,
    0xB78, 0xB87, 0xB88, 0xB89, 0xB98, 0xB99, 0xC78, 0xC87, 0xC88, 0xA89, 0xA8A, 0xA99, 0xB78, 0xB79, 0xB88, 0xB89,
    0xB8A, 0xB99, 0xB9A, 0xC79, 0xC88, 0xC89, 0xA8A, 0xA8B, 0xA9A, 0xB79, 0xB7A, 0xB89, 0xB8A, 0xB8B, 0xB9A, 0xB9B,
    0xC7A, 0xC89, 0xC8A, 0xA8B, 0xA8C, 0xA9B, 0xB7A, 0xB7B, 0xB8A, 0xB8B, 0xB8C, 0xB9B, 0xB9C, 0xC7B, 0xC8A, 0xC8B,
    0xA8C, 0xA8D, 0xA9C, 0xB7B, 0xB7C, 0xB8B, 0xB8C, 0xB8D, 0xB9C, 0xB9D, 0xC7C, 0xC8B, 0xC8C, 0xA8D, 0xA8E, 0xA9D,
    0xB7C, 0xB7D, 0xB8C, 0xB8D, 0xB8E, 0xB9D, 0xB9E, 0xC7D, 0xC8C, 0xC8D, 0xA8E, 0xA8F, 0xA9E, 0xB7D, 0xB7E, 0xB8D,
    0xB8E, 0xB8F, 0xB9E, 0xB9F, 0xC7E, 0xC8D, 0xC8E, 0xA8F, 0xA9F, 0xB7E, 0xB7F, 0xB8E, 0xB8F, 0xB9F, 0xC8E, 0xC8F,
    0xA91, 0xA92, 0xAA2, 0xB80, 0xB90, 0xB91, 0xB92, 0xBA1, 0xBA2, 0xC90, 0xA91, 0xA92, 0xA93, 0xAA2, 0xB80, 0xB90,
    0xB91, 0xB92, 0xB93, 0xBA2, 0xBA3, 0xC80, 0xC90, 0xC91, 0xA92, 0xA93, 0xB80, 0xB81, 0xB82, 0xB90, 0xB91, 0xB92,
    0xB93, 0xBA2, 0xBA3, 0xC80, 0xC81, 0xC90, 0xC91, 0xC92, 0xA93, 0xA94, 0xAA4, 0xB81, 0xB82, 0xB83, 0xB91, 0xB92,
    0xB93, 0xB94, 0xBA3, 0xBA4, 0xC81, 0xC82, 0xC91, 0xC92, 0xC93, 0xA94, 0xA95, 0xAA5, 0xB83, 0xB84, 0xB93, 0xB94,
    0xB95, 0xBA4, 0xBA5, 0xC83, 0xC93, 0xC94, 0xA95, 0xA96, 0xAA6, 0xB84, 0xB85, 0xB94, 0xB95, 0xB96, 0xBA5, 0xBA6,
    0xC84, 0xC94, 0xC95, 0xA96, 0xA97, 0xB85, 0xB86, 0xB95, 0xB96, 0xB97, 0xBA6, 0xBA7, 0xC86, 0xC95, 0xC96, 0xA97,
    0xA98, 0xAA7, 0xB86, 0xB87, 0xB96, 0xB97, 0xB98, 0xBA7, 0xBA8, 0xC87, 0xC96, 0xC97, 0xA98, 0xA99, 0xAA8, 0xB87,
    0xB88, 0xB97, 0xB98, 0xB99, 0xBA8, 0xBA9, 0xC88, 0xC97, 0xC98, 0xA99, 0xA9A, 0xAA9, 0xB88, 0xB89, 0xB98, 0xB99,
    0xB9A, 0xBA9, 0xBAA, 0xC89, 0xC98, 0xC99, 0xA9A, 0xA9B, 0xAAA, 0xB89, 0xB8A, 0xB99, 0xB9A, 0xB9B, 0xBAA, 0xBAB,
    0xC8A, 0xC99, 0xC9A, 0xA9B, 0xA9C, 0xAAB, 0xB8A, 0xB8B, 0xB9A, 0xB9B, 0xB9C, 0xBAB, 0xBAC, 0xC8B, 0xC9A, 0xC9B,
    0xA9C, 0xA9D, 0xAAC, 0xB8B, 0xB8C, 0xB9B, 0xB9C, 0xB9D, 0xBAC, 0xBAD, 0xC8C, 0xC9B, 0xC9C, 0xA9D, 0xA9E, 0xAAD,
    0xB8C, 0xB8D, 0xB9C, 0xB9D, 0xB9E, 0xBAD, 0xBAE, 0xC8D, 0xC9C, 0xC9D, 0xA9E, 0xA9F, 0xAAE, 0xB8D, 0xB8E, 0xB9D,
    0xB9E, 0xB9F, 0xBAE, 0xBAF, 0xC8E, 0xC9D, 0xC9E, 0xA9F, 0xAAF, 0xB8E, 0xB8F, 0xB9E, 0xB9F, 0xBAF, 0xC9E, 0xC9F,
    0xAA1, 0xAA2, 0xAB2, 0xB90, 0xBA0, 0xBA1, 0xBA2, 0xBB2, 0xCA0, 0xAA1, 0xAA2, 0xAA3, 0xAB2, 0xAB3, 0xB90, 0xBA0,
    0xBA1, 0xBA2, 0xBA3, 0xBB2, 0xBB3, 0xCA0, 0xAA2, 0xAA3, 0xB90, 0xB91, 0xBA0, 0xBA1, 0xBA2, 0xBA3, 0xBB2, 0xBB3,
    0xCA0, 0xCA1, 0xCA2, 0xAA3, 0xAA4, 0xB91, 0xB92, 0xB93, 0xBA1, 0xBA2, 0xBA3, 0xBA4, 0xBB3, 0xBB4, 0xCA1, 0xCA2,
    0xCA3, 0xAA4, 0xAA5, 0xAB5, 0xB93, 0xB94, 0xBA3, 0xBA4, 0xBA5, 0xBB4, 0xBB5, 0xC93, 0xCA2, 0xCA3, 0xCA4, 0xAA5,
    0xAA6, 0xAB6, 0xB94, 0xB95, 0xBA4, 0xBA5, 0xBA6, 0xBB5, 0xBB6, 0xC94, 0xCA4, 0xCA5, 0xAA6, 0xAA7, 0xB95, 0xB96,
    0xBA5, 0xBA6, 0xBA7, 0xBB6, 0xBB7, 0xCA5, 0xCA6, 0xAA7, 0xAA8, 0xB96, 0xB97, 0xBA6, 0xBA7, 0xBA8, 0xBB7, 0xBB8,
    0xC97, 0xCA6, 0xCA7, 0xAA8, 0xAA9, 0xAB8, 0xB97, 0xB98, 0xBA7, 0xBA8, 0xBA9, 0xBB8, 0xBB9, 0xC98, 0xCA7, 0xCA8,
    0xAA9, 0xAAA, 0xAB9, 0xB98, 0xB99, 0xBA8, 0xBA9, 0xBAA, 0xBB9, 0xBBA, 0xC99, 0xCA8, 0xCA9, 0xAAA, 0xAAB, 0xABA,
    0xB99, 0xB9A, 0xBA9, 0xBAA, 0xBAB, 0xBBA, 0xBBB, 0xC9A, 0xCA9, 0xCAA, 0xAAB, 0xAAC, 0xABB, 0xB9A, 0xB9B, 0xBAA,
    0xBAB, 0xBAC, 0xBBB, 0xBBC, 0xC9B, 0xCAA, 0xCAB, 0xAAC, 0xAAD, 0xABC, 0xB9B, 0xB9C, 0xBAB, 0xBAC, 0xBAD, 0xBBC,
    0xBBD, 0xC9C, 0xCAB, 0xCAC, 0xAAD, 0xAAE, 0xABD, 0xB9C, 0xB9D, 0xBAC, 0xBAD, 0xBAE, 0xBBD, 0xBBE, 0xC9D, 0xCAC,
    0xCAD, 0xAAE, 0xAAF, 0xABE, 0xB9D, 0xB9E, 0xBAD, 0xBAE, 0xBAF, 0xBBE, 0xBBF, 0xC9E, 0xCAD, 0xCAE, 0xAAF, 0xABF,
    0xB9E, 0xB9F, 0xBAE, 0xBAF, 0xBBF, 0xCAE, 0xCAF, 0xAB1, 0xAB2, 0xAC2, 0xBA0, 0xBB0, 0xBB1, 0xBB2, 0xBC2, 0xCB0,
    0xAB1, 0xAB2, 0xAB3, 0xAC2, 0xAC3, 0xBA0, 0xBB0, 0xBB1, 0xBB2, 0xBB3, 0xBC2, 0xBC3, 0xCB0, 0xAB2, 0xAB3, 0xBA0,
    0xBA1, 0xBB0, 0xBB1, 0xBB2, 0xBB3, 0xBC3, 0xCB0, 0xCB1, 0xCB2, 0xAB3, 0xAB4, 0xBA1, 0xBA2, 0xBA3, 0xBB1, 0xBB2,
    0xBB3, 0xBB4, 0xBC3, 0xBC4, 0xCB1, 0xCB2, 0xCB3, 0xAB4, 0xAB5, 0xAC5, 0xBA3, 0xBA4, 0xBB2, 0xBB3, 0xBB4, 0xBB5,
    0xBC4, 0xBC5, 0xCA3, 0xCB2, 0xCB3, 0xCB4, 0xAB5, 0xAB6, 0xAC6, 0xBA4, 0xBA5, 0xBB4, 0xBB5, 0xBB6, 0xBC5, 0xBC6,
    0xCA4, 0xCB4, 0xCB5, 0xAB6, 0xAB7, 0xBA5, 0xBA6, 0xBB5, 0xBB6, 0xBB7, 0xBC6, 0xBC7, 0xCA5, 0xCB5, 0xCB6, 0xAB7,
    0xAB8, 0xBA6, 0xBA7, 0xBB6, 0xBB7, 0xBB8, 0xBC7, 0xBC8, 0xCB6, 0xCB7, 0xAB8, 0xAB9, 0xBA7, 0xBA8, 0xBB7, 0xBB8,
    0xBB9, 0xBC8, 0xBC9, 0xCA8, 0xCB7, 0xCB8, 0xAB9, 0xABA, 0xAC9, 0xBA8, 0xBA9, 0xBB8, 0xBB9, 0xBBA, 0xBC9, 0xBCA,
    0xCA9, 0xCB8, 0xCB9, 0xABA, 0xABB, 0xACA, 0xBA9, 0xBAA, 0xBB9, 0xBBA, 0xBBB, 0xBCA, 0xBCB, 0xCAA, 0xCB9, 0xCBA,
    0xABB, 0xABC, 0xACB, 0xBAA, 0xBAB, 0xBBA, 0xBBB, 0xBBC, 0xBCB, 0xBCC, 0xCAB, 0xCBA, 0xCBB, 0xABC, 0xABD, 0xACC,
    0xBAB, 0xBAC, 0xBBB, 0xBBC, 0xBBD, 0xBCC, 0xBCD, 0xCAC, 0xCBB, 0xCBC, 0xABD, 0xABE, 0xACD, 0xBAC, 0xBAD, 0xBBC,
    0xBBD, 0xBBE, 0xBCD, 0xBCE, 0xCAD, 0xCBC, 0xCBD, 0xABE, 0xABF, 0xACE, 0xBAD, 0xBAE, 0xBBD, 0xBBE, 0xBBF, 0xBCE,
    0xBCF, 0xCAE, 0xCBD, 0xCBE, 0xABF, 0xACF, 0xBAE, 0xBAF, 0xBBE, 0xBBF, 0xBCF, 0xCBE, 0xCBF, 0xAC1, 0xAC2, 0xAD2,
    0xBB0, 0xBC0, 0xBC1, 0xBC2, 0xBD2, 0xCC0, 0xAC1, 0xAC2, 0xAC3, 0xAD2, 0xAD3, 0xBB0, 0xBC0, 0xBC1, 0xBC2, 0xBC3,
    0xBD2, 0xBD3, 0xCC0, 0xAC2, 0xAC3, 0xBB0, 0xBB1, 0xBC0, 0xBC1, 0xBC2, 0xBC3, 0xBD3, 0xCC0, 0xCC1, 0xCC2, 0xAC3,
    0xAC4, 0xBB1, 0xBB2, 0xBB3, 0xBC1, 0xBC2, 0xBC3, 0xBC4, 0xBD3, 0xBD4, 0xCC0, 0xCC1, 0xCC2, 0xCC3, 0xAC4, 0xAC5,
    0xBB2, 0xBB3, 0xBB4, 0xBC2, 0xBC3, 0xBC4, 0xBC5, 0xBD4, 0xBD5, 0xCB3, 0xCC2, 0xCC3, 0xCC4, 0xAC5, 0xAC6, 0xBB4,
    0xBB5, 0xBC4, 0xBC5, 0xBC6, 0xBD5, 0xBD6, 0xCB4, 0xCC4, 0xCC5, 0xAC6, 0xAC7, 0xBB5, 0xBB6, 0xBC5, 0xBC6, 0xBC7,
    0xBD6, 0xBD7, 0xCB5, 0xCC5, 0xCC6, 0xAC7, 0xAC8, 0xBB6, 0xBB7, 0xBC6, 0xBC7, 0xBC8, 0xBD7, 0xBD8, 0xCC6, 0xCC7,
    0xAC8, 0xAC9, 0xBB7, 0xBB8, 0xBC7, 0xBC8, 0xBC9, 0xBD8, 0xBD9, 0xCB8, 0xCC7, 0xCC8, 0xAC9, 0xACA, 0xBB8, 0xBB9,
    0xBC8, 0xBC9, 0xBCA, 0xBD9, 0xBDA, 0xCB9, 0xCC8, 0xCC9, 0xACA, 0xACB, 0xADA, 0xBB9, 0xBBA, 0xBC9, 0xBCA, 0xBCB,
    0xBDA, 0xBDB, 0xCBA, 0xCC9, 0xCCA, 0xACB, 0xACC, 0xADB, 0xBBA, 0xBBB, 0xBCA, 0xBCB, 0xBCC, 0xBDB, 0xBDC, 0xCBB,
    0xCCA, 0xCCB, 0xACC, 0xACD, 0xADC, 0xBBB, 0xBBC, 0xBCB, 0xBCC, 0xBCD, 0xBDC, 0xBDD, 0xCBC, 0xCCB, 0xCCC, 0xACD,
    0xACE, 0xADD, 0xBBC, 0xBBD, 0xBCC, 0xBCD, 0xBCE, 0xBDD, 0xBDE, 0xCBD, 0xCCC, 0xCCD, 0xACE, 0xACF, 0xADE, 0xBBD,
    0xBBE, 0xBCD, 0xBCE, 0xBCF, 0xBDE, 0xBDF, 0xCBE, 0xCCD, 0xCCE, 0xACF, 0xADF, 0xBBE, 0xBBF, 0xBCE, 0xBCF, 0xBDF,
    0xCCE, 0xCCF, 0xAD1, 0xAD2, 0xAD3, 0xAE2, 0xAE3, 0xBC0, 0xBD0, 0xBD1, 0xBD2, 0xBE2, 0xBE3, 0xCD0, 0xAD1, 0xAD2,
    0xAD3, 0xAE2, 0xAE3, 0xBC0, 0xBD0, 0xBD1, 0xBD2, 0xBD3, 0xBE2, 0xBE3, 0xCD0, 0xAD2, 0xAD3, 0xAD4, 0xAE3, 0xBC0,
    0xBC1, 0xBD0, 0xBD1, 0xBD2, 0xBD3, 0xBD4, 0xBE3, 0xBE4, 0xCC0, 0xCD0, 0xCD1, 0xCD2, 0xAD3, 0xAD4, 0xAE4, 0xBC1,
    0xBC2, 0xBC3, 0xBD0, 0xBD1, 0xBD2, 0xBD3, 0xBD4, 0xBE3, 0xBE4, 0xCC0, 0xCD0, 0xCD1, 0xCD2, 0xCD3, 0xAD4, 0xAD5,
    0xAE5, 0xBC2, 0xBC3, 0xBC4, 0xBD2, 0xBD3, 0xBD4, 0xBD5, 0xBE4, 0xBE5, 0xCC3, 0xCD2, 0xCD3, 0xCD4, 0xAD5, 0xAD6,
    0xAE5, 0xAE6, 0xBC4, 0xBC5, 0xBD4, 0xBD5, 0xBD6, 0xBE5, 0xBE6, 0xCC4, 0xCD4, 0xCD5, 0xAD6, 0xAD7, 0xAE7, 0xBC5,
    0xBC6, 0xBD5, 0xBD6, 0xBD7, 0xBE6, 0xBE7, 0xCC5, 0xCD5, 0xCD6, 0xAD7, 0xAD8, 0xAE8, 0xBC6, 0xBC7, 0xBD6, 0xBD7,
    0xBD8, 0xBE7, 0xBE8, 0xCC6, 0xCD6, 0xCD7, 0xAD8, 0xAD9, 0xBC7, 0xBC8, 0xBD7, 0xBD8, 0xBD9, 0xBE8, 0xBE9, 0xCD7,
    0xCD8, 0xAD9, 0xADA, 0xAE9, 0xBC8, 0xBC9, 0xBD8, 0xBD9, 0xBDA, 0xBE9, 0xBEA, 0xCC9, 0xCD8, 0xCD9, 0xADA, 0xADB,
    0xAEA, 0xBC9, 0xBCA, 0xBD9, 0xBDA, 0xBDB, 0xBEA, 0xBEB, 0xCCA, 0xCD9, 0xCDA, 0xADB, 0xADC, 0xAEB, 0xBCA, 0xBCB,
    0xBDA, 0xBDB, 0xBDC, 0xBEB, 0xBEC, 0xCCB, 0xCDA, 0xCDB, 0xADC, 0xADD, 0xAEC, 0xBCB, 0xBCC, 0xBDB, 0xBDC, 0xBDD,
    0xBEC, 0xBED, 0xCCC, 0xCDB, 0xCDC, 0xADD, 0xADE, 0xAED, 0xBCC, 0xBCD, 0xBDC, 0xBDD, 0xBDE, 0xBED, 0xBEE, 0xCCD,
    0xCDC, 0xCDD, 0xADE, 0xADF, 0xAEE, 0xBCD, 0xBCE, 0xBDD, 0xBDE, 0xBDF, 0xBEE, 0xBEF, 0xCCE, 0xCDD, 0xCDE, 0xADF,
    0xAEF, 0xBCE, 0xBCF, 0xBDE, 0xBDF, 0xBEF, 0xCDE, 0xCDF, 0xAE1, 0xAE2, 0xAE3, 0xAF2, 0xAF3, 0xBD0, 0xBE0, 0xBE1,
    0xBE2, 0xBE3, 0xBF2, 0xBF3, 0xCE0, 0xAE1, 0xAE2, 0xAE3, 0xAF3, 0xBD0, 0xBE0, 0xBE1, 0xBE2, 0xBE3, 0xBF2, 0xBF3,
    0xCE0, 0xAE2, 0xAE3, 0xAE4, 0xAF3, 0xBD0, 0xBD1, 0xBE0, 0xBE1, 0xBE2, 0xBE3, 0xBE4, 0xBF3, 0xBF4, 0xCE0, 0xCE1,
    0xCE2, 0xAE3, 0xAE4, 0xBD1, 0xBD2, 0xBD3, 0xBE0, 0xBE1, 0xBE2, 0xBE3, 0xBE4, 0xBF3, 0xBF4, 0xCE0, 0xCE1, 0xCE2,
    0xCE3, 0xAE4, 0xAE5, 0xBD2, 0xBD3, 0xBD4, 0xBE2, 0xBE3, 0xBE4, 0xBE5, 0xBF4, 0xBF5, 0xCE2, 0xCE3, 0xCE4, 0xAE5,
    0xAE6, 0xAF6, 0xBD4, 0xBD5, 0xBE4, 0xBE5, 0xBE6, 0xBF5, 0xBF6, 0xCE4, 0xCE5, 0xAE6, 0xAE7, 0xAF7, 0xBD5, 0xBD6,
    0xBE5, 0xBE6, 0xBE7, 0xBF6, 0xBF7, 0xCE5, 0xCE6, 0xAE7, 0xAE8, 0xAF8, 0xBD6, 0xBD7, 0xBE6, 0xBE7, 0xBE8, 0xBF7,
    0xBF8, 0xCE6, 0xCE7, 0xAE8, 0xAE9, 0xBD7, 0xBD8, 0xBE7, 0xBE8, 0xBE9, 0xBF8, 0xBF9, 0xCE7, 0xCE8, 0xAE9, 0xAEA,
    0xBD8, 0xBD9, 0xBE8, 0xBE9, 0xBEA, 0xBF9, 0xBFA, 0xCE8, 0xCE9, 0xAEA, 0xAEB, 0xAFA, 0xBD9, 0xBDA, 0xBE9, 0xBEA,
    0xBEB, 0xBFA, 0xBFB, 0xCE9, 0xCEA, 0xAEB, 0xAEC, 0xAFB, 0xBDA, 0xBDB, 0xBEA, 0xBEB, 0xBEC, 0xBFB, 0xBFC, 0xCDB,
    0xCEA, 0xCEB, 0xAEC, 0xAED, 0xAFC, 0xBDB, 0xBDC, 0xBEB, 0xBEC, 0xBED, 0xBFC, 0xBFD, 0xCDC, 0xCEB, 0xCEC, 0xAED,
    0xAEE, 0xAFD, 0xBDC, 0xBDD, 0xBEC, 0xBED, 0xBEE, 0xBFD, 0xBFE, 0xCDD, 0xCEC, 0xCED, 0xAEE, 0xAEF, 0xAFE, 0xBDD,
    0xBDE, 0xBED, 0xBEE, 0xBEF, 0xBFE, 0xBFF, 0xCDE, 0xCED, 0xCEE, 0xAEF, 0xAFF, 0xBDE, 0xBDF, 0xBEE, 0xBEF, 0xBFF,
    0xCEE, 0xCEF, 0xAF1, 0xAF2, 0xAF3, 0xBE0, 0xBF0, 0xBF1, 0xBF2, 0xBF3, 0xAF1, 0xAF2, 0xAF3, 0xBE0, 0xBF0, 0xBF1,
    0xBF2, 0xBF3, 0xAF2, 0xAF3, 0xAF4, 0xBE0, 0xBE1, 0xBF1, 0xBF2, 0xBF3, 0xBF4, 0xAF3, 0xAF4, 0xBE0, 0xBE1, 0xBE2,
    0xBE3, 0xBF2, 0xBF3, 0xBF4, 0xCF3, 0xAF4, 0xAF5, 0xBE2, 0xBE3, 0xBE4, 0xBF3, 0xBF4, 0xBF5, 0xCF4, 0xAF5, 0xAF6,
    0xBE4, 0xBE5, 0xBF4, 0xBF5, 0xBF6, 0xCE4, 0xCF5, 0xAF6, 0xAF7, 0xBE5, 0xBE6, 0xBF5, 0xBF6, 0xBF7, 0xCE5, 0xCF6,
    0xAF7, 0xAF8, 0xBE6, 0xBE7, 0xBF6, 0xBF7, 0xBF8, 0xCE6, 0xCF7, 0xAF8, 0xAF9, 0xBE7, 0xBE8, 0xBF7, 0xBF8, 0xBF9,
    0xCF8, 0xAF9, 0xAFA, 0xBE8, 0xBE9, 0xBF8, 0xBF9, 0xBFA, 0xCF9, 0xAFA, 0xAFB, 0xBE9, 0xBEA, 0xBF9, 0xBFA, 0xBFB,
    0xCFA, 0xAFB, 0xAFC, 0xBEA, 0xBEB, 0xBFA, 0xBFB, 0xBFC, 0xCEB, 0xCFB, 0xAFC, 0xAFD, 0xBEB, 0xBEC, 0xBFB, 0xBFC,
    0xBFD, 0xCEC, 0xCFC, 0xAFD, 0xAFE, 0xBEC, 0xBED, 0xBFC, 0xBFD, 0xBFE, 0xCED, 0xCFD, 0xAFE, 0xAFF, 0xBED, 0xBEE,
    0xBFD, 0xBFE, 0xBFF, 0xCEE, 0xCFE, 0xAFF, 0xBEE, 0xBEF, 0xBFE, 0xBFF, 0xB10, 0xB11, 0xC00, 0xC10, 0xC11, 0xB11,
    0xB12, 0xC00, 0xC01, 0xC11, 0xC12, 0xB12, 0xB13, 0xC01, 0xC02, 0xC12, 0xC13, 0xB03, 0xB13, 0xB14, 0xC02, 0xC03,
    0xC04, 0xC13, 0xC14, 0xB04, 0xB14, 0xC03, 0xC04, 0xC05, 0xC14, 0xC15, 0xC24, 0xB05, 0xB15, 0xC04, 0xC05, 0xC06,
    0xC14, 0xC15, 0xC25, 0xB06, 0xB16, 0xC05, 0xC06, 0xC07, 0xC15, 0xC16, 0xC17, 0xC26, 0xD06, 0xB07, 0xB17, 0xC06,
    0xC07, 0xC08, 0xC16, 0xC17, 0xC18, 0xC27, 0xD07, 0xB08, 0xB18, 0xC07, 0xC08, 0xC09, 0xC17, 0xC18, 0xC19, 0xD08,
    0xB19, 0xC08, 0xC09, 0xC0A, 0xC18, 0xC19, 0xC1A, 0xD09, 0xB1A, 0xC09, 0xC0A, 0xC0B, 0xC19, 0xC1A, 0xC1B, 0xD0A,
    0xB1B, 0xC0A, 0xC0B, 0xC0C, 0xC1A, 0xC1B, 0xD0B, 0xB1C, 0xC0B, 0xC0C, 0xC0D, 0xC1B, 0xC1C, 0xD0C, 0xB1D, 0xC0C,
    0xC0D, 0xC0E, 0xC1C, 0xC1D, 0xD0D, 0xB1E, 0xC0D, 0xC0E, 0xC0F, 0xC1D, 0xC1E, 0xD0E, 0xC0E, 0xC0F, 0xC1E, 0xC1F,
    0xD0F, 0xC00, 0xC10, 0xC11, 0xC20, 0xC21, 0xD00, 0xC00, 0xC01, 0xC10, 0xC11, 0xC12, 0xC21, 0xC22, 0xD00, 0xD01,
    0xD11, 0xB12, 0xB22, 0xC01, 0xC02, 0xC11, 0xC12, 0xC13, 0xC22, 0xC23, 0xD01, 0xD02, 0xD12, 0xB13, 0xB23, 0xC02,
    0xC03, 0xC12, 0xC13, 0xC14, 0xC23, 0xC24, 0xD02, 0xD03, 0xD13, 0xB24, 0xC03, 0xC04, 0xC05, 0xC13, 0xC14, 0xC24,
    0xC25, 0xD04, 0xB15, 0xB25, 0xC04, 0xC05, 0xC06, 0xC14, 0xC15, 0xC25, 0xC26, 0xD04, 0xD05, 0xB16, 0xC05, 0xC06,
    0xC07, 0xC15, 0xC16, 0xC17, 0xC26, 0xC27, 0xD05, 0xD06, 0xB17, 0xC06, 0xC07, 0xC08, 0xC16, 0xC17, 0xC18, 0xC27,
    0xC28, 0xD07, 0xD18, 0xB18, 0xB28, 0xC07, 0xC08, 0xC09, 0xC17, 0xC18, 0xC19, 0xC28, 0xD08, 0xD18, 0xD19, 0xB19,
    0xB29, 0xC08, 0xC09, 0xC0A, 0xC18, 0xC19, 0xC1A, 0xC28, 0xC29, 0xD09, 0xD19, 0xD1A, 0xB1A, 0xB2A, 0xC09, 0xC0A,
    0xC0B, 0xC19, 0xC1A, 0xC1B, 0xC29, 0xC2A, 0xD0A, 0xD1A, 0xD1B, 0xB1B, 0xB2B, 0xC0A, 0xC0B, 0xC0C, 0xC1A, 0xC1B,
    0xC1C, 0xC2A, 0xC2B, 0xD0B, 0xD1B, 0xB1C, 0xB2C, 0xC0B, 0xC0C, 0xC0D, 0xC1B, 0xC1C, 0xC1D, 0xC2B, 0xC2C, 0xD0C,
    0xD1C, 0xB1D, 0xB2D, 0xC0C, 0xC0D, 0xC0E, 0xC1C, 0xC1D, 0xC1E, 0xC2C, 0xC2D, 0xD0D, 0xD0E, 0xD1D, 0xB1E, 0xB2E,
    0xC0E, 0xC0F, 0xC1D, 0xC1E, 0xC1F, 0xC2D, 0xC2E, 0xD0E, 0xD1E, 0xC0F, 0xC1E, 0xC1F, 0xC2E, 0xC2F, 0xD0F, 0xD1F,
    0xB20, 0xC10, 0xC20, 0xC21, 0xC31, 0xD20, 0xC10, 0xC11, 0xC20, 0xC21, 0xC22, 0xC31, 0xC32, 0xD11, 0xD20, 0xD21,
    0xB22, 0xC11, 0xC12, 0xC21, 0xC22, 0xC23, 0xC32, 0xC33, 0xD02, 0xD11, 0xD12, 0xD21, 0xD22, 0xB23, 0xB33, 0xC03,
    0xC12, 0xC13, 0xC22, 0xC23, 0xC24, 0xC33, 0xC34, 0xD03, 0xD12, 0xD13, 0xD22, 0xD23, 0xB24, 0xB34, 0xC03, 0xC04,
    0xC13, 0xC14, 0xC23, 0xC24, 0xC25, 0xC34, 0xC35, 0xD04, 0xD13, 0xD14, 0xD23, 0xD24, 0xB25, 0xB35, 0xC04, 0xC05,
    0xC14, 0xC15, 0xC24, 0xC25, 0xC26, 0xC35, 0xC36, 0xD04, 0xD05, 0xD14, 0xD15, 0xD25, 0xB36, 0xC05, 0xC06, 0xC15,
    0xC16, 0xC25, 0xC26, 0xC27, 0xC36, 0xC37, 0xD05, 0xD06, 0xD15, 0xD26, 0xD27, 0xB27, 0xB37, 0xC07, 0xC16, 0xC17,
    0xC18, 0xC26, 0xC27, 0xC28, 0xC37, 0xC38, 0xD27, 0xD28, 0xB27, 0xB28, 0xB38, 0xC17, 0xC18, 0xC19, 0xC27, 0xC28,
    0xC29, 0xC38, 0xC39, 0xD18, 0xD28, 0xD29, 0xB28, 0xB29, 0xC18, 0xC19, 0xC1A, 0xC28, 0xC29, 0xC2A, 0xC39, 0xC3A,
    0xD19, 0xD29, 0xD2A, 0xB2A, 0xC1A, 0xC1B, 0xC29, 0xC2A, 0xC2B, 0xC3A, 0xC3B, 0xD1A, 0xD2A, 0xD2B, 0xB2B, 0xC1B,
    0xC1C, 0xC2A, 0xC2B, 0xC2C, 0xC3B, 0xC3C, 0xD1B, 0xD2B, 0xD2C, 0xB2B, 0xB2C, 0xB3C, 0xC1B, 0xC1C, 0xC1D, 0xC2B,
    0xC2C, 0xC2D, 0xC3B, 0xC3C, 0xD1C, 0xD2C, 0xD2D, 0xB2C, 0xB2D, 0xB3D, 0xC1C, 0xC1D, 0xC1E, 0xC2C, 0xC2D, 0xC2E,
    0xC3C, 0xC3D, 0xD1D, 0xD2D, 0xD2E, 0xB2E, 0xB3E, 0xC1E, 0xC1F, 0xC2D, 0xC2E, 0xC2F, 0xC3D, 0xC3E, 0xD1E, 0xD2E,
    0xD2F, 0xB2F, 0xC1F, 0xC2E, 0xC2F, 0xC3E, 0xC3F, 0xD1F, 0xD2F, 0xB30, 0xB31, 0xC20, 0xC30, 0xC31, 0xC41, 0xD30,
    0xB31, 0xB32, 0xC20, 0xC21, 0xC30, 0xC31, 0xC32, 0xC41, 0xC42, 0xD20, 0xD21, 0xD30, 0xD31, 0xB32, 0xB33, 0xC21,
    0xC22, 0xC31, 0xC32, 0xC33, 0xC42, 0xC43, 0xD22, 0xD31, 0xD32, 0xB33, 0xB34, 0xC22, 0xC23, 0xC32, 0xC33, 0xC34,
    0xC43, 0xC44, 0xD23, 0xD32, 0xD33, 0xB34, 0xB44, 0xC23, 0xC24, 0xC33, 0xC34, 0xC35, 0xC44, 0xC45, 0xD24, 0xD33,
    0xD34, 0xB35, 0xB45, 0xC24, 0xC25, 0xC34, 0xC35, 0xC36, 0xC45, 0xC46, 0xD25, 0xD34, 0xD35, 0xB36, 0xB46, 0xC25,
    0xC26, 0xC35, 0xC36, 0xC37, 0xC46, 0xC47, 0xD25, 0xD26, 0xD35, 0xD36, 0xB37, 0xB47, 0xC26, 0xC27, 0xC36, 0xC37,
    0xC38, 0xC47, 0xC48, 0xD27, 0xD36, 0xD37, 0xB38, 0xB48, 0xC27, 0xC28, 0xC37, 0xC38, 0xC39, 0xC48, 0xC49, 0xD28,
    0xD37, 0xD38, 0xD39, 0xB38, 0xB39, 0xB49, 0xC28, 0xC29, 0xC2A, 0xC38, 0xC39, 0xC3A, 0xC49, 0xC4A, 0xD29, 0xD38,
    0xD39, 0xD3A, 0xB39, 0xB3A, 0xC29, 0xC2A, 0xC2B, 0xC39, 0xC3A, 0xC3B, 0xC4A, 0xC4B, 0xD2B, 0xD39, 0xD3A, 0xD3B,
    0xB3A, 0xB3B, 0xC2A, 0xC2B, 0xC2C, 0xC3A, 0xC3B, 0xC3C, 0xC4B, 0xC4C, 0xD2B, 0xD3B, 0xD3C, 0xB3B, 0xB3C, 0xC2B,
    0xC2C, 0xC2D, 0xC3B, 0xC3C, 0xC3D, 0xC4C, 0xC4D, 0xD2C, 0xD3C, 0xD3D, 0xB3C, 0xB3D, 0xC2C, 0xC2D, 0xC2E, 0xC3C,
    0xC3D, 0xC3E, 0xC4D, 0xC4E, 0xD2D, 0xD3D, 0xD3E, 0xB3D, 0xB3E, 0xB4E, 0xC2E, 0xC2F, 0xC3D, 0xC3E, 0xC3F, 0xC4E,
    0xD2E, 0xD3E, 0xD3F, 0xB3E, 0xB3F, 0xC2F, 0xC3E, 0xC3F, 0xC4E, 0xC4F, 0xD2F, 0xD3F, 0xB40, 0xB41, 0xC30, 0xC40,
    0xC41, 0xC51, 0xC52, 0xD30, 0xD40, 0xB41, 0xB42, 0xC30, 0xC31, 0xC40, 0xC41, 0xC42, 0xC51, 0xC52, 0xD30, 0xD31,
    0xD40, 0xD41, 0xB42, 0xB43, 0xC31, 0xC32, 0xC40, 0xC41, 0xC42, 0xC43, 0xC52, 0xC53, 0xD31, 0xD32, 0xD40, 0xD41,
    0xD42, 0xB43, 0xB44, 0xC32, 0xC33, 0xC42, 0xC43, 0xC44, 0xC53, 0xC54, 0xD32, 0xD33, 0xD42, 0xD43, 0xB44, 0xB45,
    0xC33, 0xC34, 0xC43, 0xC44, 0xC45, 0xC54, 0xC55, 0xD33, 0xD34, 0xD43, 0xD44, 0xB45, 0xB46, 0xB55, 0xC34, 0xC35,
    0xC44, 0xC45, 0xC46, 0xC55, 0xC56, 0xD34, 0xD35, 0xD44, 0xD45, 0xB46, 0xB47, 0xB56, 0xC35, 0xC36, 0xC45, 0xC46,
    0xC47, 0xC56, 0xC57, 0xD35, 0xD36, 0xD45, 0xD46, 0xB47, 0xB48, 0xB57, 0xC36, 0xC37, 0xC46, 0xC47, 0xC48, 0xC57,
    0xC58, 0xD37, 0xD46, 0xD47, 0xB48, 0xB49, 0xB58, 0xC37, 0xC38, 0xC47, 0xC48, 0xC49, 0xC58, 0xC59, 0xD38, 0xD47,
    0xD48, 0xB49, 0xB4A, 0xB59, 0xC38, 0xC39, 0xC48, 0xC49, 0xC4A, 0xC59, 0xC5A, 0xD39, 0xD48, 0xD49, 0xB4A, 0xB4B,
    0xB5A, 0xC39, 0xC3A, 0xC49, 0xC4A, 0xC4B, 0xC5A, 0xC5B, 0xD3A, 0xD49, 0xD4A, 0xD4B, 0xB4B, 0xB5B, 0xC3A, 0xC3B,
    0xC4A, 0xC4B, 0xC4C, 0xC5B, 0xC5C, 0xD3B, 0xD4A, 0xD4B, 0xD4C, 0xB4B, 0xB4C, 0xC3B, 0xC3C, 0xC3D, 0xC4B, 0xC4C,
    0xC4D, 0xC5C, 0xC5D, 0xD3C, 0xD3D, 0xD4B, 0xD4C, 0xD4D, 0xB4C, 0xB4D, 0xC3C, 0xC3D, 0xC3E, 0xC4C, 0xC4D, 0xC4E,
    0xC5D, 0xC5E, 0xD3D, 0xD3E, 0xD4C, 0xD4D, 0xD4E, 0xB4D, 0xB4E, 0xC3D, 0xC3E, 0xC3F, 0xC4D, 0xC4E, 0xC4F, 0xC5E,
    0xC5F, 0xD3E, 0xD3F, 0xD4E, 0xD4F, 0xB4E, 0xB4F, 0xC3F, 0xC4E, 0xC4F, 0xC5F, 0xD3F, 0xD4F, 0xB51, 0xC40, 0xC50,
    0xC51, 0xC61, 0xC62, 0xD40, 0xD50, 0xB51, 0xB52, 0xC40, 0xC41, 0xC50, 0xC51, 0xC52, 0xC62, 0xD40, 0xD50, 0xD51,
    0xB52, 0xB53, 0xC40, 0xC41, 0xC42, 0xC50, 0xC51, 0xC52, 0xC53, 0xC62, 0xC63, 0xD40, 0xD41, 0xD42, 0xD50, 0xD51,
    0xD52, 0xB53, 0xB54, 0xC42, 0xC43, 0xC52, 0xC53, 0xC54, 0xC63, 0xC64, 0xD42, 0xD43, 0xD52, 0xD53, 0xB54, 0xB55,
    0xC43, 0xC44, 0xC53, 0xC54, 0xC55, 0xC64, 0xC65, 0xD43, 0xD44, 0xD53, 0xD54, 0xB55, 0xB56, 0xC44, 0xC45, 0xC54,
    0xC55, 0xC56, 0xC65, 0xC66, 0xD44, 0xD45, 0xD54, 0xD55, 0xB56, 0xB57, 0xB66, 0xC45, 0xC46, 0xC55, 0xC56, 0xC57,
    0xC66, 0xC67, 0xD45, 0xD46, 0xD55, 0xD56, 0xB57, 0xB58, 0xB67, 0xC46, 0xC47, 0xC56, 0xC57, 0xC58, 0xC67, 0xC68,
    0xD46, 0xD47, 0xD56, 0xD57, 0xB58, 0xB59, 0xB68, 0xC47, 0xC48, 0xC57, 0xC58, 0xC59, 0xC68, 0xC69, 0xD47, 0xD48,
    0xD57, 0xD58, 0xB59, 0xB5A, 0xB69, 0xC48, 0xC49, 0xC58, 0xC59, 0xC5A, 0xC69, 0xC6A, 0xD48, 0xD49, 0xD58, 0xD59,
    0xB5A, 0xB5B, 0xB6A, 0xC49, 0xC4A, 0xC59, 0xC5A, 0xC5B, 0xC6A, 0xC6B, 0xD4A, 0xD59, 0xD5A, 0xB5B, 0xB5C, 0xB6B,
    0xC4A, 0xC4B, 0xC5A, 0xC5B, 0xC5C, 0xC6B, 0xC6C, 0xD4B, 0xD5A, 0xD5B, 0xB5C, 0xB5D, 0xB6C, 0xC4B, 0xC4C, 0xC5B,
    0xC5C, 0xC5D, 0xC6C, 0xC6D, 0xD4C, 0xD5B, 0xD5C, 0xB5C, 0xB5D, 0xB5E, 0xB6D, 0xC4C, 0xC4D, 0xC4E, 0xC5C, 0xC5D,
    0xC5E, 0xC6D, 0xC6E, 0xD4D, 0xD4E, 0xD5C, 0xD5D, 0xD5E, 0xB5D, 0xB5E, 0xC4D, 0xC4E, 0xC4F, 0xC5D, 0xC5E, 0xC5F,
    0xC6E, 0xC6F, 0xD4E, 0xD4F, 0xD5D, 0xD5E, 0xD5F, 0xB5E, 0xB5F, 0xC4E, 0xC4F, 0xC5E, 0xC5F, 0xC6F, 0xD4F, 0xD5E,
    0xD5F, 0xB61, 0xB62, 0xB72, 0xC50, 0xC60, 0xC61, 0xC62, 0xC71, 0xC72, 0xD60, 0xB61, 0xB62, 0xC50, 0xC51, 0xC60,
    0xC61, 0xC62, 0xC72, 0xD50, 0xD60, 0xD61, 0xB62, 0xB63, 0xC50, 0xC51, 0xC52, 0xC60, 0xC61, 0xC62, 0xC63, 0xC72,
    0xC73, 0xD50, 0xD51, 0xD52, 0xD60, 0xD61, 0xD62, 0xB63, 0xB64, 0xC52, 0xC53, 0xC62, 0xC63, 0xC64, 0xC73, 0xC74,
    0xD52, 0xD53, 0xD62, 0xD63, 0xB64, 0xB65, 0xC53, 0xC54, 0xC63, 0xC64, 0xC65, 0xC74, 0xC75, 0xD53, 0xD54, 0xD63,
    0xD64, 0xB65, 0xB66, 0xC54, 0xC55, 0xC64, 0xC65, 0xC66, 0xC75, 0xC76, 0xD54, 0xD55, 0xD64, 0xD65, 0xB66, 0xB67,
    0xB76, 0xC55, 0xC56, 0xC65, 0xC66, 0xC67, 0xC76, 0xC77, 0xD55, 0xD56, 0xD65, 0xD66, 0xB67, 0xB68, 0xB77, 0xC56,
    0xC57, 0xC66, 0xC67, 0xC68, 0xC77, 0xC78, 0xD56, 0xD57, 0xD66, 0xD67, 0xB68, 0xB69, 0xB78, 0xC57, 0xC58, 0xC67,
    0xC68, 0xC69, 0xC78, 0xC79, 0xD57, 0xD58, 0xD67, 0xD68, 0xB69, 0xB6A, 0xB79, 0xC58, 0xC59, 0xC68, 0xC69, 0xC6A,
    0xC79, 0xC7A, 0xD58, 0xD59, 0xD68, 0xD69, 0xB6A, 0xB6B, 0xB7A, 0xC59, 0xC5A, 0xC69, 0xC6A, 0xC6B, 0xC7A, 0xC7B,
    0xD59, 0xD5A, 0xD69, 0xD6A, 0xB6B, 0xB6C, 0xB7B, 0xC5A, 0xC5B, 0xC6A, 0xC6B, 0xC6C, 0xC7B, 0xC7C, 0xD5A, 0xD5B,
    0xD6A, 0xD6B, 0xB6C, 0xB6D, 0xB7C, 0xC5B, 0xC5C, 0xC6B, 0xC6C, 0xC6D, 0xC7C, 0xC7D, 0xD5B, 0xD5C, 0xD6B, 0xD6C,
    0xB6D, 0xB6E, 0xB7D, 0xC5C, 0xC5D, 0xC6C, 0xC6D, 0xC6E, 0xC7D, 0xC7E, 0xD5C, 0xD5D, 0xD6C, 0xD6D, 0xB6E, 0xB6F,
    0xB7E, 0xC5D, 0xC5E, 0xC6D, 0xC6E, 0xC6F, 0xC7E, 0xC7F, 0xD5E, 0xD6D, 0xD6E, 0xB6F, 0xB7F, 0xC5E, 0xC5F, 0xC6E,
    0xC6F, 0xC7F, 0xD5F, 0xD6E, 0xD6F, 0xB71, 0xB72, 0xB82, 0xC60, 0xC70, 0xC71, 0xC72, 0xC81, 0xC82, 0xD70, 0xB71,
    0xB72, 0xB82, 0xC60, 0xC70, 0xC71, 0xC72, 0xC82, 0xD60, 0xD70, 0xD71, 0xB72, 0xB73, 0xC60, 0xC61, 0xC62, 0xC70,
    0xC71, 0xC72, 0xC73, 0xC82, 0xC83, 0xD60, 0xD61, 0xD70, 0xD71, 0xD72, 0xB73, 0xB74, 0xC62, 0xC63, 0xC71, 0xC72,
    0xC73, 0xC74, 0xC83, 0xC84, 0xD62, 0xD71, 0xD72, 0xD73, 0xB74, 0xB75, 0xC63, 0xC64, 0xC73, 0xC74, 0xC75, 0xC84,
    0xC85, 0xD63, 0xD64, 0xD73, 0xD74, 0xB75, 0xB76, 0xC64, 0xC65, 0xC74, 0xC75, 0xC76, 0xC85, 0xC86, 0xD65, 0xD74,
    0xD75, 0xB76, 0xB77, 0xC65, 0xC66, 0xC75, 0xC76, 0xC77, 0xC86, 0xC87, 0xD66, 0xD75, 0xD76, 0xB77, 0xB78, 0xB87,
    0xC66, 0xC67, 0xC76, 0xC77, 0xC78, 0xC87, 0xC88, 0xD67, 0xD76, 0xD77, 0xB78, 0xB79, 0xB88, 0xC67, 0xC68, 0xC77,
    0xC78, 0xC79, 0xC88, 0xC89, 0xD68, 0xD77, 0xD78, 0xB79, 0xB7A, 0xB89, 0xC68, 0xC69, 0xC78, 0xC79, 0xC7A, 0xC89,
    0xC8A, 0xD69, 0xD78, 0xD79, 0xB7A, 0xB7B, 0xB8A, 0xC69, 0xC6A, 0xC79, 0xC7A, 0xC7B, 0xC8A, 0xC8B, 0xD6A, 0xD79,
    0xD7A, 0xB7B, 0xB7C, 0xB8B, 0xC6A, 0xC6B, 0xC7A, 0xC7B, 0xC7C, 0xC8B, 0xC8C, 0xD6B, 0xD7A, 0xD7B, 0xB7C, 0xB7D,
    0xB8C, 0xC6B, 0xC6C, 0xC7B, 0xC7C, 0xC7D, 0xC8C, 0xC8D, 0xD6C, 0xD7B, 0xD7C, 0xB7D, 0xB7E, 0xB8D, 0xC6C, 0xC6D,
    0xC7C, 0xC7D, 0xC7E, 0xC8D, 0xC8E, 0xD6D, 0xD7C, 0xD7D, 0xB7E, 0xB7F, 0xB8E, 0xC6D, 0xC6E, 0xC7D, 0xC7E, 0xC7F,
    0xC8E, 0xC8F, 0xD6E, 0xD7D, 0xD7E, 0xB7F, 0xB8F, 0xC6E, 0xC6F, 0xC7E, 0xC7F, 0xC8F, 0xD7E, 0xD7F, 0xB81, 0xB82,
    0xB92, 0xC70, 0xC80, 0xC81, 0xC82, 0xC92, 0xD80, 0xB81, 0xB82, 0xB92, 0xC70, 0xC80, 0xC81, 0xC82, 0xC92, 0xC93,
    0xD70, 0xD80, 0xD81, 0xB82, 0xB83, 0xC70, 0xC71, 0xC72, 0xC80, 0xC81, 0xC82, 0xC83, 0xC92, 0xC93, 0xD70, 0xD71,
    0xD80, 0xD81, 0xD82, 0xB83, 0xB84, 0xC71, 0xC72, 0xC73, 0xC81, 0xC82, 0xC83, 0xC84, 0xC93, 0xC94, 0xD71, 0xD72,
    0xD81, 0xD82, 0xD83, 0xB84, 0xB85, 0xC73, 0xC74, 0xC83, 0xC84, 0xC85, 0xC94, 0xC95, 0xD73, 0xD83, 0xD84, 0xB85,
    0xB86, 0xC74, 0xC75, 0xC84, 0xC85, 0xC86, 0xC95, 0xC96, 0xD75, 0xD84, 0xD85, 0xB86, 0xB87, 0xC75, 0xC76, 0xC85,
    0xC86, 0xC87, 0xC96, 0xC97, 0xD76, 0xD85, 0xD86, 0xB87, 0xB88, 0xC76, 0xC77, 0xC86, 0xC87, 0xC88, 0xC97, 0xC98,
    0xD77, 0xD86, 0xD87, 0xB88, 0xB89, 0xB98, 0xC77, 0xC78, 0xC87, 0xC88, 0xC89, 0xC98, 0xC99, 0xD78, 0xD87, 0xD88,
    0xB89, 0xB8A, 0xB99, 0xC78, 0xC79, 0xC88, 0xC89, 0xC8A, 0xC99, 0xC9A, 0xD79, 0xD88, 0xD89, 0xB8A, 0xB8B, 0xB9A,
    0xC79, 0xC7A, 0xC89, 0xC8A, 0xC8B, 0xC9A, 0xC9B, 0xD7A, 0xD89, 0xD8A, 0xB8B, 0xB8C, 0xB9B, 0xC7A, 0xC7B, 0xC8A,
    0xC8B, 0xC8C, 0xC9B, 0xC9C, 0xD7B, 0xD8A, 0xD8B, 0xB8C, 0xB8D, 0xB9C, 0xC7B, 0xC7C, 0xC8B, 0xC8C, 0xC8D, 0xC9C,
    0xC9D, 0xD7C, 0xD8B, 0xD8C, 0xB8D, 0xB8E, 0xB9D, 0xC7C, 0xC7D, 0xC8C, 0xC8D, 0xC8E, 0xC9D, 0xC9E, 0xD7D, 0xD8C,
    0xD8D, 0xB8E, 0xB8F, 0xB9E, 0xC7D, 0xC7E, 0xC8D, 0xC8E, 0xC8F, 0xC9E, 0xC9F, 0xD7E, 0xD8D, 0xD8E, 0xB8F, 0xB9F,
    0xC7E, 0xC7F, 0xC8E, 0xC8F, 0xC9F, 0xD8E, 0xD8F, 0xB91, 0xB92, 0xBA2, 0xC80, 0xC90, 0xC91, 0xC92, 0xCA2, 0xD90,
    0xB91, 0xB92, 0xB93, 0xBA2, 0xC80, 0xC90, 0xC91, 0xC92, 0xC93, 0xCA2, 0xCA3, 0xD80, 0xD90, 0xD91, 0xB92, 0xB93,
    0xC80, 0xC81, 0xC82, 0xC90, 0xC91, 0xC92, 0xC93, 0xCA2, 0xCA3, 0xD81, 0xD90, 0xD91, 0xD92, 0xB93, 0xB94, 0xBA4,
    0xC81, 0xC82, 0xC83, 0xC91, 0xC92, 0xC93, 0xC94, 0xCA3, 0xCA4, 0xD81, 0xD82, 0xD91, 0xD92, 0xD93, 0xB94, 0xB95,
    0xBA5, 0xC83, 0xC84, 0xC93, 0xC94, 0xC95, 0xCA4, 0xCA5, 0xD83, 0xD93, 0xD94, 0xB95, 0xB96, 0xBA6, 0xC84, 0xC85,
    0xC94, 0xC95, 0xC96, 0xCA5, 0xCA6, 0xD84, 0xD94, 0xD95, 0xB96, 0xB97, 0xC85, 0xC86, 0xC95, 0xC96, 0xC97, 0xCA6,
    0xCA7, 0xD86, 0xD95, 0xD96, 0xB97, 0xB98, 0xBA7, 0xC86, 0xC87, 0xC96, 0xC97, 0xC98, 0xCA7, 0xCA8, 0xD87, 0xD96,
    0xD97, 0xB98, 0xB99, 0xBA8, 0xC87, 0xC88, 0xC97, 0xC98, 0xC99, 0xCA8, 0xCA9, 0xD88, 0xD97, 0xD98, 0xB99, 0xB9A,
    0xBA9, 0xC88, 0xC89, 0xC98, 0xC99, 0xC9A, 0xCA9, 0xCAA, 0xD89, 0xD98, 0xD99, 0xB9A, 0xB9B, 0xBAA, 0xC89, 0xC8A,
    0xC99, 0xC9A, 0xC9B, 0xCAA, 0xCAB, 0xD8A, 0xD99, 0xD9A, 0xB9B, 0xB9C, 0xBAB, 0xC8A, 0xC8B, 0xC9A, 0xC9B, 0xC9C,
    0xCAB, 0xCAC, 0xD8B, 0xD9A, 0xD9B, 0xB9C, 0xB9D, 0xBAC, 0xC8B, 0xC8C, 0xC9B, 0xC9C, 0xC9D, 0xCAC, 0xCAD, 0xD8C,
    0xD9B, 0xD9C, 0xB9D, 0xB9E, 0xBAD, 0xC8C, 0xC8D, 0xC9C, 0xC9D, 0xC9E, 0xCAD, 0xCAE, 0xD8D, 0xD9C, 0xD9D, 0xB9E,
    0xB9F, 0xBAE, 0xC8D, 0xC8E, 0xC9D, 0xC9E, 0xC9F, 0xCAE, 0xCAF, 0xD8E, 0xD9D, 0xD9E, 0xB9F, 0xBAF, 0xC8E, 0xC8F,
    0xC9E, 0xC9F, 0xCAF, 0xD9E, 0xD9F, 0xBA1, 0xBA2, 0xBB2, 0xC90, 0xCA0, 0xCA1, 0xCA2, 0xCB2, 0xDA0, 0xBA1, 0xBA2,
    0xBA3, 0xBB2, 0xBB3, 0xC90, 0xCA0, 0xCA1, 0xCA2, 0xCA3, 0xCB2, 0xCB3, 0xDA0, 0xBA2, 0xBA3, 0xC90, 0xC91, 0xCA0,
    0xCA1, 0xCA2, 0xCA3, 0xCB3, 0xDA0, 0xDA1, 0xDA2, 0xBA3, 0xBA4, 0xC91, 0xC92, 0xC93, 0xCA1, 0xCA2, 0xCA3, 0xCA4,
    0xCB3, 0xCB4, 0xDA1, 0xDA2, 0xDA3, 0xBA4, 0xBA5, 0xBB5, 0xC93, 0xC94, 0xCA3, 0xCA4, 0xCA5, 0xCB4, 0xCB5, 0xD93,
    0xDA2, 0xDA3, 0xDA4, 0xBA5, 0xBA6, 0xBB6, 0xC94, 0xC95, 0xCA4, 0xCA5, 0xCA6, 0xCB5, 0xCB6, 0xD94, 0xDA4, 0xDA5,
    0xBA6, 0xBA7, 0xC95, 0xC96, 0xCA5, 0xCA6, 0xCA7, 0xCB6, 0xCB7, 0xDA5, 0xDA6, 0xBA7, 0xBA8, 0xC96, 0xC97, 0xCA6,
    0xCA7, 0xCA8, 0xCB7, 0xCB8, 0xD97, 0xDA6, 0xDA7, 0xBA8, 0xBA9, 0xBB8, 0xC97, 0xC98, 0xCA7, 0xCA8, 0xCA9, 0xCB8,
    0xCB9, 0xD98, 0xDA7, 0xDA8, 0xBA9, 0xBAA, 0xBB9, 0xC98, 0xC99, 0xCA8, 0xCA9, 0xCAA, 0xCB9, 0xCBA, 0xD99, 0xDA8,
    0xDA9, 0xBAA, 0xBAB, 0xBBA, 0xC99, 0xC9A, 0xCA9, 0xCAA, 0xCAB, 0xCBA, 0xCBB, 0xD9A, 0xDA9, 0xDAA, 0xBAB, 0xBAC,
    0xBBB, 0xC9A, 0xC9B, 0xCAA, 0xCAB, 0xCAC, 0xCBB, 0xCBC, 0xD9B, 0xDAA, 0xDAB, 0xBAC, 0xBAD, 0xBBC, 0xC9B, 0xC9C,
    0xCAB, 0xCAC, 0xCAD, 0xCBC, 0xCBD, 0xD9C, 0xDAB, 0xDAC, 0xBAD, 0xBAE, 0xBBD, 0xC9C, 0xC9D, 0xCAC, 0xCAD, 0xCAE,
    0xCBD, 0xCBE, 0xD9D, 0xDAC, 0xDAD, 0xBAE, 0xBAF, 0xBBE, 0xC9D, 0xC9E, 0xCAD, 0xCAE, 0xCAF, 0xCBE, 0xCBF, 0xD9E,
    0xDAD, 0xDAE, 0xBAF, 0xBBF, 0xC9E, 0xC9F, 0xCAE, 0xCAF, 0xCBF, 0xDAE, 0xDAF, 0xBB1, 0xBB2, 0xBC2, 0xCA0, 0xCB0,
    0xCB1, 0xCB2, 0xCC2, 0xDB0, 0xBB1, 0xBB2, 0xBB3, 0xBC2, 0xBC3, 0xCA0, 0xCB0, 0xCB1, 0xCB2, 0xCB3, 0xCC2, 0xCC3,
    0xDB0, 0xBB2, 0xBB3, 0xCA0, 0xCA1, 0xCB0, 0xCB1, 0xCB2, 0xCB3, 0xCC3, 0xDB0, 0xDB1, 0xDB2, 0xBB3, 0xBB4, 0xCA1,
    0xCA2, 0xCA3, 0xCB1, 0xCB2, 0xCB3, 0xCB4, 0xCC3, 0xCC4, 0xDB0, 0xDB1, 0xDB2, 0xDB3, 0xBB4, 0xBB5, 0xBC5, 0xCA3,
    0xCA4, 0xCB2, 0xCB3, 0xCB4, 0xCB5, 0xCC4, 0xCC5, 0xDA3, 0xDB2, 0xDB3, 0xDB4, 0xBB5, 0xBB6, 0xBC6, 0xCA4, 0xCA5,
    0xCB4, 0xCB5, 0xCB6, 0xCC5, 0xCC6, 0xDA4, 0xDB4, 0xDB5, 0xBB6, 0xBB7, 0xCA5, 0xCA6, 0xCB5, 0xCB6, 0xCB7, 0xCC6,
    0xCC7, 0xDA5, 0xDB5, 0xDB6, 0xBB7, 0xBB8, 0xCA6, 0xCA7, 0xCB6, 0xCB7, 0xCB8, 0xCC7, 0xCC8, 0xDB6, 0xDB7, 0xBB8,
    0xBB9, 0xCA7, 0xCA8, 0xCB7, 0xCB8, 0xCB9, 0xCC8, 0xCC9, 0xDA8, 0xDB7, 0xDB8, 0xBB9, 0xBBA, 0xBC9, 0xCA8, 0xCA9,
    0xCB8, 0xCB9, 0xCBA, 0xCC9, 0xCCA, 0xDA9, 0xDB8, 0xDB9, 0xBBA, 0xBBB, 0xBCA, 0xCA9, 0xCAA, 0xCB9, 0xCBA, 0xCBB,
    0xCCA, 0xCCB, 0xDAA, 0xDB9, 0xDBA, 0xBBB, 0xBBC, 0xBCB, 0xCAA, 0xCAB, 0xCBA, 0xCBB, 0xCBC, 0xCCB, 0xCCC, 0xDAB,
    0xDBA, 0xDBB, 0xBBC, 0xBBD, 0xBCC, 0xCAB, 0xCAC, 0xCBB, 0xCBC, 0xCBD, 0xCCC, 0xCCD, 0xDAC, 0xDBB, 0xDBC, 0xBBD,
    0xBBE, 0xBCD, 0xCAC, 0xCAD, 0xCBC, 0xCBD, 0xCBE, 0xCCD, 0xCCE, 0xDAD, 0xDBC, 0xDBD, 0xBBE, 0xBBF, 0xBCE, 0xCAD,
    0xCAE, 0xCBD, 0xCBE, 0xCBF, 0xCCE, 0xCCF, 0xDAE, 0xDBD, 0xDBE, 0xBBF, 0xBCF, 0xCAE, 0xCAF, 0xCBE, 0xCBF, 0xCCF,
    0xDBE, 0xDBF, 0xBC1, 0xBC2, 0xBD2, 0xBD3, 0xCB0, 0xCC0, 0xCC1, 0xCC2, 0xCD2, 0xCD3, 0xDC0, 0xBC1, 0xBC2, 0xBC3,
    0xBD3, 0xCB0, 0xCC0, 0xCC1, 0xCC2, 0xCC3, 0xCD2, 0xCD3, 0xDC0, 0xBC2, 0xBC3, 0xBC4, 0xCB0, 0xCB1, 0xCC0, 0xCC1,
    0xCC2, 0xCC3, 0xCC4, 0xCD3, 0xCD4, 0xDC0, 0xDC1, 0xDC2, 0xBC3, 0xBC4, 0xCB1, 0xCB2, 0xCB3, 0xCC1, 0xCC2, 0xCC3,
    0xCC4, 0xCD3, 0xCD4, 0xDC0, 0xDC1, 0xDC2, 0xDC3, 0xBC4, 0xBC5, 0xCB2, 0xCB3, 0xCB4, 0xCC2, 0xCC3, 0xCC4, 0xCC5,
    0xCD4, 0xCD5, 0xDB3, 0xDC2, 0xDC3, 0xDC4, 0xBC5, 0xBC6, 0xCB4, 0xCB5, 0xCC4, 0xCC5, 0xCC6, 0xCD5, 0xCD6, 0xDB4,
    0xDC4, 0xDC5, 0xBC6, 0xBC7, 0xCB5, 0xCB6, 0xCC5, 0xCC6, 0xCC7, 0xCD6, 0xCD7, 0xDB5, 0xDC5, 0xDC6, 0xBC7, 0xBC8,
    0xCB6, 0xCB7, 0xCC6, 0xCC7, 0xCC8, 0xCD7, 0xCD8, 0xDC6, 0xDC7, 0xBC8, 0xBC9, 0xCB7, 0xCB8, 0xCC7, 0xCC8, 0xCC9,
    0xCD8, 0xCD9, 0xDC7, 0xDC8, 0xBC9, 0xBCA, 0xCB8, 0xCB9, 0xCC8, 0xCC9, 0xCCA, 0xCD9, 0xCDA, 0xDB9, 0xDC8, 0xDC9,
    0xBCA, 0xBCB, 0xBDA, 0xCB9, 0xCBA, 0xCC9, 0xCCA, 0xCCB, 0xCDA, 0xCDB, 0xDBA, 0xDC9, 0xDCA, 0xBCB, 0xBCC, 0xBDB,
    0xCBA, 0xCBB, 0xCCA, 0xCCB, 0xCCC, 0xCDB, 0xCDC, 0xDBB, 0xDCA, 0xDCB, 0xBCC, 0xBCD, 0xBDC, 0xCBB, 0xCBC, 0xCCB,
    0xCCC, 0xCCD, 0xCDC, 0xCDD, 0xDBC, 0xDCB, 0xDCC, 0xBCD, 0xBCE, 0xBDD, 0xCBC, 0xCBD, 0xCCC, 0xCCD, 0xCCE, 0xCDD,
    0xCDE, 0xDBD, 0xDCC, 0xDCD, 0xBCE, 0xBCF, 0xBDE, 0xCBD, 0xCBE, 0xCCD, 0xCCE, 0xCCF, 0xCDE, 0xCDF, 0xDBE, 0xDCD,
    0xDCE, 0xBCF, 0xBDF, 0xCBE, 0xCBF, 0xCCE, 0xCCF, 0xCDF, 0xDCE, 0xDCF, 0xBD1, 0xBD2, 0xBD3, 0xBE2, 0xBE3, 0xCC0,
    0xCD0, 0xCD1, 0xCD2, 0xCD3, 0xCE2, 0xCE3, 0xDD0, 0xBD1, 0xBD2, 0xBD3, 0xBE3, 0xCC0, 0xCD0, 0xCD1, 0xCD2, 0xCD3,
    0xCE2, 0xCE3, 0xDD0, 0xBD2, 0xBD3, 0xBD4, 0xBE3, 0xCC0, 0xCC1, 0xCD0, 0xCD1, 0xCD2, 0xCD3, 0xCD4, 0xCE3, 0xCE4,
    0xDC0, 0xDD0, 0xDD1, 0xDD2, 0xBD3, 0xBD4, 0xBE4, 0xCC0, 0xCC1, 0xCC2, 0xCC3, 0xCD0, 0xCD1, 0xCD2, 0xCD3, 0xCD4,
    0xCE3, 0xCE4, 0xDD0, 0xDD1, 0xDD2, 0xDD3, 0xBD4, 0xBD5, 0xBE5, 0xCC2, 0xCC3, 0xCC4, 0xCD2, 0xCD3, 0xCD4, 0xCD5,
    0xCE4, 0xCE5, 0xDC3, 0xDD2, 0xDD3, 0xDD4, 0xBD5, 0xBD6, 0xBE5, 0xBE6, 0xCC4, 0xCC5, 0xCD4, 0xCD5, 0xCD6, 0xCE5,
    0xCE6, 0xDC4, 0xDD4, 0xDD5, 0xBD6, 0xBD7, 0xBE6, 0xBE7, 0xCC5, 0xCC6, 0xCD5, 0xCD6, 0xCD7, 0xCE6, 0xCE7, 0xDC5,
    0xDD5, 0xDD6, 0xBD7, 0xBD8, 0xBE8, 0xCC6, 0xCC7, 0xCD6, 0xCD7, 0xCD8, 0xCE7, 0xCE8, 0xDC6, 0xDD6, 0xDD7, 0xBD8,
    0xBD9, 0xCC7, 0xCC8, 0xCD7, 0xCD8, 0xCD9, 0xCE8, 0xCE9, 0xDD7, 0xDD8, 0xBD9, 0xBDA, 0xBE9, 0xCC8, 0xCC9, 0xCD8,
    0xCD9, 0xCDA, 0xCE9, 0xCEA, 0xDC9, 0xDD8, 0xDD9, 0xBDA, 0xBDB, 0xBEA, 0xCC9, 0xCCA, 0xCD9, 0xCDA, 0xCDB, 0xCEA,
    0xCEB, 0xDCA, 0xDD9, 0xDDA, 0xBDB, 0xBDC, 0xBEB, 0xCCA, 0xCCB, 0xCDA, 0xCDB, 0xCDC, 0xCEB, 0xCEC, 0xDCB, 0xDDA,
    0xDDB, 0xBDC, 0xBDD, 0xBEC, 0xCCB, 0xCCC, 0xCDB, 0xCDC, 0xCDD, 0xCEC, 0xCED, 0xDCC, 0xDDB, 0xDDC, 0xBDD, 0xBDE,
    0xBED, 0xCCC, 0xCCD, 0xCDC, 0xCDD, 0xCDE, 0xCED, 0xCEE, 0xDCD, 0xDDC, 0xDDD, 0xBDE, 0xBDF, 0xBEE, 0xCCD, 0xCCE,
    0xCDD, 0xCDE, 0xCDF, 0xCEE, 0xCEF, 0xDCE, 0xDDD, 0xDDE, 0xBDF, 0xBEF, 0xCCE, 0xCCF, 0xCDE, 0xCDF, 0xCEF, 0xDDE,
    0xDDF, 0xBE1, 0xBE2, 0xBE3, 0xBF2, 0xBF3, 0xCD0, 0xCE0, 0xCE1, 0xCE2, 0xCE3, 0xCF2, 0xCF3, 0xDE0, 0xBE1, 0xBE2,
    0xBE3, 0xBF3, 0xCD0, 0xCE0, 0xCE1, 0xCE2, 0xCE3, 0xCF2, 0xCF3, 0xDE0, 0xBE2, 0xBE3, 0xBE4, 0xBF3, 0xCD0, 0xCD1,
    0xCE0, 0xCE1, 0xCE2, 0xCE3, 0xCE4, 0xCF3, 0xCF4, 0xDE0, 0xDE1, 0xDE2, 0xBE3, 0xBE4, 0xCD0, 0xCD1, 0xCD2, 0xCE0,
    0xCE1, 0xCE2, 0xCE3, 0xCE4, 0xCF3, 0xCF4, 0xDE0, 0xDE1, 0xDE2, 0xDE3, 0xBE4, 0xBE5, 0xCD2, 0xCD3, 0xCD4, 0xCE2,
    0xCE3, 0xCE4, 0xCE5, 0xCF4, 0xCF5, 0xDE2, 0xDE3, 0xDE4, 0xBE5, 0xBE6, 0xBF6, 0xCD4, 0xCD5, 0xCE4, 0xCE5, 0xCE6,
    0xCF5, 0xCF6, 0xDE3, 0xDE4, 0xDE5, 0xBE6, 0xBE7, 0xBF7, 0xCD5, 0xCD6, 0xCE5, 0xCE6, 0xCE7, 0xCF6, 0xCF7, 0xDE5,
    0xDE6, 0xBE7, 0xBE8, 0xBF8, 0xCD6, 0xCD7, 0xCE6, 0xCE7, 0xCE8, 0xCF7, 0xCF8, 0xDE6, 0xDE7, 0xBE8, 0xBE9, 0xCD7,
    0xCD8, 0xCE7, 0xCE8, 0xCE9, 0xCF8, 0xCF9, 0xDE7, 0xDE8, 0xBE9, 0xBEA, 0xCD8, 0xCD9, 0xCE8, 0xCE9, 0xCEA, 0xCF9,
    0xCFA, 0xDE8, 0xDE9, 0xBEA, 0xBEB, 0xBFA, 0xCD9, 0xCDA, 0xCE9, 0xCEA, 0xCEB, 0xCFA, 0xCFB, 0xDE9, 0xDEA, 0xBEB,
    0xBEC, 0xBFB, 0xCDA, 0xCDB, 0xCEA, 0xCEB, 0xCEC, 0xCFB, 0xCFC, 0xDDB, 0xDEA, 0xDEB, 0xBEC, 0xBED, 0xBFC, 0xCDB,
    0xCDC, 0xCEB, 0xCEC, 0xCED, 0xCFC, 0xCFD, 0xDDC, 0xDEB, 0xDEC, 0xBED, 0xBEE, 0xBFD, 0xCDC, 0xCDD, 0xCEC, 0xCED,
    0xCEE, 0xCFD, 0xCFE, 0xDDD, 0xDEC, 0xDED, 0xBEE, 0xBEF, 0xBFE, 0xCDD, 0xCDE, 0xCED, 0xCEE, 0xCEF, 0xCFE, 0xCFF,
    0xDDE, 0xDED, 0xDEE, 0xBEF, 0xBFF, 0xCDE, 0xCDF, 0xCEE, 0xCEF, 0xCFF, 0xDEE, 0xDEF, 0xBF1, 0xBF2, 0xBF3, 0xCE0,
    0xCF0, 0xCF1, 0xCF2, 0xCF3, 0xBF2, 0xBF3, 0xCE0, 0xCF0, 0xCF1, 0xCF2, 0xCF3, 0xBF2, 0xBF3, 0xBF4, 0xCE0, 0xCE1,
    0xCF0, 0xCF1, 0xCF2, 0xCF3, 0xCF4, 0xBF3, 0xBF4, 0xCE0, 0xCE1, 0xCE2, 0xCF2, 0xCF3, 0xCF4, 0xBF4, 0xBF5, 0xCE2,
    0xCE3, 0xCE4, 0xCF3, 0xCF4, 0xCF5, 0xDF4, 0xBF5, 0xBF6, 0xCE4, 0xCE5, 0xCF4, 0xCF5, 0xCF6, 0xDF5, 0xBF6, 0xBF7,
    0xCE5, 0xCE6, 0xCF5, 0xCF6, 0xCF7, 0xDE5, 0xDF6, 0xBF7, 0xBF8, 0xCE6, 0xCE7, 0xCF6, 0xCF7, 0xCF8, 0xDE6, 0xDF7,
    0xBF8, 0xBF9, 0xCE7, 0xCE8, 0xCF7, 0xCF8, 0xCF9, 0xDF8, 0xBF9, 0xBFA, 0xCE8, 0xCE9, 0xCF8, 0xCF9, 0xCFA, 0xDF9,
    0xBFA, 0xBFB, 0xCE9, 0xCEA, 0xCF9, 0xCFA, 0xCFB, 0xDFA, 0xBFB, 0xBFC, 0xCEA, 0xCEB, 0xCFA, 0xCFB, 0xCFC, 0xDEB,
    0xDFB, 0xBFC, 0xBFD, 0xCEB, 0xCEC, 0xCFB, 0xCFC, 0xCFD, 0xDEC, 0xDFC, 0xBFD, 0xBFE, 0xCEC, 0xCED, 0xCFC, 0xCFD,
    0xCFE, 0xDED, 0xDFD, 0xBFE, 0xBFF, 0xCED, 0xCEE, 0xCFD, 0xCFE, 0xCFF, 0xDEE, 0xDFE, 0xBFF, 0xCEE, 0xCEF, 0xCFE,
    0xCFF, 0xC10, 0xC11, 0xD00, 0xD10, 0xD11, 0xE00, 0xC11, 0xC12, 0xD00, 0xD01, 0xD11, 0xD12, 0xE01, 0xC12, 0xC13,
    0xD01, 0xD02, 0xD12, 0xD13, 0xE01, 0xE02, 0xC13, 0xC14, 0xD02, 0xD03, 0xD04, 0xD13, 0xD14, 0xD24, 0xE02, 0xE03,
    0xC04, 0xC14, 0xC15, 0xD03, 0xD04, 0xD05, 0xD14, 0xD15, 0xD24, 0xD25, 0xC05, 0xC15, 0xD04, 0xD05, 0xD06, 0xD14,
    0xD15, 0xD25, 0xE05, 0xC06, 0xC16, 0xD05, 0xD06, 0xD07, 0xD15, 0xD16, 0xD17, 0xD26, 0xE06, 0xE07, 0xC07, 0xC17,
    0xD06, 0xD07, 0xD08, 0xD16, 0xD17, 0xD18, 0xD27, 0xE07, 0xC08, 0xC18, 0xD07, 0xD08, 0xD09, 0xD17, 0xD18, 0xD19,
    0xD28, 0xE08, 0xC19, 0xD08, 0xD09, 0xD0A, 0xD18, 0xD19, 0xD1A, 0xD29, 0xE09, 0xE0A, 0xC1A, 0xD09, 0xD0A, 0xD0B,
    0xD19, 0xD1A, 0xD1B, 0xE0A, 0xC1B, 0xD0A, 0xD0B, 0xD0C, 0xD1A, 0xD1B, 0xD1C, 0xE0B, 0xC1C, 0xD0B, 0xD0C, 0xD0D,
    0xD1B, 0xD1C, 0xE0C, 0xC1D, 0xD0C, 0xD0D, 0xD0E, 0xD1C, 0xD1D, 0xD1E, 0xE0D, 0xC1E, 0xD0D, 0xD0E, 0xD0F, 0xD1D,
    0xD1E, 0xE0E, 0xC1F, 0xD0E, 0xD0F, 0xD1E, 0xD1F, 0xE0F, 0xC21, 0xD00, 0xD10, 0xD11, 0xD20, 0xD21, 0xE00, 0xC11,
    0xD00, 0xD01, 0xD10, 0xD11, 0xD12, 0xD21, 0xD22, 0xE00, 0xE01, 0xE11, 0xC12, 0xC22, 0xD01, 0xD02, 0xD11, 0xD12,
    0xD13, 0xD22, 0xD23, 0xE01, 0xE02, 0xE12, 0xC13, 0xC23, 0xD02, 0xD03, 0xD12, 0xD13, 0xD14, 0xD23, 0xD24, 0xE02,
    0xE03, 0xE13, 0xC14, 0xC24, 0xD03, 0xD04, 0xD13, 0xD14, 0xD24, 0xD25, 0xE03, 0xE04, 0xE14, 0xC15, 0xC25, 0xD04,
    0xD05, 0xD06, 0xD14, 0xD15, 0xD25, 0xD26, 0xE04, 0xE05, 0xE15, 0xC16, 0xC26, 0xD05, 0xD06, 0xD07, 0xD15, 0xD16,
    0xD17, 0xD26, 0xD27, 0xE05, 0xE06, 0xC17, 0xC27, 0xD06, 0xD07, 0xD08, 0xD16, 0xD17, 0xD18, 0xD27, 0xD28, 0xE06,
    0xE07, 0xE17, 0xE18, 0xC18, 0xC28, 0xD07, 0xD08, 0xD09, 0xD17, 0xD18, 0xD19, 0xD28, 0xE08, 0xE18, 0xE19, 0xC19,
    0xC29, 0xD08, 0xD09, 0xD0A, 0xD18, 0xD19, 0xD1A, 0xD28, 0xD29, 0xE09, 0xE0A, 0xE19, 0xE1A, 0xC1A, 0xC2A, 0xD09,
    0xD0A, 0xD0B, 0xD19, 0xD1A, 0xD1B, 0xD29, 0xD2A, 0xE0A, 0xE0B, 0xE1A, 0xE1B, 0xC1B, 0xC2B, 0xD0A, 0xD0B, 0xD0C,
    0xD1A, 0xD1B, 0xD1C, 0xD2A, 0xD2B, 0xE0B, 0xE0C, 0xE1B, 0xE1C, 0xC1C, 0xC2C, 0xD0B, 0xD0C, 0xD0D, 0xD1B, 0xD1C,
    0xD1D, 0xD2B, 0xD2C, 0xE0C, 0xE0D, 0xE1C, 0xE1D, 0xC1D, 0xC2D, 0xD0C, 0xD0D, 0xD0E, 0xD1C, 0xD1D, 0xD1E, 0xD2C,
    0xD2D, 0xE0D, 0xE0E, 0xE1D, 0xE1E, 0xC1E, 0xC2E, 0xD0E, 0xD0F, 0xD1D, 0xD1E, 0xD1F, 0xD2D, 0xD2E, 0xE0E, 0xE0F,
    0xE1E, 0xE1F, 0xD0F, 0xD1E, 0xD1F, 0xD2E, 0xD2F, 0xE0F, 0xE1F, 0xD10, 0xD20, 0xD21, 0xD31, 0xE10, 0xE20, 0xD10,
    0xD11, 0xD20, 0xD21, 0xD22, 0xD31, 0xD32, 0xE10, 0xE11, 0xE20, 0xE21, 0xC22, 0xD02, 0xD11, 0xD12, 0xD21, 0xD22,
    0xD23, 0xD32, 0xD33, 0xE02, 0xE11, 0xE12, 0xE21, 0xE22, 0xC23, 0xC33, 0xD02, 0xD03, 0xD12, 0xD13, 0xD22, 0xD23,
    0xD24, 0xD33, 0xD34, 0xE02, 0xE03, 0xE12, 0xE13, 0xE22, 0xE23, 0xC24, 0xC34, 0xD03, 0xD04, 0xD13, 0xD14, 0xD23,
    0xD24, 0xD25, 0xD34, 0xD35, 0xE03, 0xE04, 0xE13, 0xE14, 0xE23, 0xE24, 0xC25, 0xC35, 0xD04, 0xD05, 0xD14, 0xD15,
    0xD24, 0xD25, 0xD26, 0xD35, 0xD36, 0xE04, 0xE05, 0xE14, 0xE15, 0xE24, 0xE25, 0xC36, 0xD05, 0xD06, 0xD15, 0xD16,
    0xD25, 0xD26, 0xD27, 0xD36, 0xD37, 0xE05, 0xE06, 0xE15, 0xE16, 0xE25, 0xE26, 0xC27, 0xC37, 0xD06, 0xD07, 0xD16,
    0xD17, 0xD18, 0xD26, 0xD27, 0xD28, 0xD37, 0xD38, 0xE06, 0xE07, 0xE16, 0xE17, 0xE27, 0xE28, 0xC27, 0xC28, 0xC38,
    0xD08, 0xD17, 0xD18, 0xD19, 0xD27, 0xD28, 0xD29, 0xD38, 0xD39, 0xE18, 0xE19, 0xE28, 0xE29, 0xC28, 0xC29, 0xD09,
    0xD18, 0xD19, 0xD1A, 0xD28, 0xD29, 0xD2A, 0xD39, 0xD3A, 0xE19, 0xE1A, 0xE29, 0xE2A, 0xC2A, 0xD1A, 0xD1B, 0xD29,
    0xD2A, 0xD2B, 0xD3A, 0xD3B, 0xE1A, 0xE1B, 0xE2A, 0xE2B, 0xC2A, 0xC2B, 0xC3B, 0xD1B, 0xD1C, 0xD2A, 0xD2B, 0xD2C,
    0xD3B, 0xD3C, 0xE1B, 0xE2B, 0xE2C, 0xC2B, 0xC2C, 0xC3C, 0xD1B, 0xD1C, 0xD1D, 0xD2B, 0xD2C, 0xD2D, 0xD3B, 0xD3C,
    0xE1C, 0xE2C, 0xE2D, 0xC2C, 0xC2D, 0xC3D, 0xD1C, 0xD1D, 0xD1E, 0xD2C, 0xD2D, 0xD2E, 0xD3C, 0xD3D, 0xE1D, 0xE1E,
    0xE2D, 0xE2E, 0xC2E, 0xC3E, 0xD1E, 0xD1F, 0xD2D, 0xD2E, 0xD2F, 0xD3D, 0xD3E, 0xE1E, 0xE2E, 0xE2F, 0xC2F, 0xD1E,
    0xD1F, 0xD2E, 0xD2F, 0xD3E, 0xD3F, 0xE1F, 0xE2F, 0xC30, 0xC31, 0xD20, 0xD30, 0xD31, 0xD41, 0xE20, 0xE30, 0xC31,
    0xC32, 0xD20, 0xD21, 0xD30, 0xD31, 0xD32, 0xD41, 0xD42, 0xE20, 0xE21, 0xE30, 0xE31, 0xC32, 0xC33, 0xD21, 0xD22,
    0xD31, 0xD32, 0xD33, 0xD42, 0xD43, 0xE21, 0xE22, 0xE31, 0xE32, 0xC33, 0xD22, 0xD23, 0xD32, 0xD33, 0xD34, 0xD43,
    0xD44, 0xE22, 0xE23, 0xE32, 0xE33, 0xC34, 0xC44, 0xD23, 0xD24, 0xD33, 0xD34, 0xD35, 0xD44, 0xD45, 0xE23, 0xE24,
    0xE33, 0xE34, 0xC35, 0xC45, 0xD24, 0xD25, 0xD34, 0xD35, 0xD36, 0xD45, 0xD46, 0xE24, 0xE25, 0xE34, 0xE35, 0xC36,
    0xC46, 0xD25, 0xD26, 0xD35, 0xD36, 0xD37, 0xD46, 0xD47, 0xE25, 0xE26, 0xE35, 0xE36, 0xE37, 0xC37, 0xC47, 0xD26,
    0xD27, 0xD36, 0xD37, 0xD38, 0xD47, 0xD48, 0xE26, 0xE27, 0xE36, 0xE37, 0xE38, 0xC37, 0xC38, 0xC48, 0xD27, 0xD28,
    0xD37, 0xD38, 0xD39, 0xD48, 0xD49, 0xE27, 0xE28, 0xE37, 0xE38, 0xE39, 0xC38, 0xC39, 0xC49, 0xD28, 0xD29, 0xD2A,
    0xD38, 0xD39, 0xD3A, 0xD49, 0xD4A, 0xE28, 0xE29, 0xE2A, 0xE38, 0xE39, 0xE3A, 0xC39, 0xC3A, 0xC4A, 0xD29, 0xD2A,
    0xD2B, 0xD39, 0xD3A, 0xD3B, 0xD4A, 0xD4B, 0xE2A, 0xE2B, 0xE39, 0xE3A, 0xE3B, 0xC3A, 0xC3B, 0xD2A, 0xD2B, 0xD2C,
    0xD3A, 0xD3B, 0xD3C, 0xD4B, 0xD4C, 0xE2B, 0xE2C, 0xE3A, 0xE3B, 0xE3C, 0xC3B, 0xC3C, 0xD2B, 0xD2C, 0xD2D, 0xD3B,
    0xD3C, 0xD3D, 0xD4C, 0xD4D, 0xE2C, 0xE2D, 0xE3C, 0xE3D, 0xC3C, 0xC3D, 0xD2C, 0xD2D, 0xD2E, 0xD3C, 0xD3D, 0xD3E,
    0xD4D, 0xD4E, 0xE2D, 0xE2E, 0xE3D, 0xE3E, 0xC3D, 0xC3E, 0xC4E, 0xD2E, 0xD2F, 0xD3D, 0xD3E, 0xD3F, 0xD4E, 0xE2E,
    0xE2F, 0xE3E, 0xE3F, 0xC3E, 0xC3F, 0xD2F, 0xD3E, 0xD3F, 0xD4E, 0xD4F, 0xE2F, 0xE3F, 0xC40, 0xC41, 0xD30, 0xD40,
    0xD41, 0xD51, 0xD52, 0xE30, 0xE40, 0xC41, 0xC42, 0xD30, 0xD31, 0xD40, 0xD41, 0xD42, 0xD51, 0xD52, 0xE30, 0xE31,
    0xE40, 0xE41, 0xC42, 0xC43, 0xD30, 0xD31, 0xD32, 0xD40, 0xD41, 0xD42, 0xD43, 0xD52, 0xD53, 0xE31, 0xE32, 0xE40,
    0xE41, 0xE42, 0xC43, 0xC44, 0xD32, 0xD33, 0xD42, 0xD43, 0xD44, 0xD53, 0xD54, 0xE32, 0xE33, 0xE42, 0xE43, 0xC44,
    0xC45, 0xC54, 0xD33, 0xD34, 0xD43, 0xD44, 0xD45, 0xD54, 0xD55, 0xE33, 0xE34, 0xE43, 0xE44, 0xC45, 0xC46, 0xC55,
    0xD34, 0xD35, 0xD44, 0xD45, 0xD46, 0xD55, 0xD56, 0xE34, 0xE35, 0xE44, 0xE45, 0xC46, 0xC47, 0xC56, 0xD35, 0xD36,
    0xD45, 0xD46, 0xD47, 0xD56, 0xD57, 0xE35, 0xE36, 0xE45, 0xE46, 0xE47, 0xC47, 0xC48, 0xC57, 0xD36, 0xD37, 0xD46,
    0xD47, 0xD48, 0xD57, 0xD58, 0xE36, 0xE37, 0xE46, 0xE47, 0xC48, 0xC49, 0xC58, 0xD37, 0xD38, 0xD47, 0xD48, 0xD49,
    0xD58, 0xD59, 0xE37, 0xE38, 0xE47, 0xE48, 0xC49, 0xC4A, 0xC59, 0xD38, 0xD39, 0xD48, 0xD49, 0xD4A, 0xD59, 0xD5A,
    0xE38, 0xE39, 0xE48, 0xE49, 0xE4A, 0xC4A, 0xC4B, 0xC5A, 0xD39, 0xD3A, 0xD49, 0xD4A, 0xD4B, 0xD5A, 0xD5B, 0xE3A,
    0xE49, 0xE4A, 0xE4B, 0xC4A, 0xC4B, 0xC5B, 0xD3A, 0xD3B, 0xD4A, 0xD4B, 0xD4C, 0xD5B, 0xD5C, 0xE3B, 0xE4A, 0xE4B,
    0xE4C, 0xC4B, 0xC4C, 0xC5C, 0xD3B, 0xD3C, 0xD3D, 0xD4B, 0xD4C, 0xD4D, 0xD5C, 0xD5D, 0xE3C, 0xE4B, 0xE4C, 0xE4D,
    0xC4C, 0xC4D, 0xD3C, 0xD3D, 0xD3E, 0xD4C, 0xD4D, 0xD4E, 0xD5D, 0xD5E, 0xE3D, 0xE3E, 0xE4C, 0xE4D, 0xE4E, 0xC4D,
    0xC4E, 0xD3D, 0xD3E, 0xD3F, 0xD4D, 0xD4E, 0xD4F, 0xD5E, 0xD5F, 0xE3E, 0xE3F, 0xE4E, 0xE4F, 0xC4E, 0xC4F, 0xD3E,
    0xD3F, 0xD4E, 0xD4F, 0xD5F, 0xE3F, 0xE4F, 0xC51, 0xD40, 0xD50, 0xD51, 0xD61, 0xD62, 0xE40, 0xE50, 0xC51, 0xC52,
    0xD40, 0xD41, 0xD50, 0xD51, 0xD52, 0xD62, 0xE40, 0xE50, 0xE51, 0xC52, 0xC53, 0xD40, 0xD41, 0xD42, 0xD50, 0xD51,
    0xD52, 0xD53, 0xD62, 0xD63, 0xE40, 0xE41, 0xE42, 0xE50, 0xE51, 0xE52, 0xC53, 0xC54, 0xD42, 0xD43, 0xD52, 0xD53,
    0xD54, 0xD63, 0xD64, 0xE42, 0xE43, 0xE52, 0xE53, 0xC54, 0xC55, 0xD43, 0xD44, 0xD53, 0xD54, 0xD55, 0xD64, 0xD65,
    0xE43, 0xE44, 0xE53, 0xE54, 0xC55, 0xC56, 0xC65, 0xD44, 0xD45, 0xD54, 0xD55, 0xD56, 0xD65, 0xD66, 0xE44, 0xE45,
    0xE54, 0xE55, 0xC56, 0xC57, 0xC66, 0xD45, 0xD46, 0xD55, 0xD56, 0xD57, 0xD66, 0xD67, 0xE45, 0xE46, 0xE55, 0xE56,
    0xC57, 0xC58, 0xC67, 0xD46, 0xD47, 0xD56, 0xD57, 0xD58, 0xD67, 0xD68, 0xE46, 0xE47, 0xE56, 0xE57, 0xC58, 0xC59,
    0xC68, 0xD47, 0xD48, 0xD57, 0xD58, 0xD59, 0xD68, 0xD69, 0xE47, 0xE48, 0xE57, 0xE58, 0xC59, 0xC5A, 0xC69, 0xD48,
    0xD49, 0xD58, 0xD59, 0xD5A, 0xD69, 0xD6A, 0xE48, 0xE49, 0xE58, 0xE59, 0xE5A, 0xC5A, 0xC5B, 0xC6A, 0xD49, 0xD4A,
    0xD59, 0xD5A, 0xD5B, 0xD6A, 0xD6B, 0xE49, 0xE4A, 0xE59, 0xE5A, 0xE5B, 0xC5B, 0xC5C, 0xC6B, 0xD4A, 0xD4B, 0xD5A,
    0xD5B, 0xD5C, 0xD6B, 0xD6C, 0xE4A, 0xE4B, 0xE5A, 0xE5B, 0xE5C, 0xC5C, 0xC5D, 0xC6C, 0xD4B, 0xD4C, 0xD5B, 0xD5C,
    0xD5D, 0xD6C, 0xD6D, 0xE4B, 0xE4C, 0xE5B, 0xE5C, 0xE5D, 0xC5C, 0xC5D, 0xC5E, 0xC6D, 0xD4C, 0xD4D, 0xD5C, 0xD5D,
    0xD5E, 0xD6D, 0xD6E, 0xE4C, 0xE4D, 0xE5C, 0xE5D, 0xE5E, 0xC5D, 0xC5E, 0xD4D, 0xD4E, 0xD4F, 0xD5D, 0xD5E, 0xD5F,
    0xD6E, 0xD6F, 0xE4E, 0xE4F, 0xE5D, 0xE5E, 0xE5F, 0xC5E, 0xC5F, 0xD4E, 0xD4F, 0xD5E, 0xD5F, 0xD6F, 0xE4F, 0xE5E,
    0xE5F, 0xC61, 0xC62, 0xC72, 0xD50, 0xD60, 0xD61, 0xD62, 0xD71, 0xD72, 0xE50, 0xE60, 0xC61, 0xC62, 0xD50, 0xD51,
    0xD60, 0xD61, 0xD62, 0xD72, 0xE50, 0xE60, 0xE61, 0xC62, 0xC63, 0xD50, 0xD51, 0xD52, 0xD60, 0xD61, 0xD62, 0xD63,
    0xD72, 0xD73, 0xE50, 0xE51, 0xE52, 0xE60, 0xE61, 0xE62, 0xC63, 0xC64, 0xD52, 0xD53, 0xD62, 0xD63, 0xD64, 0xD73,
    0xD74, 0xE52, 0xE53, 0xE62, 0xE63, 0xC64, 0xC65, 0xD53, 0xD54, 0xD63, 0xD64, 0xD65, 0xD74, 0xD75, 0xE53, 0xE54,
    0xE63, 0xE64, 0xC65, 0xC66, 0xD54, 0xD55, 0xD64, 0xD65, 0xD66, 0xD75, 0xD76, 0xE54, 0xE55, 0xE64, 0xE65, 0xC66,
    0xC67, 0xC76, 0xD55, 0xD56, 0xD65, 0xD66, 0xD67, 0xD76, 0xD77, 0xE55, 0xE56, 0xE65, 0xE66, 0xC67, 0xC68, 0xC77,
    0xD56, 0xD57, 0xD66, 0xD67, 0xD68, 0xD77, 0xD78, 0xE56, 0xE57, 0xE66, 0xE67, 0xC68, 0xC69, 0xC78, 0xD57, 0xD58,
    0xD67, 0xD68, 0xD69, 0xD78, 0xD79, 0xE57, 0xE58, 0xE67, 0xE68, 0xC69, 0xC6A, 0xC79, 0xD58, 0xD59, 0xD68, 0xD69,
    0xD6A, 0xD79, 0xD7A, 0xE58, 0xE59, 0xE68, 0xE69, 0xE6A, 0xC6A, 0xC6B, 0xC7A, 0xD59, 0xD5A, 0xD69, 0xD6A, 0xD6B,
    0xD7A, 0xD7B, 0xE59, 0xE5A, 0xE69, 0xE6A, 0xE6B, 0xC6B, 0xC6C, 0xC7B, 0xD5A, 0xD5B, 0xD6A, 0xD6B, 0xD6C, 0xD7B,
    0xD7C, 0xE5A, 0xE5B, 0xE6A, 0xE6B, 0xC6C, 0xC6D, 0xC7C, 0xD5B, 0xD5C, 0xD6B, 0xD6C, 0xD6D, 0xD7C, 0xD7D, 0xE5B,
    0xE5C, 0xE6B, 0xE6C, 0xC6D, 0xC6E, 0xC7D, 0xD5C, 0xD5D, 0xD6C, 0xD6D, 0xD6E, 0xD7D, 0xD7E, 0xE5C, 0xE5D, 0xE6C,
    0xE6D, 0xE6E, 0xC6E, 0xC6F, 0xC7E, 0xD5D, 0xD5E, 0xD6D, 0xD6E, 0xD6F, 0xD7E, 0xD7F, 0xE5D, 0xE5E, 0xE6D, 0xE6E,
    0xE6F, 0xC6F, 0xC7F, 0xD5E, 0xD5F, 0xD6E, 0xD6F, 0xD7F, 0xE5E, 0xE5F, 0xE6E, 0xE6F, 0xC71, 0xC72, 0xC82, 0xD60,
    0xD70, 0xD71, 0xD72, 0xD81, 0xD82, 0xE70, 0xC71, 0xC72, 0xD60, 0xD70, 0xD71, 0xD72, 0xD82, 0xD83, 0xE60, 0xE70,
    0xE71, 0xC72, 0xC73, 0xD60, 0xD61, 0xD62, 0xD70, 0xD71, 0xD72, 0xD73, 0xD82, 0xD83, 0xE60, 0xE61, 0xE62, 0xE70,
    0xE71, 0xE72, 0xC73, 0xC74, 0xD62, 0xD63, 0xD71, 0xD72, 0xD73, 0xD74, 0xD83, 0xD84, 0xE62, 0xE63, 0xE71, 0xE72,
    0xE73, 0xC74, 0xC75, 0xD63, 0xD64, 0xD73, 0xD74, 0xD75, 0xD84, 0xD85, 0xE63, 0xE64, 0xE73, 0xE74, 0xC75, 0xC76,
    0xD64, 0xD65, 0xD74, 0xD75, 0xD76, 0xD85, 0xD86, 0xE64, 0xE65, 0xE74, 0xE75, 0xC76, 0xC77, 0xD65, 0xD66, 0xD75,
    0xD76, 0xD77, 0xD86, 0xD87, 0xE65, 0xE66, 0xE75, 0xE76, 0xC77, 0xC78, 0xC87, 0xD66, 0xD67, 0xD76, 0xD77, 0xD78,
    0xD87, 0xD88, 0xE66, 0xE67, 0xE76, 0xE77, 0xC78, 0xC79, 0xC88, 0xD67, 0xD68, 0xD77, 0xD78, 0xD79, 0xD88, 0xD89,
    0xE67, 0xE68, 0xE77, 0xE78, 0xC79, 0xC7A, 0xC89, 0xD68, 0xD69, 0xD78, 0xD79, 0xD7A, 0xD89, 0xD8A, 0xE68, 0xE69,
    0xE78, 0xE79, 0xE7A, 0xC7A, 0xC7B, 0xC8A, 0xD69, 0xD6A, 0xD79, 0xD7A, 0xD7B, 0xD8A, 0xD8B, 0xE69, 0xE6A, 0xE79,
    0xE7A, 0xE7B, 0xC7B, 0xC7C, 0xC8B, 0xD6A, 0xD6B, 0xD7A, 0xD7B, 0xD7C, 0xD8B, 0xD8C, 0xE6A, 0xE6B, 0xE7A, 0xE7B,
    0xE7C, 0xC7C, 0xC7D, 0xC8C, 0xD6B, 0xD6C, 0xD7B, 0xD7C, 0xD7D, 0xD8C, 0xD8D, 0xE6B, 0xE6C, 0xE7B, 0xE7C, 0xC7D,
    0xC7E, 0xC8D, 0xD6C, 0xD6D, 0xD7C, 0xD7D, 0xD7E, 0xD8D, 0xD8E, 0xE6C, 0xE6D, 0xE7C, 0xE7D, 0xE7E, 0xC7E, 0xC7F,
    0xC8E, 0xD6D, 0xD6E, 0xD7D, 0xD7E, 0xD7F, 0xD8E, 0xD8F, 0xE6E, 0xE7D, 0xE7E, 0xC7F, 0xC8F, 0xD6E, 0xD6F, 0xD7E,
    0xD7F, 0xD8F, 0xE6F, 0xE7E, 0xE7F, 0xC81, 0xC82, 0xC92, 0xD70, 0xD80, 0xD81, 0xD82, 0xD92, 0xE80, 0xC81, 0xC82,
    0xC92, 0xD70, 0xD80, 0xD81, 0xD82, 0xD92, 0xD93, 0xE70, 0xE80, 0xE81, 0xC82, 0xC83, 0xD70, 0xD71, 0xD72, 0xD80,
    0xD81, 0xD82, 0xD83, 0xD92, 0xD93, 0xE70, 0xE71, 0xE80, 0xE81, 0xE82, 0xC83, 0xC84, 0xD71, 0xD72, 0xD73, 0xD81,
    0xD82, 0xD83, 0xD84, 0xD93, 0xD94, 0xE71, 0xE72, 0xE73, 0xE81, 0xE82, 0xE83, 0xC84, 0xC85, 0xD73, 0xD74, 0xD83,
    0xD84, 0xD85, 0xD94, 0xD95, 0xE73, 0xE74, 0xE83, 0xE84, 0xC85, 0xC86, 0xD74, 0xD75, 0xD84, 0xD85, 0xD86, 0xD95,
    0xD96, 0xE74, 0xE75, 0xE84, 0xE85, 0xC86, 0xC87, 0xD75, 0xD76, 0xD85, 0xD86, 0xD87, 0xD96, 0xD97, 0xE75, 0xE76,
    0xE85, 0xE86, 0xC87, 0xC88, 0xD76, 0xD77, 0xD86, 0xD87, 0xD88, 0xD97, 0xD98, 0xE76, 0xE77, 0xE86, 0xE87, 0xC88,
    0xC89, 0xC98, 0xD77, 0xD78, 0xD87, 0xD88, 0xD89, 0xD98, 0xD99, 0xE77, 0xE78, 0xE87, 0xE88, 0xC89, 0xC8A, 0xC99,
    0xD78, 0xD79, 0xD88, 0xD89, 0xD8A, 0xD99, 0xD9A, 0xE78, 0xE79, 0xE88, 0xE89, 0xC8A, 0xC8B, 0xC9A, 0xD79, 0xD7A,
    0xD89, 0xD8A, 0xD8B, 0xD9A, 0xD9B, 0xE79, 0xE7A, 0xE89, 0xE8A, 0xC8B, 0xC8C, 0xC9B, 0xD7A, 0xD7B, 0xD8A, 0xD8B,
    0xD8C, 0xD9B, 0xD9C, 0xE7A, 0xE7B, 0xE8A, 0xE8B, 0xC8C, 0xC8D, 0xC9C, 0xD7B, 0xD7C, 0xD8B, 0xD8C, 0xD8D, 0xD9C,
    0xD9D, 0xE7B, 0xE7C, 0xE8B, 0xE8C, 0xC8D, 0xC8E, 0xC9D, 0xD7C, 0xD7D, 0xD8C, 0xD8D, 0xD8E, 0xD9D, 0xD9E, 0xE7C,
    0xE7D, 0xE8C, 0xE8D, 0xE8E, 0xC8E, 0xC8F, 0xC9E, 0xD7D, 0xD7E, 0xD8D, 0xD8E, 0xD8F, 0xD9E, 0xD9F, 0xE7E, 0xE8D,
    0xE8E, 0xC8F, 0xC9F, 0xD7E, 0xD7F, 0xD8E, 0xD8F, 0xD9F, 0xE7F, 0xE8E, 0xE8F, 0xC91, 0xC92, 0xCA2, 0xD80, 0xD90,
    0xD91, 0xD92, 0xDA2, 0xE90, 0xC91, 0xC92, 0xC93, 0xCA2, 0xD80, 0xD90, 0xD91, 0xD92, 0xD93, 0xDA2, 0xDA3, 0xE80,
    0xE90, 0xE91, 0xC92, 0xC93, 0xD80, 0xD81, 0xD82, 0xD90, 0xD91, 0xD92, 0xD93, 0xDA2, 0xDA3, 0xE80, 0xE81, 0xE90,
    0xE91, 0xE92, 0xC93, 0xC94, 0xD81, 0xD82, 0xD83, 0xD91, 0xD92, 0xD93, 0xD94, 0xDA3, 0xDA4, 0xE81, 0xE82, 0xE83,
    0xE91, 0xE92, 0xE93, 0xC94, 0xC95, 0xCA5, 0xD83, 0xD84, 0xD93, 0xD94, 0xD95, 0xDA4, 0xDA5, 0xE83, 0xE84, 0xE93,
    0xE94, 0xC95, 0xC96, 0xCA6, 0xD84, 0xD85, 0xD94, 0xD95, 0xD96, 0xDA5, 0xDA6, 0xE84, 0xE85, 0xE94, 0xE95, 0xC96,
    0xC97, 0xD85, 0xD86, 0xD95, 0xD96, 0xD97, 0xDA6, 0xDA7, 0xE85, 0xE86, 0xE95, 0xE96, 0xC97, 0xC98, 0xCA7, 0xD86,
    0xD87, 0xD96, 0xD97, 0xD98, 0xDA7, 0xDA8, 0xE86, 0xE87, 0xE96, 0xE97, 0xC98, 0xC99, 0xCA8, 0xD87, 0xD88, 0xD97,
    0xD98, 0xD99, 0xDA8, 0xDA9, 0xE87, 0xE88, 0xE97, 0xE98, 0xC99, 0xC9A, 0xCA9, 0xD88, 0xD89, 0xD98, 0xD99, 0xD9A,
    0xDA9, 0xDAA, 0xE88, 0xE89, 0xE98, 0xE99, 0xC9A, 0xC9B, 0xCAA, 0xD89, 0xD8A, 0xD99, 0xD9A, 0xD9B, 0xDAA, 0xDAB,
    0xE89, 0xE8A, 0xE99, 0xE9A, 0xC9B, 0xC9C, 0xCAB, 0xD8A, 0xD8B, 0xD9A, 0xD9B, 0xD9C, 0xDAB, 0xDAC, 0xE8A, 0xE8B,
    0xE9A, 0xE9B, 0xC9C, 0xC9D, 0xCAC, 0xD8B, 0xD8C, 0xD9B, 0xD9C, 0xD9D, 0xDAC, 0xDAD, 0xE8B, 0xE8C, 0xE9B, 0xE9C,
    0xC9D, 0xC9E, 0xCAD, 0xD8C, 0xD8D, 0xD9C, 0xD9D, 0xD9E, 0xDAD, 0xDAE, 0xE8C, 0xE8D, 0xE9C, 0xE9D, 0xC9E, 0xC9F,
    0xCAE, 0xD8D, 0xD8E, 0xD9D, 0xD9E, 0xD9F, 0xDAE, 0xDAF, 0xE8E, 0xE9D, 0xE9E, 0xC9F, 0xCAF, 0xD8E, 0xD8F, 0xD9E,
    0xD9F, 0xDAF, 0xE8F, 0xE9E, 0xE9F, 0xCA1, 0xCA2, 0xCB2, 0xD90, 0xDA0, 0xDA1, 0xDA2, 0xDB2, 0xEA0, 0xCA1, 0xCA2,
    0xCA3, 0xCB2, 0xCB3, 0xD90, 0xDA0, 0xDA1, 0xDA2, 0xDA3, 0xDB2, 0xDB3, 0xEA0, 0xEA1, 0xCA2, 0xCA3, 0xD90, 0xD91,
    0xDA0, 0xDA1, 0xDA2, 0xDA3, 0xDB3, 0xEA0, 0xEA1, 0xEA2, 0xCA3, 0xCA4, 0xD91, 0xD92, 0xD93, 0xDA1, 0xDA2, 0xDA3,
    0xDA4, 0xDB3, 0xDB4, 0xE91, 0xEA1, 0xEA2, 0xEA3, 0xCA4, 0xCA5, 0xCB5, 0xD93, 0xD94, 0xDA2, 0xDA3, 0xDA4, 0xDA5,
    0xDB4, 0xDB5, 0xE93, 0xEA2, 0xEA3, 0xEA4, 0xCA5, 0xCA6, 0xCB6, 0xD94, 0xD95, 0xDA4, 0xDA5, 0xDA6, 0xDB5, 0xDB6,
    0xE94, 0xEA4, 0xEA5, 0xCA6, 0xCA7, 0xD95, 0xD96, 0xDA5, 0xDA6, 0xDA7, 0xDB6, 0xDB7, 0xEA5, 0xEA6, 0xCA7, 0xCA8,
    0xD96, 0xD97, 0xDA6, 0xDA7, 0xDA8, 0xDB7, 0xDB8, 0xE97, 0xEA6, 0xEA7, 0xCA8, 0xCA9, 0xCB8, 0xD97, 0xD98, 0xDA7,
    0xDA8, 0xDA9, 0xDB8, 0xDB9, 0xE98, 0xEA7, 0xEA8, 0xCA9, 0xCAA, 0xCB9, 0xD98, 0xD99, 0xDA8, 0xDA9, 0xDAA, 0xDB9,
    0xDBA, 0xE99, 0xEA8, 0xEA9, 0xCAA, 0xCAB, 0xCBA, 0xD99, 0xD9A, 0xDA9, 0xDAA, 0xDAB, 0xDBA, 0xDBB, 0xE9A, 0xEA9,
    0xEAA, 0xCAB, 0xCAC, 0xCBB, 0xD9A, 0xD9B, 0xDAA, 0xDAB, 0xDAC, 0xDBB, 0xDBC, 0xE9B, 0xEAA, 0xEAB, 0xCAC, 0xCAD,
    0xCBC, 0xD9B, 0xD9C, 0xDAB, 0xDAC, 0xDAD, 0xDBC, 0xDBD, 0xE9C, 0xEAB, 0xEAC, 0xCAD, 0xCAE, 0xCBD, 0xD9C, 0xD9D,
    0xDAC, 0xDAD, 0xDAE, 0xDBD, 0xDBE, 0xE9D, 0xEAC, 0xEAD, 0xCAE, 0xCAF, 0xCBE, 0xD9D, 0xD9E, 0xDAD, 0xDAE, 0xDAF,
    0xDBE, 0xDBF, 0xE9E, 0xEAD, 0xEAE, 0xCAF, 0xCBF, 0xD9E, 0xD9F, 0xDAE, 0xDAF, 0xDBF, 0xEAE, 0xEAF, 0xCB1, 0xCB2,
    0xCC2, 0xDA0, 0xDB0, 0xDB1, 0xDB2, 0xDC2, 0xEB0, 0xCB1, 0xCB2, 0xCB3, 0xCC2, 0xCC3, 0xDA0, 0xDB0, 0xDB1, 0xDB2,
    0xDB3, 0xDC2, 0xDC3, 0xEB0, 0xCB2, 0xCB3, 0xDA0, 0xDA1, 0xDB0, 0xDB1, 0xDB2, 0xDB3, 0xDC3, 0xDC4, 0xEA1, 0xEB0,
    0xEB1, 0xEB2, 0xCB3, 0xCB4, 0xDA1, 0xDA2, 0xDA3, 0xDB1, 0xDB2, 0xDB3, 0xDB4, 0xDC3, 0xDC4, 0xEA1, 0xEB0, 0xEB1,
    0xEB2, 0xEB3, 0xCB4, 0xCB5, 0xDA2, 0xDA3, 0xDA4, 0xDB2, 0xDB3, 0xDB4, 0xDB5, 0xDC4, 0xDC5, 0xEA3, 0xEB2, 0xEB3,
    0xEB4, 0xCB5, 0xCB6, 0xCC6, 0xDA4, 0xDA5, 0xDB4, 0xDB5, 0xDB6, 0xDC5, 0xDC6, 0xEA4, 0xEB4, 0xEB5, 0xCB6, 0xCB7,
    0xDA5, 0xDA6, 0xDB5, 0xDB6, 0xDB7, 0xDC6, 0xDC7, 0xEA5, 0xEB5, 0xEB6, 0xCB7, 0xCB8, 0xDA6, 0xDA7, 0xDB6, 0xDB7,
    0xDB8, 0xDC7, 0xDC8, 0xEB6, 0xEB7, 0xCB8, 0xCB9, 0xDA7, 0xDA8, 0xDB7, 0xDB8, 0xDB9, 0xDC8, 0xDC9, 0xEA8, 0xEB7,
    0xEB8, 0xCB9, 0xCBA, 0xCC9, 0xDA8, 0xDA9, 0xDB8, 0xDB9, 0xDBA, 0xDC9, 0xDCA, 0xEA9, 0xEB8, 0xEB9, 0xCBA, 0xCBB,
    0xCCA, 0xDA9, 0xDAA, 0xDB9, 0xDBA, 0xDBB, 0xDCA, 0xDCB, 0xEAA, 0xEB9, 0xEBA, 0xCBB, 0xCBC, 0xCCB, 0xDAA, 0xDAB,
    0xDBA, 0xDBB, 0xDBC, 0xDCB, 0xDCC, 0xEAB, 0xEBA, 0xEBB, 0xCBC, 0xCBD, 0xCCC, 0xDAB, 0xDAC, 0xDBB, 0xDBC, 0xDBD,
    0xDCC, 0xDCD, 0xEAC, 0xEBB, 0xEBC, 0xCBD, 0xCBE, 0xCCD, 0xDAC, 0xDAD, 0xDBC, 0xDBD, 0xDBE, 0xDCD, 0xDCE, 0xEAD,
    0xEBC, 0xEBD, 0xCBE, 0xCBF, 0xCCE, 0xDAD, 0xDAE, 0xDBD, 0xDBE, 0xDBF, 0xDCE, 0xDCF, 0xEAE, 0xEBD, 0xEBE, 0xCBF,
    0xCCF, 0xDAE, 0xDAF, 0xDBE, 0xDBF, 0xDCF, 0xEBE, 0xEBF, 0xCC1, 0xCC2, 0xCC3, 0xCD2, 0xCD3, 0xDB0, 0xDC0, 0xDC1,
    0xDC2, 0xDD2, 0xDD3, 0xEC0, 0xCC1, 0xCC2, 0xCC3, 0xCD3, 0xDB0, 0xDC0, 0xDC1, 0xDC2, 0xDC3, 0xDD2, 0xDD3, 0xEC0,
    0xCC2, 0xCC3, 0xCC4, 0xDB0, 0xDB1, 0xDC0, 0xDC1, 0xDC2, 0xDC3, 0xDC4, 0xDD3, 0xDD4, 0xEB0, 0xEC0, 0xEC1, 0xEC2,
    0xCC3, 0xCC4, 0xDB1, 0xDB2, 0xDB3, 0xDC0, 0xDC1, 0xDC2, 0xDC3, 0xDC4, 0xDD3, 0xDD4, 0xEB0, 0xEC0, 0xEC1, 0xEC2,
    0xEC3, 0xCC4, 0xCC5, 0xDB2, 0xDB3, 0xDB4, 0xDC2, 0xDC3, 0xDC4, 0xDC5, 0xDD4, 0xDD5, 0xEB3, 0xEC2, 0xEC3, 0xEC4,
    0xCC5, 0xCC6, 0xDB4, 0xDB5, 0xDC4, 0xDC5, 0xDC6, 0xDD5, 0xDD6, 0xEB4, 0xEC4, 0xEC5, 0xCC6, 0xCC7, 0xDB5, 0xDB6,
    0xDC5, 0xDC6, 0xDC7, 0xDD6, 0xDD7, 0xEB5, 0xEC5, 0xEC6, 0xCC7, 0xCC8, 0xDB6, 0xDB7, 0xDC6, 0xDC7, 0xDC8, 0xDD7,
    0xDD8, 0xEB6, 0xEC6, 0xEC7, 0xCC8, 0xCC9, 0xDB7, 0xDB8, 0xDC7, 0xDC8, 0xDC9, 0xDD8, 0xDD9, 0xEB8, 0xEC7, 0xEC8,
    0xCC9, 0xCCA, 0xDB8, 0xDB9, 0xDC8, 0xDC9, 0xDCA, 0xDD9, 0xDDA, 0xEB9, 0xEC8, 0xEC9, 0xCCA, 0xCCB, 0xCDA, 0xDB9,
    0xDBA, 0xDC9, 0xDCA, 0xDCB, 0xDDA, 0xDDB, 0xEBA, 0xEC9, 0xECA, 0xCCB, 0xCCC, 0xCDB, 0xDBA, 0xDBB, 0xDCA, 0xDCB,
    0xDCC, 0xDDB, 0xDDC, 0xEBB, 0xECA, 0xECB, 0xCCC, 0xCCD, 0xCDC, 0xDBB, 0xDBC, 0xDCB, 0xDCC, 0xDCD, 0xDDC, 0xDDD,
    0xEBC, 0xECB, 0xECC, 0xCCD, 0xCCE, 0xCDD, 0xDBC, 0xDBD, 0xDCC, 0xDCD, 0xDCE, 0xDDD, 0xDDE, 0xEBD, 0xECC, 0xECD,
    0xCCE, 0xCCF, 0xCDE, 0xDBD, 0xDBE, 0xDCD, 0xDCE, 0xDCF, 0xDDE, 0xDDF, 0xEBE, 0xECD, 0xECE, 0xCCF, 0xCDF, 0xDBE,
    0xDBF, 0xDCE, 0xDCF, 0xDDF, 0xECE, 0xECF, 0xCD1, 0xCD2, 0xCD3, 0xCE2, 0xCE3, 0xDC0, 0xDD0, 0xDD1, 0xDD2, 0xDD3,
    0xDE2, 0xDE3, 0xED0, 0xCD1, 0xCD2, 0xCD3, 0xCE3, 0xDC0, 0xDD0, 0xDD1, 0xDD2, 0xDD3, 0xDE2, 0xDE3, 0xED0, 0xCD2,
    0xCD3, 0xCD4, 0xCE3, 0xDC0, 0xDC1, 0xDD0, 0xDD1, 0xDD2, 0xDD3, 0xDD4, 0xDE3, 0xDE4, 0xEC0, 0xED0, 0xED1, 0xED2,
    0xCD3, 0xCD4, 0xCE4, 0xDC0, 0xDC1, 0xDC2, 0xDC3, 0xDD0, 0xDD1, 0xDD2, 0xDD3, 0xDD4, 0xDE3, 0xDE4, 0xEC0, 0xEC2,
    0xED0, 0xED1, 0xED2, 0xED3, 0xCD4, 0xCD5, 0xCE5, 0xDC2, 0xDC3, 0xDC4, 0xDD2, 0xDD3, 0xDD4, 0xDD5, 0xDE4, 0xDE5,
    0xEC2, 0xEC3, 0xED2, 0xED3, 0xED4, 0xCD5, 0xCD6, 0xCE5, 0xCE6, 0xDC4, 0xDC5, 0xDD4, 0xDD5, 0xDD6, 0xDE5, 0xDE6,
    0xEC4, 0xED4, 0xED5, 0xCD6, 0xCD7, 0xCE6, 0xCE7, 0xDC5, 0xDC6, 0xDD5, 0xDD6, 0xDD7, 0xDE6, 0xDE7, 0xEC5, 0xED5,
    0xED6, 0xCD7, 0xCD8, 0xCE8, 0xDC6, 0xDC7, 0xDD6, 0xDD7, 0xDD8, 0xDE7, 0xDE8, 0xEC6, 0xED6, 0xED7, 0xCD8, 0xCD9,
    0xCE9, 0xDC7, 0xDC8, 0xDD7, 0xDD8, 0xDD9, 0xDE8, 0xDE9, 0xEC7, 0xEC8, 0xED7, 0xED8, 0xCD9, 0xCDA, 0xCE9, 0xDC8,
    0xDC9, 0xDD8, 0xDD9, 0xDDA, 0xDE9, 0xDEA, 0xEC9, 0xED8, 0xED9, 0xCDA, 0xCDB, 0xCEA, 0xDC9, 0xDCA, 0xDD9, 0xDDA,
    0xDDB, 0xDEA, 0xDEB, 0xECA, 0xED9, 0xEDA, 0xCDB, 0xCDC, 0xCEB, 0xDCA, 0xDCB, 0xDDA, 0xDDB, 0xDDC, 0xDEB, 0xDEC,
    0xECB, 0xEDA, 0xEDB, 0xCDC, 0xCDD, 0xCEC, 0xDCB, 0xDCC, 0xDDB, 0xDDC, 0xDDD, 0xDEC, 0xDED, 0xECC, 0xEDB, 0xEDC,
    0xCDD, 0xCDE, 0xCED, 0xCEE, 0xDCC, 0xDCD, 0xDDC, 0xDDD, 0xDDE, 0xDED, 0xDEE, 0xECD, 0xEDC, 0xEDD, 0xCDE, 0xCDF,
    0xCEE, 0xDCD, 0xDCE, 0xDDD, 0xDDE, 0xDDF, 0xDEE, 0xDEF, 0xECE, 0xEDD, 0xEDE, 0xCDF, 0xCEF, 0xDCE, 0xDCF, 0xDDE,
    0xDDF, 0xDEF, 0xEDE, 0xEDF, 0xCE1, 0xCE2, 0xCE3, 0xCF3, 0xDD0, 0xDE0, 0xDE1, 0xDE2, 0xDE3, 0xDF2, 0xDF3, 0xEE0,
    0xCE1, 0xCE2, 0xCE3, 0xCF3, 0xDD0, 0xDE0, 0xDE1, 0xDE2, 0xDE3, 0xDF2, 0xDF3, 0xEE0, 0xCE2, 0xCE3, 0xCE4, 0xCF3,
    0xDD0, 0xDD1, 0xDE0, 0xDE1, 0xDE2, 0xDE3, 0xDE4, 0xDF3, 0xDF4, 0xEE0, 0xEE1, 0xEE2, 0xCE3, 0xCE4, 0xDD0, 0xDD1,
    0xDD2, 0xDE0, 0xDE1, 0xDE2, 0xDE3, 0xDE4, 0xDF3, 0xDF4, 0xEE0, 0xEE1, 0xEE2, 0xEE3, 0xCE4, 0xCE5, 0xDD2, 0xDD3,
    0xDD4, 0xDE2, 0xDE3, 0xDE4, 0xDE5, 0xDF4, 0xDF5, 0xEE2, 0xEE3, 0xEE4, 0xCE5, 0xCE6, 0xCF6, 0xDD4, 0xDD5, 0xDE4,
    0xDE5, 0xDE6, 0xDF5, 0xDF6, 0xEE3, 0xEE4, 0xEE5, 0xCE6, 0xCE7, 0xCF7, 0xDD5, 0xDD6, 0xDE5, 0xDE6, 0xDE7, 0xDF6,
    0xDF7, 0xED5, 0xEE5, 0xEE6, 0xCE7, 0xCE8, 0xCF8, 0xDD6, 0xDD7, 0xDE6, 0xDE7, 0xDE8, 0xDF7, 0xDF8, 0xED6, 0xEE6,
    0xEE7, 0xCE8, 0xCE9, 0xDD7, 0xDD8, 0xDE7, 0xDE8, 0xDE9, 0xDF8, 0xDF9, 0xEE7, 0xEE8, 0xCE9, 0xCEA, 0xDD8, 0xDD9,
    0xDE8, 0xDE9, 0xDEA, 0xDF9, 0xDFA, 0xEE8, 0xEE9, 0xCEA, 0xCEB, 0xCFA, 0xDD9, 0xDDA, 0xDE9, 0xDEA, 0xDEB, 0xDFA,
    0xDFB, 0xEE9, 0xEEA, 0xCEB, 0xCEC, 0xCFB, 0xDDA, 0xDDB, 0xDEA, 0xDEB, 0xDEC, 0xDFB, 0xDFC, 0xEDB, 0xEEA, 0xEEB,
    0xCEC, 0xCED, 0xCFC, 0xDDB, 0xDDC, 0xDEB, 0xDEC, 0xDED, 0xDFC, 0xDFD, 0xEDC, 0xEEB, 0xEEC, 0xCED, 0xCEE, 0xCFD,
    0xDDC, 0xDDD, 0xDEC, 0xDED, 0xDEE, 0xDFD, 0xDFE, 0xEDD, 0xEEC, 0xEED, 0xCEE, 0xCEF, 0xCFE, 0xDDD, 0xDDE, 0xDED,
    0xDEE, 0xDEF, 0xDFE, 0xDFF, 0xEDE, 0xEED, 0xEEE, 0xCEF, 0xCFF, 0xDDE, 0xDDF, 0xDEE, 0xDEF, 0xDFF, 0xEEE, 0xEEF,
    0xCF1, 0xCF2, 0xCF3, 0xDE0, 0xDF0, 0xDF1, 0xDF2, 0xDF3, 0xCF2, 0xCF3, 0xDE0, 0xDF0, 0xDF1, 0xDF2, 0xDF3, 0xCF2,
    0xCF3, 0xCF4, 0xDE0, 0xDE1, 0xDF0, 0xDF1, 0xDF2, 0xDF3, 0xDF4, 0xCF3, 0xCF4, 0xDE0, 0xDE1, 0xDE2, 0xDF2, 0xDF3,
    0xDF4, 0xEF3, 0xCF4, 0xCF5, 0xDE2, 0xDE3, 0xDE4, 0xDF3, 0xDF4, 0xDF5, 0xEF4, 0xCF5, 0xCF6, 0xDE4, 0xDE5, 0xDF4,
    0xDF5, 0xDF6, 0xEE4, 0xEF5, 0xCF6, 0xCF7, 0xDE5, 0xDE6, 0xDF5, 0xDF6, 0xDF7, 0xEE5, 0xEF6, 0xCF7, 0xCF8, 0xDE6,
    0xDE7, 0xDF6, 0xDF7, 0xDF8, 0xEE6, 0xEF7, 0xCF8, 0xCF9, 0xDE7, 0xDE8, 0xDF7, 0xDF8, 0xDF9, 0xEE7, 0xEF8, 0xCF9,
    0xCFA, 0xDE8, 0xDE9, 0xDF8, 0xDF9, 0xDFA, 0xEF9, 0xCFA, 0xCFB, 0xDE9, 0xDEA, 0xDF9, 0xDFA, 0xDFB, 0xEFA, 0xCFB,
    0xCFC, 0xDEA, 0xDEB, 0xDFA, 0xDFB, 0xDFC, 0xEEB, 0xEFB, 0xCFC, 0xCFD, 0xDEB, 0xDEC, 0xDFB, 0xDFC, 0xDFD, 0xEEC,
    0xEFC, 0xCFD, 0xCFE, 0xDEC, 0xDED, 0xDFC, 0xDFD, 0xDFE, 0xEED, 0xEFD, 0xCFE, 0xCFF, 0xDED, 0xDEE, 0xDFD, 0xDFE,
    0xDFF, 0xEEE, 0xEFE, 0xCFF, 0xDEE, 0xDEF, 0xDFE, 0xDFF, 0xD10, 0xD11, 0xE00, 0xE10, 0xE11, 0xD11, 0xD12, 0xE00,
    0xE01, 0xE11, 0xE12, 0xF01, 0xD12, 0xD13, 0xE01, 0xE02, 0xE12, 0xE13, 0xE23, 0xF02, 0xD13, 0xD14, 0xE02, 0xE03,
    0xE04, 0xE13, 0xE14, 0xE23, 0xE24, 0xF03, 0xD14, 0xE03, 0xE04, 0xE05, 0xE14, 0xE15, 0xE24, 0xE25, 0xD15, 0xE04,
    0xE05, 0xE06, 0xE15, 0xE25, 0xE26, 0xD16, 0xE05, 0xE06, 0xE07, 0xE15, 0xE16, 0xE17, 0xE26, 0xF06, 0xD17, 0xE06,
    0xE07, 0xE08, 0xE17, 0xE18, 0xE27, 0xF07, 0xD18, 0xE07, 0xE08, 0xE09, 0xE17, 0xE18, 0xE19, 0xE28, 0xF08, 0xD19,
    0xE08, 0xE09, 0xE0A, 0xE18, 0xE19, 0xE1A, 0xE29, 0xF09, 0xD1A, 0xE09, 0xE0A, 0xE0B, 0xE19, 0xE1A, 0xE1B, 0xE2A,
    0xF0A, 0xD1B, 0xE0A, 0xE0B, 0xE0C, 0xE1A, 0xE1B, 0xE1C, 0xE2B, 0xF0B, 0xD1C, 0xE0B, 0xE0C, 0xE0D, 0xE1B, 0xE1C,
    0xF0C, 0xD1D, 0xE0C, 0xE0D, 0xE0E, 0xE1C, 0xE1D, 0xE1E, 0xF0D, 0xD1E, 0xE0D, 0xE0E, 0xE0F, 0xE1D, 0xE1E, 0xF0E,
    0xE0E, 0xE0F, 0xE1E, 0xE1F, 0xF0F, 0xE00, 0xE10, 0xE11, 0xE20, 0xE21, 0xF00, 0xE00, 0xE01, 0xE10, 0xE11, 0xE12,
    0xE21, 0xE22, 0xF00, 0xF01, 0xF11, 0xE01, 0xE02, 0xE11, 0xE12, 0xE13, 0xE22, 0xE23, 0xF02, 0xD23, 0xE02, 0xE03,
    0xE12, 0xE13, 0xE14, 0xE23, 0xE24, 0xF02, 0xF03, 0xD24, 0xE03, 0xE04, 0xE13, 0xE14, 0xE24, 0xE25, 0xF03, 0xF04,
    0xD25, 0xE04, 0xE05, 0xE06, 0xE14, 0xE15, 0xE25, 0xE26, 0xF04, 0xF05, 0xD16, 0xE05, 0xE06, 0xE07, 0xE15, 0xE16,
    0xE17, 0xE26, 0xE27, 0xF05, 0xF06, 0xD17, 0xE06, 0xE07, 0xE08, 0xE16, 0xE17, 0xE18, 0xE27, 0xE28, 0xF06, 0xF07,
    0xF18, 0xD18, 0xE07, 0xE08, 0xE09, 0xE17, 0xE18, 0xE19, 0xE28, 0xF08, 0xF18, 0xF19, 0xD19, 0xE08, 0xE09, 0xE0A,
    0xE18, 0xE19, 0xE1A, 0xE28, 0xE29, 0xF09, 0xF19, 0xF1A, 0xD1A, 0xD2A, 0xE09, 0xE0A, 0xE0B, 0xE19, 0xE1A, 0xE1B,
    0xE29, 0xE2A, 0xF0A, 0xF1A, 0xF1B, 0xD1B, 0xD2B, 0xE0A, 0xE0B, 0xE0C, 0xE1A, 0xE1B, 0xE1C, 0xE2A, 0xE2B, 0xF0B,
    0xF1B, 0xF1C, 0xD1C, 0xD2C, 0xE0B, 0xE0C, 0xE0D, 0xE1B, 0xE1C, 0xE1D, 0xE2B, 0xE2C, 0xF0C, 0xF1C, 0xD1D, 0xD2D,
    0xE0C, 0xE0D, 0xE0E, 0xE1C, 0xE1D, 0xE1E, 0xE2C, 0xE2D, 0xF0D, 0xF0E, 0xF1D, 0xF1E, 0xD1E, 0xD2E, 0xE0D, 0xE0E,
    0xE0F, 0xE1D, 0xE1E, 0xE1F, 0xE2D, 0xE2E, 0xF0E, 0xF0F, 0xF1E, 0xE0E, 0xE0F, 0xE1E, 0xE1F, 0xE2E, 0xE2F, 0xF0F,
    0xF1F, 0xE10, 0xE20, 0xE21, 0xE31, 0xF10, 0xF20, 0xE10, 0xE11, 0xE20, 0xE21, 0xE22, 0xE31, 0xE32, 0xF01, 0xF10,
    0xF11, 0xF20, 0xF21, 0xE01, 0xE02, 0xE11, 0xE12, 0xE21, 0xE22, 0xE23, 0xE32, 0xE33, 0xF02, 0xF11, 0xF12, 0xF21,
    0xF22, 0xD23, 0xD33, 0xE02, 0xE03, 0xE12, 0xE13, 0xE22, 0xE23, 0xE24, 0xE33, 0xE34, 0xF02, 0xF03, 0xF12, 0xF13,
    0xF22, 0xF23, 0xD24, 0xD34, 0xE03, 0xE04, 0xE13, 0xE14, 0xE23, 0xE24, 0xE25, 0xE34, 0xE35, 0xF03, 0xF04, 0xF13,
    0xF14, 0xF24, 0xD35, 0xE04, 0xE05, 0xE14, 0xE15, 0xE24, 0xE25, 0xE26, 0xE35, 0xE36, 0xF04, 0xF05, 0xF14, 0xF15,
    0xF25, 0xD36, 0xE05, 0xE06, 0xE15, 0xE16, 0xE25, 0xE26, 0xE27, 0xE36, 0xE37, 0xF05, 0xF06, 0xF15, 0xF16, 0xF26,
    0xD37, 0xE06, 0xE07, 0xE16, 0xE17, 0xE26, 0xE27, 0xE28, 0xE37, 0xE38, 0xF06, 0xF07, 0xF16, 0xF17, 0xF27, 0xE07,
    0xE08, 0xE17, 0xE18, 0xE19, 0xE27, 0xE28, 0xE29, 0xE38, 0xE39, 0xF07, 0xF17, 0xF18, 0xF28, 0xF29, 0xD29, 0xE09,
    0xE18, 0xE19, 0xE1A, 0xE28, 0xE29, 0xE2A, 0xE39, 0xE3A, 0xF19, 0xF1A, 0xF29, 0xF2A, 0xD2A, 0xE0A, 0xE1A, 0xE1B,
    0xE29, 0xE2A, 0xE2B, 0xE3A, 0xE3B, 0xF1A, 0xF2A, 0xF2B, 0xD2B, 0xE0B, 0xE1B, 0xE1C, 0xE2A, 0xE2B, 0xE2C, 0xE3B,
    0xE3C, 0xF1B, 0xF2B, 0xF2C, 0xD2C, 0xD3C, 0xE1B, 0xE1C, 0xE1D, 0xE2B, 0xE2C, 0xE2D, 0xE3B, 0xE3C, 0xF1C, 0xF2C,
    0xF2D, 0xD2D, 0xD3D, 0xE1C, 0xE1D, 0xE1E, 0xE2C, 0xE2D, 0xE2E, 0xE3C, 0xE3D, 0xF1D, 0xF2D, 0xF2E, 0xD2E, 0xD3E,
    0xE1E, 0xE1F, 0xE2D, 0xE2E, 0xE2F, 0xE3D, 0xE3E, 0xF1E, 0xF2E, 0xF2F, 0xE1E, 0xE1F, 0xE2E, 0xE2F, 0xE3E, 0xE3F,
    0xF1F, 0xF2F, 0xD30, 0xD31, 0xE20, 0xE30, 0xE31, 0xE41, 0xF30, 0xD31, 0xD32, 0xE20, 0xE21, 0xE30, 0xE31, 0xE32,
    0xE41, 0xE42, 0xF20, 0xF21, 0xF30, 0xF31, 0xD32, 0xE21, 0xE22, 0xE31, 0xE32, 0xE33, 0xE42, 0xE43, 0xF22, 0xF31,
    0xF32, 0xD33, 0xE22, 0xE23, 0xE32, 0xE33, 0xE34, 0xE43, 0xE44, 0xF23, 0xF32, 0xF33, 0xD34, 0xD44, 0xE23, 0xE24,
    0xE33, 0xE34, 0xE35, 0xE44, 0xE45, 0xF23, 0xF24, 0xF33, 0xF34, 0xD35, 0xD45, 0xE24, 0xE25, 0xE34, 0xE35, 0xE36,
    0xE45, 0xE46, 0xF24, 0xF25, 0xF34, 0xF35, 0xD36, 0xD46, 0xE25, 0xE26, 0xE35, 0xE36, 0xE37, 0xE46, 0xE47, 0xF25,
    0xF26, 0xF35, 0xF36, 0xF37, 0xD37, 0xD47, 0xE26, 0xE27, 0xE36, 0xE37, 0xE38, 0xE47, 0xE48, 0xF26, 0xF27, 0xF36,
    0xF37, 0xF38, 0xD38, 0xD48, 0xE27, 0xE28, 0xE37, 0xE38, 0xE39, 0xE48, 0xE49, 0xF27, 0xF28, 0xF37, 0xF38, 0xF39,
    0xD39, 0xD49, 0xE28, 0xE29, 0xE2A, 0xE38, 0xE39, 0xE3A, 0xE49, 0xE4A, 0xF28, 0xF29, 0xF2A, 0xF38, 0xF39, 0xF3A,
    0xD3A, 0xD4A, 0xE29, 0xE2A, 0xE2B, 0xE39, 0xE3A, 0xE3B, 0xE4A, 0xE4B, 0xF2A, 0xF2B, 0xF3A, 0xF3B, 0xD3A, 0xD3B,
    0xE2A, 0xE2B, 0xE2C, 0xE3A, 0xE3B, 0xE3C, 0xE4B, 0xE4C, 0xF2B, 0xF2C, 0xF3B, 0xF3C, 0xD3B, 0xD3C, 0xE2B, 0xE2C,
    0xE2D, 0xE3B, 0xE3C, 0xE3D, 0xE4C, 0xE4D, 0xF2C, 0xF3C, 0xF3D, 0xD3C, 0xD3D, 0xE2C, 0xE2D, 0xE2E, 0xE3C, 0xE3D,
    0xE3E, 0xE4D, 0xE4E, 0xF2D, 0xF2E, 0xF3D, 0xF3E, 0xD3D, 0xD3E, 0xE2E, 0xE2F, 0xE3D, 0xE3E, 0xE3F, 0xE4E, 0xE4F,
    0xF2E, 0xF3E, 0xF3F, 0xD3E, 0xD3F, 0xE2F, 0xE3E, 0xE3F, 0xE4E, 0xE4F, 0xF2F, 0xF3F, 0xD40, 0xD41, 0xE30, 0xE40,
    0xE41, 0xE51, 0xE52, 0xF30, 0xF40, 0xD41, 0xD42, 0xE30, 0xE31, 0xE40, 0xE41, 0xE42, 0xE51, 0xE52, 0xF30, 0xF31,
    0xF40, 0xF41, 0xD42, 0xD43, 0xE30, 0xE31, 0xE32, 0xE41, 0xE42, 0xE43, 0xE52, 0xE53, 0xF31, 0xF32, 0xF40, 0xF41,
    0xF42, 0xD43, 0xD44, 0xE32, 0xE33, 0xE42, 0xE43, 0xE44, 0xE53, 0xE54, 0xF32, 0xF33, 0xF42, 0xF43, 0xD44, 0xD45,
    0xE33, 0xE34, 0xE43, 0xE44, 0xE45, 0xE54, 0xE55, 0xF33, 0xF34, 0xF43, 0xF44, 0xD45, 0xD46, 0xD55, 0xE34, 0xE35,
    0xE44, 0xE45, 0xE46, 0xE55, 0xE56, 0xF34, 0xF35, 0xF44, 0xF45, 0xD46, 0xD47, 0xD56, 0xE35, 0xE36, 0xE45, 0xE46,
    0xE47, 0xE56, 0xE57, 0xF35, 0xF36, 0xF45, 0xF46, 0xD47, 0xD48, 0xD57, 0xE36, 0xE37, 0xE46, 0xE47, 0xE48, 0xE57,
    0xE58, 0xF37, 0xF46, 0xF47, 0xD48, 0xD58, 0xE37, 0xE38, 0xE47, 0xE48, 0xE49, 0xE58, 0xE59, 0xF38, 0xF47, 0xF48,
    0xD49, 0xD4A, 0xD59, 0xE38, 0xE39, 0xE48, 0xE49, 0xE4A, 0xE59, 0xE5A, 0xF39, 0xF48, 0xF49, 0xF4A, 0xD4A, 0xD4B,
    0xD5A, 0xE39, 0xE3A, 0xE49, 0xE4A, 0xE4B, 0xE5A, 0xE5B, 0xF3A, 0xF49, 0xF4A, 0xF4B, 0xD4B, 0xD5B, 0xE3A, 0xE3B,
    0xE4A, 0xE4B, 0xE4C, 0xE5B, 0xE5C, 0xF3B, 0xF4A, 0xF4B, 0xF4C, 0xD4B, 0xD4C, 0xE3B, 0xE3C, 0xE4B, 0xE4C, 0xE4D,
    0xE5C, 0xE5D, 0xF3C, 0xF4B, 0xF4C, 0xF4D, 0xD4C, 0xD4D, 0xE3C, 0xE3D, 0xE3E, 0xE4C, 0xE4D, 0xE4E, 0xE5D, 0xE5E,
    0xF3D, 0xF3E, 0xF4C, 0xF4D, 0xF4E, 0xD4D, 0xD4E, 0xE3D, 0xE3E, 0xE3F, 0xE4D, 0xE4E, 0xE4F, 0xE5E, 0xE5F, 0xF3E,
    0xF3F, 0xF4E, 0xF4F, 0xD4E, 0xD4F, 0xE3E, 0xE3F, 0xE4E, 0xE4F, 0xE5F, 0xF3F, 0xF4F, 0xD51, 0xE40, 0xE50, 0xE51,
    0xE52, 0xE61, 0xE62, 0xF40, 0xF50, 0xD51, 0xD52, 0xE40, 0xE41, 0xE50, 0xE51, 0xE52, 0xE62, 0xF40, 0xF50, 0xF51,
    0xD52, 0xD53, 0xE40, 0xE41, 0xE42, 0xE50, 0xE51, 0xE52, 0xE53, 0xE62, 0xE63, 0xF40, 0xF41, 0xF42, 0xF50, 0xF51,
    0xF52, 0xD53, 0xD54, 0xE42, 0xE43, 0xE52, 0xE53, 0xE54, 0xE63, 0xE64, 0xF42, 0xF43, 0xF52, 0xF53, 0xD54, 0xD55,
    0xE43, 0xE44, 0xE53, 0xE54, 0xE55, 0xE64, 0xE65, 0xF43, 0xF44, 0xF53, 0xF54, 0xD55, 0xD56, 0xE44, 0xE45, 0xE54,
    0xE55, 0xE56, 0xE65, 0xE66, 0xF44, 0xF45, 0xF54, 0xF55, 0xD56, 0xD57, 0xD66, 0xE45, 0xE46, 0xE55, 0xE56, 0xE57,
    0xE66, 0xE67, 0xF45, 0xF46, 0xF55, 0xF56, 0xD57, 0xD58, 0xD67, 0xE46, 0xE47, 0xE56, 0xE57, 0xE58, 0xE67, 0xE68,
    0xF46, 0xF47, 0xF56, 0xF57, 0xD58, 0xD59, 0xD68, 0xE47, 0xE48, 0xE57, 0xE58, 0xE59, 0xE68, 0xE69, 0xF47, 0xF48,
    0xF57, 0xF58, 0xD59, 0xD5A, 0xD69, 0xE48, 0xE49, 0xE58, 0xE59, 0xE5A, 0xE69, 0xE6A, 0xF48, 0xF49, 0xF58, 0xF59,
    0xD5A, 0xD5B, 0xD6A, 0xE49, 0xE4A, 0xE59, 0xE5A, 0xE5B, 0xE6A, 0xE6B, 0xF4A, 0xF59, 0xF5A, 0xD5B, 0xD5C, 0xD6B,
    0xE4A, 0xE4B, 0xE5A, 0xE5B, 0xE5C, 0xE6B, 0xE6C, 0xF4B, 0xF5A, 0xF5B, 0xD5C, 0xD5D, 0xD6C, 0xE4B, 0xE4C, 0xE5B,
    0xE5C, 0xE5D, 0xE6C, 0xE6D, 0xF4B, 0xF4C, 0xF5B, 0xF5C, 0xF5D, 0xD5D, 0xD5E, 0xD6D, 0xE4C, 0xE4D, 0xE5C, 0xE5D,
    0xE5E, 0xE6D, 0xE6E, 0xF4C, 0xF4D, 0xF5C, 0xF5D, 0xF5E, 0xD5E, 0xE4D, 0xE4E, 0xE4F, 0xE5D, 0xE5E, 0xE5F, 0xE6E,
    0xE6F, 0xF4E, 0xF4F, 0xF5D, 0xF5E, 0xF5F, 0xD5E, 0xD5F, 0xE4E, 0xE4F, 0xE5E, 0xE5F, 0xE6F, 0xF4F, 0xF5E, 0xF5F,
    0xD61, 0xD62, 0xE50, 0xE60, 0xE61, 0xE62, 0xE71, 0xE72, 0xF50, 0xF60, 0xD61, 0xD62, 0xE50, 0xE51, 0xE60, 0xE61,
    0xE62, 0xE72, 0xF50, 0xF60, 0xF61, 0xD62, 0xD63, 0xE50, 0xE51, 0xE52, 0xE60, 0xE61, 0xE62, 0xE63, 0xE72, 0xE73,
    0xF50, 0xF51, 0xF52, 0xF60, 0xF61, 0xF62, 0xD63, 0xD64, 0xE52, 0xE53, 0xE62, 0xE63, 0xE64, 0xE73, 0xE74, 0xF52,
    0xF53, 0xF62, 0xF63, 0xD64, 0xD65, 0xE53, 0xE54, 0xE63, 0xE64, 0xE65, 0xE74, 0xE75, 0xF53, 0xF54, 0xF63, 0xF64,
    0xD65, 0xD66, 0xE54, 0xE55, 0xE64, 0xE65, 0xE66, 0xE75, 0xE76, 0xF54, 0xF55, 0xF64, 0xF65, 0xD66, 0xD67, 0xD76,
    0xE55, 0xE56, 0xE65, 0xE66, 0xE67, 0xE76, 0xE77, 0xF55, 0xF56, 0xF65, 0xF66, 0xD67, 0xD68, 0xD77, 0xE56, 0xE57,
    0xE66, 0xE67, 0xE68, 0xE77, 0xE78, 0xF56, 0xF57, 0xF66, 0xF67, 0xD68, 0xD69, 0xD78, 0xE57, 0xE58, 0xE67, 0xE68,
    0xE69, 0xE78, 0xE79, 0xF57, 0xF58, 0xF67, 0xF68, 0xD69, 0xD6A, 0xD79, 0xE58, 0xE59, 0xE68, 0xE69, 0xE6A, 0xE79,
    0xE7A, 0xF58, 0xF59, 0xF68, 0xF69, 0xD6A, 0xD6B, 0xD7A, 0xE59, 0xE5A, 0xE69, 0xE6A, 0xE6B, 0xE7A, 0xE7B, 0xF59,
    0xF5A, 0xF69, 0xF6A, 0xD6B, 0xD6C, 0xD7B, 0xE5A, 0xE5B, 0xE6A, 0xE6B, 0xE6C, 0xE7B, 0xE7C, 0xF5A, 0xF5B, 0xF6A,
    0xF6B, 0xD6C, 0xD6D, 0xD7C, 0xE5B, 0xE5C, 0xE6B, 0xE6C, 0xE6D, 0xE7C, 0xE7D, 0xF5B, 0xF5C, 0xF6B, 0xF6C, 0xD6D,
    0xD6E, 0xD7D, 0xE5C, 0xE5D, 0xE6C, 0xE6D, 0xE6E, 0xE7D, 0xE7E, 0xF5C, 0xF5D, 0xF6C, 0xF6D, 0xF6E, 0xD6E, 0xD6F,
    0xD7E, 0xE5D, 0xE5E, 0xE6D, 0xE6E, 0xE6F, 0xE7E, 0xE7F, 0xF5D, 0xF5E, 0xF6D, 0xF6E, 0xF6F, 0xD6F, 0xD7F, 0xE5E,
    0xE5F, 0xE6E, 0xE6F, 0xE7F, 0xF5E, 0xF5F, 0xF6E, 0xF6F, 0xD71, 0xD72, 0xD82, 0xE60, 0xE70, 0xE71, 0xE72, 0xE81,
    0xE82, 0xF70, 0xD71, 0xD72, 0xE60, 0xE70, 0xE71, 0xE72, 0xE82, 0xE83, 0xF60, 0xF70, 0xF71, 0xD72, 0xD73, 0xE60,
    0xE61, 0xE62, 0xE70, 0xE71, 0xE72, 0xE73, 0xE82, 0xE83, 0xF60, 0xF61, 0xF62, 0xF70, 0xF71, 0xF72, 0xD73, 0xD74,
    0xE62, 0xE63, 0xE71, 0xE72, 0xE73, 0xE74, 0xE83, 0xE84, 0xF62, 0xF63, 0xF71, 0xF72, 0xF73, 0xD74, 0xD75, 0xE63,
    0xE64, 0xE73, 0xE74, 0xE75, 0xE84, 0xE85, 0xF63, 0xF64, 0xF73, 0xF74, 0xD75, 0xD76, 0xE64, 0xE65, 0xE74, 0xE75,
    0xE76, 0xE85, 0xE86, 0xF64, 0xF65, 0xF74, 0xF75, 0xD76, 0xD77, 0xE65, 0xE66, 0xE75, 0xE76, 0xE77, 0xE86, 0xE87,
    0xF65, 0xF66, 0xF75, 0xF76, 0xD77, 0xD78, 0xD87, 0xE66, 0xE67, 0xE76, 0xE77, 0xE78, 0xE87, 0xE88, 0xF66, 0xF67,
    0xF76, 0xF77, 0xD78, 0xD79, 0xD88, 0xE67, 0xE68, 0xE77, 0xE78, 0xE79, 0xE88, 0xE89, 0xF67, 0xF68, 0xF77, 0xF78,
    0xD79, 0xD7A, 0xD89, 0xE68, 0xE69, 0xE78, 0xE79, 0xE7A, 0xE89, 0xE8A, 0xF68, 0xF69, 0xF78, 0xF79, 0xD7A, 0xD7B,
    0xD8A, 0xE69, 0xE6A, 0xE79, 0xE7A, 0xE7B, 0xE8A, 0xE8B, 0xF6A, 0xF79, 0xF7A, 0xD7B, 0xD7C, 0xD8B, 0xE6A, 0xE6B,
    0xE7A, 0xE7B, 0xE7C, 0xE8B, 0xE8C, 0xF6B, 0xF7A, 0xF7B, 0xD7C, 0xD7D, 0xD8C, 0xE6B, 0xE6C, 0xE7B, 0xE7C, 0xE7D,
    0xE8C, 0xE8D, 0xF6C, 0xF7B, 0xF7C, 0xD7D, 0xD7E, 0xD8D, 0xE6C, 0xE6D, 0xE7C, 0xE7D, 0xE7E, 0xE8D, 0xE8E, 0xF6C,
    0xF6D, 0xF7C, 0xF7D, 0xD7E, 0xD7F, 0xD8E, 0xE6D, 0xE6E, 0xE7D, 0xE7E, 0xE7F, 0xE8E, 0xE8F, 0xF6E, 0xF7D, 0xF7E,
    0xD7F, 0xD8F, 0xE6E, 0xE6F, 0xE7E, 0xE7F, 0xE8F, 0xF6F, 0xF7E, 0xF7F, 0xD81, 0xD82, 0xD92, 0xE70, 0xE80, 0xE81,
    0xE82, 0xE92, 0xF80, 0xD81, 0xD82, 0xE70, 0xE80, 0xE81, 0xE82, 0xE92, 0xE93, 0xF70, 0xF80, 0xF81, 0xD82, 0xD83,
    0xE70, 0xE71, 0xE72, 0xE80, 0xE81, 0xE82, 0xE83, 0xE92, 0xE93, 0xF70, 0xF71, 0xF80, 0xF81, 0xF82, 0xD83, 0xD84,
    0xE71, 0xE72, 0xE73, 0xE81, 0xE82, 0xE83, 0xE84, 0xE93, 0xE94, 0xF71, 0xF72, 0xF73, 0xF81, 0xF82, 0xF83, 0xD84,
    0xD85, 0xE73, 0xE74, 0xE83, 0xE84, 0xE85, 0xE94, 0xE95, 0xF73, 0xF74, 0xF83, 0xF84, 0xD85, 0xD86, 0xE74, 0xE75,
    0xE84, 0xE85, 0xE86, 0xE95, 0xE96, 0xF74, 0xF75, 0xF84, 0xF85, 0xD86, 0xD87, 0xE75, 0xE76, 0xE85, 0xE86, 0xE87,
    0xE96, 0xE97, 0xF75, 0xF76, 0xF85, 0xF86, 0xD87, 0xD88, 0xE76, 0xE77, 0xE86, 0xE87, 0xE88, 0xE97, 0xE98, 0xF76,
    0xF77, 0xF86, 0xF87, 0xD88, 0xD89, 0xD98, 0xE77, 0xE78, 0xE87, 0xE88, 0xE89, 0xE98, 0xE99, 0xF77, 0xF78, 0xF87,
    0xF88, 0xD89, 0xD8A, 0xD99, 0xE78, 0xE79, 0xE88, 0xE89, 0xE8A, 0xE99, 0xE9A, 0xF78, 0xF79, 0xF88, 0xF89, 0xD8A,
    0xD8B, 0xD9A, 0xE79, 0xE7A, 0xE89, 0xE8A, 0xE8B, 0xE9A, 0xE9B, 0xF79, 0xF7A, 0xF89, 0xF8A, 0xD8B, 0xD8C, 0xD9B,
    0xE7A, 0xE7B, 0xE8A, 0xE8B, 0xE8C, 0xE9B, 0xE9C, 0xF7A, 0xF7B, 0xF8A, 0xF8B, 0xD8C, 0xD8D, 0xD9C, 0xE7B, 0xE7C,
    0xE8B, 0xE8C, 0xE8D, 0xE9C, 0xE9D, 0xF7B, 0xF7C, 0xF8B, 0xF8C, 0xD8D, 0xD8E, 0xD9D, 0xE7C, 0xE7D, 0xE8C, 0xE8D,
    0xE8E, 0xE9D, 0xE9E, 0xF7C, 0xF7D, 0xF8C, 0xF8D, 0xD8E, 0xD8F, 0xD9E, 0xE7D, 0xE7E, 0xE8D, 0xE8E, 0xE8F, 0xE9E,
    0xE9F, 0xF7E, 0xF8D, 0xF8E, 0xD8F, 0xD9F, 0xE7E, 0xE7F, 0xE8E, 0xE8F, 0xE9F, 0xF7F, 0xF8E, 0xF8F, 0xD91, 0xD92,
    0xDA2, 0xE80, 0xE90, 0xE91, 0xE92, 0xEA2, 0xF90, 0xD91, 0xD92, 0xD93, 0xDA2, 0xE80, 0xE90, 0xE91, 0xE92, 0xE93,
    0xEA2, 0xEA3, 0xF80, 0xF90, 0xF91, 0xD92, 0xD93, 0xE80, 0xE81, 0xE82, 0xE90, 0xE91, 0xE92, 0xE93, 0xEA2, 0xEA3,
    0xF80, 0xF81, 0xF90, 0xF91, 0xF92, 0xD93, 0xD94, 0xE81, 0xE82, 0xE83, 0xE91, 0xE92, 0xE93, 0xE94, 0xEA3, 0xEA4,
    0xF81, 0xF82, 0xF83, 0xF91, 0xF92, 0xF93, 0xD94, 0xD95, 0xE83, 0xE84, 0xE93, 0xE94, 0xE95, 0xEA4, 0xEA5, 0xF83,
    0xF84, 0xF93, 0xF94, 0xD95, 0xD96, 0xE84, 0xE85, 0xE94, 0xE95, 0xE96, 0xEA5, 0xEA6, 0xF84, 0xF85, 0xF94, 0xF95,
    0xD96, 0xD97, 0xE85, 0xE86, 0xE95, 0xE96, 0xE97, 0xEA6, 0xEA7, 0xF85, 0xF86, 0xF95, 0xF96, 0xD97, 0xD98, 0xE86,
    0xE87, 0xE96, 0xE97, 0xE98, 0xEA7, 0xEA8, 0xF86, 0xF87, 0xF96, 0xF97, 0xD98, 0xD99, 0xDA8, 0xE87, 0xE88, 0xE97,
    0xE98, 0xE99, 0xEA8, 0xEA9, 0xF87, 0xF88, 0xF97, 0xF98, 0xD99, 0xD9A, 0xDA9, 0xE88, 0xE89, 0xE98, 0xE99, 0xE9A,
    0xEA9, 0xEAA, 0xF88, 0xF89, 0xF98, 0xF99, 0xD9A, 0xD9B, 0xDAA, 0xE89, 0xE8A, 0xE99, 0xE9A, 0xE9B, 0xEAA, 0xEAB,
    0xF89, 0xF8A, 0xF99, 0xF9A, 0xD9B, 0xD9C, 0xDAB, 0xE8A, 0xE8B, 0xE9A, 0xE9B, 0xE9C, 0xEAB, 0xEAC, 0xF8A, 0xF8B,
    0xF9A, 0xF9B, 0xD9C, 0xD9D, 0xDAC, 0xE8B, 0xE8C, 0xE9B, 0xE9C, 0xE9D, 0xEAC, 0xEAD, 0xF8B, 0xF8C, 0xF9B, 0xF9C,
    0xD9D, 0xD9E, 0xDAD, 0xE8C, 0xE8D, 0xE9C, 0xE9D, 0xE9E, 0xEAD, 0xEAE, 0xF8C, 0xF8D, 0xF9C, 0xF9D, 0xD9E, 0xD9F,
    0xDAE, 0xE8D, 0xE8E, 0xE9D, 0xE9E, 0xE9F, 0xEAE, 0xEAF, 0xF8E, 0xF9D, 0xF9E, 0xD9F, 0xDAF, 0xE8E, 0xE8F, 0xE9E,
    0xE9F, 0xEAF, 0xF8F, 0xF9E, 0xF9F, 0xDA1, 0xDA2, 0xDB2, 0xE90, 0xEA0, 0xEA1, 0xEA2, 0xEB2, 0xFA0, 0xDA1, 0xDA2,
    0xDA3, 0xDB2, 0xDB3, 0xE90, 0xEA0, 0xEA1, 0xEA2, 0xEA3, 0xEB2, 0xEB3, 0xFA0, 0xDA2, 0xDA3, 0xE90, 0xE91, 0xEA0,
    0xEA1, 0xEA2, 0xEA3, 0xEB3, 0xFA0, 0xFA1, 0xFA2, 0xDA3, 0xDA4, 0xE91, 0xE92, 0xE93, 0xEA1, 0xEA2, 0xEA3, 0xEA4,
    0xEB3, 0xEB4, 0xF91, 0xFA1, 0xFA2, 0xFA3, 0xDA4, 0xDA5, 0xE93, 0xE94, 0xEA2, 0xEA3, 0xEA4, 0xEA5, 0xEB4, 0xEB5,
    0xF93, 0xFA2, 0xFA3, 0xFA4, 0xDA5, 0xDA6, 0xE94, 0xE95, 0xEA4, 0xEA5, 0xEA6, 0xEB5, 0xEB6, 0xF94, 0xFA4, 0xFA5,
    0xDA6, 0xDA7, 0xE95, 0xE96, 0xEA5, 0xEA6, 0xEA7, 0xEB6, 0xEB7, 0xFA5, 0xFA6, 0xDA7, 0xDA8, 0xE96, 0xE97, 0xEA6,
    0xEA7, 0xEA8, 0xEB7, 0xEB8, 0xF97, 0xFA6, 0xFA7, 0xDA8, 0xDA9, 0xE97, 0xE98, 0xEA7, 0xEA8, 0xEA9, 0xEB8, 0xEB9,
    0xF98, 0xFA7, 0xFA8, 0xDA9, 0xDAA, 0xDB9, 0xE98, 0xE99, 0xEA8, 0xEA9, 0xEAA, 0xEB9, 0xEBA, 0xF99, 0xFA8, 0xFA9,
    0xDAA, 0xDAB, 0xDBA, 0xE99, 0xE9A, 0xEA9, 0xEAA, 0xEAB, 0xEBA, 0xEBB, 0xF9A, 0xFA9, 0xFAA, 0xDAB, 0xDAC, 0xDBB,
    0xE9A, 0xE9B, 0xEAA, 0xEAB, 0xEAC, 0xEBB, 0xEBC, 0xF9B, 0xFAA, 0xFAB, 0xDAC, 0xDAD, 0xDBC, 0xE9B, 0xE9C, 0xEAB,
    0xEAC, 0xEAD, 0xEBC, 0xEBD, 0xF9C, 0xFAB, 0xFAC, 0xDAD, 0xDAE, 0xDBD, 0xE9C, 0xE9D, 0xEAC, 0xEAD, 0xEAE, 0xEBD,
    0xEBE, 0xF9D, 0xFAC, 0xFAD, 0xDAE, 0xDAF, 0xDBE, 0xE9D, 0xE9E, 0xEAD, 0xEAE, 0xEAF, 0xEBE, 0xEBF, 0xF9E, 0xFAD,
    0xFAE, 0xDAF, 0xDBF, 0xE9E, 0xE9F, 0xEAE, 0xEAF, 0xEBF, 0xFAE, 0xFAF, 0xDB1, 0xDB2, 0xDC2, 0xDC3, 0xEA0, 0xEB0,
    0xEB1, 0xEB2, 0xEC2, 0xEC3, 0xFB0, 0xDB2, 0xDB3, 0xDC3, 0xEA0, 0xEB0, 0xEB1, 0xEB2, 0xEB3, 0xEC2, 0xEC3, 0xFB0,
    0xDB2, 0xDB3, 0xEA0, 0xEA1, 0xEB0, 0xEB1, 0xEB2, 0xEB3, 0xEC3, 0xEC4, 0xFA0, 0xFA1, 0xFB0, 0xFB1, 0xFB2, 0xDB3,
    0xDB4, 0xEA1, 0xEA2, 0xEA3, 0xEB1, 0xEB2, 0xEB3, 0xEB4, 0xEC3, 0xEC4, 0xFA1, 0xFB0, 0xFB1, 0xFB2, 0xFB3, 0xDB4,
    0xDB5, 0xEA2, 0xEA3, 0xEA4, 0xEB2, 0xEB3, 0xEB4, 0xEB5, 0xEC4, 0xEC5, 0xFA3, 0xFB2, 0xFB3, 0xFB4, 0xDB5, 0xDB6,
    0xEA4, 0xEA5, 0xEB4, 0xEB5, 0xEB6, 0xEC5, 0xEC6, 0xFA4, 0xFB4, 0xFB5, 0xDB6, 0xDB7, 0xEA5, 0xEA6, 0xEB5, 0xEB6,
    0xEB7, 0xEC6, 0xEC7, 0xFA5, 0xFB5, 0xFB6, 0xDB7, 0xDB8, 0xEA6, 0xEA7, 0xEB6, 0xEB7, 0xEB8, 0xEC7, 0xEC8, 0xFA7,
    0xFB6, 0xFB7, 0xDB8, 0xDB9, 0xEA7, 0xEA8, 0xEB7, 0xEB8, 0xEB9, 0xEC8, 0xEC9, 0xFA8, 0xFB7, 0xFB8, 0xDB9, 0xDBA,
    0xEA8, 0xEA9, 0xEB8, 0xEB9, 0xEBA, 0xEC9, 0xECA, 0xFA9, 0xFB8, 0xFB9, 0xDBA, 0xDBB, 0xDCA, 0xEA9, 0xEAA, 0xEB9,
    0xEBA, 0xEBB, 0xECA, 0xECB, 0xFAA, 0xFB9, 0xFBA, 0xDBB, 0xDBC, 0xDCB, 0xEAA, 0xEAB, 0xEBA, 0xEBB, 0xEBC, 0xECB,
    0xECC, 0xFAB, 0xFBA, 0xFBB, 0xDBC, 0xDBD, 0xDCC, 0xEAB, 0xEAC, 0xEBB, 0xEBC, 0xEBD, 0xECC, 0xECD, 0xFAC, 0xFBB,
    0xFBC, 0xDBD, 0xDBE, 0xDCD, 0xEAC, 0xEAD, 0xEBC, 0xEBD, 0xEBE, 0xECD, 0xECE, 0xFAD, 0xFBC, 0xFBD, 0xDBE, 0xDBF,
    0xDCE, 0xEAD, 0xEAE, 0xEBD, 0xEBE, 0xEBF, 0xECE, 0xECF, 0xFAE, 0xFBD, 0xFBE, 0xDBF, 0xDCF, 0xEAE, 0xEAF, 0xEBE,
    0xEBF, 0xECF, 0xFBE, 0xFBF, 0xDC1, 0xDC2, 0xDC3, 0xDD2, 0xDD3, 0xEB0, 0xEC0, 0xEC1, 0xEC2, 0xEC3, 0xED2, 0xED3,
    0xFC0, 0xDC2, 0xDC3, 0xDD3, 0xEB0, 0xEC0, 0xEC1, 0xEC2, 0xEC3, 0xED2, 0xED3, 0xFC0, 0xDC2, 0xDC3, 0xDC4, 0xEB0,
    0xEB1, 0xEC0, 0xEC1, 0xEC2, 0xEC3, 0xEC4, 0xED3, 0xED4, 0xFB0, 0xFC0, 0xFC1, 0xFC2, 0xDC3, 0xDC4, 0xEB0, 0xEB1,
    0xEB2, 0xEB3, 0xEC0, 0xEC1, 0xEC2, 0xEC3, 0xEC4, 0xED3, 0xED4, 0xFB0, 0xFC0, 0xFC1, 0xFC2, 0xFC3, 0xDC4, 0xDC5,
    0xEB2, 0xEB3, 0xEB4, 0xEC2, 0xEC3, 0xEC4, 0xEC5, 0xED4, 0xED5, 0xFB2, 0xFB3, 0xFC2, 0xFC3, 0xFC4, 0xDC5, 0xDC6,
    0xEB4, 0xEB5, 0xEC4, 0xEC5, 0xEC6, 0xED5, 0xED6, 0xFB4, 0xFC4, 0xFC5, 0xDC6, 0xDC7, 0xEB5, 0xEB6, 0xEC5, 0xEC6,
    0xEC7, 0xED6, 0xED7, 0xFB5, 0xFC5, 0xFC6, 0xDC7, 0xDC8, 0xEB6, 0xEB7, 0xEC6, 0xEC7, 0xEC8, 0xED7, 0xED8, 0xFB6,
    0xFC6, 0xFC7, 0xDC8, 0xDC9, 0xEB7, 0xEB8, 0xEC7, 0xEC8, 0xEC9, 0xED8, 0xED9, 0xFB8, 0xFC7, 0xFC8, 0xDC9, 0xDCA,
    0xEB8, 0xEB9, 0xEC8, 0xEC9, 0xECA, 0xED9, 0xEDA, 0xFB9, 0xFC8, 0xFC9, 0xDCA, 0xDCB, 0xEB9, 0xEBA, 0xEC9, 0xECA,
    0xECB, 0xEDA, 0xEDB, 0xFBA, 0xFC9, 0xFCA, 0xDCB, 0xDCC, 0xDDB, 0xEBA, 0xEBB, 0xECA, 0xECB, 0xECC, 0xEDB, 0xEDC,
    0xFBB, 0xFCA, 0xFCB, 0xDCC, 0xDCD, 0xDDC, 0xEBB, 0xEBC, 0xECB, 0xECC, 0xECD, 0xEDC, 0xEDD, 0xFBC, 0xFCB, 0xFCC,
    0xDCD, 0xDCE, 0xDDD, 0xEBC, 0xEBD, 0xECC, 0xECD, 0xECE, 0xEDD, 0xEDE, 0xFBD, 0xFCC, 0xFCD, 0xDCE, 0xDCF, 0xDDE,
    0xEBD, 0xEBE, 0xECD, 0xECE, 0xECF, 0xEDE, 0xEDF, 0xFBE, 0xFCD, 0xFCE, 0xDCF, 0xDDF, 0xEBE, 0xEBF, 0xECE, 0xECF,
    0xEDF, 0xFCE, 0xFCF, 0xDD1, 0xDD2, 0xDD3, 0xDE3, 0xEC0, 0xED0, 0xED1, 0xED2, 0xED3, 0xEE2, 0xEE3, 0xFD0, 0xDD2,
    0xDD3, 0xDE3, 0xEC0, 0xED0, 0xED1, 0xED2, 0xED3, 0xEE2, 0xEE3, 0xFD0, 0xDD2, 0xDD3, 0xDD4, 0xDE3, 0xEC0, 0xEC1,
    0xED0, 0xED1, 0xED2, 0xED3, 0xED4, 0xEE3, 0xEE4, 0xFC0, 0xFD0, 0xFD1, 0xFD2, 0xDD3, 0xDD4, 0xEC0, 0xEC1, 0xEC2,
    0xEC3, 0xED0, 0xED1, 0xED2, 0xED3, 0xED4, 0xEE3, 0xEE4, 0xFC0, 0xFC2, 0xFD0, 0xFD1, 0xFD2, 0xFD3, 0xDD4, 0xDD5,
    0xEC2, 0xEC3, 0xEC4, 0xED2, 0xED3, 0xED4, 0xED5, 0xEE4, 0xEE5, 0xFC2, 0xFC3, 0xFD2, 0xFD3, 0xFD4, 0xDD5, 0xDD6,
    0xDE6, 0xEC4, 0xEC5, 0xED4, 0xED5, 0xED6, 0xEE5, 0xEE6, 0xFC4, 0xFD4, 0xFD5, 0xDD6, 0xDD7, 0xDE7, 0xEC5, 0xEC6,
    0xED5, 0xED6, 0xED7, 0xEE6, 0xEE7, 0xFC5, 0xFD5, 0xFD6, 0xDD7, 0xDD8, 0xDE8, 0xEC6, 0xEC7, 0xED6, 0xED7, 0xED8,
    0xEE7, 0xEE8, 0xFC6, 0xFD6, 0xFD7, 0xDD8, 0xDD9, 0xEC7, 0xEC8, 0xED7, 0xED8, 0xED9, 0xEE8, 0xEE9, 0xFC7, 0xFD7,
    0xFD8, 0xDD9, 0xDDA, 0xEC8, 0xEC9, 0xED8, 0xED9, 0xEDA, 0xEE9, 0xEEA, 0xFC9, 0xFD8, 0xFD9, 0xDDA, 0xDDB, 0xDEA,
    0xEC9, 0xECA, 0xED9, 0xEDA, 0xEDB, 0xEEA, 0xEEB, 0xFCA, 0xFD9, 0xFDA, 0xDDB, 0xDDC, 0xDEB, 0xECA, 0xECB, 0xEDA,
    0xEDB, 0xEDC, 0xEEB, 0xEEC, 0xFCB, 0xFDA, 0xFDB, 0xDDC, 0xDDD, 0xDEC, 0xECB, 0xECC, 0xEDB, 0xEDC, 0xEDD, 0xEEC,
    0xEED, 0xFCC, 0xFDB, 0xFDC, 0xDDD, 0xDDE, 0xDED, 0xECC, 0xECD, 0xEDC, 0xEDD, 0xEDE, 0xEED, 0xEEE, 0xFCD, 0xFDC,
    0xFDD, 0xDDE, 0xDDF, 0xDEE, 0xECD, 0xECE, 0xEDD, 0xEDE, 0xEDF, 0xEEE, 0xEEF, 0xFCE, 0xFDD, 0xFDE, 0xDDF, 0xDEF,
    0xECE, 0xECF, 0xEDE, 0xEDF, 0xEEF, 0xFDE, 0xFDF, 0xDE1, 0xDE2, 0xDE3, 0xDF3, 0xED0, 0xEE0, 0xEE1, 0xEE2, 0xEE3,
    0xEF2, 0xEF3, 0xFE0, 0xDE2, 0xDE3, 0xDF3, 0xED0, 0xEE0, 0xEE1, 0xEE2, 0xEE3, 0xEF2, 0xEF3, 0xFE0, 0xDE2, 0xDE3,
    0xDE4, 0xDF3, 0xED0, 0xED1, 0xEE0, 0xEE1, 0xEE2, 0xEE3, 0xEE4, 0xEF3, 0xEF4, 0xFE0, 0xFE1, 0xFE2, 0xDE3, 0xDE4,
    0xED0, 0xED1, 0xED2, 0xEE0, 0xEE1, 0xEE2, 0xEE3, 0xEE4, 0xEF3, 0xEF4, 0xFE0, 0xFE1, 0xFE2, 0xFE3, 0xDE4, 0xDE5,
    0xED2, 0xED3, 0xED4, 0xEE2, 0xEE3, 0xEE4, 0xEE5, 0xEF4, 0xEF5, 0xFE2, 0xFE3, 0xFE4, 0xDE5, 0xDE6, 0xDF6, 0xED4,
    0xED5, 0xEE4, 0xEE5, 0xEE6, 0xEF5, 0xEF6, 0xFE3, 0xFE4, 0xFE5, 0xDE6, 0xDE7, 0xDF7, 0xED5, 0xED6, 0xEE5, 0xEE6,
    0xEE7, 0xEF6, 0xEF7, 0xFD5, 0xFE5, 0xFE6, 0xDE7, 0xDE8, 0xDF8, 0xED6, 0xED7, 0xEE6, 0xEE7, 0xEE8, 0xEF7, 0xEF8,
    0xFD6, 0xFE6, 0xFE7, 0xDE8, 0xDE9, 0xED7, 0xED8, 0xEE7, 0xEE8, 0xEE9, 0xEF8, 0xEF9, 0xFE7, 0xFE8, 0xDE9, 0xDEA,
    0xED8, 0xED9, 0xEE8, 0xEE9, 0xEEA, 0xEF9, 0xEFA, 0xFE8, 0xFE9, 0xDEA, 0xDEB, 0xED9, 0xEDA, 0xEE9, 0xEEA, 0xEEB,
    0xEFA, 0xEFB, 0xFE9, 0xFEA, 0xDEB, 0xDEC, 0xDFB, 0xEDA, 0xEDB, 0xEEA, 0xEEB, 0xEEC, 0xEFB, 0xEFC, 0xFDB, 0xFEA,
    0xFEB, 0xDEC, 0xDED, 0xDFC, 0xEDB, 0xEDC, 0xEEB, 0xEEC, 0xEED, 0xEFC, 0xEFD, 0xFDC, 0xFEB, 0xFEC, 0xDED, 0xDEE,
    0xDFD, 0xEDC, 0xEDD, 0xEEC, 0xEED, 0xEEE, 0xEFD, 0xEFE, 0xFDD, 0xFEC, 0xFED, 0xDEE, 0xDEF, 0xDFE, 0xEDD, 0xEDE,
    0xEED, 0xEEE, 0xEEF, 0xEFE, 0xEFF, 0xFDE, 0xFED, 0xFEE, 0xDEF, 0xDFF, 0xEDE, 0xEDF, 0xEEE, 0xEEF, 0xEFF, 0xFEE,
    0xFEF, 0xDF1, 0xDF2, 0xDF3, 0xEE0, 0xEF0, 0xEF1, 0xEF2, 0xEF3, 0xDF2, 0xDF3, 0xEE0, 0xEF0, 0xEF1, 0xEF2, 0xEF3,
    0xDF2, 0xDF3, 0xDF4, 0xEE0, 0xEE1, 0xEF0, 0xEF1, 0xEF2, 0xEF3, 0xEF4, 0xDF3, 0xDF4, 0xEE0, 0xEE1, 0xEE2, 0xEF2,
    0xEF3, 0xEF4, 0xDF4, 0xDF5, 0xEE2, 0xEE3, 0xEE4, 0xEF3, 0xEF4, 0xEF5, 0xFF4, 0xDF5, 0xDF6, 0xEE4, 0xEE5, 0xEF4,
    0xEF5, 0xEF6, 0xFF5, 0xDF6, 0xDF7, 0xEE5, 0xEE6, 0xEF5, 0xEF6, 0xEF7, 0xFE5, 0xFF6, 0xDF7, 0xDF8, 0xEE6, 0xEE7,
    0xEF6, 0xEF7, 0xEF8, 0xFE6, 0xFF7, 0xDF8, 0xDF9, 0xEE7, 0xEE8, 0xEF7, 0xEF8, 0xEF9, 0xFE7, 0xFF8, 0xDF9, 0xDFA,
    0xEE8, 0xEE9, 0xEF8, 0xEF9, 0xEFA, 0xFF9, 0xDFA, 0xDFB, 0xEE9, 0xEEA, 0xEF9, 0xEFA, 0xEFB, 0xFFA, 0xDFB, 0xDFC,
    0xEEA, 0xEEB, 0xEFA, 0xEFB, 0xEFC, 0xFEB, 0xFFB, 0xDFC, 0xDFD, 0xEEB, 0xEEC, 0xEFB, 0xEFC, 0xEFD, 0xFEC, 0xFFC,
    0xDFD, 0xDFE, 0xEEC, 0xEED, 0xEFC, 0xEFD, 0xEFE, 0xFED, 0xFFD, 0xDFE, 0xDFF, 0xEED, 0xEEE, 0xEFD, 0xEFE, 0xEFF,
    0xFEE, 0xFFE, 0xDFF, 0xEEE, 0xEEF, 0xEFE, 0xEFF, 0xE10, 0xE11, 0xF00, 0xE11, 0xE12, 0xF00, 0xF01, 0xF11, 0xE12,
    0xE13, 0xF01, 0xF02, 0xF12, 0xE13, 0xE14, 0xE23, 0xE24, 0xF02, 0xF03, 0xF04, 0xF13, 0xE14, 0xE24, 0xE25, 0xF03,
    0xF04, 0xF05, 0xF14, 0xE15, 0xE25, 0xF04, 0xF05, 0xF06, 0xF15, 0xE16, 0xF05, 0xF06, 0xF07, 0xF16, 0xF17, 0xE17,
    0xF07, 0xF08, 0xF17, 0xF18, 0xE18, 0xF08, 0xF09, 0xF18, 0xF19, 0xE19, 0xF09, 0xF0A, 0xF19, 0xF1A, 0xE1A, 0xF0A,
    0xF0B, 0xF1A, 0xF1B, 0xE1B, 0xF0B, 0xF0C, 0xF1B, 0xF1C, 0xE1C, 0xF0C, 0xF0D, 0xF1C, 0xF1D, 0xE1D, 0xF0D, 0xF0E,
    0xF1D, 0xF1E, 0xE1E, 0xF0E, 0xF0F, 0xF1E, 0xF1F, 0xF0F, 0xF1F, 0xF00, 0xF10, 0xF11, 0xF00, 0xF01, 0xF10, 0xF11,
    0xF01, 0xF02, 0xF11, 0xF12, 0xF22, 0xE23, 0xF02, 0xF03, 0xF12, 0xF13, 0xF23, 0xE24, 0xE25, 0xF03, 0xF04, 0xF13,
    0xF14, 0xF24, 0xE15, 0xE25, 0xE26, 0xF04, 0xF05, 0xF06, 0xF14, 0xF15, 0xF25, 0xE16, 0xE26, 0xF05, 0xF06, 0xF07,
    0xF15, 0xF16, 0xF17, 0xF26, 0xE17, 0xF06, 0xF07, 0xF08, 0xF16, 0xF17, 0xF18, 0xF27, 0xE18, 0xF07, 0xF08, 0xF09,
    0xF17, 0xF18, 0xF19, 0xF28, 0xE19, 0xF08, 0xF09, 0xF0A, 0xF18, 0xF19, 0xF1A, 0xF29, 0xE1A, 0xE2A, 0xF0A, 0xF0B,
    0xF1A, 0xF1B, 0xF2A, 0xE1B, 0xE2B, 0xF0B, 0xF0C, 0xF1A, 0xF1B, 0xF1C, 0xF2B, 0xE1C, 0xE2C, 0xF0C, 0xF0D, 0xF1B,
    0xF1C, 0xF1D, 0xF2C, 0xE1D, 0xE2D, 0xF0D, 0xF0E, 0xF1C, 0xF1D, 0xF1E, 0xF2D, 0xE1E, 0xE2E, 0xF0E, 0xF0F, 0xF1E,
    0xF1F, 0xF2E, 0xF0F, 0xF1F, 0xF2F, 0xF10, 0xF20, 0xF21, 0xF00, 0xF01, 0xF10, 0xF11, 0xF20, 0xF21, 0xF22, 0xF01,
    0xF02, 0xF11, 0xF12, 0xF21, 0xF22, 0xF23, 0xE23, 0xE33, 0xF02, 0xF03, 0xF12, 0xF13, 0xF22, 0xF23, 0xF24, 0xF33,
    0xE24, 0xE34, 0xF03, 0xF04, 0xF13, 0xF14, 0xF23, 0xF24, 0xF34, 0xE25, 0xE35, 0xF04, 0xF05, 0xF14, 0xF15, 0xF24,
    0xF25, 0xF35, 0xE36, 0xF05, 0xF06, 0xF15, 0xF16, 0xF25, 0xF26, 0xF36, 0xE37, 0xF06, 0xF07, 0xF16, 0xF17, 0xF26,
    0xF27, 0xF37, 0xE38, 0xF07, 0xF08, 0xF17, 0xF18, 0xF27, 0xF28, 0xF29, 0xF38, 0xE29, 0xF08, 0xF09, 0xF18, 0xF19,
    0xF1A, 0xF28, 0xF29, 0xF2A, 0xF39, 0xE2A, 0xF0A, 0xF1A, 0xF1B, 0xF29, 0xF2A, 0xF2B, 0xF3A, 0xE2B, 0xF0B, 0xF1B,
    0xF1C, 0xF2A, 0xF2B, 0xF2C, 0xF3B, 0xE2C, 0xE3C, 0xF0C, 0xF1C, 0xF1D, 0xF2B, 0xF2C, 0xF2D, 0xF3C, 0xE2D, 0xE3D,
    0xF0D, 0xF1C, 0xF1D, 0xF1E, 0xF2C, 0xF2D, 0xF2E, 0xF3D, 0xE2E, 0xE3E, 0xF1E, 0xF1F, 0xF2D, 0xF2E, 0xF2F, 0xF3E,
    0xF1F, 0xF2E, 0xF2F, 0xF3F, 0xE30, 0xE31, 0xF20, 0xF30, 0xF31, 0xE31, 0xE32, 0xF20, 0xF21, 0xF30, 0xF31, 0xF32,
    0xE32, 0xF21, 0xF22, 0xF31, 0xF32, 0xF33, 0xE33, 0xF22, 0xF23, 0xF32, 0xF33, 0xF34, 0xF43, 0xE34, 0xE44, 0xF23,
    0xF24, 0xF33, 0xF34, 0xF35, 0xF44, 0xE35, 0xE45, 0xF24, 0xF25, 0xF34, 0xF35, 0xF36, 0xF45, 0xE36, 0xE46, 0xF25,
    0xF26, 0xF35, 0xF36, 0xF37, 0xF46, 0xE37, 0xE47, 0xF26, 0xF27, 0xF36, 0xF37, 0xF38, 0xF47, 0xE38, 0xE48, 0xF27,
    0xF28, 0xF37, 0xF38, 0xF39, 0xF48, 0xE39, 0xE49, 0xF28, 0xF29, 0xF2A, 0xF38, 0xF39, 0xF3A, 0xF49, 0xE3A, 0xE4A,
    0xF29, 0xF2A, 0xF2B, 0xF39, 0xF3A, 0xF3B, 0xF4A, 0xE3A, 0xE3B, 0xF2A, 0xF2B, 0xF2C, 0xF3A, 0xF3B, 0xF3C, 0xF4B,
    0xE3B, 0xE3C, 0xF2B, 0xF2C, 0xF2D, 0xF3B, 0xF3C, 0xF3D, 0xF4C, 0xE3C, 0xE3D, 0xF2C, 0xF2D, 0xF2E, 0xF3C, 0xF3D,
    0xF3E, 0xF4D, 0xE3D, 0xE3E, 0xF2E, 0xF2F, 0xF3D, 0xF3E, 0xF3F, 0xF4E, 0xE3E, 0xE3F, 0xF2F, 0xF3E, 0xF3F, 0xF4F,
    0xE40, 0xE41, 0xF30, 0xF40, 0xF41, 0xE41, 0xE42, 0xF30, 0xF31, 0xF40, 0xF41, 0xF42, 0xE42, 0xE43, 0xF30, 0xF31,
    0xF32, 0xF40, 0xF41, 0xF42, 0xF43, 0xE43, 0xE44, 0xF32, 0xF33, 0xF42, 0xF43, 0xF44, 0xE44, 0xE45, 0xF33, 0xF34,
    0xF43, 0xF44, 0xF45, 0xF54, 0xE45, 0xE46, 0xE55, 0xF34, 0xF35, 0xF44, 0xF45, 0xF46, 0xF55, 0xE46, 0xE56, 0xF35,
    0xF36, 0xF45, 0xF46, 0xF47, 0xF56, 0xE47, 0xE57, 0xF36, 0xF37, 0xF46, 0xF47, 0xF48, 0xF57, 0xE48, 0xE58, 0xF37,
    0xF38, 0xF47, 0xF48, 0xF49, 0xF58, 0xE49, 0xE59, 0xF38, 0xF39, 0xF48, 0xF49, 0xF4A, 0xF59, 0xE4A, 0xE5A, 0xF39,
    0xF3A, 0xF49, 0xF4A, 0xF4B, 0xF5A, 0xE4B, 0xE5B, 0xF3A, 0xF3B, 0xF4A, 0xF4B, 0xF4C, 0xF5B, 0xE4B, 0xE4C, 0xE5C,
    0xF3B, 0xF3C, 0xF4B, 0xF4C, 0xF4D, 0xF5C, 0xE4C, 0xE4D, 0xF3C, 0xF3D, 0xF3E, 0xF4C, 0xF4D, 0xF4E, 0xF5D, 0xE4D,
    0xE4E, 0xF3D, 0xF3E, 0xF3F, 0xF4D, 0xF4E, 0xF4F, 0xF5E, 0xE4E, 0xE4F, 0xF3E, 0xF3F, 0xF4E, 0xF4F, 0xF5F, 0xE51,
    0xF40, 0xF50, 0xF51, 0xE51, 0xE52, 0xF40, 0xF41, 0xF50, 0xF51, 0xF52, 0xE52, 0xE53, 0xF40, 0xF41, 0xF42, 0xF50,
    0xF51, 0xF52, 0xF53, 0xE53, 0xE54, 0xF42, 0xF43, 0xF52, 0xF53, 0xF54, 0xE54, 0xE55, 0xF43, 0xF44, 0xF53, 0xF54,
    0xF55, 0xE55, 0xE56, 0xF44, 0xF45, 0xF54, 0xF55, 0xF56, 0xF65, 0xE56, 0xE57, 0xE66, 0xF45, 0xF46, 0xF55, 0xF56,
    0xF57, 0xF66, 0xE57, 0xE58, 0xE67, 0xF46, 0xF47, 0xF56, 0xF57, 0xF58, 0xF67, 0xE58, 0xE59, 0xE68, 0xF47, 0xF48,
    0xF57, 0xF58, 0xF59, 0xF68, 0xE59, 0xE5A, 0xE69, 0xF48, 0xF49, 0xF58, 0xF59, 0xF5A, 0xF69, 0xE5A, 0xE5B, 0xE6A,
    0xF49, 0xF4A, 0xF59, 0xF5A, 0xF5B, 0xF6A, 0xE5B, 0xE5C, 0xE6B, 0xF4A, 0xF4B, 0xF5A, 0xF5B, 0xF5C, 0xF6B, 0xE5C,
    0xE5D, 0xE6C, 0xF4B, 0xF4C, 0xF5B, 0xF5C, 0xF5D, 0xF6C, 0xE5D, 0xE5E, 0xE6D, 0xF4C, 0xF4D, 0xF5C, 0xF5D, 0xF5E,
    0xF6D, 0xE5E, 0xF4D, 0xF4E, 0xF5D, 0xF5E, 0xF5F, 0xF6E, 0xE5E, 0xE5F, 0xF4E, 0xF4F, 0xF5E, 0xF5F, 0xF6F, 0xE61,
    0xE62, 0xF50, 0xF60, 0xF61, 0xE61, 0xE62, 0xF50, 0xF60, 0xF61, 0xF62, 0xE62, 0xE63, 0xF50, 0xF51, 0xF52, 0xF60,
    0xF61, 0xF62, 0xF63, 0xE63, 0xE64, 0xF52, 0xF53, 0xF62, 0xF63, 0xF64, 0xE64, 0xE65, 0xF53, 0xF54, 0xF63, 0xF64,
    0xF65, 0xE65, 0xE66, 0xF54, 0xF55, 0xF64, 0xF65, 0xF66, 0xF75, 0xE66, 0xE67, 0xE76, 0xF55, 0xF56, 0xF65, 0xF66,
    0xF67, 0xF76, 0xE67, 0xE68, 0xE77, 0xF56, 0xF57, 0xF66, 0xF67, 0xF68, 0xF77, 0xE68, 0xE69, 0xE78, 0xF57, 0xF58,
    0xF67, 0xF68, 0xF69, 0xF78, 0xE69, 0xE6A, 0xE79, 0xF58, 0xF59, 0xF68, 0xF69, 0xF6A, 0xF79, 0xE6A, 0xE6B, 0xE7A,
    0xF59, 0xF5A, 0xF69, 0xF6A, 0xF6B, 0xF7A, 0xE6B, 0xE6C, 0xE7B, 0xF5A, 0xF5B, 0xF6A, 0xF6B, 0xF6C, 0xF7B, 0xE6C,
    0xE6D, 0xE7C, 0xF5B, 0xF5C, 0xF6B, 0xF6C, 0xF6D, 0xF7C, 0xE6D, 0xE6E, 0xE7D, 0xF5C, 0xF5D, 0xF6C, 0xF6D, 0xF6E,
    0xF7D, 0xE6E, 0xE6F, 0xE7E, 0xF5D, 0xF5E, 0xF6D, 0xF6E, 0xF6F, 0xF7E, 0xE6F, 0xE7F, 0xF5E, 0xF5F, 0xF6E, 0xF6F,
    0xF7F, 0xE71, 0xE72, 0xE82, 0xF60, 0xF70, 0xF71, 0xF72, 0xE71, 0xE72, 0xF60, 0xF70, 0xF71, 0xF72, 0xE72, 0xE73,
    0xF60, 0xF61, 0xF62, 0xF70, 0xF71, 0xF72, 0xF73, 0xE73, 0xE74, 0xF61, 0xF62, 0xF63, 0xF71, 0xF72, 0xF73, 0xF74,
    0xE74, 0xE75, 0xF63, 0xF64, 0xF73, 0xF74, 0xF75, 0xE75, 0xE76, 0xF64, 0xF65, 0xF74, 0xF75, 0xF76, 0xE76, 0xE77,
    0xF65, 0xF66, 0xF75, 0xF76, 0xF77, 0xF86, 0xE77, 0xE78, 0xE87, 0xF66, 0xF67, 0xF76, 0xF77, 0xF78, 0xF87, 0xE78,
    0xE79, 0xE88, 0xF67, 0xF68, 0xF77, 0xF78, 0xF79, 0xF88, 0xE79, 0xE7A, 0xE89, 0xF68, 0xF69, 0xF78, 0xF79, 0xF7A,
    0xF89, 0xE7A, 0xE7B, 0xE8A, 0xF69, 0xF6A, 0xF79, 0xF7A, 0xF7B, 0xF8A, 0xE7B, 0xE7C, 0xE8B, 0xF6A, 0xF6B, 0xF7A,
    0xF7B, 0xF7C, 0xF8B, 0xE7C, 0xE7D, 0xE8C, 0xF6B, 0xF6C, 0xF7B, 0xF7C, 0xF7D, 0xF8C, 0xE7D, 0xE7E, 0xE8D, 0xF6C,
    0xF6D, 0xF7C, 0xF7D, 0xF7E, 0xF8D, 0xE7E, 0xE7F, 0xE8E, 0xF6D, 0xF6E, 0xF7D, 0xF7E, 0xF7F, 0xF8E, 0xE7F, 0xE8F,
    0xF6E, 0xF6F, 0xF7E, 0xF7F, 0xF8F, 0xE81, 0xE82, 0xE92, 0xF70, 0xF80, 0xF81, 0xF82, 0xE81, 0xE82, 0xF70, 0xF80,
    0xF81, 0xF82, 0xE82, 0xE83, 0xF70, 0xF71, 0xF72, 0xF80, 0xF81, 0xF82, 0xF83, 0xE83, 0xE84, 0xF71, 0xF72, 0xF73,
    0xF81, 0xF82, 0xF83, 0xF84, 0xE84, 0xE85, 0xF73, 0xF74, 0xF83, 0xF84, 0xF85, 0xE85, 0xE86, 0xF74, 0xF75, 0xF84,
    0xF85, 0xF86, 0xE86, 0xE87, 0xF75, 0xF76, 0xF85, 0xF86, 0xF87, 0xF96, 0xE87, 0xE88, 0xF76, 0xF77, 0xF86, 0xF87,
    0xF88, 0xF97, 0xE88, 0xE89, 0xE98, 0xF77, 0xF78, 0xF87, 0xF88, 0xF89, 0xF98, 0xE89, 0xE8A, 0xE99, 0xF78, 0xF79,
    0xF88, 0xF89, 0xF8A, 0xF99, 0xE8A, 0xE8B, 0xE9A, 0xF79, 0xF7A, 0xF89, 0xF8A, 0xF8B, 0xF9A, 0xE8B, 0xE8C, 0xE9B,
    0xF7A, 0xF7B, 0xF8A, 0xF8B, 0xF8C, 0xF9B, 0xE8C, 0xE8D, 0xE9C, 0xF7B, 0xF7C, 0xF8B, 0xF8C, 0xF8D, 0xF9C, 0xE8D,
    0xE8E, 0xE9D, 0xF7C, 0xF7D, 0xF8C, 0xF8D, 0xF8E, 0xF9D, 0xE8E, 0xE8F, 0xE9E, 0xF7D, 0xF7E, 0xF8D, 0xF8E, 0xF8F,
    0xF9E, 0xE8F, 0xE9F, 0xF7E, 0xF7F, 0xF8E, 0xF8F, 0xF9F, 0xE91, 0xE92, 0xEA2, 0xF80, 0xF90, 0xF91, 0xF92, 0xFA2,
    0xE91, 0xE92, 0xE93, 0xEA2, 0xF80, 0xF90, 0xF91, 0xF92, 0xFA2, 0xE92, 0xE93, 0xF80, 0xF81, 0xF82, 0xF90, 0xF91,
    0xF92, 0xF93, 0xE93, 0xE94, 0xF81, 0xF82, 0xF83, 0xF91, 0xF92, 0xF93, 0xF94, 0xE94, 0xE95, 0xF83, 0xF84, 0xF93,
    0xF94, 0xF95, 0xE95, 0xE96, 0xF84, 0xF85, 0xF94, 0xF95, 0xF96, 0xE96, 0xE97, 0xF85, 0xF86, 0xF95, 0xF96, 0xF97,
    0xFA6, 0xE97, 0xE98, 0xF86, 0xF87, 0xF96, 0xF97, 0xF98, 0xFA7, 0xE98, 0xE99, 0xEA8, 0xF87, 0xF88, 0xF97, 0xF98,
    0xF99, 0xFA8, 0xE99, 0xE9A, 0xEA9, 0xF88, 0xF89, 0xF98, 0xF99, 0xF9A, 0xFA9, 0xE9A, 0xE9B, 0xEAA, 0xF89, 0xF8A,
    0xF99, 0xF9A, 0xF9B, 0xFAA, 0xE9B, 0xE9C, 0xEAB, 0xF8A, 0xF8B, 0xF9A, 0xF9B, 0xF9C, 0xFAB, 0xE9C, 0xE9D, 0xEAC,
    0xF8B, 0xF8C, 0xF9B, 0xF9C, 0xF9D, 0xFAC, 0xE9D, 0xE9E, 0xEAD, 0xF8C, 0xF8D, 0xF9C, 0xF9D, 0xF9E, 0xFAD, 0xE9E,
    0xE9F, 0xEAE, 0xF8D, 0xF8E, 0xF9D, 0xF9E, 0xF9F, 0xFAE, 0xE9F, 0xEAF, 0xF8E, 0xF8F, 0xF9E, 0xF9F, 0xFAF, 0xEA1,
    0xEA2, 0xEB2, 0xF90, 0xFA0, 0xFA1, 0xFA2, 0xFB2, 0xEA1, 0xEA2, 0xEA3, 0xEB2, 0xEB3, 0xF90, 0xFA0, 0xFA1, 0xFA2,
    0xEA2, 0xEA3, 0xF90, 0xF91, 0xFA0, 0xFA1, 0xFA2, 0xFA3, 0xEA3, 0xEA4, 0xF91, 0xF92, 0xF93, 0xFA1, 0xFA2, 0xFA3,
    0xFA4, 0xEA4, 0xEA5, 0xF93, 0xF94, 0xFA2, 0xFA3, 0xFA4, 0xFA5, 0xEA5, 0xEA6, 0xF94, 0xF95, 0xFA4, 0xFA5, 0xFA6,
    0xEA6, 0xEA7, 0xF95, 0xF96, 0xFA5, 0xFA6, 0xFA7, 0xEA7, 0xEA8, 0xF96, 0xF97, 0xFA6, 0xFA7, 0xFA8, 0xFB7, 0xEA8,
    0xEA9, 0xF97, 0xF98, 0xFA7, 0xFA8, 0xFA9, 0xFB8, 0xEA9, 0xEAA, 0xEB9, 0xF98, 0xF99, 0xFA8, 0xFA9, 0xFAA, 0xFB9,
    0xEAA, 0xEAB, 0xEBA, 0xF99, 0xF9A, 0xFA9, 0xFAA, 0xFAB, 0xFBA, 0xEAB, 0xEAC, 0xEBB, 0xF9A, 0xF9B, 0xFAA, 0xFAB,
    0xFAC, 0xFBB, 0xEAC, 0xEAD, 0xEBC, 0xF9B, 0xF9C, 0xFAB, 0xFAC, 0xFAD, 0xFBC, 0xEAD, 0xEAE, 0xEBD, 0xF9C, 0xF9D,
    0xFAC, 0xFAD, 0xFAE, 0xFBD, 0xEAE, 0xEAF, 0xEBE, 0xF9D, 0xF9E, 0xFAD, 0xFAE, 0xFAF, 0xFBE, 0xEAF, 0xEBF, 0xF9E,
    0xF9F, 0xFAE, 0xFAF, 0xFBF, 0xEB1, 0xEB2, 0xEC2, 0xEC3, 0xFA0, 0xFB0, 0xFB1, 0xFB2, 0xFC2, 0xEB1, 0xEB2, 0xEB3,
    0xEC3, 0xFA0, 0xFB0, 0xFB1, 0xFB2, 0xEB2, 0xEB3, 0xFA0, 0xFA1, 0xFB0, 0xFB1, 0xFB2, 0xFB3, 0xEB3, 0xEB4, 0xFA1,
    0xFA2, 0xFA3, 0xFB0, 0xFB1, 0xFB2, 0xFB3, 0xFB4, 0xEB4, 0xEB5, 0xFA2, 0xFA3, 0xFA4, 0xFB2, 0xFB3, 0xFB4, 0xFB5,
    0xEB5, 0xEB6, 0xFA4, 0xFA5, 0xFB4, 0xFB5, 0xFB6, 0xEB6, 0xEB7, 0xFA5, 0xFA6, 0xFB5, 0xFB6, 0xFB7, 0xEB7, 0xEB8,
    0xFA6, 0xFA7, 0xFB6, 0xFB7, 0xFB8, 0xEB8, 0xEB9, 0xFA7, 0xFA8, 0xFB7, 0xFB8, 0xFB9, 0xFC8, 0xEB9, 0xEBA, 0xFA8,
    0xFA9, 0xFB8, 0xFB9, 0xFBA, 0xFC9, 0xEBA, 0xEBB, 0xECA, 0xFA9, 0xFAA, 0xFB9, 0xFBA, 0xFBB, 0xFCA, 0xEBB, 0xEBC,
    0xECB, 0xFAA, 0xFAB, 0xFBA, 0xFBB, 0xFBC, 0xFCB, 0xEBC, 0xEBD, 0xECC, 0xFAB, 0xFAC, 0xFBB, 0xFBC, 0xFBD, 0xFCC,
    0xEBD, 0xEBE, 0xECD, 0xFAC, 0xFAD, 0xFBC, 0xFBD, 0xFBE, 0xFCD, 0xEBE, 0xEBF, 0xECE, 0xFAD, 0xFAE, 0xFBD, 0xFBE,
    0xFBF, 0xFCE, 0xEBF, 0xECF, 0xFAE, 0xFAF, 0xFBE, 0xFBF, 0xFCF, 0xEC1, 0xEC2, 0xEC3, 0xED2, 0xED3, 0xFB0, 0xFC0,
    0xFC1, 0xFC2, 0xEC2, 0xEC3, 0xED3, 0xFB0, 0xFC0, 0xFC1, 0xFC2, 0xFC3, 0xEC2, 0xEC3, 0xEC4, 0xFB0, 0xFB1, 0xFC0,
    0xFC1, 0xFC2, 0xFC3, 0xEC3, 0xEC4, 0xFB0, 0xFB1, 0xFB2, 0xFB3, 0xFC0, 0xFC1, 0xFC2, 0xFC3, 0xFC4, 0xEC4, 0xEC5,
    0xFB2, 0xFB3, 0xFB4, 0xFC2, 0xFC3, 0xFC4, 0xFC5, 0xEC5, 0xEC6, 0xFB4, 0xFB5, 0xFC4, 0xFC5, 0xFC6, 0xEC6, 0xEC7,
    0xFB5, 0xFB6, 0xFC5, 0xFC6, 0xFC7, 0xEC7, 0xEC8, 0xFB6, 0xFB7, 0xFC6, 0xFC7, 0xFC8, 0xEC8, 0xEC9, 0xFB7, 0xFB8,
    0xFC7, 0xFC8, 0xFC9, 0xEC9, 0xECA, 0xFB8, 0xFB9, 0xFC8, 0xFC9, 0xFCA, 0xFD9, 0xECA, 0xECB, 0xFB9, 0xFBA, 0xFC9,
    0xFCA, 0xFCB, 0xFDA, 0xECB, 0xECC, 0xEDB, 0xFBA, 0xFBB, 0xFCA, 0xFCB, 0xFCC, 0xFDB, 0xECC, 0xECD, 0xEDC, 0xFBB,
    0xFBC, 0xFCB, 0xFCC, 0xFCD, 0xFDC, 0xECD, 0xECE, 0xEDD, 0xFBC, 0xFBD, 0xFCC, 0xFCD, 0xFCE, 0xFDD, 0xECE, 0xECF,
    0xEDE, 0xFBD, 0xFBE, 0xFCD, 0xFCE, 0xFCF, 0xFDE, 0xECF, 0xEDF, 0xFBE, 0xFBF, 0xFCE, 0xFCF, 0xFDF, 0xED1, 0xED2,
    0xED3, 0xEE3, 0xFC0, 0xFD0, 0xFD1, 0xFD2, 0xFE2, 0xED2, 0xED3, 0xEE3, 0xFC0, 0xFD0, 0xFD1, 0xFD2, 0xFD3, 0xFE2,
    0xED2, 0xED3, 0xED4, 0xEE3, 0xFC0, 0xFC1, 0xFD0, 0xFD1, 0xFD2, 0xFD3, 0xED3, 0xED4, 0xFC0, 0xFC1, 0xFC2, 0xFC3,
    0xFD0, 0xFD1, 0xFD2, 0xFD3, 0xFD4, 0xED4, 0xED5, 0xFC2, 0xFC3, 0xFC4, 0xFD2, 0xFD3, 0xFD4, 0xFD5, 0xFE5, 0xED5,
    0xED6, 0xEE6, 0xFC4, 0xFC5, 0xFD4, 0xFD5, 0xFD6, 0xED6, 0xED7, 0xEE7, 0xFC5, 0xFC6, 0xFD5, 0xFD6, 0xFD7, 0xED7,
    0xED8, 0xEE8, 0xFC6, 0xFC7, 0xFD6, 0xFD7, 0xFD8, 0xFE7, 0xED8, 0xED9, 0xFC7, 0xFC8, 0xFD7, 0xFD8, 0xFD9, 0xFE8,
    0xED9, 0xEDA, 0xFC8, 0xFC9, 0xFD8, 0xFD9, 0xFDA, 0xFE9, 0xEDA, 0xEDB, 0xEEA, 0xFC9, 0xFCA, 0xFD9, 0xFDA, 0xFDB,
    0xFEA, 0xEDB, 0xEDC, 0xEEB, 0xFCA, 0xFCB, 0xFDA, 0xFDB, 0xFDC, 0xFEB, 0xEDC, 0xEDD, 0xEEC, 0xFCB, 0xFCC, 0xFDB,
    0xFDC, 0xFDD, 0xFEC, 0xEDD, 0xEDE, 0xEED, 0xFCC, 0xFCD, 0xFDC, 0xFDD, 0xFDE, 0xFED, 0xEDE, 0xEDF, 0xEEE, 0xFCD,
    0xFCE, 0xFDD, 0xFDE, 0xFDF, 0xFEE, 0xEDF, 0xEEF, 0xFCE, 0xFCF, 0xFDE, 0xFDF, 0xFEF, 0xEE1, 0xEE2, 0xEE3, 0xEF3,
    0xFD0, 0xFE0, 0xFE1, 0xFE2, 0xFF2, 0xEE2, 0xEE3, 0xEF3, 0xFD0, 0xFE0, 0xFE1, 0xFE2, 0xFE3, 0xFF2, 0xEE2, 0xEE3,
    0xEE4, 0xEF3, 0xFD0, 0xFD1, 0xFE0, 0xFE1, 0xFE2, 0xFE3, 0xEE3, 0xEE4, 0xFD0, 0xFD1, 0xFD2, 0xFE0, 0xFE1, 0xFE2,
    0xFE3, 0xFE4, 0xEE4, 0xEE5, 0xFD2, 0xFD3, 0xFD4, 0xFE2, 0xFE3, 0xFE4, 0xFE5, 0xEE5, 0xEE6, 0xEF6, 0xFD4, 0xFD5,
    0xFE3, 0xFE4, 0xFE5, 0xFE6, 0xEE6, 0xEE7, 0xEF7, 0xFD5, 0xFD6, 0xFE5, 0xFE6, 0xFE7, 0xEE7, 0xEE8, 0xEF8, 0xFD6,
    0xFD7, 0xFE6, 0xFE7, 0xFE8, 0xEE8, 0xEE9, 0xFD7, 0xFD8, 0xFE7, 0xFE8, 0xFE9, 0xFF8, 0xEE9, 0xEEA, 0xFD8, 0xFD9,
    0xFE8, 0xFE9, 0xFEA, 0xFF9, 0xEEA, 0xEEB, 0xFD9, 0xFDA, 0xFE9, 0xFEA, 0xFEB, 0xFFA, 0xEEB, 0xEEC, 0xEFB, 0xFDA,
    0xFDB, 0xFEA, 0xFEB, 0xFEC, 0xFFB, 0xEEC, 0xEED, 0xEFC, 0xFDB, 0xFDC, 0xFEB, 0xFEC, 0xFED, 0xFFC, 0xEED, 0xEEE,
    0xEFD, 0xFDC, 0xFDD, 0xFEC, 0xFED, 0xFEE, 0xFFD, 0xEEE, 0xEEF, 0xEFE, 0xFDD, 0xFDE, 0xFED, 0xFEE, 0xFEF, 0xFFE,
    0xEEF, 0xEFF, 0xFDE, 0xFDF, 0xFEE, 0xFEF, 0xFFF, 0xEF1, 0xEF2, 0xEF3, 0xFE0, 0xFF0, 0xFF1, 0xFF2, 0xEF2, 0xEF3,
    0xFE0, 0xFF0, 0xFF1, 0xFF2, 0xFF3, 0xEF2, 0xEF3, 0xEF4, 0xFE0, 0xFE1, 0xFF0, 0xFF1, 0xFF2, 0xFF3, 0xEF3, 0xEF4,
    0xFE0, 0xFE1, 0xFE2, 0xFF2, 0xFF3, 0xFF4, 0xEF4, 0xEF5, 0xFE2, 0xFE3, 0xFE4, 0xFF3, 0xFF4, 0xFF5, 0xEF5, 0xEF6,
    0xFE3, 0xFE4, 0xFE5, 0xFF4, 0xFF5, 0xFF6, 0xEF6, 0xEF7, 0xFE5, 0xFE6, 0xFF5, 0xFF6, 0xFF7, 0xEF7, 0xEF8, 0xFE6,
    0xFE7, 0xFF6, 0xFF7, 0xFF8, 0xEF8, 0xEF9, 0xFE7, 0xFE8, 0xFF7, 0xFF8, 0xFF9, 0xEF9, 0xEFA, 0xFE8, 0xFE9, 0xFF8,
    0xFF9, 0xFFA, 0xEFA, 0xEFB, 0xFE9, 0xFEA, 0xFF9, 0xFFA, 0xFFB, 0xEFB, 0xEFC, 0xFEA, 0xFEB, 0xFFA, 0xFFB, 0xFFC,
    0xEFC, 0xEFD, 0xFEB, 0xFEC, 0xFFB, 0xFFC, 0xFFD, 0xEFD, 0xEFE, 0xFEC, 0xFED, 0xFFC, 0xFFD, 0xFFE, 0xEFE, 0xEFF,
    0xFED, 0xFEE, 0xFFD, 0xFFE, 0xFFF, 0xEFF, 0xFEE, 0xFEF, 0xFFE, 0xFFF
};

constexpr std::uint32_t kOcsCandOffsets[4097] = {
    0, 7, 14, 20, 26, 31, 37, 43, 49, 54, 59, 64,
    68, 72, 76, 79, 83, 88, 95, 103, 113, 123, 132, 142,
    151, 159, 169, 178, 187, 196, 206, 215, 219, 226, 234, 243,
    253, 263, 273, 284, 293, 302, 312, 322, 332, 341, 352, 361,
    367, 370, 377, 385, 393, 401, 409, 419, 429, 438, 447, 456,
    466, 476, 487, 497, 502, 505, 512, 519, 526, 533, 540, 547,
    554, 563, 571, 578, 585, 592, 599, 607, 611, 615, 623, 631,
    639, 647, 656, 665, 674, 682, 690, 699, 706, 711, 719, 727,
    731, 736, 745, 756, 765, 774, 783, 792, 801, 810, 819, 828,
    838, 848, 859, 869, 873, 877, 885, 895, 903, 911, 920, 929,
    938, 947, 956, 965, 974, 983, 992, 1001, 1009, 1013, 1022, 1034,
    1043, 1052, 1061, 1071, 1081, 1091, 1101, 1110, 1120, 1130, 1140, 1150,
    1159, 1165, 1173, 1184, 1193, 1202, 1212, 1222, 1232, 1242, 1252, 1262,
    1272, 1282, 1292, 1301, 1309, 1313, 1320, 1329, 1336, 1344, 1352, 1361,
    1370, 1379, 1388, 1396, 1404, 1412, 1420, 1428, 1434, 1438, 1446, 1457,
    1466, 1475, 1484, 1493, 1503, 1513, 1523, 1532, 1541, 1550, 1560, 1569,
    1576, 1581, 1589, 1602, 1613, 1623, 1632, 1642, 1652, 1662, 1673, 1684,
    1695, 1706, 1717, 1728, 1736, 1742, 1751, 1765, 1778, 1789, 1801, 1813,
    1826, 1839, 1852, 1865, 1878, 1891, 1904, 1917, 1927, 1932, 1940, 1950,
    1960, 1969, 1978, 1988, 1998, 2008, 2019, 2030, 2041, 2052, 2063, 2074,
    2081, 2085, 2090, 2097, 2103, 2109, 2116, 2124, 2133, 2142, 2151, 2158,
    2165, 2172, 2179, 2186, 2188, 2196, 2206, 2216, 2224, 2232, 2242, 2250,
    2258, 2266, 2275, 2282, 2289, 2296, 2304, 2309, 2314, 2322, 2333, 2344,
    2358, 2370, 2382, 2394, 2407, 2420, 2432, 2444, 2456, 2469, 2483, 2495,
    2503, 2514, 2528, 2542, 2556, 2571, 2586, 2601, 2614, 2627, 2641, 2654,
    2667, 2680, 2693, 2706, 2712, 2719, 2730, 2743, 2756, 2769, 2781, 2795,
    2809, 2822, 2834, 2847, 2861, 2875, 2889, 2903, 2910, 2917, 2926, 2937,
    2949, 2960, 2971, 2983, 2994, 3006, 3019, 3032, 3042, 3053, 3066, 3080,
    3087, 3093, 3102, 3111, 3120, 3131, 3142, 3153, 3164, 3175, 3185, 3197,
    3209, 3220, 3233, 3245, 3252, 3258, 3268, 3280, 3291, 3302, 3313, 3324,
    3334, 3344, 3355, 3365, 3375, 3385, 3398, 3410, 3416, 3422, 3429, 3438,
    3447, 3457, 3467, 3477, 3487, 3497, 3507, 3517, 3526, 3535, 3544, 3553,
    3560, 3565, 3573, 3583, 3592, 3601, 3611, 3621, 3631, 3641, 3651, 3661,
    3670, 3679, 3688, 3697, 3704, 3711, 3721, 3736, 3750, 3763, 3776, 3789,
    3802, 3815, 3828, 3841, 3854, 3866, 3879, 3892, 3901, 3909, 3918, 3929,
    3939, 3949, 3958, 3969, 3980, 3991, 4003, 4015, 4027, 4039, 4051, 4063,
    4070, 4078, 4086, 4098, 4110, 4119, 4128, 4138, 4149, 4160, 4171, 4182,
    4194, 4206, 4218, 4230, 4238, 4245, 4254, 4268, 4280, 4291, 4302, 4313,
    4324, 4335, 4346, 4356, 4366, 4376, 4389, 4401, 4409, 4418, 4429, 4443,
    4457, 4469, 4481, 4492, 4503, 4514, 4525, 4536, 4547, 4558, 4569, 4580,
    4589, 4597, 4605, 4616, 4626, 4635, 4643, 4653, 4663, 4673, 4684, 4695,
    4705, 4715, 4725, 4735, 4742, 4747, 4753, 4762, 4770, 4777, 4786, 4794,
    4802, 4810, 4818, 4825, 4832, 4839, 4846, 4852, 4854, 4861, 4872, 4883,
    4892, 4900, 4909, 4920, 4931, 4940, 4948, 4956, 4964, 4972, 4981, 4989,
    4996, 5005, 5019, 5035, 5051, 5066, 5079, 5092, 5105, 5119, 5134, 5149,
    5163, 5177, 5193, 5207, 5217, 5227, 5242, 5257, 5272, 5289, 5304, 5319,
    5333, 5346, 5360, 5373, 5387, 5401, 5415, 5428, 5436, 5444, 5456, 5469,
    5482, 5495, 5508, 5522, 5535, 5549, 5563, 5576, 5590, 5603, 5617, 5630,
    5638, 5645, 5657, 5667, 5679, 5691, 5703, 5715, 5727, 5740, 5754, 5768,
    5780, 5792, 5805, 5819, 5826, 5833, 5844, 5854, 5865, 5877, 5890, 5903,
    5915, 5927, 5939, 5952, 5966, 5979, 5991, 6003, 6010, 6019, 6034, 6051,
    6066, 6082, 6098, 6114, 6130, 6146, 6162, 6178, 6194, 6210, 6228, 6246,
    6256, 6265, 6276, 6288, 6299, 6314, 6329, 6344, 6359, 6374, 6389, 6404,
    6418, 6432, 6447, 6461, 6470, 6479, 6488, 6499, 6508, 6519, 6533, 6547,
    6561, 6575, 6589, 6603, 6617, 6631, 6645, 6659, 6668, 6680, 6691, 6706,
    6720, 6736, 6752, 6768, 6784, 6800, 6816, 6832, 6848, 6863, 6879, 6894,
    6903, 6914, 6925, 6937, 6948, 6958, 6970, 6985, 7000, 7015, 7029, 7042,
    7055, 7068, 7081, 7094, 7102, 7112, 7122, 7132, 7143, 7153, 7163, 7177,
    7191, 7205, 7219, 7233, 7247, 7261, 7275, 7288, 7296, 7305, 7314, 7327,
    7340, 7351, 7362, 7374, 7387, 7401, 7415, 7429, 7443, 7457, 7471, 7485,
    7494, 7503, 7517, 7532, 7548, 7564, 7580, 7595, 7611, 7627, 7643, 7659,
    7676, 7693, 7710, 7726, 7735, 7744, 7756, 7768, 7781, 7793, 7804, 7815,
    7827, 7841, 7855, 7869, 7884, 7899, 7914, 7929, 7937, 7944, 7953, 7961,
    7970, 7980, 7989, 7999, 8007, 8016, 8026, 8035, 8044, 8053, 8062, 8071,
    8074, 8080, 8090, 8100, 8109, 8117, 8126, 8135, 8144, 8152, 8161, 8170,
    8178, 8186, 8194, 8202, 8209, 8217, 8230, 8244, 8260, 8273, 8286, 8299,
    8311, 8324, 8337, 8350, 8364, 8377, 8391, 8403, 8414, 8423, 8436, 8450,
    8465, 8481, 8497, 8512, 8526, 8540, 8554, 8568, 8582, 8596, 8610, 8623,
    8632, 8640, 8653, 8665, 8678, 8691, 8704, 8719, 8733, 8747, 8759, 8773,
    8787, 8801, 8815, 8829, 8838, 8846, 8858, 8870, 8883, 8896, 8909, 8922,
    8935, 8948, 8961, 8974, 8987, 9000, 9013, 9027, 9035, 9043, 9055, 9068,
    9080, 9093, 9106, 9119, 9132, 9145, 9158, 9172, 9185, 9199, 9213, 9225,
    9232, 9240, 9253, 9267, 9281, 9295, 9309, 9323, 9336, 9349, 9363, 9376,
    9389, 9402, 9418, 9433, 9442, 9450, 9459, 9471, 9481, 9493, 9505, 9517,
    9529, 9541, 9553, 9565, 9577, 9589, 9601, 9613, 9620, 9629, 9638, 9651,
    9660, 9671, 9683, 9695, 9708, 9721, 9735, 9747, 9759, 9771, 9783, 9795,
    9804, 9818, 9829, 9845, 9862, 9878, 9894, 9910, 9926, 9942, 9959, 9975,
    9991, 10007, 10023, 10039, 10050, 10062, 10073, 10086, 10101, 10114, 10128, 10143,
    10158, 10173, 10188, 10203, 10218, 10233, 10248, 10263, 10272, 10284, 10295, 10307,
    10319, 10329, 10339, 10352, 10367, 10382, 10398, 10414, 10430, 10446, 10461, 10476,
    10486, 10499, 10508, 10520, 10532, 10543, 10553, 10566, 10580, 10596, 10613, 10630,
    10647, 10664, 10681, 10698, 10709, 10722, 10739, 10753, 10768, 10786, 10805, 10825,
    10845, 10865, 10885, 10905, 10925, 10943, 10962, 10981, 10992, 11005, 11020, 11032,
    11045, 11060, 11073, 11085, 11098, 11115, 11133, 11151, 11168, 11185, 11202, 11219,
    11230, 11239, 11249, 11258, 11268, 11278, 11289, 11300, 11309, 11320, 11332, 11343,
    11354, 11365, 11376, 11387, 11391, 11397, 11406, 11416, 11425, 11433, 11442, 11451,
    11460, 11468, 11476, 11484, 11493, 11502, 11510, 11518, 11525, 11534, 11547, 11560,
    11575, 11589, 11603, 11615, 11627, 11640, 11653, 11665, 11678, 11691, 11705, 11717,
    11728, 11737, 11750, 11763, 11777, 11791, 11807, 11822, 11835, 11848, 11861, 11874,
    11887, 11900, 11914, 11927, 11937, 11946, 11960, 11973, 11987, 12001, 12015, 12030,
    12046, 12060, 12075, 12089, 12103, 12117, 12131, 12145, 12154, 12162, 12175, 12188,
    12200, 12213, 12226, 12239, 12252, 12265, 12279, 12292, 12306, 12320, 12333, 12347,
    12356, 12364, 12375, 12388, 12400, 12413, 12426, 12439, 12452, 12465, 12478, 12491,
    12504, 12517, 12531, 12544, 12552, 12561, 12573, 12589, 12601, 12614, 12627, 12640,
    12653, 12666, 12679, 12692, 12705, 12718, 12732, 12746, 12755, 12765, 12774, 12786,
    12797, 12807, 12819, 12831, 12843, 12855, 12867, 12879, 12891, 12903, 12915, 12927,
    12935, 12945, 12954, 12966, 12977, 12987, 12998, 13009, 13020, 13031, 13043, 13055,
    13066, 13077, 13089, 13100, 13108, 13119, 13128, 13144, 13158, 13170, 13183, 13196,
    13209, 13222, 13235, 13248, 13261, 13274, 13287, 13300, 13308, 13320, 13329, 13340,
    13351, 13361, 13371, 13384, 13396, 13408, 13420, 13432, 13444, 13456, 13468, 13480,
    13487, 13497, 13505, 13516, 13526, 13536, 13546, 13558, 13571, 13584, 13597, 13610,
    13624, 13637, 13651, 13664, 13672, 13681, 13691, 13701, 13711, 13720, 13728, 13739,
    13751, 13764, 13778, 13792, 13806, 13820, 13834, 13848, 13857, 13868, 13884, 13898,
    13916, 13932, 13946, 13962, 13978, 13994, 14010, 14026, 14042, 14058, 14074, 14090,
    14099, 14110, 14124, 14135, 14147, 14159, 14170, 14181, 14192, 14205, 14220, 14234,
    14248, 14262, 14277, 14291, 14300, 14307, 14315, 14322, 14330, 14339, 14348, 14358,
    14367, 14378, 14389, 14399, 14409, 14419, 14429, 14438, 14441, 14446, 14455, 14465,
    14474, 14482, 14490, 14499, 14508, 14516, 14524, 14532, 14541, 14550, 14559, 14567,
    14574, 14583, 14594, 14606, 14619, 14632, 14646, 14659, 14671, 14684, 14697, 14709,
    14721, 14732, 14745, 14756, 14766, 14774, 14787, 14800, 14814, 14828, 14843, 14858,
    14873, 14886, 14899, 14912, 14925, 14938, 14951, 14963, 14973, 14982, 14995, 15008,
    15022, 15036, 15050, 15064, 15079, 15093, 15108, 15121, 15134, 15147, 15160, 15173,
    15182, 15191, 15204, 15217, 15230, 15244, 15257, 15270, 15283, 15296, 15310, 15324,
    15338, 15351, 15364, 15377, 15386, 15395, 15407, 15421, 15433, 15445, 15458, 15471,
    15484, 15497, 15510, 15523, 15537, 15550, 15565, 15577, 15585, 15597, 15609, 15625,
    15639, 15653, 15666, 15680, 15694, 15707, 15721, 15735, 15748, 15761, 15776, 15790,
    15799, 15811, 15823, 15838, 15849, 15860, 15873, 15886, 15899, 15912, 15925, 15938,
    15951, 15964, 15977, 15990, 15999, 16011, 16020, 16034, 16047, 16058, 16070, 16083,
    16096, 16109, 16122, 16135, 16148, 16161, 16174, 16187, 16196, 16208, 16218, 16234,
    16249, 16263, 16277, 16291, 16305, 16319, 16333, 16347, 16361, 16374, 16388, 16402,
    16411, 16421, 16430, 16442, 16453, 16462, 16471, 16482, 16494, 16506, 16519, 16531,
    16543, 16555, 16567, 16579, 16586, 16596, 16606, 16615, 16626, 16635, 16642, 16652,
    16663, 16674, 16686, 16697, 16708, 16719, 16730, 16741, 16748, 16757, 16767, 16776,
    16787, 16796, 16803, 16812, 16822, 16833, 16844, 16855, 16866, 16877, 16888, 16899,
    16906, 16915, 16927, 16938, 16952, 16966, 16979, 16991, 17004, 17017, 17030, 17043,
    17055, 17067, 17079, 17091, 17098, 17106, 17118, 17128, 17140, 17152, 17162, 17172,
    17182, 17195, 17208, 17221, 17234, 17247, 17260, 17274, 17282, 17287, 17295, 17302,
    17309, 17316, 17324, 17331, 17338, 17347, 17357, 17367, 17377, 17387, 17397, 17406,
    17409, 17413, 17422, 17432, 17442, 17450, 17458, 17467, 17476, 17485, 17494, 17502,
    17510, 17519, 17528, 17536, 17543, 17552, 17564, 17576, 17590, 17607, 17622, 17636,
    17647, 17660, 17673, 17685, 17698, 17711, 17725, 17737, 17747, 17755, 17768, 17781,
    17795, 17809, 17824, 17841, 17856, 17870, 17883, 17897, 17911, 17924, 17937, 17950,
    17959, 17968, 17981, 17994, 18007, 18021, 18035, 18049, 18065, 18080, 18095, 18108,
    18121, 18135, 18149, 18162, 18171, 18180, 18193, 18206, 18219, 18233, 18247, 18261,
    18275, 18289, 18305, 18320, 18334, 18347, 18360, 18373, 18382, 18392, 18404, 18420,
    18433, 18446, 18460, 18474, 18487, 18500, 18513, 18526, 18540, 18554, 18569, 18581,
    18589, 18601, 18614, 18631, 18646, 18661, 18675, 18689, 18703, 18717, 18731, 18745,
    18759, 18772, 18787, 18802, 18811, 18823, 18833, 18848, 18861, 18872, 18885, 18898,
    18911, 18924, 18937, 18950, 18963, 18976, 18989, 19002, 19011, 19022, 19032, 19047,
    19060, 19072, 19083, 19096, 19109, 19122, 19135, 19148, 19161, 19174, 19187, 19200,
    19209, 19219, 19229, 19245, 19260, 19274, 19287, 19301, 19315, 19329, 19343, 19357,
    19371, 19385, 19399, 19413, 19422, 19431, 19441, 19453, 19466, 19477, 19487, 19498,
    19510, 19522, 19534, 19546, 19558, 19570, 19582, 19594, 19602, 19611, 19622, 19633,
    19645, 19656, 19666, 19676, 19688, 19700, 19712, 19724, 19736, 19748, 19760, 19772,
    19780, 19788, 19798, 19807, 19817, 19828, 19837, 19845, 19855, 19866, 19877, 19888,
    19899, 19910, 19921, 19932, 19940, 19948, 19961, 19973, 19988, 20002, 20015, 20027,
    20040, 20053, 20066, 20079, 20092, 20105, 20118, 20131, 20139, 20147, 20159, 20169,
    20180, 20190, 20199, 20208, 20217, 20228, 20240, 20252, 20264, 20276, 20288, 20300,
    20307, 20312, 20319, 20326, 20332, 20338, 20344, 20350, 20356, 20364, 20372, 20380,
    20388, 20396, 20404, 20412, 20415, 20419, 20425, 20434, 20441, 20448, 20457, 20466,
    20475, 20483, 20491, 20499, 20507, 20515, 20522, 20528, 20533, 20541, 20553, 20565,
    20578, 20592, 20605, 20619, 20629, 20640, 20652, 20664, 20676, 20689, 20702, 20714,
    20721, 20729, 20742, 20755, 20769, 20783, 20796, 20812, 20827, 20842, 20856, 20869,
    20882, 20895, 20908, 20920, 20928, 20936, 20949, 20962, 20975, 20989, 21003, 21017,
    21031, 21047, 21062, 21075, 21087, 21101, 21115, 21128, 21137, 21146, 21159, 21173,
    21186, 21199, 21213, 21227, 21241, 21255, 21271, 21287, 21300, 21313, 21326, 21339,
    21348, 21357, 21369, 21386, 21399, 21412, 21426, 21440, 21454, 21468, 21481, 21494,
    21508, 21523, 21537, 21549, 21557, 21568, 21581, 21599, 21613, 21626, 21640, 21654,
    21667, 21680, 21693, 21706, 21719, 21732, 21747, 21761, 21770, 21780, 21790, 21805,
    21818, 21829, 21841, 21854, 21867, 21880, 21893, 21906, 21919, 21932, 21945, 21958,
    21967, 21977, 21987, 22002, 22015, 22027, 22038, 22050, 22063, 22076, 22089, 22102,
    22115, 22128, 22141, 22154, 22163, 22173, 22183, 22199, 22215, 22229, 22242, 22256,
    22270, 22284, 22298, 22312, 22326, 22340, 22354, 22368, 22377, 22386, 22398, 22412,
    22426, 22438, 22449, 22460, 22472, 22485, 22498, 22511, 22524, 22537, 22550, 22563,
    22572, 22580, 22593, 22607, 22621, 22633, 22644, 22655, 22667, 22680, 22693, 22706,
    22719, 22732, 22745, 22758, 22767, 22775, 22787, 22801, 22815, 22828, 22840, 22851,
    22862, 22875, 22888, 22901, 22914, 22927, 22940, 22953, 22962, 22970, 22984, 22998,
    23015, 23030, 23043, 23055, 23068, 23081, 23094, 23107, 23120, 23133, 23146, 23159,
    23168, 23176, 23188, 23198, 23210, 23221, 23231, 23240, 23249, 23260, 23272, 23284,
    23296, 23308, 23320, 23332, 23339, 23345, 23352, 23358, 23364, 23370, 23377, 23383,
    23389, 23396, 23404, 23412, 23420, 23428, 23436, 23444, 23447, 23451, 23458, 23467,
    23474, 23481, 23490, 23499, 23507, 23515, 23523, 23531, 23539, 23547, 23555, 23562,
    23567, 23574, 23586, 23599, 23612, 23624, 23636, 23649, 23660, 23671, 23684, 23696,
    23708, 23720, 23733, 23745, 23752, 23760, 23772, 23785, 23798, 23811, 23823, 23839,
    23854, 23869, 23883, 23896, 23909, 23922, 23935, 23947, 23955, 23963, 23976, 23989,
    24002, 24016, 24030, 24044, 24057, 24071, 24086, 24101, 24114, 24126, 24140, 24153,
    24162, 24170, 24183, 24197, 24210, 24223, 24237, 24251, 24265, 24279, 24293, 24309,
    24323, 24337, 24350, 24363, 24372, 24380, 24391, 24408, 24421, 24434, 24448, 24462,
    24476, 24490, 24504, 24517, 24530, 24545, 24561, 24573, 24581, 24592, 24604, 24621,
    24635, 24648, 24662, 24676, 24690, 24704, 24718, 24731, 24744, 24757, 24770, 24785,
    24794, 24804, 24814, 24829, 24843, 24855, 24867, 24880, 24893, 24906, 24919, 24932,
    24945, 24958, 24971, 24984, 24993, 25003, 25013, 25028, 25042, 25054, 25065, 25077,
    25090, 25103, 25116, 25129, 25142, 25155, 25168, 25181, 25190, 25200, 25211, 25226,
    25242, 25256, 25270, 25284, 25298, 25312, 25326, 25340, 25354, 25368, 25382, 25396,
    25405, 25415, 25428, 25442, 25457, 25469, 25481, 25492, 25504, 25517, 25530, 25543,
    25556, 25569, 25582, 25595, 25604, 25613, 25626, 25640, 25654, 25667, 25678, 25689,
    25700, 25713, 25726, 25739, 25752, 25765, 25778, 25791, 25800, 25809, 25822, 25834,
    25848, 25861, 25873, 25884, 25895, 25907, 25920, 25933, 25946, 25959, 25972, 25985,
    25994, 26003, 26016, 26030, 26047, 26062, 26076, 26090, 26101, 26114, 26127, 26140,
    26153, 26166, 26179, 26192, 26201, 26209, 26221, 26233, 26245, 26258, 26269, 26279,
    26289, 26300, 26311, 26323, 26335, 26347, 26359, 26371, 26378, 26384, 26391, 26398,
    26404, 26411, 26419, 26426, 26433, 26440, 26448, 26456, 26464, 26472, 26480, 26488,
    26491, 26496, 26503, 26513, 26524, 26533, 26542, 26551, 26560, 26569, 26578, 26586,
    26594, 26602, 26611, 26618, 26624, 26631, 26643, 26656, 26669, 26682, 26696, 26711,
    26723, 26734, 26748, 26761, 26774, 26787, 26800, 26813, 26820, 26828, 26841, 26853,
    26866, 26880, 26894, 26911, 26927, 26942, 26956, 26970, 26985, 26998, 27012, 27025,
    27033, 27041, 27054, 27067, 27080, 27094, 27108, 27123, 27138, 27153, 27170, 27185,
    27199, 27212, 27226, 27240, 27249, 27258, 27271, 27285, 27298, 27311, 27325, 27340,
    27355, 27369, 27384, 27400, 27415, 27430, 27443, 27456, 27465, 27473, 27484, 27501,
    27514, 27527, 27540, 27555, 27570, 27585, 27600, 27614, 27628, 27644, 27660, 27674,
    27682, 27693, 27705, 27722, 27735, 27748, 27762, 27776, 27790, 27804, 27819, 27833,
    27847, 27861, 27876, 27892, 27902, 27912, 27923, 27939, 27953, 27966, 27978, 27991,
    28004, 28017, 28030, 28043, 28056, 28069, 28082, 28095, 28104, 28114, 28126, 28141,
    28155, 28167, 28179, 28191, 28204, 28217, 28230, 28243, 28256, 28269, 28282, 28295,
    28304, 28314, 28328, 28345, 28362, 28376, 28390, 28404, 28418, 28432, 28446, 28460,
    28474, 28488, 28502, 28516, 28525, 28535, 28548, 28561, 28576, 28589, 28601, 28612,
    28624, 28637, 28650, 28663, 28676, 28689, 28702, 28715, 28724, 28733, 28746, 28759,
    28773, 28787, 28800, 28811, 28822, 28835, 28848, 28861, 28874, 28887, 28900, 28913,
    28922, 28931, 28943, 28955, 28970, 28983, 28995, 29007, 29018, 29030, 29043, 29056,
    29069, 29082, 29095, 29108, 29117, 29126, 29139, 29153, 29170, 29186, 29200, 29214,
    29228, 29241, 29255, 29269, 29282, 29295, 29309, 29323, 29332, 29341, 29354, 29367,
    29382, 29396, 29408, 29420, 29431, 29442, 29454, 29467, 29480, 29493, 29506, 29519,
    29527, 29533, 29541, 29550, 29559, 29567, 29576, 29585, 29593, 29601, 29609, 29618,
    29627, 29636, 29645, 29654, 29659, 29664, 29671, 29680, 29689, 29697, 29705, 29715,
    29724, 29732, 29740, 29747, 29754, 29761, 29768, 29775, 29780, 29787, 29798, 29809,
    29821, 29832, 29843, 29856, 29867, 29878, 29891, 29903, 29915, 29928, 29941, 29954,
    29961, 29969, 29980, 29992, 30005, 30018, 30033, 30049, 30064, 30078, 30093, 30106,
    30117, 30130, 30142, 30154, 30161, 30169, 30182, 30195, 30208, 30222, 30236, 30251,
    30265, 30278, 30293, 30308, 30322, 30335, 30349, 30363, 30372, 30381, 30394, 30408,
    30421, 30434, 30448, 30462, 30476, 30490, 30505, 30520, 30534, 30549, 30563, 30576,
    30584, 30592, 30603, 30620, 30633, 30646, 30659, 30673, 30687, 30701, 30716, 30730,
    30744, 30758, 30773, 30787, 30795, 30806, 30817, 30834, 30847, 30860, 30873, 30887,
    30901, 30915, 30929, 30943, 30957, 30971, 30985, 31000, 31010, 31020, 31031, 31047,
    31061, 31074, 31086, 31098, 31111, 31124, 31137, 31150, 31163, 31176, 31189, 31202,
    31211, 31220, 31232, 31247, 31262, 31274, 31287, 31299, 31312, 31325, 31338, 31351,
    31364, 31377, 31390, 31403, 31412, 31422, 31436, 31452, 31469, 31482, 31495, 31507,
    31520, 31533, 31546, 31559, 31572, 31585, 31598, 31611, 31620, 31629, 31642, 31655,
    31669, 31682, 31695, 31706, 31717, 31730, 31743, 31756, 31769, 31782, 31795, 31808,
    31817, 31826, 31838, 31850, 31864, 31878, 31891, 31902, 31913, 31925, 31938, 31951,
    31964, 31977, 31990, 32003, 32012, 32021, 32033, 32045, 32060, 32074, 32086, 32098,
    32109, 32121, 32133, 32146, 32159, 32172, 32185, 32198, 32207, 32218, 32231, 32248,
    32265, 32281, 32295, 32308, 32321, 32333, 32346, 32359, 32372, 32385, 32398, 32411,
    32420, 32431, 32444, 32460, 32476, 32491, 32503, 32515, 32526, 32537, 32549, 32561,
    32574, 32587, 32600, 32613, 32622, 32629, 32637, 32646, 32655, 32664, 32673, 32682,
    32690, 32698, 32706, 32715, 32724, 32733, 32742, 32751, 32756, 32761, 32768, 32776,
    32784, 32791, 32799, 32808, 32817, 32825, 32833, 32840, 32847, 32854, 32861, 32868,
    32873, 32879, 32889, 32900, 32911, 32922, 32934, 32946, 32958, 32970, 32983, 32995,
    33008, 33021, 33035, 33047, 33054, 33060, 33070, 33082, 33096, 33110, 33126, 33143,
    33156, 33168, 33182, 33193, 33204, 33217, 33230, 33242, 33249, 33257, 33270, 33283,
    33296, 33310, 33323, 33337, 33350, 33363, 33379, 33394, 33409, 33422, 33436, 33449,
    33458, 33467, 33480, 33494, 33507, 33520, 33534, 33548, 33562, 33576, 33591, 33605,
    33619, 33634, 33649, 33662, 33670, 33678, 33689, 33706, 33719, 33732, 33745, 33759,
    33773, 33787, 33801, 33815, 33829, 33843, 33859, 33873, 33882, 33893, 33904, 33921,
    33934, 33947, 33960, 33974, 33988, 34002, 34016, 34030, 34044, 34058, 34072, 34085,
    34095, 34105, 34116, 34132, 34146, 34159, 34171, 34183, 34196, 34209, 34222, 34235,
    34248, 34261, 34274, 34287, 34296, 34305, 34317, 34332, 34347, 34359, 34372, 34384,
    34396, 34409, 34422, 34435, 34448, 34461, 34474, 34487, 34496, 34506, 34520, 34536,
    34553, 34566, 34579, 34591, 34604, 34617, 34630, 34643, 34656, 34669, 34682, 34695,
    34704, 34713, 34726, 34739, 34753, 34767, 34780, 34791, 34803, 34816, 34829, 34842,
    34855, 34868, 34881, 34894, 34903, 34912, 34925, 34937, 34951, 34966, 34979, 34991,
    35002, 35014, 35027, 35040, 35053, 35066, 35079, 35092, 35101, 35110, 35123, 35135,
    35150, 35165, 35177, 35189, 35200, 35212, 35224, 35237, 35250, 35263, 35276, 35289,
    35298, 35310, 35323, 35340, 35358, 35374, 35388, 35401, 35414, 35425, 35438, 35451,
    35464, 35477, 35490, 35503, 35512, 35525, 35537, 35553, 35569, 35583, 35595, 35607,
    35619, 35630, 35641, 35653, 35666, 35679, 35692, 35705, 35714, 35722, 35730, 35739,
    35749, 35758, 35767, 35776, 35785, 35793, 35801, 35809, 35818, 35827, 35836, 35845,
    35850, 35855, 35861, 35867, 35875, 35883, 35891, 35901, 35911, 35920, 35928, 35936,
    35943, 35950, 35957, 35964, 35969, 35975, 35985, 35997, 36009, 36018, 36029, 36040,
    36051, 36063, 36076, 36089, 36101, 36113, 36126, 36137, 36144, 36150, 36160, 36173,
    36188, 36204, 36220, 36235, 36248, 36262, 36275, 36286, 36297, 36311, 36325, 36337,
    36345, 36352, 36365, 36377, 36389, 36401, 36413, 36426, 36438, 36451, 36466, 36480,
    36493, 36506, 36519, 36531, 36540, 36549, 36562, 36577, 36590, 36603, 36617, 36631,
    36644, 36657, 36670, 36684, 36697, 36712, 36727, 36741, 36749, 36757, 36768, 36785,
    36798, 36811, 36824, 36838, 36852, 36866, 36880, 36893, 36906, 36919, 36936, 36951,
    36961, 36971, 36982, 36999, 37012, 37025, 37038, 37052, 37066, 37080, 37094, 37108,
    37122, 37136, 37150, 37163, 37173, 37183, 37194, 37210, 37224, 37237, 37249, 37261,
    37274, 37287, 37300, 37313, 37326, 37339, 37352, 37365, 37374, 37383, 37395, 37411,
    37427, 37439, 37451, 37463, 37475, 37488, 37501, 37514, 37527, 37540, 37553, 37566,
    37575, 37584, 37598, 37613, 37630, 37643, 37656, 37668, 37681, 37694, 37707, 37720,
    37733, 37746, 37759, 37772, 37781, 37790, 37803, 37815, 37829, 37843, 37856, 37867,
    37879, 37892, 37905, 37918, 37931, 37944, 37957, 37970, 37979, 37988, 38001, 38013,
    38028, 38043, 38056, 38068, 38079, 38091, 38104, 38117, 38130, 38143, 38156, 38169,
    38178, 38189, 38201, 38216, 38231, 38246, 38258, 38270, 38281, 38292, 38304, 38317,
    38330, 38343, 38356, 38369, 38378, 38391, 38403, 38420, 38438, 38454, 38468, 38482,
    38495, 38506, 38519, 38532, 38545, 38558, 38571, 38584, 38593, 38606, 38618, 38634,
    38650, 38664, 38677, 38689, 38701, 38712, 38723, 38735, 38748, 38761, 38774, 38787,
    38796, 38804, 38811, 38821, 38829, 38838, 38846, 38855, 38864, 38872, 38880, 38888,
    38897, 38906, 38915, 38924, 38929, 38935, 38942, 38950, 38960, 38970, 38979, 38990,
    39000, 39010, 39020, 39028, 39036, 39043, 39051, 39058, 39064, 39071, 39082, 39094,
    39106, 39117, 39129, 39141, 39155, 39167, 39181, 39195, 39209, 39223, 39237, 39250,
    39257, 39263, 39274, 39288, 39305, 39322, 39339, 39355, 39373, 39389, 39404, 39416,
    39429, 39443, 39458, 39470, 39479, 39487, 39500, 39513, 39525, 39538, 39551, 39565,
    39579, 39594, 39611, 39627, 39642, 39656, 39670, 39683, 39692, 39701, 39714, 39730,
    39743, 39757, 39771, 39786, 39800, 39814, 39829, 39843, 39857, 39872, 39887, 39901,
    39910, 39918, 39929, 39946, 39959, 39972, 39986, 40000, 40014, 40028, 40043, 40058,
    40073, 40088, 40104, 40119, 40129, 40140, 40151, 40168, 40181, 40194, 40207, 40221,
    40235, 40249, 40264, 40279, 40293, 40307, 40322, 40337, 40348, 40358, 40369, 40386,
    40401, 40414, 40427, 40440, 40454, 40468, 40483, 40498, 40513, 40527, 40542, 40555,
    40565, 40574, 40586, 40602, 40619, 40632, 40645, 40658, 40671, 40685, 40699, 40713,
    40727, 40741, 40756, 40769, 40779, 40788, 40802, 40818, 40835, 40849, 40863, 40876,
    40890, 40904, 40918, 40932, 40946, 40960, 40974, 40987, 40997, 41006, 41020, 41032,
    41047, 41062, 41075, 41086, 41098, 41111, 41124, 41137, 41150, 41163, 41176, 41189,
    41198, 41207, 41220, 41234, 41250, 41265, 41278, 41290, 41301, 41313, 41326, 41339,
    41352, 41365, 41378, 41391, 41400, 41412, 41424, 41440, 41457, 41472, 41484, 41496,
    41508, 41520, 41532, 41545, 41558, 41571, 41584, 41597, 41606, 41619, 41631, 41648,
    41668, 41685, 41699, 41713, 41726, 41740, 41753, 41766, 41779, 41792, 41806, 41819,
    41828, 41840, 41852, 41868, 41884, 41898, 41911, 41924, 41937, 41948, 41959, 41971,
    41984, 41997, 42010, 42023, 42032, 42040, 42047, 42057, 42066, 42075, 42084, 42093,
    42102, 42111, 42119, 42127, 42136, 42145, 42154, 42163, 42168, 42173, 42180, 42188,
    42198, 42206, 42213, 42222, 42230, 42239, 42248, 42257, 42266, 42273, 42281, 42288,
    42293, 42299, 42309, 42317, 42327, 42336, 42346, 42357, 42369, 42380, 42392, 42405,
    42418, 42430, 42444, 42457, 42465, 42471, 42483, 42497, 42514, 42530, 42545, 42560,
    42575, 42590, 42604, 42616, 42628, 42641, 42654, 42666, 42674, 42681, 42694, 42705,
    42716, 42729, 42742, 42756, 42770, 42784, 42800, 42814, 42828, 42841, 42855, 42867,
    42876, 42885, 42898, 42913, 42926, 42939, 42953, 42967, 42980, 42992, 43006, 43020,
    43033, 43046, 43061, 43075, 43084, 43093, 43104, 43121, 43134, 43147, 43160, 43174,
    43188, 43202, 43216, 43229, 43242, 43257, 43272, 43286, 43296, 43306, 43317, 43334,
    43347, 43360, 43373, 43387, 43401, 43415, 43429, 43443, 43457, 43471, 43486, 43501,
    43512, 43522, 43533, 43550, 43565, 43578, 43591, 43604, 43618, 43632, 43646, 43659,
    43672, 43685, 43699, 43712, 43722, 43731, 43742, 43758, 43775, 43788, 43801, 43814,
    43827, 43841, 43855, 43869, 43883, 43897, 43911, 43924, 43934, 43943, 43957, 43973,
    43990, 44003, 44016, 44029, 44042, 44056, 44070, 44084, 44098, 44112, 44126, 44139,
    44149, 44158, 44171, 44183, 44198, 44212, 44224, 44235, 44247, 44259, 44272, 44285,
    44298, 44311, 44324, 44337, 44346, 44357, 44368, 44383, 44399, 44414, 44426, 44438,
    44450, 44462, 44474, 44487, 44500, 44513, 44526, 44539, 44548, 44561, 44572, 44588,
    44606, 44622, 44634, 44646, 44658, 44670, 44682, 44694, 44707, 44720, 44733, 44746,
    44755, 44767, 44778, 44795, 44814, 44830, 44843, 44856, 44869, 44881, 44893, 44906,
    44919, 44932, 44945, 44958, 44967, 44979, 44990, 45006, 45022, 45036, 45049, 45062,
    45075, 45086, 45097, 45108, 45121, 45134, 45147, 45160, 45169, 45177, 45184, 45194,
    45202, 45211, 45219, 45228, 45237, 45246, 45254, 45262, 45271, 45280, 45289, 45298,
    45303, 45306, 45311, 45316, 45324, 45331, 45337, 45343, 45348, 45353, 45358, 45363,
    45368, 45373, 45378, 45383, 45385, 45388, 45392, 45397, 45403, 45410, 45419, 45428,
    45436, 45444, 45452, 45459, 45467, 45475, 45483, 45490, 45493, 45496, 45503, 45510,
    45520, 45529, 45538, 45546, 45554, 45563, 45573, 45581, 45589, 45598, 45608, 45616,
    45620, 45625, 45632, 45638, 45645, 45653, 45661, 45669, 45677, 45685, 45694, 45703,
    45712, 45721, 45730, 45738, 45744, 45749, 45756, 45765, 45772, 45780, 45789, 45797,
    45805, 45813, 45821, 45829, 45837, 45846, 45855, 45864, 45871, 45875, 45882, 45891,
    45898, 45905, 45913, 45922, 45931, 45940, 45949, 45958, 45967, 45976, 45985, 45992,
    45999, 46004, 46010, 46019, 46026, 46033, 46041, 46050, 46059, 46068, 46077, 46086,
    46095, 46104, 46113, 46122, 46129, 46136, 46142, 46151, 46160, 46167, 46174, 46182,
    46191, 46200, 46209, 46218, 46227, 46236, 46245, 46254, 46261, 46268, 46274, 46283,
    46292, 46299, 46306, 46314, 46322, 46331, 46340, 46349, 46358, 46367, 46376, 46385,
    46392, 46400, 46409, 46418, 46427, 46434, 46441, 46449, 46457, 46466, 46475, 46484,
    46493, 46502, 46511, 46520, 46527, 46535, 46544, 46552, 46561, 46569, 46576, 46583,
    46591, 46599, 46608, 46617, 46626, 46635, 46644, 46653, 46660, 46669, 46677, 46685,
    46695, 46704, 46711, 46718, 46725, 46733, 46741, 46750, 46759, 46768, 46777, 46786,
    46793, 46802, 46810, 46819, 46830, 46839, 46846, 46853, 46860, 46867, 46875, 46883,
    46892, 46901, 46910, 46919, 46926, 46935, 46944, 46954, 46965, 46975, 46983, 46991,
    47000, 47008, 47016, 47025, 47034, 47043, 47052, 47061, 47068, 47077, 47086, 47096,
    47106, 47115, 47124, 47132, 47140, 47148, 47156, 47164, 47173, 47182, 47191, 47200,
    47207, 47214, 47221, 47230, 47238, 47246, 47254, 47261, 47268, 47275, 47282, 47289,
    47296, 47303, 47310, 47317, 47322
};

const OcsCandTable& ocs_cand_table() noexcept {
    static constexpr OcsCandTable t{kOcsCandOffsets,
                                    kOcsCandCodes,
                                    47322};
    return t;
}

}  // namespace png2amiga::palette::detail
