// Generated by png2amiga-assets (tileset) — do not edit.
#include "tiles_1_1.hpp"
#include "pa/chip_attr.hpp"

namespace assets::tiles_1_1 {

PA_ASSET_CHIP
const std::array<std::uint16_t, num_tiles * (tile_bytes / 2)> tiles_data = {
    0x0000, 0x0000, 0x0000, 0x0000, 0x0000, 0x0000, 0x0000, 0x0000, 0x0000, 0x0000, 0x0000, 0x0000,
    0x0000, 0x0000, 0x0000, 0x0000, 0x0000, 0x0000, 0x0000, 0x0000, 0x0000, 0x0000, 0x0000, 0x0000,
    0x0000, 0x0000, 0x0000, 0x0000, 0x0000, 0x0000, 0x0000, 0x0000, 0x0000, 0x0000, 0x0000, 0x0000,
    0x0000, 0x0000, 0x0000, 0x0000, 0x0000, 0x0000, 0x0000, 0x0000, 0x00A0, 0x00A0, 0x8000, 0x00A0,
    0x0000, 0x0000, 0x0200, 0x0000, 0x1444, 0x1004, 0x0440, 0x1004, 0x0110, 0x0000, 0x0110, 0x0000,
    0x3529, 0x2000, 0x1001, 0x2000, 0x0000, 0x0000, 0x0000, 0x0000, 0x0000, 0x0000, 0x0000, 0x0000,
    0x0000, 0x0000, 0x0000, 0x0000, 0x0000, 0x0000, 0x0000, 0x0000, 0x0000, 0x0000, 0x0000, 0x0000,
    0x0000, 0x0000, 0x0000, 0x0000, 0x0000, 0x0000, 0x0000, 0x0000, 0x0000, 0x0000, 0x0000, 0x0000,
    0x0000, 0x0000, 0x0000, 0x0000, 0x0000, 0x0000, 0x0000, 0x0000, 0x0000, 0x0000, 0x0000, 0x0000,
    0x0000, 0x0000, 0x0000, 0x0000, 0x0000, 0x0000, 0x0000, 0x0000, 0x0000, 0x0000, 0x0000, 0x0000,
    0x8000, 0x8000, 0x0000, 0x8000, 0x0000, 0x0000, 0x0000, 0x0000, 0x0000, 0x0000, 0x0000, 0x0000,
    0x0000, 0x0000, 0x0000, 0x0000, 0x0000, 0x0000, 0x0000, 0x0000, 0x0000, 0x0000, 0x0000, 0x0000,
    0x0000, 0x0000, 0x0000, 0x0000, 0x0000, 0x0000, 0x0000, 0x0000, 0x0000, 0x0000, 0x0000, 0x0000,
    0x0000, 0x0000, 0x0000, 0x0000, 0x0000, 0x0000, 0x0000, 0x0000, 0x0000, 0x0000, 0x0000, 0x0000,
    0x0000, 0x0000, 0x0000, 0x0000, 0x0000, 0x0000, 0x0000, 0x0000, 0x0000, 0x0000, 0x0000, 0x0000,
    0x0000, 0x0000, 0x0000, 0x0000, 0x0000, 0x0000, 0x0000, 0x0000, 0x0000, 0x0000, 0x0000, 0x0000,
    0x97CA, 0x0012, 0x0000, 0x0000, 0x2104, 0x0820, 0x0001, 0x0000, 0x4282, 0x0208, 0x8840, 0x0000,
    0x0410, 0x2000, 0x0418, 0x0000, 0x8082, 0x8000, 0x2082, 0x0000, 0x0008, 0x0000, 0x0018, 0x0000,
    0x4022, 0x0022, 0x4000, 0x0022, 0x0080, 0x0080, 0x0000, 0x0080, 0x0000, 0x0000, 0x0000, 0x0000,
    0x0000, 0x0000, 0x0080, 0x0000, 0x0000, 0x0000, 0x0000, 0x0000, 0x0000, 0x0000, 0x0000, 0x0000,
    0x0000, 0x0000, 0x0000, 0x0000, 0x0000, 0x0000, 0x0000, 0x0000, 0x0000, 0x0000, 0x0000, 0x0000,
    0x0000, 0x0000, 0x0000, 0x0000, 0x8CD8, 0x1100, 0x0000, 0x0000, 0x2222, 0x0040, 0x008A, 0x0000,
    0x962A, 0x0002, 0x4508, 0x0000, 0x0116, 0x0002, 0x0814, 0x0002, 0x0000, 0x0000, 0x0020, 0x0000,
    0x2214, 0x0204, 0x2000, 0x0204, 0x8840, 0x0840, 0x8000, 0x0840, 0x0020, 0x0020, 0x0000, 0x0020,
    0x0000, 0x0000, 0x0000, 0x0000, 0x0000, 0x0000, 0x8000, 0x0000, 0x0000, 0x0000, 0x0000, 0x0000,
    0x0000, 0x0000, 0x8000, 0x0000, 0x0000, 0x0000, 0x0000, 0x0000, 0x0000, 0x0000, 0x0800, 0x0000,
    0x0000, 0x0000, 0x0000, 0x0000, 0x0000, 0x0000, 0x0000, 0x0000, 0x405A, 0xA040, 0x0800, 0x0000,
    0x2115, 0x0024, 0x0000, 0x0000, 0x4208, 0x1040, 0x0002, 0x0000, 0x8505, 0x0410, 0x1080, 0x0000,
    0x0820, 0x4000, 0x0830, 0x0000, 0x0104, 0x0000, 0x4104, 0x0000, 0x0010, 0x0000, 0x0030, 0x0000,
    0x8045, 0x0044, 0x8001, 0x0044, 0x0100, 0x0100, 0x0000, 0x0100, 0x0000, 0x0000, 0x0000, 0x0000,
    0x0002, 0x0002, 0x0000, 0x0002, 0x0000, 0x0000, 0x0000, 0x0000, 0x0012, 0x0012, 0x0020, 0x0012,
    0x0080, 0x0080, 0x0000, 0x0080, 0x0004, 0x0001, 0x0000, 0x0000, 0x012A, 0x0120, 0x0008, 0x0120,
    0x5FEF, 0x0010, 0x0140, 0x0000, 0x19BF, 0x2200, 0x0000, 0x0000, 0x445F, 0x0080, 0x0100, 0x0000,
    0x2C5F, 0x0000, 0x8A00, 0x0000, 0x02BF, 0x0000, 0x1020, 0x0000, 0x001F, 0x0000, 0x0040, 0x0000,
    0x44BF, 0x0400, 0x4000, 0x0400, 0x1ABF, 0x1080, 0x0000, 0x1080, 0x007F, 0x0100, 0x0000, 0x0000,
    0x2ADF, 0x0020, 0x2280, 0x0000, 0x03FF, 0x0000, 0x0C00, 0x0000, 0x61FF, 0x4200, 0x1080, 0x4000,
    0x8FFF, 0x0000, 0x8000, 0x0000, 0x37FF, 0x4000, 0x8000, 0x0000, 0x1FFF, 0x0000, 0x0000, 0x0000,
    0xCFFF, 0x0000, 0x3000, 0x0000, 0xDFFF, 0x0000, 0x2000, 0x0000, 0x3FFF, 0x0800, 0x0000, 0x0800,
    0x9FFF, 0x1000, 0x0000, 0x1000, 0x3FFF, 0x1400, 0xC000, 0x1400, 0x43FF, 0x4100, 0x0000, 0x4100,
    0xD3FF, 0x4000, 0x8C00, 0x4000, 0x47FF, 0x0280, 0x3000, 0x0280, 0x10FF, 0x0000, 0x0000, 0x0000,
    0x15FF, 0x14A0, 0x0000, 0x14A0, 0x2C3F, 0x0408, 0x2000, 0x0400, 0x015F, 0x0100, 0x0000, 0x0100,
    0x0A3F, 0x020C, 0x48C0, 0x020C, 0x010B, 0x0000, 0x0300, 0x0000, 0x0497, 0x0401, 0x0008, 0x0401,
    0x0003, 0x0000, 0x0030, 0x0000, 0x0094, 0x0000, 0x1080, 0x0000, 0xFFFF, 0x0000, 0x0000, 0x0000,
    0xFFFF, 0x0000, 0x0000, 0x0000, 0xFFFF, 0x0000, 0x0000, 0x0000, 0xFFFF, 0x0000, 0x0000, 0x0000,
    0xFFFF, 0x0000, 0x0000, 0x0000, 0xFFFF, 0x0000, 0x0000, 0x0000, 0xFFFF, 0x0000, 0x0000, 0x0000,
    0xFFFF, 0x0000, 0x0000, 0x0000, 0xFFFF, 0x0000, 0x0000, 0x0000, 0xFFFF, 0x0000, 0x0000, 0x0000,
    0xFFFF, 0x0000, 0x0000, 0x0000, 0xFFFF, 0x0000, 0x0000, 0x0000, 0xFFFF, 0x0000, 0x0000, 0x0000,
    0xFFFF, 0x0000, 0x0000, 0x0000, 0xFFFF, 0x0000, 0x0000, 0x0000, 0xFFFF, 0x0000, 0x0000, 0x0000,
    0x0000, 0x0000, 0x0000, 0x0000, 0x0000, 0x0000, 0x0000, 0x0000, 0x0000, 0x0000, 0x0000, 0x0000,
    0x0000, 0x0000, 0x0000, 0x0000, 0x0000, 0x0000, 0xFFFF, 0xFFFF, 0x0000, 0x0000, 0xFFFF, 0xFFFF,
    0x0000, 0x0000, 0xFFFF, 0xFFFF, 0x0000, 0x0000, 0xFFFF, 0xFFFF, 0x0000, 0x0000, 0xFFFF, 0xFFFF,
    0x0000, 0x0000, 0xFFFF, 0xFFFF, 0x0000, 0x0000, 0xFFFF, 0xFFFF, 0x0000, 0x0000, 0xFFFF, 0xFFFF,
    0x0000, 0x0000, 0xFFFF, 0xFFFF, 0x0000, 0x0000, 0xFFFF, 0xFFFF, 0x0000, 0x0000, 0xFFFF, 0xFFFF,
    0x0000, 0x0000, 0xFFFF, 0xFFFF, 0x0000, 0x0000, 0x0000, 0x0000, 0x0000, 0x0000, 0x0000, 0x0000,
    0x0000, 0x0000, 0x0000, 0x0000, 0x0000, 0x0000, 0x0000, 0x0000, 0x0000, 0x0000, 0xFFFF, 0xFFFF,
    0x0000, 0x0000, 0xFFFF, 0xFFFF, 0x0000, 0x0000, 0xFFFF, 0xFFFF, 0x0000, 0x0000, 0xFFFF, 0xFFFF,
    0x000F, 0x0019, 0xFFE6, 0xFFE7, 0x0017, 0x002F, 0xFFD3, 0xFFD8, 0x0019, 0x007F, 0xFF89, 0xFF80,
    0x0024, 0x007C, 0xFF84, 0xFF83, 0x00E8, 0x003B, 0xFFEB, 0xFF44, 0x0010, 0x00F3, 0xFF1F, 0xFF00,
    0x0040, 0x00A2, 0xFF63, 0xFF1C, 0x00C0, 0x000E, 0xFFFF, 0xFF00, 0x0011, 0x00F3, 0x00F0, 0x000C,
    0x008C, 0x012D, 0x01EE, 0x0010, 0x0400, 0x0DF2, 0x0FFF, 0x0000, 0x0000, 0x189B, 0x1FBB, 0x0044,
    0x0542, 0x3FCA, 0xC1CA, 0xC835, 0x7303, 0x5F17, 0xA31F, 0xA0E0, 0xF400, 0x1EA0, 0xF3F4, 0x2403,
    0x6900, 0x7944, 0x86EC, 0xC903, 0x6000, 0x6001, 0x10ED, 0x6302, 0x8000, 0x8005, 0x0EAF, 0x8000,
    0xC000, 0xF803, 0x3CEF, 0xC000, 0x0000, 0xC407, 0xC7AF, 0x3800, 0x0000, 0x1004, 0x1C4D, 0xE002,
    0x0000, 0xC000, 0xF30E, 0x0001, 0x0000, 0x0F03, 0xCFC7, 0x0000, 0x0000, 0x19C0, 0x39F3, 0x0600,
    0x8030, 0x1C20, 0x1C2C, 0x63D3, 0x3CFC, 0x789C, 0xCB9F, 0x0460, 0x3C00, 0x6403, 0x6703, 0x98FC,
    0x7FC0, 0x6FF0, 0x47FF, 0x9000, 0x7000, 0x73C0, 0x73F1, 0x8C00, 0x2000, 0x2401, 0x2787, 0xD800,
    0xA000, 0x7007, 0x7E1F, 0x0000, 0xB002, 0x661B, 0x663B, 0x1804, 0x9C0F, 0x786F, 0x7A6F, 0x0410,
    0xCC3F, 0x1E73, 0x3FF3, 0x000C, 0xC23C, 0x102C, 0x302C, 0x0FD3, 0xF030, 0x05B0, 0x0DB1, 0x024E,
    0xF000, 0x02E5, 0x0FE7, 0x0018, 0xF800, 0x0222, 0x06EF, 0x0110, 0xFC00, 0x00C4, 0x03FF, 0x0000,
    0xFF00, 0x00E0, 0x00FC, 0x0000, 0xF0FF, 0xF1FC, 0xB1E0, 0x0E03, 0x0C3D, 0x1CBD, 0xDFBD, 0x2042,
    0x0000, 0x31E0, 0x3FE0, 0xC01F, 0x008C, 0x8894, 0xB897, 0x4768, 0x4600, 0xDE80, 0xDEF3, 0x210C,
    0x0200, 0xE221, 0xF2FB, 0x0D00, 0x0000, 0x09E0, 0xD9F2, 0x0601, 0x0000, 0x4003, 0xFDE7, 0x0000,
    0x0000, 0x9000, 0xF88E, 0x0000, 0x0000, 0xA07C, 0xF8FE, 0x0000, 0x0018, 0x00DB, 0xE1DB, 0x0024,
    0x0030, 0x8021, 0xE7A1, 0x005E, 0x0010, 0x0496, 0x8596, 0x0268, 0x0000, 0x004C, 0x4CCC, 0x0030,
    0x0000, 0x0C70, 0x9EFD, 0x0000, 0x0000, 0x1000, 0x367C, 0x0800, 0x0FFF, 0xD001, 0xC001, 0x2000,
    0x00EC, 0x100C, 0x1E0C, 0xE113, 0x0220, 0x223B, 0xB3FB, 0x4C04, 0x070C, 0x43BC, 0xF3FF, 0x0C00,
    0x0F0C, 0x27C4, 0x67C4, 0x183B, 0x0C3F, 0x44F7, 0x44F7, 0x3B08, 0x0810, 0x4813, 0x49D3, 0x362C,
    0x0000, 0x4F1C, 0x4FDF, 0x3020, 0x0000, 0x3E1A, 0xFEFE, 0x0001, 0x0000, 0x1062, 0x3C73, 0x0000,
    0x0000, 0x0045, 0x30C7, 0x0000, 0x0000, 0x8042, 0xC0CE, 0x0001, 0x0000, 0x0064, 0x387C, 0xC003,
    0x0000, 0x9026, 0xFB2E, 0x0001, 0x0000, 0x3023, 0x38FF, 0x0000, 0x0000, 0x3002, 0xF9F3, 0x0000,
    0x09FF, 0x0800, 0xCA00, 0x3400, 0x080F, 0x0AC0, 0x3BF0, 0x0400, 0x0003, 0x8630, 0xA7FC, 0x1800,
    0x0001, 0xB80C, 0xFFFE, 0x0000, 0x0001, 0xE002, 0xFC0E, 0x0000, 0x0000, 0xA0C0, 0xF3C3, 0x0000,
    0x0000, 0x2020, 0xBD30, 0x40C0, 0x0000, 0x20A0, 0x31A3, 0xC040, 0x0001, 0xC060, 0xF1E6, 0x0000,
    0x0001, 0x0001, 0xC0B6, 0x0000, 0x0001, 0x8000, 0xC806, 0x0000, 0x0003, 0x2000, 0x388C, 0xC000,
    0x0003, 0xE000, 0xF08C, 0x0000, 0x0003, 0x8000, 0xE98C, 0x0000, 0x0007, 0x0100, 0xC308, 0x0000,
    0x0007, 0x0000, 0x0718, 0x0000, 0xFFFF, 0x0000, 0x0000, 0x0000, 0xFFFF, 0x0000, 0x0000, 0x0000,
    0xFFFF, 0x0000, 0x0000, 0x0000, 0xFFFF, 0x0000, 0x0000, 0x0000, 0xFFFF, 0x0000, 0x0000, 0x0000,
    0xFFFF, 0x0000, 0x0000, 0x0000, 0xFFFF, 0x0000, 0x0000, 0x0000, 0xFFFF, 0x0000, 0x0000, 0x0000,
    0x9FD9, 0x5EC1, 0x6CE1, 0x0106, 0x3380, 0xAC88, 0xA08C, 0x5F73, 0x7602, 0xFA0C, 0xC2BC, 0x0D41,
    0x5200, 0x7086, 0xD0DF, 0x2F00, 0x7000, 0x5100, 0xC58F, 0x2A00, 0x7000, 0x7201, 0xF329, 0x0C06,
    0x9000, 0x3A22, 0x63EF, 0x0C00, 0xC800, 0x0580, 0x0592, 0x3A00, 0xFFFF, 0x0000, 0x0000, 0x0000,
    0xFFFF, 0x0000, 0x0000, 0x0000, 0xFFFF, 0x0000, 0x0000, 0x0000, 0xFFFF, 0x0000, 0x0000, 0x0000,
    0xFFFF, 0x0000, 0x0000, 0x0000, 0xFFFF, 0x0000, 0x0000, 0x0000, 0xFFFF, 0x0000, 0x0000, 0x0000,
    0xFFFF, 0x0000, 0x0000, 0x0000, 0xEE73, 0x1194, 0x0194, 0xF208, 0xF730, 0xDBB6, 0xD3B6, 0x2C09,
    0x7E10, 0x7F14, 0x7FD7, 0x8028, 0xCC20, 0x032C, 0x032F, 0xFCD0, 0x0000, 0x420C, 0xF33E, 0x0C01,
    0x1000, 0x7D18, 0xFF9C, 0x0023, 0x3000, 0x7A00, 0x7F3C, 0x0003, 0x6003, 0x7200, 0x7608, 0x0004,
    0x00FF, 0x42FD, 0x7EFC, 0x8102, 0x0013, 0x2592, 0xE792, 0x186D, 0x3C0C, 0x3E6C, 0x3F6C, 0xC093,
    0xBF10, 0x2711, 0x2713, 0x58EC, 0x71F0, 0x75F5, 0x75F7, 0x8A08, 0x80C0, 0x1CCC, 0x1FCF, 0x6030,
    0xC000, 0x0077, 0x0FFF, 0x3000, 0xF000, 0x158C, 0x17BC, 0x0843, 0xFF12, 0x00F3, 0x00F3, 0x000C,
    0xFF18, 0x009A, 0x009B, 0x0064, 0xFF38, 0x00AC, 0x00AE, 0x0050, 0xFF30, 0x0034, 0x0035, 0x00C8,
    0xFF90, 0x0010, 0x0015, 0x0068, 0xFFC0, 0x0024, 0x0025, 0x0018, 0xFFE0, 0x0018, 0x001D, 0x0000,
    0xFFF0, 0x0000, 0x000D, 0x0000, 0x7FF0, 0xDBF0, 0x0BF0, 0xA40F, 0xF80C, 0x792F, 0x39EF, 0x8610,
    0xC000, 0xC4CE, 0xC7FF, 0x3800, 0xC000, 0xD738, 0xDF38, 0x20C7, 0x038E, 0xB79E, 0xB79E, 0x4861,
    0x0003, 0xF873, 0xF873, 0x078C, 0x0000, 0x0EF8, 0xFEF8, 0x0107, 0x0000, 0x3706, 0xF7FE, 0x0801,
    0x0000, 0x0006, 0xC0C6, 0x0001, 0x0000, 0x8003, 0xFC3F, 0x0000, 0x0000, 0x7C01, 0xFF33, 0x0000,
    0x0000, 0x8401, 0x87C3, 0x7800, 0x0000, 0x3003, 0x3C03, 0xC000, 0x0000, 0xC002, 0xF00F, 0x0000,
    0x0000, 0x0006, 0xD30F, 0x0000, 0x0000, 0x001A, 0x38FB, 0x0004, 0x2E7E, 0xB5A7, 0xA027, 0x5BD8,
    0x5FF0, 0x6BD3, 0x40D3, 0xB42C, 0x7C00, 0x7C06, 0x6C07, 0x83F8, 0x0010, 0x22F4, 0x23F7, 0xCC08,
    0x0000, 0x7E9C, 0xFFBE, 0x0040, 0x0000, 0x8060, 0xCDFE, 0x3000, 0x0000, 0xD040, 0xF8F2, 0x0000,
    0x0000, 0x8000, 0xFC30, 0x0000, 0x2000, 0xEA00, 0xEF0C, 0x1000, 0x0000, 0x3824, 0x3E24, 0xC018,
    0x0000, 0x6010, 0xF0DC, 0x0020, 0x0000, 0x0000, 0x0632, 0x0000, 0x0000, 0x0000, 0x9F5D, 0x0000,
    0x0000, 0x0F50, 0x1FDF, 0x0020, 0x0000, 0x1C26, 0x3DE7, 0x0218, 0x0000, 0x0614, 0x4F7E, 0x0000,
    0x0100, 0x014D, 0x857D, 0x0282, 0x0380, 0x03C2, 0x8BC3, 0x043C, 0x0003, 0x023C, 0x323C, 0x09C0,
    0x000F, 0x0040, 0x83F0, 0x0000, 0x000F, 0x0100, 0x0330, 0x0000, 0x003F, 0x0300, 0x07C0, 0x0000,
    0x007F, 0x0100, 0x0F80, 0x0000, 0x00FF, 0x0400, 0x1F00, 0x0000, 0x00FF, 0x0C00, 0x3D00, 0x0000,
    0x00FF, 0x3800, 0x3D00, 0x0000, 0x00FF, 0x1000, 0xFD00, 0x0000, 0x00FF, 0xE000, 0xFB00, 0x0000,
    0x01FF, 0x0000, 0x7200, 0x0000, 0x01FF, 0x0000, 0x3600, 0x0000, 0x01FF, 0x0000, 0x2E00, 0x0000,
    0x01FF, 0x0400, 0xCE00, 0x0000, 0xFFFF, 0x0000, 0x0000, 0x0000, 0xFFFF, 0x0000, 0x0000, 0x0000,
    0xFFFF, 0x0000, 0x0000, 0x0000, 0xFFFF, 0x0000, 0x0000, 0x0000, 0xFFFF, 0x0000, 0x0000, 0x0000,
    0xFFFF, 0x0000, 0x0000, 0x0000, 0xFFFF, 0x0000, 0x0000, 0x0000, 0xFFFF, 0x0000, 0x0000, 0x0000,
    0xFFE4, 0x0015, 0x0015, 0x000A, 0xFF92, 0x005C, 0x0050, 0x002F, 0xFF27, 0x00BF, 0x0087, 0x0058,
    0xFF7C, 0x004C, 0x004C, 0x00B3, 0xFF78, 0x0059, 0x0059, 0x00A6, 0xFF30, 0x0031, 0x0031, 0x00CE,
    0xFF00, 0x0022, 0x0027, 0x00D8, 0xFF80, 0x0050, 0x005F, 0x0020, 0xFFF0, 0x00F1, 0x00F1, 0x000E,
    0xFC0C, 0x020D, 0x02CF, 0x0130, 0xF000, 0x0032, 0x033F, 0x0CC0, 0xE000, 0x1CDE, 0x13FF, 0x0C00,
    0xC4C8, 0x0CE9, 0x04E9, 0x3B16, 0xAC06, 0x3D44, 0x2D64, 0x529B, 0x2002, 0xA63A, 0xA7FA, 0x5805,
    0x0380, 0x9085, 0x9F3D, 0x6082, 0x0580, 0x870C, 0xB0DC, 0x0403, 0x06C0, 0xC343, 0xD49F, 0x0040,
    0x0100, 0x4201, 0x716F, 0x8000, 0x0380, 0xD385, 0xF82D, 0x0382, 0x0000, 0xE001, 0xF849, 0x0006,
    0x0000, 0x8007, 0xF18F, 0x0000, 0x0000, 0x0202, 0xCFEF, 0x0000, 0x0000, 0x2380, 0x73F3, 0x0C00,
    0xFFFF, 0x0000, 0x0000, 0x0000, 0xFFFF, 0x0000, 0x0000, 0x0000, 0xFFFF, 0x0000, 0x0000, 0x0000,
    0xFFFF, 0x0000, 0x0000, 0x0000, 0xFFFF, 0x0000, 0x0000, 0x0000, 0xFFFF, 0x0000, 0x0000, 0x0000,
    0xFFFF, 0x0000, 0x0000, 0x0000, 0xFFFF, 0x0000, 0x0000, 0x0000, 0xFFFF, 0x0000, 0x0000, 0x0000,
    0xFFFF, 0x0000, 0x0000, 0x0000, 0xFFFF, 0x0000, 0x0000, 0x0000, 0xFFFF, 0x0000, 0x0000, 0x0000,
    0xFFFF, 0x0000, 0x0000, 0x0000, 0xFFFF, 0x0000, 0x0000, 0x0000, 0xFFFF, 0x0000, 0x0000, 0x0000,
    0xFFCE, 0x0031, 0x0004, 0x0000, 0xFFFF, 0x0000, 0x0000, 0x0000, 0xFFFF, 0x0000, 0x0000, 0x0000,
    0xFFFF, 0x0000, 0x0000, 0x0000, 0xFFFF, 0x0000, 0x0000, 0x0000, 0xFFFF, 0x0000, 0x0000, 0x0000,
    0xFFFF, 0x0000, 0x0000, 0x0000, 0xFFFF, 0x0000, 0x0000, 0x0000, 0xFFFF, 0x0000, 0x0000, 0x0000,
    0xFFFF, 0x0000, 0x0000, 0x0000, 0xFFFF, 0x0000, 0x0000, 0x0000, 0xFFFF, 0x0000, 0x0000, 0x0000,
    0xFFFF, 0x0000, 0x0000, 0x0000, 0xFFFF, 0x0000, 0x0000, 0x0000, 0xFFFF, 0x0000, 0x0000, 0x0000,
    0xFFFF, 0x0000, 0x0000, 0x0000, 0x6FFF, 0x9000, 0x0000, 0x0000, 0xFFFF, 0x0000, 0x0000, 0x0000,
    0xFFFF, 0x0000, 0x0000, 0x0000, 0xFFFF, 0x0000, 0x0000, 0x0000, 0xFFFF, 0x0000, 0x0000, 0x0000,
    0xFFFF, 0x0000, 0x0000, 0x0000, 0xFFFF, 0x0000, 0x0000, 0x0000, 0xFFFF, 0x0000, 0x0000, 0x0000,
    0xFFFF, 0x0000, 0x0000, 0x0000, 0xFFFF, 0x0000, 0x0000, 0x0000, 0xFFFF, 0x0000, 0x0000, 0x0000,
    0xFFFF, 0x0000, 0x0000, 0x0000, 0xFFFF, 0x0000, 0x0000, 0x0000, 0xFFFF, 0x0000, 0x0000, 0x0000,
    0xFFFF, 0x0000, 0x0000, 0x0000, 0xFFFE, 0x0001, 0x0001, 0x0000, 0xFFFF, 0x0000, 0x0000, 0x0000,
    0xFE00, 0x8200, 0x7DFF, 0x83FF, 0xD700, 0xAB00, 0x54FF, 0x83FF, 0xA700, 0x7900, 0xC6FF, 0x01FF,
    0x1E00, 0x8200, 0xDDFF, 0x23FF, 0x0700, 0xE000, 0xFFFF, 0x00FF, 0x0A80, 0x4780, 0x787F, 0x80FF,
    0x0580, 0xEE80, 0xE17F, 0x10FF, 0x0780, 0x3180, 0xF67F, 0x09FF, 0x03C0, 0x0B00, 0x38FF, 0x033F,
    0x01FE, 0x51BE, 0xDC41, 0x23BF, 0x00FA, 0x48C6, 0xCF39, 0x30C3, 0x007F, 0x246B, 0xE494, 0x186B,
    0x0057, 0x0051, 0x370E, 0x0051, 0x003E, 0x0436, 0x3C89, 0x0337, 0x000E, 0x0382, 0x1FFD, 0x0003,
    0x0007, 0x0181, 0x739E, 0x0001, 0x0000, 0x0000, 0xFFFF, 0xFFFF, 0x0000, 0x0000, 0xFFFF, 0xFFFF,
    0x0000, 0x0000, 0xFFFF, 0xFFFF, 0x0000, 0x0000, 0xFFFF, 0xFFFF, 0x0000, 0x0000, 0xFFFF, 0xFFFF,
    0x0000, 0x0000, 0xFFFF, 0xFFFF, 0x0000, 0x0000, 0xFFFF, 0xFFFF, 0x0000, 0x0000, 0xFFFF, 0xFFFF,
    0x0000, 0x0000, 0xFFFF, 0xFFFF, 0x0000, 0x0000, 0xFFFF, 0xFFFF, 0x0000, 0x0000, 0xFFFF, 0xFFFF,
    0x0000, 0x0000, 0xFFFF, 0xFFFF, 0x0000, 0x0000, 0xFFFF, 0xFFFF, 0x0000, 0x0000, 0xFFFF, 0xFFFF,
    0xC000, 0xC000, 0x3FFF, 0xFFFF, 0xF000, 0xF000, 0x0FFF, 0xFFFF, 0x0000, 0x0000, 0xFFFF, 0xFFFF,
    0x0000, 0x0000, 0xFFFF, 0xFFFF, 0x0000, 0x0000, 0xFFFF, 0xFFFF, 0x0000, 0x0000, 0xFFFF, 0xFFFF,
    0x0000, 0x0000, 0xFFFF, 0xFFFF, 0x0000, 0x0000, 0xFFFF, 0xFFFF, 0x0000, 0x0000, 0xFFFF, 0xFFFF,
    0x0000, 0x0000, 0xFFFF, 0xFFFF, 0x0000, 0x0000, 0xFFFF, 0xFFFF, 0x0000, 0x0000, 0xFFFF, 0xFFFF,
    0x0000, 0x0000, 0xFFFF, 0xFFFF, 0x0000, 0x0000, 0xFFFF, 0xFFFF, 0x0000, 0x0000, 0xFFFF, 0xFFFF,
    0x0000, 0x0000, 0xFFFF, 0xFFFF, 0x0000, 0x0000, 0xFFFF, 0xFFFF, 0x0000, 0x0000, 0xFFFF, 0xFFFF,
    0x0000, 0x0000, 0xFFFF, 0xFFFF, 0x0000, 0x0000, 0xFFFF, 0xFFFF, 0x0000, 0x0000, 0xFFFF, 0xFFFF,
    0x0000, 0x0000, 0xFFFF, 0xFFFF, 0x0000, 0x0000, 0xFFFF, 0xFFFF, 0x0000, 0x0000, 0xFFFF, 0xFFFF,
    0x0000, 0x0000, 0xFFFF, 0xFFFF, 0x0000, 0x0000, 0xFFFF, 0xFFFF, 0x000F, 0x0019, 0xFFE6, 0xFFE7,
    0x0017, 0x002F, 0xFFD3, 0xFFD8, 0x0019, 0x007F, 0xFF89, 0xFF80, 0x0024, 0x007C, 0xFF84, 0xFF83,
    0x00E8, 0x003B, 0xFFEB, 0xFF44, 0x0010, 0x00F3, 0xFF1F, 0xFF00, 0x0040, 0x00A2, 0xFF63, 0xFF1C,
    0x00C0, 0x000E, 0xFFFF, 0xFF00, 0x0030, 0x00F1, 0xFF31, 0xFF0E, 0x00CC, 0x016D, 0xFEAF, 0xFE50,
    0x0B40, 0x06F2, 0xF97F, 0xF600, 0x1F80, 0x0F9B, 0xF0BB, 0xE344, 0x0442, 0x3FCA, 0xC0CA, 0xC835,
    0x7303, 0x5F17, 0xA31F, 0xA0E0, 0xF400, 0x1EA0, 0xF3F4, 0x2403, 0x6900, 0x7944, 0x86EC, 0xC903,
    0x6000, 0x6001, 0x10ED, 0x6302, 0x8000, 0x8005, 0x0EAF, 0x8000, 0xC000, 0xF803, 0x3CEF, 0xC000,
    0x0000, 0xC407, 0xC7AF, 0x3800, 0x0000, 0x1004, 0x1C4D, 0xE002, 0x0000, 0xC000, 0xF30E, 0x0001,
    0x0000, 0x0F03, 0xCFC7, 0x0000, 0x0000, 0x19C0, 0x39F3, 0x0600, 0x00EE, 0x3CFE, 0x3C8A, 0xC311,
    0x01B0, 0xC3F1, 0xC391, 0x3C4E, 0x3ED0, 0x3FFF, 0x3E1F, 0xC000, 0x7FE0, 0x67F7, 0x0267, 0x9808,
    0xF983, 0x999F, 0x099F, 0x6660, 0xE000, 0x6140, 0x25F1, 0x980E, 0xD000, 0xD005, 0x5DCF, 0x2000,
    0x2000, 0x203A, 0xE03F, 0x1C00, 0x0000, 0x0850, 0x0DDE, 0x3020, 0x0000, 0x0000, 0xBD38, 0x00C0,
    0x0000, 0x0020, 0x8133, 0x00C0, 0x0000, 0x0081, 0x2CC7, 0x0000, 0x0000, 0x0C00, 0x6E4C, 0x1003,
    0x0000, 0x3004, 0xB787, 0x4000, 0x0000, 0x2020, 0xB0E3, 0x4000, 0x0000, 0x4110, 0xC338, 0x0000,
    0x30ED, 0x1CFF, 0x1CC0, 0xE312, 0x7C13, 0x7F3F, 0x7F02, 0x80C0, 0x000C, 0x601E, 0x6004, 0x9FE1,
    0xC020, 0xDB31, 0xDB03, 0x24DC, 0x0050, 0x0074, 0x3086, 0xC028, 0x0040, 0x8344, 0xCB66, 0x0418,
    0x0000, 0x0CDA, 0xDCDF, 0x0320, 0x0100, 0x0506, 0x3D7F, 0x0280, 0x0000, 0x0009, 0x068D, 0x0102,
    0x0000, 0x201B, 0xB83B, 0x0004, 0x0000, 0x5038, 0xDCF8, 0x2007, 0x0000, 0x3019, 0x3B7F, 0xC000,
    0x0000, 0x8001, 0xBA33, 0x4000, 0x0000, 0x0305, 0xF79F, 0x0000, 0x0000, 0x0000, 0x8F85, 0x0000,
    0x0000, 0x07C0, 0x3FE1, 0x0000, 0x4200, 0x0100, 0x40C4, 0x0000, 0x2BD1, 0x2400, 0x0009, 0x0000,
    0x4584, 0x0250, 0x4024, 0x0000, 0x33C2, 0x0800, 0x2000, 0x0000, 0x6FE8, 0x0010, 0x0001, 0x0000,
    0x1FFA, 0x2000, 0xC004, 0x0000, 0x3FFC, 0x0000, 0x0000, 0x0000, 0xDFFA, 0xC007, 0x2000, 0x0000,
    0xFFFF, 0x0000, 0x0000, 0x0000, 0xFFFE, 0x0001, 0x0000, 0x0000, 0xFFFF, 0x0000, 0x0000, 0x0000,
    0xFFFF, 0x0000, 0x0000, 0x0000, 0xFFFF, 0x0000, 0x0000, 0x0000, 0xFFFF, 0x0000, 0x0000, 0x0000,
    0xFFFF, 0x0000, 0x0000, 0x0000, 0xFFFF, 0x0000, 0x0000, 0x0000, 0x0000, 0x0000, 0x0800, 0x0000,
    0x0000, 0x0000, 0x0000, 0x0000, 0x0000, 0x0000, 0x4000, 0x0000, 0x9000, 0x1000, 0x0000, 0x1000,
    0x2000, 0x0000, 0x2000, 0x0000, 0x4000, 0x0000, 0x4000, 0x0000, 0x1400, 0x0000, 0x0400, 0x0000,
    0x4801, 0x0001, 0x0800, 0x0001, 0x0A80, 0x1200, 0xC080, 0x0200, 0xC200, 0x8200, 0x0000, 0x0200,
    0xD101, 0x0100, 0x2041, 0x0000, 0x8C08, 0x4040, 0x0008, 0x0000, 0xE085, 0x1004, 0x0110, 0x0000,
    0xFE42, 0x0010, 0x0000, 0x0000, 0xFD25, 0x2000, 0x0000, 0x0000, 0xFA51, 0x00A0, 0x0408, 0x0000,
    0x0000, 0x0000, 0x0000, 0x0000, 0x0000, 0x0000, 0x0000, 0x0000, 0x0000, 0x0000, 0x4000, 0x0000,
    0x0000, 0x0000, 0x0000, 0x0000, 0x0000, 0x0000, 0x0020, 0x0000, 0x0000, 0x0000, 0x4000, 0x0000,
    0x0000, 0x0000, 0x0000, 0x0000, 0x0040, 0x0040, 0x0000, 0x0040, 0x2011, 0x0011, 0x2000, 0x0011,
    0x0004, 0x0000, 0x000C, 0x0000, 0x4041, 0x4000, 0x1041, 0x0000, 0x0208, 0x1000, 0x020C, 0x0000,
    0x2141, 0x0104, 0xC420, 0x0000, 0x1082, 0x0410, 0x0000, 0x0000, 0x4845, 0x0009, 0x0000, 0x0000,
    0x16F6, 0x2810, 0x0000, 0x0000, 0x0000, 0x0000, 0x0000, 0x0000, 0x0000, 0x0000, 0x0000, 0x0000,
    0x0000, 0x0000, 0x0000, 0x0000, 0x0000, 0x0000, 0x0080, 0x0000, 0x0000, 0x0000, 0x0002, 0x0000,
    0x0000, 0x0000, 0x0000, 0x0000, 0x0000, 0x0000, 0x0000, 0x0000, 0x0010, 0x0010, 0x0000, 0x0010,
    0x4420, 0x0420, 0x4000, 0x0420, 0x110A, 0x0102, 0x1000, 0x0102, 0x0000, 0x0000, 0x0010, 0x0000,
    0x008B, 0x0001, 0x040A, 0x0001, 0x4B15, 0x0001, 0x2284, 0x0000, 0x1111, 0x0020, 0x8045, 0x0000,
    0x466C, 0x0880, 0x0000, 0x0000, 0xEBF8, 0x0005, 0x1002, 0x0000, 0x0000, 0x0000, 0x0000, 0x0000,
    0x0000, 0x0000, 0x0000, 0x0000, 0x0000, 0x0000, 0x0000, 0x0000, 0x0000, 0x0000, 0x0000, 0x0000,
    0x0000, 0x0000, 0x0000, 0x0000, 0x0000, 0x0000, 0x0080, 0x0000, 0x0000, 0x0000, 0x0000, 0x0000,
    0x0080, 0x0080, 0x0000, 0x0080, 0x4022, 0x0022, 0x4000, 0x0022, 0x0008, 0x0000, 0x0018, 0x0000,
    0x8082, 0x8000, 0x2082, 0x0000, 0x0410, 0x2000, 0x0418, 0x0000, 0x4282, 0x0208, 0x8840, 0x0000,
    0x2100, 0x0820, 0x0001, 0x0000, 0x908A, 0x0012, 0x0000, 0x0000, 0x22AD, 0x5020, 0x0400, 0x0000,
    0x0000, 0x0000, 0x0000, 0x0000, 0x0000, 0x0000, 0x0000, 0x0000, 0x0000, 0x0000, 0x0800, 0x0000,
    0x0000, 0x0000, 0x0000, 0x0000, 0x0000, 0x0000, 0x0000, 0x0000, 0x0000, 0x0000, 0x8000, 0x0000,
    0x0000, 0x0000, 0x0000, 0x0000, 0x0020, 0x0020, 0x0000, 0x0020, 0x8840, 0x0840, 0x8000, 0x0840,
    0x2214, 0x0204, 0x2000, 0x0204, 0x0000, 0x0000, 0x0020, 0x0000, 0x01D6, 0x00C2, 0x0814, 0x00C2,
    0x962A, 0x0002, 0x4508, 0x0000, 0x0222, 0x0040, 0x00AA, 0x0000, 0x8CF8, 0x1120, 0x0040, 0x0020,
    0x07F0, 0x000A, 0x2094, 0x0000, 0x0401, 0x0402, 0x0000, 0x0400, 0x0191, 0x0100, 0x0080, 0x0100,
    0x0022, 0x0001, 0x0024, 0x0000, 0x0443, 0x0404, 0x4010, 0x0400, 0x000F, 0x0000, 0x0200, 0x0000,
    0x113B, 0x1010, 0x0040, 0x1000, 0x040F, 0x0000, 0x0000, 0x0000, 0x40DF, 0x4010, 0x1000, 0x4000,
    0x057F, 0x0000, 0x0000, 0x0000, 0x537F, 0x0000, 0x0000, 0x0000, 0x01FF, 0x0000, 0x0400, 0x0000,
    0x23FF, 0x0000, 0x0000, 0x0000, 0x4FFF, 0x0000, 0x0000, 0x0000, 0x3FFF, 0x0000, 0x8000, 0x0000,
    0x3FFF, 0x0000, 0x0000, 0x0000, 0x4FFF, 0x0000, 0x3000, 0x8000, 0x7FFF, 0x0000, 0x0000, 0x0000,
    0xFFFF, 0x0000, 0x0000, 0x0000, 0xFFFF, 0x0000, 0x0000, 0x0000, 0xFFFF, 0x0000, 0x0000, 0x0000,
    0xFFFF, 0x0000, 0x0000, 0x0000, 0xFFFF, 0x0000, 0x0000, 0x0000, 0xFFFF, 0x0000, 0x0000, 0x0000,
    0xFFFF, 0x0000, 0x0000, 0x0000, 0xFFFF, 0x0000, 0x0000, 0x0000, 0xFFFF, 0x0000, 0x0000, 0x0000,
    0xFFFF, 0x0000, 0x0000, 0x0000, 0xFFFF, 0x0000, 0x0000, 0x0000, 0xFFFF, 0x0000, 0x0000, 0x0000,
    0xFFFF, 0x0000, 0x0000, 0x0000, 0xFFFF, 0x0000, 0x0000, 0x0000, 0xFFFF, 0x0000, 0x0000, 0x0000,
    0x0001, 0x0000, 0x0000, 0x0000, 0x0014, 0x0010, 0x0004, 0x0010, 0x0100, 0x0100, 0x0000, 0x0100,
    0x0012, 0x0000, 0x0050, 0x0000, 0x0001, 0x0000, 0x0003, 0x0000, 0x0000, 0x0000, 0x0000, 0x0000,
    0x0000, 0x0000, 0x0000, 0x0000, 0x0000, 0x0000, 0x0010, 0x0000, 0x0000, 0x0000, 0x0000, 0x0000,
    0x0000, 0x0000, 0x0000, 0x0000, 0x0000, 0x0000, 0x0000, 0x0000, 0x0000, 0x0000, 0x0000, 0x0000,
    0x0000, 0x0000, 0x0000, 0x0000, 0x0000, 0x0000, 0x0000, 0x0000, 0x0000, 0x0000, 0x0000, 0x0000,
    0x0000, 0x0000, 0x0000, 0x0000, 0xCFFF, 0x8000, 0x3000, 0x8000, 0x3FFF, 0x0800, 0x0000, 0x0800,
    0x8FFF, 0x8000, 0x0000, 0x8000, 0x2FFF, 0x2800, 0xC000, 0x2800, 0x9AFF, 0x8500, 0x0000, 0x8000,
    0x07FF, 0x2400, 0x0800, 0x0400, 0x80FF, 0x0B80, 0xB000, 0x0080, 0x20FF, 0x0000, 0x0000, 0x0000,
    0x04CF, 0x0040, 0x0030, 0x0040, 0x0C3F, 0x000C, 0x0800, 0x0000, 0x010F, 0x0000, 0x0100, 0x0000,
    0x044F, 0x040C, 0x40C0, 0x0400, 0x0A03, 0x0020, 0x0A00, 0x0000, 0x0043, 0x0003, 0x004C, 0x0000,
    0x0003, 0x0003, 0x0030, 0x0000, 0x0074, 0x0000, 0x1054, 0x0000, 0x0000, 0x0000, 0xFFFF, 0xFFFF,
    0x0000, 0x0000, 0xFFFF, 0xFFFF, 0x0000, 0x0000, 0xFFFF, 0xFFFF, 0x0000, 0x0000, 0xFFFF, 0xFFFF,
    0x0000, 0x0000, 0xFFFF, 0xFFFF, 0x0000, 0x0000, 0xFFFF, 0xFFFF, 0x0000, 0x0000, 0xFFFF, 0xFFFF,
    0x0000, 0x0000, 0xFFFF, 0xFFFF, 0x0000, 0x0000, 0xFFFF, 0xFFFF, 0x0000, 0x0000, 0xFFFF, 0xFFFF,
    0x0020, 0x0020, 0xFFDF, 0xFFFF, 0x0020, 0x0020, 0xFFDF, 0xFFFF, 0x0040, 0x0040, 0xFFBF, 0xFFFF,
    0x0181, 0x0181, 0xFE7E, 0xFFFF, 0x24B6, 0x24B6, 0xDB49, 0xFFF7, 0x7FC1, 0x7FD1, 0x803E, 0xFFC1,
    0x0000, 0x0000, 0xFFFF, 0xFFFF, 0x0000, 0x0000, 0xFFFF, 0xFFFF, 0x0000, 0x0000, 0xFFFF, 0xFFFF,
    0x0000, 0x0000, 0xFFFF, 0xFFFF, 0x0000, 0x0000, 0xFFFF, 0xFFFF, 0x0000, 0x0000, 0xFFFF, 0xFFFF,
    0x0000, 0x0000, 0xFFFF, 0xFFFF, 0x0000, 0x0000, 0xFFFF, 0xFFFF, 0x0000, 0x0000, 0xFFFF, 0xFFFF,
    0x0000, 0x0000, 0xFFFF, 0xFFFF, 0xA000, 0xA000, 0x5FFF, 0xFFFF, 0xC480, 0xC480, 0x3B7F, 0xFFFF,
    0x8200, 0x8200, 0x7DFF, 0xFFFF, 0xC2E0, 0xC2E0, 0x3D1F, 0xFFFF, 0x45D0, 0x45D0, 0xBA2F, 0xFFDF,
    0xA808, 0xA8C8, 0x57F7, 0xF80F, 0x0000, 0x0000, 0xFFD0, 0xFFC0, 0x0040, 0x0080, 0xFF48, 0xFF00,
    0x0090, 0x01E0, 0xFE19, 0xFE00, 0x01F0, 0x0158, 0xFEBD, 0xFE40, 0x0160, 0x00F8, 0xFF1D, 0xFE60,
    0x00A0, 0x0070, 0xFF93, 0xFF20, 0x02C0, 0x04E0, 0xFA36, 0xF8C0, 0x3F00, 0x1100, 0xEE0C, 0xE100,
    0x7F80, 0x3F98, 0xC35F, 0xC0A0, 0x6F00, 0x7730, 0x833C, 0x98C0, 0x7E00, 0xBEE0, 0x4EF0, 0x4100,
    0xA400, 0x7D80, 0x8583, 0x0200, 0xC800, 0x3A03, 0xCBDF, 0x0400, 0xD800, 0x391D, 0xD3BD, 0x0C02,
    0xF400, 0x9D10, 0x6BB0, 0x940F, 0x7800, 0x680C, 0x97DC, 0xE803, 0x0400, 0x3460, 0xF470, 0x0B80,
    0x1C00, 0x5468, 0xD4EC, 0x2B10, 0x3300, 0x8360, 0x8363, 0x7C9C, 0x6000, 0x60CA, 0x60FB, 0x9F04,
    0x4000, 0x7845, 0x7BCD, 0x8402, 0x0000, 0x4785, 0x7FCD, 0x8002, 0x0300, 0x9B85, 0xFBCD, 0x0402,
    0x0C00, 0x2D8A, 0xEDBB, 0x1204, 0x0000, 0x1134, 0x31F7, 0x0E08, 0x0000, 0x0C30, 0x8C3C, 0x03C0,
    0x0000, 0x07C0, 0x0FF0, 0x0000, 0x0000, 0x0000, 0x0F00, 0x0000, 0x0000, 0x0000, 0xC3CF, 0x0000,
    0x0000, 0x8005, 0xC33D, 0x0002, 0x0000, 0xC009, 0xC039, 0x0006, 0x0000, 0x8005, 0x8FCD, 0x0002,
    0xFF00, 0x00B4, 0x00B4, 0x0048, 0xFF90, 0x0058, 0x005F, 0x0020, 0xFFCA, 0x000E, 0x002F, 0x0010,
    0xFFF0, 0x0002, 0x0003, 0x000C, 0xFFF8, 0x0004, 0x0004, 0x0002, 0xFFF8, 0x0000, 0x0006, 0x0000,
    0xFFF8, 0x0004, 0x0006, 0x0000, 0xFFFD, 0x0000, 0x0000, 0x0000, 0xFFFD, 0x0000, 0x0002, 0x0000,
    0xFFFD, 0x0000, 0x0002, 0x0000, 0xFFFF, 0x0000, 0x0000, 0x0000, 0xFFFF, 0x0000, 0x0000, 0x0000,
    0xFFFF, 0x0000, 0x0000, 0x0000, 0xFFFF, 0x0000, 0x0000, 0x0000, 0xFFFF, 0x0000, 0x0000, 0x0000,
    0xFFFF, 0x0000, 0x0000, 0x0000, 0x0000, 0x3838, 0x3CFD, 0xC000, 0x0000, 0x2008, 0xF89D, 0x0040,
    0x0040, 0x6004, 0x71BD, 0x0000, 0x00E0, 0x0000, 0x2112, 0x4000, 0x00F0, 0x0000, 0xE30C, 0x0000,
    0x01F0, 0x0000, 0xC603, 0x0000, 0x03FC, 0x8000, 0x8400, 0x4000, 0x43FE, 0xC001, 0xC401, 0x0000,
    0x47FF, 0xC000, 0xC000, 0x0000, 0x07FF, 0x8000, 0x8800, 0x4000, 0x87FF, 0x4000, 0x5800, 0x0000,
    0x8FFF, 0x0000, 0x5000, 0x0000, 0x8FFF, 0x0000, 0x5000, 0x0000, 0xCFFF, 0x0000, 0x1000, 0x0000,
    0xDFFF, 0x0000, 0x0000, 0x0000, 0xDFFF, 0x0000, 0x2000, 0x0000, 0x0000, 0xB870, 0xB9F8, 0x4000,
    0x0040, 0xD008, 0xD988, 0x2004, 0x00C0, 0x5000, 0xD937, 0x2000, 0x00E0, 0x2000, 0x7318, 0x0000,
    0x01F0, 0x0000, 0x220C, 0x0000, 0x01F0, 0x8000, 0xC203, 0x0000, 0x03FC, 0x0000, 0xCC00, 0x0000,
    0x0FFF, 0x0000, 0x1000, 0x0000, 0xFFFF, 0x0000, 0x0000, 0x0000, 0xFFFF, 0x0000, 0x0000, 0x0000,
    0xFFFF, 0x0000, 0x0000, 0x0000, 0xFFFF, 0x0000, 0x0000, 0x0000, 0xFFFF, 0x0000, 0x0000, 0x0000,
    0xFFFF, 0x0000, 0x0000, 0x0000, 0xFFFF, 0x0000, 0x0000, 0x0000, 0xFFFF, 0x0000, 0x0000, 0x0000,
    0x000F, 0x0200, 0x0E10, 0x0000, 0x000F, 0x1400, 0xD730, 0x0800, 0x000F, 0x2C00, 0x2C30, 0x1000,
    0x001F, 0x4000, 0xCC20, 0x3000, 0x001F, 0xA000, 0xB060, 0x4000, 0x003F, 0x2000, 0x30C0, 0xC000,
    0x007F, 0x4080, 0xE080, 0x0000, 0x00FF, 0x0000, 0xC100, 0x0000, 0xFFFF, 0x0000, 0x0000, 0x0000,
    0xFFFF, 0x0000, 0x0000, 0x0000, 0xFFFF, 0x0000, 0x0000, 0x0000, 0xFFFF, 0x0000, 0x0000, 0x0000,
    0xFFFF, 0x0000, 0x0000, 0x0000, 0xFFFF, 0x0000, 0x0000, 0x0000, 0xFFFF, 0x0000, 0x0000, 0x0000,
    0xFFFF, 0x0000, 0x0000, 0x0000, 0xC800, 0x2AA0, 0x2BB8, 0x1440, 0xE000, 0x0211, 0x17F9, 0x0800,
    0xE000, 0x13A0, 0x13F9, 0x0C00, 0xF000, 0x0100, 0x09B1, 0x0600, 0xF801, 0x0600, 0x06A2, 0x0100,
    0xFE01, 0x0100, 0x0146, 0x0080, 0xFF03, 0x0100, 0x010C, 0x00C0, 0xFF07, 0x0080, 0x0088, 0x0040,
    0xFF07, 0x0080, 0x00A8, 0x0040, 0xFF07, 0x00A0, 0x00E8, 0x0000, 0xFFA7, 0x0020, 0x0028, 0x0040,
    0xFF8F, 0x0040, 0x0070, 0x0000, 0xFF8F, 0x0040, 0x0070, 0x0000, 0xFFCF, 0x0020, 0x0030, 0x0000,
    0xFFDF, 0x0020, 0x0020, 0x0000, 0xFFDF, 0x0020, 0x0020, 0x0000, 0x400F, 0xC000, 0xD090, 0x2000,
    0x000F, 0x2000, 0xB330, 0x4000, 0x000F, 0x0000, 0xE230, 0x0000, 0x001F, 0x0000, 0x2420, 0x0000,
    0x001F, 0x0000, 0x8C60, 0x0000, 0x84BF, 0x0000, 0x5840, 0x0000, 0x8DFF, 0x0000, 0x4000, 0x0000,
    0xCDFF, 0x0000, 0x1200, 0x0000, 0xDFFF, 0x0000, 0x2000, 0x0000, 0xDFFF, 0x0000, 0x2000, 0x0000,
    0xFFFF, 0x0000, 0x0000, 0x0000, 0xFFFF, 0x0000, 0x0000, 0x0000, 0xFFFF, 0x0000, 0x0000, 0x0000,
    0xFFFF, 0x0000, 0x0000, 0x0000, 0xFFFF, 0x0000, 0x0000, 0x0000, 0xFFFF, 0x0000, 0x0000, 0x0000,
    0xFFFE, 0x0000, 0x0001, 0x0000, 0xFFFE, 0x0000, 0x0001, 0x0000, 0xFFFF, 0x0000, 0x0000, 0x0000,
    0xFFFF, 0x0000, 0x0000, 0x0000, 0xFFFF, 0x0000, 0x0000, 0x0000, 0xFFFF, 0x0000, 0x0000, 0x0000,
    0xFFFF, 0x0000, 0x0000, 0x0000, 0xFFFF, 0x0000, 0x0000, 0x0000, 0xFFFF, 0x0000, 0x0000, 0x0000,
    0xFFFF, 0x0000, 0x0000, 0x0000, 0xFFFF, 0x0000, 0x0000, 0x0000, 0xFFFF, 0x0000, 0x0000, 0x0000,
    0xFFFF, 0x0000, 0x0000, 0x0000, 0xFFFF, 0x0000, 0x0000, 0x0000, 0xFFFF, 0x0000, 0x0000, 0x0000,
    0xFFFF, 0x0000, 0x0000, 0x0000, 0x0000, 0x0030, 0xD872, 0x0000, 0x0000, 0x4040, 0x48CC, 0x8030,
    0x0000, 0x4040, 0x78FF, 0x8000, 0xC000, 0x0048, 0x10FB, 0x0004, 0xC000, 0x104C, 0x33CC, 0x0003,
    0xE000, 0x0084, 0x1CCC, 0x0003, 0xFC20, 0x0005, 0x008D, 0x0002, 0xFC60, 0x0303, 0x0313, 0x000C,
    0xFFC0, 0x000D, 0x002F, 0x0010, 0xFFC0, 0x0032, 0x003F, 0x0000, 0xFFC0, 0x0006, 0x0036, 0x0009,
    0xFFF0, 0x0004, 0x000C, 0x0003, 0xFFF0, 0x0000, 0x0009, 0x0000, 0xFFF8, 0x0005, 0x0005, 0x0000,
    0xFFFE, 0x0000, 0x0001, 0x0000, 0xFFFF, 0x0000, 0x0000, 0x0000, 0x0000, 0x0A00, 0x7B1C, 0x0400,
    0x0000, 0x7400, 0xF730, 0x0800, 0x0000, 0x8820, 0x8EFE, 0x7000, 0x0000, 0x2058, 0x38DE, 0xC020,
    0x0000, 0x8090, 0xF1BC, 0x0040, 0x0000, 0xA060, 0xFCE8, 0x0000, 0x0000, 0x0000, 0x93E3, 0x0000,
    0x0000, 0x0002, 0x8C53, 0x0000, 0x0000, 0x0800, 0x7F33, 0x0000, 0x0001, 0x5B00, 0xDFDE, 0x2020,
    0x0003, 0x8000, 0x9F8C, 0x6040, 0x030F, 0x2000, 0x3CD0, 0xC000, 0x1F1F, 0x4000, 0xE020, 0x0000,
    0x1FBF, 0x0000, 0xE040, 0x0000, 0x3FFF, 0x8000, 0xC000, 0x0000, 0x7FFF, 0x0000, 0x0000, 0x0000,
    0x01FF, 0x0400, 0x0E00, 0x0000, 0x01FF, 0x0800, 0x1E00, 0x0000, 0x03FF, 0x1000, 0x3C00, 0x0000,
    0x0FFF, 0x2000, 0x7000, 0x0000, 0x0FFF, 0x0000, 0x3000, 0x0000, 0x3FFF, 0x0000, 0xC000, 0x0000,
    0x7FFF, 0x0000, 0x8000, 0x0000, 0x7FFF, 0x0000, 0x8000, 0x0000, 0xFFFF, 0x0000, 0x0000, 0x0000,
    0xFFFF, 0x0000, 0x0000, 0x0000, 0xFFFF, 0x0000, 0x0000, 0x0000, 0xFFFF, 0x0000, 0x0000, 0x0000,
    0xFFFF, 0x0000, 0x0000, 0x0000, 0xFFFF, 0x0000, 0x0000, 0x0000, 0xFFFF, 0x0000, 0x0000, 0x0000,
    0xFFFF, 0x0000, 0x0000, 0x0000, 0xFF80, 0x0070, 0x007D, 0x0000, 0xFFC0, 0x0000, 0x0012, 0x0021,
    0xFFE3, 0x0003, 0x0007, 0x0010, 0xFFE0, 0x0000, 0x0018, 0x0007, 0xFFE0, 0x002A, 0x002B, 0x0014,
    0xFFE0, 0x000C, 0x000E, 0x0010, 0xFFF8, 0x0000, 0x0004, 0x0000, 0xFFFC, 0x0003, 0x0003, 0x0000,
    0xE638, 0x0602, 0x06C3, 0x1904, 0xDF10, 0x1F64, 0x1F6C, 0x2080, 0xFE00, 0x62A0, 0x62FD, 0x1D00,
    0x7E00, 0x4F81, 0x4FB7, 0xB000, 0x1800, 0x5A06, 0xDBCF, 0x2400, 0x0000, 0x4A0D, 0xCF3D, 0x3002,
    0x8002, 0x5C1B, 0x7F3B, 0x0004, 0xC003, 0x280F, 0x3FDF, 0x0000, 0x0C00, 0x9D80, 0xCDE1, 0x3200,
    0x1800, 0xFB00, 0xDBE0, 0x2400, 0x2000, 0xAE00, 0xAFD7, 0x5000, 0x0000, 0xB005, 0xFE27, 0x0008,
    0x0000, 0x4807, 0xFD8F, 0x0000, 0x0000, 0x0383, 0x47CF, 0x0000, 0x0300, 0x078B, 0x1FDF, 0x0000,
    0x0300, 0x3B96, 0x7BF7, 0x0408, 0x0000, 0x1928, 0x39EE, 0x0610, 0x0000, 0x0C90, 0xDCFC, 0x0300,
    0x0000, 0x0580, 0x0FF0, 0x0000, 0x0000, 0x0200, 0x4F0E, 0x0000, 0x0000, 0x040E, 0xEFBF, 0x0000,
    0x0000, 0x800B, 0xE3DB, 0x0004, 0x0000, 0x0006, 0xC02F, 0x0000, 0x0000, 0x8000, 0x8002, 0x0000,
    0xFFFF, 0x0000, 0x0000, 0x0000, 0xFFFF, 0x0002, 0x0000, 0x0002, 0xFFF3, 0x0004, 0x0000, 0x0000,
    0xFFEA, 0x0012, 0x0001, 0x0000, 0xFF87, 0x0062, 0x0000, 0x0002, 0xFF42, 0x0002, 0x00A0, 0x0002,
    0xFA31, 0x00B1, 0x0404, 0x0021, 0xFDC4, 0x02C0, 0x0004, 0x0080, 0xF550, 0x0150, 0x0000, 0x0150,
    0xE880, 0x0400, 0x0000, 0x0000, 0xE240, 0x1100, 0x0240, 0x0000, 0xF410, 0x0010, 0x0080, 0x0010,
    0xE540, 0x0440, 0x1102, 0x0440, 0xCC00, 0x0000, 0x0500, 0x0000, 0xE100, 0x0000, 0x1100, 0x0000,
    0xC800, 0x0800, 0x0020, 0x0800, 0xF732, 0x2260, 0x0800, 0x0200, 0xAE25, 0x8400, 0x02C0, 0x0400,
    0x53C2, 0x8000, 0x0910, 0x0000, 0x010C, 0x0100, 0x244F, 0x0000, 0x8900, 0x8100, 0x4830, 0x8100,
    0x3200, 0x2200, 0x1003, 0x2200, 0x0028, 0x0028, 0x0000, 0x0028, 0x0400, 0x0400, 0x0080, 0x0400,
    0x0000, 0x0000, 0x0000, 0x0000, 0x0000, 0x0000, 0x0000, 0x0000, 0x0000, 0x0000, 0x0000, 0x0000,
    0x0000, 0x0000, 0x0000, 0x0000, 0x0000, 0x0000, 0x0000, 0x0000, 0x0000, 0x0000, 0x0000, 0x0000,
    0x0000, 0x0000, 0x0000, 0x0000, 0x0000, 0x0000, 0x0000, 0x0000, 0xB33F, 0x4480, 0x0800, 0x0000,
    0x2C35, 0x004A, 0xC080, 0x0000, 0x82C1, 0x0010, 0x0400, 0x0000, 0x0106, 0x0000, 0x2844, 0x0000,
    0x0000, 0x0000, 0xC410, 0x0000, 0x0020, 0x0000, 0x00A3, 0x0000, 0x0004, 0x0000, 0x0004, 0x0000,
    0x0000, 0x0000, 0x0040, 0x0000, 0x0000, 0x0000, 0x0001, 0x0000, 0x0000, 0x0000, 0x0000, 0x0000,
    0x0000, 0x0000, 0x0000, 0x0000, 0x0000, 0x0000, 0x0040, 0x0000, 0x0000, 0x0000, 0x0001, 0x0000,
    0x0000, 0x0000, 0x0000, 0x0000, 0x0000, 0x0000, 0x0000, 0x0000, 0x0000, 0x0020, 0x0030, 0x0000,
    0xFFFF, 0x0000, 0x0000, 0x0000, 0xFFFF, 0x0000, 0x0000, 0x0000, 0x7FFF, 0x8000, 0x0000, 0x0000,
    0x5FFF, 0x0000, 0xC000, 0x0000, 0x27FF, 0x0000, 0x2400, 0x0000, 0x95FF, 0x0000, 0x0800, 0x0000,
    0x0AFF, 0x0900, 0x3000, 0x0000, 0xB4FF, 0xA000, 0x0400, 0xA000, 0x42AF, 0x4080, 0x0010, 0x4000,
    0x14BF, 0x1000, 0x0400, 0x1000, 0x010F, 0x0020, 0x0010, 0x0000, 0x082F, 0x0800, 0x0010, 0x0800,
    0x024F, 0x0000, 0x0200, 0x0000, 0x0083, 0x0000, 0x00BC, 0x0000, 0x000F, 0x0000, 0x0000, 0x0000,
    0x00A3, 0x8008, 0x808C, 0x0000, 0xFFFF, 0x0000, 0x0000, 0x0000, 0xFFFF, 0x0000, 0x0000, 0x0000,
    0xFFFF, 0x0000, 0x0000, 0x0000, 0xFFFF, 0x0000, 0x0000, 0x0000, 0xFFFF, 0x0000, 0x0000, 0x0000,
    0xFFFF, 0x0000, 0x0000, 0x0000, 0xFFFF, 0x0000, 0x0000, 0x0000, 0xFFFF, 0x0000, 0x0000, 0x0000,
    0xFFFF, 0x0000, 0x0000, 0x0000, 0xFFFC, 0x0001, 0x0001, 0x0002, 0xFFF0, 0x000E, 0x000E, 0x0000,
    0xFFC0, 0x0030, 0x0033, 0x000C, 0xFFCC, 0x0005, 0x0007, 0x0038, 0xFFBA, 0x002A, 0x002A, 0x0055,
    0xFF30, 0x0070, 0x0072, 0x008C, 0xFF20, 0x0068, 0x006C, 0x0090, 0xFF5C, 0x005C, 0x0001, 0x00A2,
    0xECF8, 0x0CCC, 0x0C0E, 0x1330, 0xD4D0, 0x1798, 0x139C, 0x2860, 0xACC0, 0x37C0, 0x37C9, 0x4830,
    0x9C00, 0x3062, 0x2073, 0x4F80, 0x1D00, 0x5D9A, 0x5DFB, 0xA204, 0x2000, 0xA293, 0xE3F3, 0x1C0C,
    0x000E, 0xA84E, 0xFE62, 0x0011, 0xE01B, 0x10BF, 0x11A9, 0x0044, 0x006E, 0x00F2, 0x2DC0, 0x101D,
    0x303A, 0x34A2, 0x76A2, 0x085D, 0x3834, 0xAA25, 0xAB05, 0x54DA, 0xF050, 0x9253, 0x9353, 0x6CAC,
    0x4000, 0xC724, 0xC7A7, 0x3858, 0x0000, 0xFC2A, 0xFEFF, 0x0000, 0x0000, 0x0000, 0x787E, 0x0000,
    0x0011, 0x0011, 0x3CC4, 0x0011, 0x0003, 0x2401, 0xE406, 0x1801, 0x0002, 0x1802, 0xDCC0, 0x2002,
    0x0003, 0x1043, 0x3B70, 0x0083, 0x0000, 0x0030, 0x3F78, 0x0000, 0x0000, 0x1A18, 0xDE3C, 0x2100,
    0x0000, 0x2200, 0x233C, 0x1C00, 0x0000, 0x1808, 0x3C7D, 0x0000, 0x0000, 0x0038, 0x18FE, 0x0000,
    0x0000, 0x005C, 0x0EDE, 0x0020, 0x0000, 0x8078, 0xC3FC, 0x0000, 0x0000, 0x2010, 0x30FC, 0xC000,
    0x0000, 0x7002, 0xF803, 0x0000, 0x0000, 0x0004, 0x3E3C, 0x0003, 0x0000, 0x0002, 0x000F, 0x0000,
    0x0000, 0x0000, 0x0000, 0x0000, 0x3800, 0x0800, 0x37FF, 0x0FFF, 0x4E00, 0x3200, 0xCDFF, 0x03FF,
    0x8E00, 0xB200, 0x0DFF, 0x83FF, 0xB300, 0x8D00, 0x32FF, 0x81FF, 0x7F00, 0x4100, 0xBEFF, 0x41FF,
    0x3F00, 0x3B00, 0xC4FF, 0x3BFF, 0x1800, 0x1800, 0x47FF, 0x1FFF, 0x3C00, 0x2C00, 0xD3FF, 0x2FFF,
    0x1E00, 0x7200, 0xEDFF, 0x13FF, 0x1D80, 0x0A80, 0xD57F, 0x08FF, 0x0EC0, 0x0B40, 0x14BF, 0x087F,
    0x19C0, 0x1E40, 0x01BF, 0x187F, 0x0DC0, 0x6240, 0xFDBF, 0x007F, 0x0F40, 0x0840, 0x17BF, 0x087F,
    0x00C0, 0x00C0, 0x9E3F, 0x00FF, 0x0080, 0x0080, 0x217F, 0x00FF, 0x0000, 0x0000, 0xFFFF, 0xFFFF,
    0x0000, 0x0000, 0xFFFF, 0xFFFF, 0x0000, 0x0000, 0xFFFF, 0xFFFF, 0x0000, 0x0000, 0xFFFF, 0xFFFF,
    0x0000, 0x0000, 0xFFFF, 0xFFFF, 0x0000, 0x0000, 0xFFFF, 0xFFFF, 0x0030, 0x0030, 0xFFCF, 0xFFFF,
    0x007E, 0x0046, 0xFFB9, 0xFFC7, 0x00DF, 0x00AB, 0xFF54, 0xFF8B, 0x04F4, 0x04D4, 0xFB2B, 0xFFDF,
    0x043E, 0x043E, 0xFBC1, 0xFFFF, 0x02FF, 0x02FF, 0xFD00, 0xFFFF, 0x03DB, 0x03DB, 0xFC24, 0xFFFF,
    0x04BC, 0x04BC, 0xFB43, 0xFFFC, 0x0B93, 0x0B92, 0xF46D, 0xFFFE, 0x03EB, 0x03E9, 0xFC16, 0xFFF9,
    0x0000, 0x0000, 0xFFFF, 0xFFFF, 0x0000, 0x0000, 0xFFFF, 0xFFFF, 0x0000, 0x0000, 0xFFFF, 0xFFFF,
    0x0020, 0x0020, 0xFFDF, 0xFFFF, 0xB040, 0xB040, 0x4FBF, 0xFFFF, 0x40C4, 0x40C4, 0xBF3B, 0xFFFF,
    0x4040, 0x4040, 0xBFBF, 0xFFFF, 0x2028, 0x2028, 0xDFD7, 0xFFFF, 0x9210, 0x9210, 0x6DEF, 0xFFFF,
    0xDEE0, 0xDEE0, 0x211F, 0xFFFF, 0xF380, 0xF380, 0x0C7F, 0xFFFF, 0xA884, 0xA884, 0x577B, 0xFFFF,
    0xE48C, 0xE48C, 0x1B73, 0xFFFF, 0xCF38, 0x4F38, 0xB0C7, 0x4FFF, 0x65E4, 0xA5E4, 0x581B, 0x25FF,
    0xF4E0, 0x74E0, 0x881F, 0x74FF, 0x0400, 0x3460, 0xF470, 0x0B80, 0x1C00, 0x5468, 0xD4EC, 0x2B10,
    0x3300, 0x8360, 0x8363, 0x7C9C, 0x6000, 0x60CA, 0x60FB, 0x9F04, 0x4000, 0x7844, 0x7BCC, 0x8403,
    0x0000, 0x4784, 0x7FCC, 0x8003, 0x0300, 0x9B84, 0xFBCC, 0x0403, 0x0C00, 0x2D8A, 0xEDBB, 0x1204,
    0x0000, 0x1134, 0x31F7, 0x0E08, 0x0000, 0x0C30, 0xCC3C, 0x03C0, 0x0000, 0x07C0, 0x0FF0, 0x0000,
    0x0000, 0x0000, 0x0F00, 0x0000, 0x0000, 0x0000, 0xC3CF, 0x0000, 0x0000, 0x8007, 0xC33F, 0x0000,
    0x0000, 0xC010, 0xC030, 0x000F, 0x0000, 0x8005, 0x8FCD, 0x0002, 0x0000, 0x87C0, 0xFFF0, 0x0000,
    0x0400, 0xA450, 0xE478, 0x1B80, 0x1800, 0x4B80, 0xCBE4, 0x3400, 0x3000, 0xB6A0, 0xB6F4, 0x4900,
    0x0000, 0x4E80, 0xCEED, 0x3100, 0x0000, 0x5D00, 0xDDC8, 0x2200, 0x0000, 0x3600, 0xF798, 0x0800,
    0x0000, 0x1000, 0x3FC0, 0x0000, 0x000C, 0x000C, 0x0D00, 0x000C, 0x003F, 0x0037, 0x8008, 0x0037,
    0x00F7, 0x4039, 0xE0C6, 0x0031, 0x01D9, 0xA1B6, 0xB049, 0x4180, 0x01DF, 0x606F, 0xF190, 0x000F,
    0x01BD, 0x015D, 0x70A0, 0x011D, 0x00FA, 0x00FA, 0x0000, 0x00FA, 0x0030, 0x0030, 0x0000, 0x0030,
    0x0300, 0x9340, 0xF361, 0x0C80, 0x1C00, 0x3D90, 0xFD9C, 0x0200, 0x0000, 0x478F, 0xC7DF, 0x3800,
    0x2000, 0x6C02, 0x6FE2, 0x900D, 0x0000, 0x8804, 0x9E4C, 0x6003, 0x0000, 0x0185, 0x5DCD, 0x2002,
    0x0000, 0x0206, 0xA3CF, 0x0000, 0x0800, 0x0C0C, 0x4F1F, 0x0000, 0x0000, 0x0400, 0x3707, 0x0800,
    0x0000, 0x0010, 0x1E3F, 0x0000, 0x8000, 0x8044, 0x0EC6, 0x8038, 0x8000, 0x8008, 0x0D0D, 0x80F0,
    0xC000, 0x4160, 0x817C, 0x4080, 0xC000, 0x40C0, 0x83F1, 0x4000, 0x6000, 0x6000, 0x01E1, 0x6000,
    0x8000, 0x8100, 0x0FB7, 0x8000, 0x3060, 0x9800, 0x9D09, 0x60F0, 0x40D0, 0xD828, 0x5C0D, 0x21F0,
    0x0040, 0x22A1, 0x360B, 0xC1F0, 0x01F0, 0xC568, 0xED6C, 0x0293, 0x0131, 0x0535, 0xCD35, 0x02CA,
    0x0018, 0x005A, 0x1CDA, 0x0125, 0x0A00, 0x0A7F, 0x947F, 0x0A00, 0x0600, 0x0400, 0x1B00, 0x0400,
    0x03F9, 0x0319, 0xC0E0, 0x0319, 0x00BF, 0xC0C0, 0xF93F, 0x0080, 0x802A, 0x9C15, 0x9E6A, 0x6000,
    0x7037, 0x7820, 0x7F1F, 0x8020, 0x600D, 0x640C, 0x6F03, 0x900C, 0x4001, 0xC801, 0xCE44, 0x3001,
    0x0000, 0xB0DC, 0xBCDE, 0x4020, 0x0000, 0xC132, 0xF533, 0x00CC, 0x0580, 0xDB48, 0xD94C, 0x26B0,
    0x1300, 0x2FC1, 0x23FF, 0xDC00, 0x2C14, 0xF514, 0xE589, 0x1A14, 0xB838, 0xA820, 0xAB1E, 0x5420,
    0xE07C, 0xEC5C, 0xEEA0, 0x105C, 0x00F0, 0xB0B0, 0xBC41, 0x40B0, 0x03D0, 0xC350, 0xE083, 0x0350,
    0x1FA0, 0x18A1, 0x0707, 0x18A0, 0x3DC0, 0x33CC, 0x4C1C, 0x31C3, 0xF28C, 0x0C8C, 0xF22C, 0x0093,
    0x8E10, 0xFA30, 0x0573, 0x020C, 0x3C00, 0xC440, 0x3857, 0x0420, 0xFC00, 0x3C84, 0xC1AC, 0x3C43,
    0xE082, 0x408A, 0xA5DA, 0x4005, 0xF000, 0x900E, 0x601E, 0x9001, 0x7800, 0x6801, 0x1043, 0x6800,
    0x0FFF, 0x0000, 0xF000, 0x0000, 0x03FF, 0xC000, 0xFC00, 0x0000, 0x00FF, 0xF000, 0xF700, 0x0000,
    0x007E, 0x3800, 0xF981, 0x0000, 0x0078, 0x0C00, 0x3E86, 0x0001, 0x0004, 0x0602, 0xCE6A, 0x0001,
    0x0001, 0x8301, 0xF367, 0x0000, 0x0000, 0xC100, 0xCDF3, 0x0000, 0x0000, 0x7200, 0x7ED1, 0x8020,
    0x0020, 0x1820, 0x1F31, 0xE000, 0x6040, 0x6CC0, 0x6FC1, 0x9028, 0x4000, 0x4A80, 0xCFE3, 0x3000,
    0x8000, 0x9400, 0x9F33, 0x6000, 0x0000, 0x5800, 0x7F19, 0x8020, 0x0000, 0xE118, 0xFF39, 0x0000,
    0x0000, 0xC000, 0xFC40, 0x0000, 0xD27B, 0x1EFF, 0x33F1, 0x0C04, 0x98F4, 0x4FFC, 0x4FA0, 0x300B,
    0x33F0, 0x9BB0, 0x9F00, 0x604F, 0x02C8, 0xE7EB, 0xFE0B, 0x0114, 0x05C0, 0x0FC1, 0xEC7F, 0x0200,
    0x8F00, 0xDFC0, 0xD9F8, 0x0000, 0x1E00, 0xBF84, 0xB3E4, 0x0003, 0x0800, 0x3E08, 0xA3E8, 0x1007,
    0x1800, 0x7800, 0x6303, 0x0400, 0x2000, 0xF440, 0x85F1, 0x0800, 0x0000, 0xC010, 0xFE70, 0x0000,
    0x0000, 0x0101, 0x41FD, 0x0000, 0x0000, 0xC168, 0xCF7C, 0x0080, 0x0000, 0x0683, 0xBEE3, 0x0100,
    0x0600, 0x3700, 0x37C9, 0x0800, 0x0000, 0x410F, 0xDFDF, 0x0000, 0x1003, 0x9E0B, 0xD3A1, 0x2C1C,
    0x6FB6, 0x7FBF, 0xC5A2, 0x1049, 0x181C, 0xDE9C, 0xFF9C, 0x0063, 0x6000, 0x681F, 0x6FFF, 0x9000,
    0xD000, 0xD801, 0xDC03, 0x2000, 0x0000, 0x2C0F, 0x2F3F, 0xD000, 0x0000, 0x0200, 0x030F, 0x8C00,
    0x0000, 0xC000, 0xF000, 0x0000, 0x0000, 0x0000, 0x000C, 0x0030, 0x0000, 0x0000, 0x203C, 0x0000,
    0x0000, 0x0000, 0xC8C0, 0x0000, 0x0000, 0x4080, 0x71FC, 0x8000, 0x0000, 0xA178, 0xB37C, 0x0080,
    0x0080, 0x22A0, 0x36B2, 0x0140, 0x0000, 0x02C0, 0x1FF0, 0x0000, 0x0000, 0x0100, 0x07C3, 0x0000,
    0x0000, 0x2200, 0x33A0, 0xCC00, 0xC000, 0xF548, 0xDD4C, 0x2230, 0x6000, 0x6200, 0x6330, 0x9C00,
    0x2000, 0xAC00, 0xAC20, 0x5000, 0x0000, 0xA048, 0xBCCC, 0x4030, 0x0000, 0x7014, 0xF837, 0x0008,
    0x0000, 0x0000, 0x3200, 0x0000, 0x0000, 0x0800, 0x8C03, 0x0000, 0x0000, 0x4C03, 0xCE1F, 0x3000,
    0x0000, 0x300E, 0x3C1F, 0xC000, 0x0000, 0x0018, 0xF03C, 0x0000, 0x0000, 0x0030, 0x00F8, 0x0000,
    0x0000, 0x0070, 0x47F8, 0x0000, 0x0000, 0x03C0, 0x1FF0, 0x0000, 0x0000, 0x0E80, 0x3EC4, 0x0100,
    0x0000, 0x0D80, 0x0D90, 0x0200, 0x0000, 0x0052, 0x005A, 0x0024, 0x0000, 0x0024, 0x0065, 0x0018,
    0x0000, 0x0038, 0x007F, 0x0000, 0x0000, 0x0060, 0x00E0, 0x0000, 0x0000, 0x00A0, 0x01B0, 0x0040,
    0x0000, 0x0000, 0x00E0, 0x0000, 0x0000, 0x0000, 0x0044, 0x0000, 0x0000, 0x0000, 0x4000, 0x0000,
    0x0000, 0x0000, 0x0001, 0x0000, 0x0000, 0x0000, 0x0000, 0x0000, 0x0000, 0x0000, 0x0000, 0x0000,
    0x0000, 0x0000, 0x0081, 0x0000, 0x0000, 0x0000, 0x0003, 0x0000, 0x0000, 0x0000, 0x0001, 0x0000,
    0x0000, 0x0000, 0x0000, 0x0000, 0x0000, 0x0000, 0x0000, 0x0000, 0x0001, 0x0190, 0x7F9E, 0x0060,
    0x0001, 0x54E0, 0xDCF8, 0x2300, 0x0001, 0xF780, 0xF7E2, 0x0800, 0x0001, 0x1004, 0xF806, 0x0000,
    0x0001, 0x0000, 0x060E, 0x0000, 0x0003, 0x0A00, 0x7A1C, 0x0400, 0x0003, 0x0010, 0x1EB4, 0x0008,
    0x0003, 0x0008, 0xA19C, 0x0000, 0x0007, 0x3EC0, 0xFEF8, 0x0100, 0x0003, 0x6020, 0xE63C, 0x19C0,
    0x0007, 0x4FE0, 0x4FF8, 0x3000, 0x0001, 0xF008, 0xFF9E, 0x0000, 0x0001, 0xA00C, 0xB81E, 0x4000,
    0x0001, 0x400C, 0x606C, 0x8012, 0x0003, 0x0028, 0xC1F8, 0x0000, 0x0007, 0x0000, 0x0600, 0x0000,
    0x0000, 0x0000, 0x0001, 0x0000, 0x0000, 0x0000, 0x0001, 0x0000, 0x0000, 0x0000, 0x0000, 0x0000,
    0x0000, 0x0000, 0x0000, 0x0000, 0x0000, 0x0000, 0x0001, 0x0000, 0x0000, 0x0000, 0x0002, 0x0000,
    0x0000, 0x0000, 0x0000, 0x0000, 0x0000, 0x0000, 0x0002, 0x0000, 0x0000, 0x0000, 0x0000, 0x0000,
    0x0000, 0x0000, 0x0002, 0x0000, 0x0000, 0x0000, 0x0000, 0x0000, 0x0000, 0x0000, 0x0040, 0x0000,
    0x0000, 0x0000, 0x0003, 0x0000, 0x0000, 0x0000, 0x0000, 0x0000, 0x0000, 0x0000, 0x0003, 0x0000,
    0x0000, 0x0001, 0x0021, 0x0000, 0x003F, 0x1080, 0x1CC0, 0xE000, 0x001F, 0xC4A0, 0xCFE0, 0x3000,
    0x000F, 0x4600, 0xC630, 0x3800, 0x000F, 0x3200, 0x7330, 0x0C00, 0x0007, 0x0010, 0x3EF8, 0x0000,
    0x0003, 0x0188, 0x438C, 0x0040, 0x0003, 0x0708, 0x8F0C, 0x00C0, 0x0003, 0x04C8, 0x0CFC, 0x0300,
    0x0001, 0x0134, 0xFFBE, 0x0000, 0x0001, 0x504C, 0x5DCE, 0x2030, 0x0000, 0x1040, 0x78C3, 0x003C,
    0x0000, 0x003C, 0x30FD, 0x0000, 0x0000, 0x0800, 0x4C03, 0x3000, 0x0000, 0x7602, 0xF73F, 0x0800,
    0x0001, 0x8006, 0xFC0E, 0x0000, 0x0001, 0x8100, 0x8100, 0x0000, 0x0000, 0x0008, 0x000C, 0x0033,
    0x0000, 0x0012, 0x0032, 0x000C, 0x0000, 0x000C, 0x003F, 0x0000, 0x0000, 0x0008, 0x40C8, 0x0030,
    0x0000, 0x0050, 0x03DE, 0x0020, 0x0000, 0x0070, 0x02F3, 0x0000, 0x0000, 0x00C4, 0x00ED, 0x0000,
    0x0000, 0x0008, 0x1398, 0x0000, 0x0000, 0x0012, 0x043F, 0x0000, 0x0000, 0x004C, 0x01CC, 0x0033,
    0x0000, 0x0032, 0x0073, 0x000C, 0x0000, 0x0010, 0x027C, 0x0000, 0x0000, 0x0000, 0x0043, 0x0000,
    0x0000, 0x0006, 0x003E, 0x0001, 0x0000, 0x0003, 0x000F, 0x0000, 0x0000, 0x0000, 0x0289, 0x0000,
    0x0003, 0x0118, 0xB33C, 0x00C0, 0x0001, 0x4CEC, 0xCCFE, 0x3300, 0x0003, 0x23C4, 0xE3EC, 0x1C00,
    0x0001, 0x1804, 0x7CCE, 0x0000, 0x0001, 0x0044, 0x034E, 0x0000, 0x0001, 0x0484, 0xFCA4, 0x030A,
    0x0003, 0x0204, 0xCF9C, 0x0000, 0x0003, 0x0000, 0x4000, 0x0000, 0x0001, 0x80D0, 0x8CDE, 0x0320,
    0x0001, 0x1734, 0xB73E, 0x08C0, 0x0001, 0x21C4, 0x21F6, 0x1E00, 0x0003, 0x4E04, 0xCF04, 0x3000,
    0x0003, 0xD800, 0xDCCC, 0x2000, 0x0003, 0x700C, 0x7C3C, 0x8000, 0x0001, 0xC00C, 0xF33E, 0x0000,
    0x0001, 0x030C, 0x4FCE, 0x0000, 0x0000, 0xB801, 0xBC3F, 0x4000, 0x0000, 0x447C, 0xC7FC, 0x3803,
    0x0000, 0x0C32, 0x3F73, 0x000C, 0x0000, 0x2818, 0xEC3C, 0x1000, 0x0000, 0x2800, 0x2C03, 0x1000,
    0x0000, 0x2803, 0xEA07, 0x1000, 0x0000, 0x1000, 0x1201, 0x0C00, 0x0000, 0x8000, 0xB000, 0x4000,
    0x0000, 0x0000, 0x0031, 0x0000, 0x0000, 0x2030, 0xF238, 0x0000, 0x0000, 0x7800, 0x7C00, 0x8000,
    0x0000, 0x8200, 0x8330, 0x4C00, 0x0000, 0x0E30, 0x3FFC, 0x0000, 0x0000, 0x580C, 0xDC3E, 0x2000,
    0x0000, 0x3000, 0xF880, 0x0000, 0x0000, 0x0000, 0x0400, 0x0000, 0x0000, 0x0000, 0xC000, 0x0000,
    0x0000, 0x0000, 0xB81C, 0x0000, 0x0000, 0x2834, 0xAE76, 0x1008, 0x0000, 0x804C, 0x8FCE, 0x7030,
    0x0000, 0xF8F8, 0xFDFC, 0x0000, 0x0000, 0x80C0, 0xF1F0, 0x0000, 0x0000, 0x0000, 0x8242, 0x0000,
    0x0000, 0x0000, 0x2020, 0x0000, 0x0000, 0x0000, 0x0800, 0x0000, 0x0000, 0x0000, 0x0000, 0x0000,
    0x0000, 0x0000, 0x4000, 0x0000, 0x0000, 0x0000, 0x0000, 0x0000, 0x0000, 0x0000, 0x0000, 0x0000,
    0x0000, 0x0000, 0x0000, 0x0000, 0x0000, 0x0000, 0x0000, 0x0000, 0x0000, 0x0000, 0x0000, 0x0000,
    0x0000, 0x1C80, 0x1CC0, 0x2300, 0x0000, 0x1B80, 0x3BDA, 0x0400, 0x0000, 0x00E0, 0x7FFC, 0x0000,
    0x0000, 0x5920, 0xDB30, 0x20C0, 0x0000, 0x4AC0, 0xCFF0, 0x3000, 0x0000, 0x3800, 0x7FE0, 0x0000,
    0x0000, 0x0000, 0x3C90, 0x0000, 0x0000, 0x0000, 0x2230, 0x0000, 0x0000, 0x0000, 0x42E0, 0x0000,
    0x0000, 0x0000, 0x0781, 0x0000, 0x0000, 0x0000, 0xC40E, 0x0000, 0x0000, 0xC00D, 0xF00F, 0x0000,
    0x0000, 0x0004, 0x323C, 0x0003, 0x0000, 0x0071, 0x50F7, 0x0008, 0x0000, 0x0000, 0x00CC, 0x0030,
    0x0000, 0x0000, 0x1803, 0x0000, 0x0000, 0x3932, 0x3DF6, 0x0208, 0x0000, 0x1F0E, 0x3FBF, 0x0000,
    0x0000, 0x003C, 0x3F7F, 0x0000, 0x0000, 0x1038, 0xF0FF, 0x0000, 0x0000, 0x3010, 0xF879, 0x0000,
    0x0000, 0x6010, 0x7459, 0x0020, 0x0000, 0x0000, 0x263D, 0x0000, 0x0000, 0x0038, 0x0EF9, 0x0000,
    0x0001, 0x3800, 0xFC7A, 0x0000, 0x0001, 0x2020, 0x3866, 0x0000, 0x0003, 0x0000, 0x319C, 0x0000,
    0x000F, 0x0000, 0xE1F0, 0x0000, 0x00FF, 0x6000, 0x7700, 0x8000, 0x03FF, 0x4000, 0xF400, 0x0000,
    0x03FF, 0x0000, 0x3C00, 0x0000, 0x07FF, 0x8000, 0xF800, 0x0000, 0xFFF8, 0x003B, 0x003B, 0x0044,
    0xFFE8, 0x00EE, 0x00EF, 0x0010, 0xFF00, 0x0030, 0x003F, 0x00C0, 0xFF80, 0x00A7, 0x00B7, 0x0048,
    0xFFCE, 0x000F, 0x000F, 0x0070, 0xFFCE, 0x000F, 0x000F, 0x0030, 0xFA00, 0x0208, 0x02F8, 0x0507,
    0xF700, 0x05C3, 0x05FF, 0x0A00, 0xEA00, 0x0CE0, 0x08F0, 0x1700, 0x8F00, 0x1730, 0x153C, 0x68C0,
    0x8700, 0x23E8, 0x33EE, 0x4C10, 0x8600, 0x4730, 0x77FE, 0x0800, 0x8000, 0x2BB0, 0x6BFD, 0x1400,
    0x8000, 0x46C0, 0x46F9, 0x3900, 0xE000, 0x1C00, 0x1FF2, 0x0000, 0xEC00, 0x0100, 0x1108, 0x0E00,
    0x0020, 0x3368, 0xF3EF, 0x0C10, 0x0020, 0x0168, 0x31EC, 0x0E10, 0x0020, 0x0CE8, 0xCEEC, 0x3010,
    0x0040, 0x0058, 0x68DC, 0x8020, 0x0000, 0x0130, 0xC338, 0x00C0, 0x0000, 0x12C0, 0xB6E0, 0x0100,
    0x0000, 0x1080, 0x7CE3, 0x0300, 0x0000, 0x7B00, 0xFBCC, 0x0403, 0x2000, 0x2800, 0x2D00, 0xD000,
    0x0000, 0xEC00, 0xEF38, 0x1000, 0x0018, 0x2438, 0xE47B, 0x1804, 0x0010, 0x1090, 0x3093, 0x0C6C,
    0x0000, 0x10B8, 0x39BC, 0x0040, 0x0000, 0x00C0, 0x03F0, 0x0000, 0x0100, 0x0380, 0x0FC3, 0x0000,
    0x0000, 0x0883, 0x08B3, 0x0700, 0xC000, 0x0C00, 0x0FCE, 0x3000, 0xB000, 0x3344, 0x337F, 0x4C80,
    0x5C00, 0x7066, 0x507F, 0xAF80, 0x7F00, 0x3FC3, 0x3FEF, 0xC000, 0x7C00, 0x3C82, 0x3CE6, 0xC301,
    0x2000, 0x2300, 0x23C7, 0xDC00, 0x0000, 0x8E00, 0x8F09, 0x7000, 0x8000, 0x2008, 0x7E3C, 0x0000,
    0xC000, 0x0318, 0x07F9, 0x0006, 0xE004, 0x0434, 0x1FF7, 0x0008, 0xD418, 0x1039, 0x3339, 0x0C06,
    0xDA20, 0x0BA8, 0x0BEB, 0x3410, 0x9840, 0x3B48, 0x1BCE, 0x6430, 0xC000, 0x0E10, 0x0F1C, 0x70E0,
    0xC000, 0x4060, 0x4EF3, 0x3000, 0xB000, 0x3000, 0x3309, 0x4C00, 0x0000, 0x7800, 0xFF00, 0x0000,
    0x0000, 0x1000, 0x3C34, 0x0000, 0x0000, 0x0024, 0x80E6, 0x0018, 0x0000, 0x009E, 0xF19E, 0x0060,
    0x0000, 0xC070, 0xC97C, 0x3080, 0x0000, 0x6040, 0x71F0, 0x8000, 0x0000, 0xC000, 0xF0C2, 0x0000,
    0x0000, 0x0000, 0xC330, 0x0000, 0x0000, 0x0298, 0xB2DE, 0x0120, 0x0000, 0x3110, 0xFFDC, 0x0020,
    0x0000, 0xE870, 0xED78, 0x1080, 0x1000, 0x9418, 0x97DC, 0x6820, 0x0000, 0x70B0, 0xFCB8, 0x0040,
    0x0000, 0x40E0, 0xF3F0, 0x0000, 0x0000, 0x8040, 0xCC73, 0x0000, 0x0000, 0x0881, 0x38CD, 0x0002,
    0x0000, 0x0000, 0x0000, 0x0000, 0x0000, 0x0000, 0x0000, 0x0000, 0x0000, 0x0000, 0x0000, 0x0000,
    0x0000, 0x0000, 0x0000, 0x0000, 0x0000, 0x0000, 0x0020, 0x0000, 0x0000, 0x0000, 0x0000, 0x0000,
    0x0000, 0x0000, 0x0000, 0x0000, 0x0000, 0x0000, 0x0000, 0x0000, 0x0000, 0x0000, 0x0000, 0x0000,
    0x0000, 0x0000, 0x0000, 0x0000, 0x0000, 0x0000, 0x0000, 0x0000, 0x0000, 0x0000, 0x0000, 0x0000,
    0x0000, 0x0000, 0x0000, 0x0000, 0x0000, 0x0000, 0x0000, 0x0000, 0x0000, 0x0000, 0x0000, 0x0000,
    0x0000, 0x0000, 0x0000, 0x0000, 0x0022, 0x0020, 0x0008, 0x0000, 0x0088, 0x0001, 0x0080, 0x0000,
    0x0005, 0x0010, 0x0020, 0x0000, 0x0002, 0x0001, 0x0000, 0x0000, 0x0000, 0x0004, 0x0008, 0x0000,
    0x0010, 0x0000, 0x0011, 0x0000, 0x0008, 0x0008, 0x0000, 0x0000, 0x0004, 0x0000, 0x0000, 0x0000,
    0x012A, 0x0100, 0x0420, 0x0100, 0x0000, 0x0000, 0x0008, 0x0000, 0x0081, 0x0085, 0x0000, 0x0080,
    0x0010, 0x0002, 0x0050, 0x0000, 0x0043, 0x0008, 0x2050, 0x0000, 0x0001, 0x0000, 0x0000, 0x0000,
    0x00AA, 0x0082, 0x0020, 0x0080, 0x0001, 0x0000, 0x0004, 0x0000, 0xFF0E, 0x002E, 0x002E, 0x00D1,
    0xEC06, 0x00E1, 0x00E8, 0x1317, 0xF007, 0x03A3, 0x03B0, 0x0C4C, 0xCC03, 0x3F05, 0x3731, 0x00CE,
    0xD60F, 0x1EE6, 0x02E0, 0x2919, 0xA90C, 0x39CF, 0x29C7, 0x5630, 0xB000, 0x7730, 0x77F3, 0x080C,
    0x0000, 0xCC77, 0xCF77, 0x3008, 0x8010, 0x1048, 0x14CF, 0x6830, 0x0020, 0x2047, 0x30C7, 0xC038,
    0x0000, 0x204D, 0x33CF, 0xC030, 0x0000, 0x083B, 0x4DFF, 0xB000, 0x8080, 0x1484, 0x76BC, 0x0843,
    0xC007, 0x0655, 0x2775, 0x088A, 0x800E, 0x030A, 0x47CA, 0x0035, 0x0000, 0x4083, 0x73F3, 0x800C,
    0xF030, 0xF3A0, 0xF3A9, 0x0C50, 0x0CFC, 0x0CBC, 0xCFBD, 0x3040, 0x0000, 0xE390, 0xFF90, 0x006C,
    0x00C0, 0x18DC, 0x38DE, 0xC720, 0x4F00, 0x7F30, 0x7F3F, 0x80C0, 0x0300, 0x13EA, 0x33FB, 0xCC04,
    0x0000, 0x0C80, 0xDCFD, 0x0302, 0x0000, 0x0398, 0x9FFB, 0x0004, 0x0000, 0x0D70, 0x3DFC, 0x0200,
    0x0000, 0x0144, 0xDDC4, 0x0238, 0x0000, 0x8710, 0xAF5C, 0x0020, 0x0000, 0x8100, 0xCFB1, 0x0000,
    0x0000, 0x0300, 0xC3C7, 0x0000, 0x0000, 0x80C8, 0xD1CD, 0x0032, 0x0000, 0x0046, 0xC847, 0x0038,
    0x0000, 0x0038, 0xAF7C, 0x0000, 0x0000, 0x0000, 0x0000, 0x0000, 0x0000, 0x0000, 0x0000, 0x0000,
    0x0000, 0x0000, 0x0000, 0x0000, 0x0000, 0x0000, 0x0040, 0x0000, 0x0000, 0x0000, 0x0001, 0x0000,
    0x0000, 0x0000, 0x0000, 0x0000, 0x0000, 0x0000, 0x0000, 0x0000, 0x0000, 0x0000, 0x0010, 0x0000,
    0x0000, 0x0000, 0x8000, 0x0000, 0x0000, 0x0000, 0x0000, 0x0000, 0x0000, 0x0000, 0x0000, 0x0000,
    0x0000, 0x0000, 0x0000, 0x0000, 0x0000, 0x0000, 0x0010, 0x0000, 0x0000, 0x0000, 0x0000, 0x0000,
    0x0000, 0x0000, 0x0000, 0x0000, 0x0000, 0x0000, 0x0000, 0x0000, 0x0660, 0x17EC, 0xD42C, 0x0993,
    0x07E8, 0x256B, 0xA86B, 0x1294, 0x079C, 0x069D, 0x2691, 0x0962, 0x000E, 0x001C, 0x381C, 0x03E3,
    0x0002, 0x18FA, 0x5CFE, 0x2001, 0x0000, 0x0C3D, 0x3FFF, 0x0000, 0x0000, 0x0050, 0x0CFC, 0x0000,
    0x0000, 0x0000, 0x02E2, 0x0000, 0x0000, 0x0060, 0x0170, 0x0080, 0x0000, 0x0078, 0x13FC, 0x0000,
    0x0000, 0x002C, 0x04EE, 0x0010, 0x0000, 0x0000, 0x433A, 0x0000, 0x0000, 0x072D, 0x0F2F, 0x0010,
    0x0000, 0x1C60, 0x7F7C, 0x0083, 0x0000, 0x2001, 0xEDC3, 0x1000, 0x0000, 0x0000, 0x2108, 0x0000,
    0x31FA, 0x39EF, 0x3940, 0xC615, 0xDC77, 0xFE57, 0x0E12, 0x01A8, 0x480C, 0x9C0C, 0x4004, 0x23F3,
    0xE078, 0xDB79, 0xE35B, 0x0484, 0x40F8, 0xACD8, 0x6FAB, 0x0004, 0xC0F0, 0x4332, 0x83C3, 0x4C3C,
    0x8020, 0x84EC, 0x3CCF, 0x8330, 0x0300, 0x1320, 0x733F, 0x0CC0, 0x0000, 0x00F0, 0x09F8, 0x0000,
    0x8001, 0x8841, 0x1F60, 0x8081, 0x0007, 0x0286, 0x3AE1, 0x0506, 0x000E, 0x1F0D, 0x7F42, 0x000C,
    0x000E, 0x200B, 0xFFC4, 0x000A, 0x000C, 0x4004, 0xF288, 0x0004, 0x003F, 0x8013, 0xE9AC, 0x0013,
    0x0037, 0x0039, 0xE286, 0x0031, 0x4FF0, 0xFFF8, 0x0159, 0xB000, 0xB008, 0xF008, 0x900D, 0x4FF0,
    0xC000, 0x4221, 0x03F3, 0xBC00, 0xC001, 0xC910, 0xCF18, 0x30E7, 0x006F, 0x006C, 0x006C, 0xFF93,
    0x01C3, 0x7143, 0xF153, 0x0EAC, 0x0001, 0x8101, 0xFF28, 0x00C6, 0x0001, 0x0205, 0x038C, 0x0002,
    0x6000, 0x6093, 0x00B3, 0x600C, 0xFC00, 0x9C0D, 0x600D, 0x9C02, 0x6780, 0xFF87, 0x000F, 0x0780,
    0x7F80, 0xC188, 0x3E2F, 0x8180, 0xFC00, 0xBC00, 0x4026, 0x3C00, 0xE000, 0xC000, 0x2395, 0xC000,
    0x8000, 0x0100, 0x9FE3, 0x0000, 0x0000, 0x1780, 0x37F2, 0x0800, 0x0000, 0x0029, 0x002D, 0x0012,
    0x0000, 0x0012, 0x0032, 0x000C, 0x0000, 0x001C, 0x007F, 0x0000, 0x0000, 0x0030, 0x40F0, 0x0000,
    0x0000, 0x0050, 0x01D8, 0x0020, 0x0000, 0x0000, 0x0000, 0x0000, 0x0000, 0x0000, 0x0030, 0x0000,
    0x0000, 0x0000, 0x1020, 0x0000, 0x0000, 0x0000, 0x0100, 0x0000, 0x0000, 0x0000, 0x0000, 0x0000,
    0x0000, 0x0000, 0x0000, 0x0000, 0x0000, 0x0000, 0x0040, 0x0000, 0x0000, 0x0000, 0x0001, 0x0000,
    0x0000, 0x0000, 0x0000, 0x0000, 0x0000, 0x0000, 0x0000, 0x0000, 0x0000, 0x0000, 0x0000, 0x0000,
    0x0000, 0x00C8, 0x3FCF, 0x0020, 0x0000, 0x2A70, 0xEE7C, 0x1180, 0x0000, 0x7BC0, 0xFBF1, 0x0400,
    0x0000, 0x0802, 0xFC03, 0x0000, 0x0000, 0x0000, 0x0387, 0x0000, 0x0000, 0x0500, 0x1D1F, 0x0200,
    0x0000, 0x0008, 0x0F0A, 0x0004, 0x0000, 0x0004, 0x50CE, 0x0000, 0x0000, 0x1F60, 0xFF7C, 0x0080,
    0x0000, 0x3090, 0x739E, 0x0C60, 0x0000, 0x2670, 0x27FC, 0x1800, 0x0000, 0x7804, 0xFFCF, 0x0000,
    0x0000, 0x400E, 0xFC0F, 0x0000, 0x0000, 0x8016, 0xF837, 0x0008, 0x0000, 0x0010, 0xC1FC, 0x0000,
    0x0000, 0x0000, 0x0700, 0x0000, 0x0000, 0x0000, 0x0000, 0x0000, 0x0000, 0x0000, 0x0000, 0x0000,
    0x0000, 0x0000, 0x00C0, 0x0000, 0x0000, 0x0080, 0x01A0, 0x0040, 0x0000, 0x0060, 0x00F0, 0x0000,
    0x0000, 0x0020, 0x0070, 0x0000, 0x0000, 0x0000, 0x0020, 0x0000, 0x0000, 0x0000, 0x0010, 0x0000,
    0x0000, 0x0000, 0x0000, 0x0000, 0x0000, 0x0000, 0x0012, 0x0000, 0x0000, 0x0000, 0x0004, 0x0000,
    0x0000, 0x0000, 0x0023, 0x0000, 0x0000, 0x0001, 0x014D, 0x0002, 0x0000, 0x000E, 0x37FF, 0x0000,
    0x0000, 0x3388, 0xFFCC, 0x0030, 0x0000, 0x4A60, 0x4A73, 0x3100, 0x0000, 0x0000, 0x0000, 0x0000,
    0x0000, 0x0000, 0x0000, 0x0000, 0x0000, 0x0000, 0x00C0, 0x0000, 0x0000, 0x0080, 0x00A0, 0x0040,
    0x0000, 0x0060, 0x00F0, 0x0000, 0x0000, 0x0020, 0x0070, 0x0000, 0x0000, 0x0000, 0x0010, 0x0000,
    0x0000, 0x0000, 0x0000, 0x0000, 0x0000, 0x4903, 0x4D33, 0x320C, 0x0000, 0x120C, 0x324C, 0x0C03,
    0x0000, 0x1803, 0xBE0F, 0x0000, 0x0000, 0x6000, 0xE003, 0x1000, 0x0000, 0x5000, 0xD8C1, 0x2000,
    0x0000, 0x0080, 0x0180, 0x0000, 0x0000, 0x0500, 0x0D30, 0x0000, 0x0000, 0x0830, 0x1C7C, 0x0000,
    0x0000, 0x1000, 0xDF0C, 0x2000, 0x0000, 0x4800, 0xCCF2, 0x3000, 0x0000, 0x9040, 0x9C73, 0x6080,
    0x0000, 0x00A0, 0x8CB9, 0x7040, 0x0000, 0xA0F0, 0xBCF8, 0x4000, 0x0000, 0x4050, 0x70D8, 0x8020,
    0x0000, 0x80B0, 0xF3B8, 0x0040, 0x0000, 0x0660, 0xCE78, 0x0180, 0x0000, 0x4041, 0x7CFB, 0x8000,
    0x0000, 0x1000, 0x1FF1, 0xE000, 0x0000, 0xD020, 0xFC35, 0x00C0, 0x0000, 0x01B2, 0xCFB7, 0x0040,
    0x0000, 0x07CD, 0x0FCD, 0x0032, 0x0000, 0x1672, 0x36F3, 0x090C, 0x0000, 0x000D, 0xFC7D, 0x0002,
    0x0000, 0x0003, 0x0207, 0x0000, 0x0000, 0x0000, 0x0000, 0x0000, 0x0000, 0x0000, 0x0130, 0x0000,
    0x0000, 0x0020, 0x08E3, 0x001C, 0x0000, 0x809C, 0xC39F, 0x0060, 0x0000, 0x46F0, 0xCEFC, 0x0100,
    0x0000, 0x9380, 0xF3F3, 0x0C00, 0x0000, 0x4000, 0xC7A4, 0x3000, 0x0000, 0x0000, 0x7918, 0x0000,
    0x0000, 0x2000, 0x3400, 0xC000, 0x0000, 0xD000, 0xDBF2, 0x2000, 0x0000, 0x2870, 0xE87C, 0x1080,
    0x0000, 0x1444, 0x3447, 0x0888, 0x0000, 0x1810, 0xBC3D, 0x0000, 0x0000, 0x0070, 0x83F8, 0x0000,
    0x0000, 0x0300, 0x8FF0, 0x0000, 0x0000, 0x0C00, 0x8F00, 0x0000, 0x0000, 0x0048, 0x30CD, 0x0030,
    0x0000, 0x0138, 0x7D3C, 0x00C0, 0x0000, 0x7D40, 0xFF73, 0x0080, 0x7000, 0xF547, 0xF74F, 0x0880,
    0x4000, 0x5804, 0x5CCC, 0xA003, 0x0000, 0xA004, 0xB00C, 0x4000, 0x0000, 0x4003, 0xC23F, 0x0000,
    0x0000, 0x000C, 0x703F, 0x0000, 0x0008, 0x003B, 0xBCFB, 0x4304, 0x0018, 0x0039, 0xC3FB, 0x3C04,
    0x3C10, 0x2C32, 0x2F33, 0xD00C, 0x6F00, 0x532C, 0x43EF, 0xBC10, 0xB800, 0xDBB0, 0x9BFC, 0x6400,
    0x8000, 0xC4A1, 0x87F9, 0x7800, 0xC000, 0xC841, 0xCFF3, 0x3000, 0xF800, 0xFA00, 0xFB03, 0x0400,
    0x0000, 0x0000, 0x0808, 0x3000, 0x0000, 0x2C70, 0x2CF2, 0x1000, 0x0000, 0x0148, 0xD54C, 0x00B0,
    0x0000, 0xA986, 0xFD87, 0x0048, 0x0000, 0x805C, 0xFC7E, 0x0000, 0x0000, 0x4038, 0x60FC, 0x8000,
    0x0000, 0x0000, 0xF03C, 0x0000, 0x0000, 0x0000, 0x8050, 0x0000, 0x0000, 0x0000, 0x0020, 0x0000,
    0x0000, 0x0000, 0x3898, 0x0000, 0x0000, 0x7028, 0xFC6C, 0x0010, 0x0000, 0x9850, 0x9CD8, 0x6020,
    0x0000, 0x2080, 0x38B8, 0xC040, 0x0000, 0xC060, 0xF070, 0x0080, 0x0000, 0x0180, 0xC3D4, 0x0000,
    0x0000, 0x2000, 0x3880, 0x0000, 0x00F0, 0x02F1, 0x42F1, 0x010E, 0x000C, 0x020E, 0x06CF, 0x0130,
    0x0000, 0x0123, 0x233F, 0x00C0, 0x0000, 0x0108, 0x0338, 0x00C7, 0x00CF, 0x017F, 0x037F, 0x0080,
    0x000B, 0x018B, 0x038B, 0x0074, 0x0000, 0x0070, 0x0FF0, 0x000F, 0x0000, 0x180F, 0x78FF, 0x0700,
    0x0000, 0x23E1, 0xEFF3, 0x1000, 0x0C00, 0x4C38, 0xCC3D, 0x33C0, 0x3000, 0x7518, 0xF71C, 0x08E0,
    0x0000, 0x10C0, 0x9FCC, 0x6030, 0x4000, 0x4F30, 0x7FFC, 0x8000, 0x8700, 0x9FC0, 0xBFF1, 0x4000,
    0x0C00, 0xB400, 0xF4F3, 0x0B00, 0x0800, 0x0800, 0xFB01, 0x0400, 0x0000, 0xC028, 0xF06F, 0x0010,
    0x0000, 0x00D0, 0xCCDC, 0x3020, 0x0000, 0x9880, 0xBFF0, 0x4000, 0x0000, 0x0800, 0x3B00, 0xC400,
    0x0000, 0x8500, 0xCD87, 0x0200, 0x0000, 0x8504, 0xCD9C, 0x0203, 0x0000, 0x8B10, 0xCBB0, 0x040F,
    0x0000, 0x4A06, 0x7B8F, 0x8400, 0x0000, 0x0400, 0x0602, 0xF800, 0x0000, 0xC800, 0xCC31, 0x3000,
    0x0000, 0x6C24, 0xEEE7, 0x1018, 0x0000, 0x348C, 0x768F, 0x0870, 0x0000, 0x1870, 0x3C7C, 0x0080,
    0x0000, 0x00C0, 0x83F0, 0x0000, 0x0000, 0x8100, 0xE5C0, 0x0200, 0x0000, 0x8500, 0xCD20, 0x0200,
    0x0000, 0x7E00, 0xFF00, 0x0000, 0x0000, 0x5700, 0xD700, 0x2800, 0x3800, 0xCA00, 0xCB00, 0x3400,
    0x0000, 0x9200, 0xD300, 0x2C00, 0x0700, 0x0000, 0x3FFF, 0xC0FF, 0xCA80, 0x0780, 0x387F, 0xC0FF,
    0x0580, 0x6E80, 0xE17F, 0x10FF, 0x0780, 0x3180, 0xF67F, 0x09FF, 0x03C0, 0x0B00, 0x38FF, 0x033F,
    0x01FE, 0x51BE, 0xDC41, 0x23BF, 0x00FA, 0x48C6, 0xCF39, 0x30C3, 0x007F, 0x246B, 0xE494, 0x186B,
    0x0057, 0x0051, 0x370E, 0x0051, 0x003E, 0x0436, 0x3C89, 0x0337, 0x000E, 0x0382, 0x1FFD, 0x0003,
    0x0007, 0x0181, 0x739E, 0x0001, 0x0000, 0x0000, 0x0000, 0x0000, 0x0000, 0x0000, 0x0000, 0x0000,
    0x0000, 0x0000, 0x0000, 0x0000, 0x0000, 0x0000, 0x0000, 0x0000, 0x0000, 0x0000, 0xFFFF, 0xFFFF,
    0x0000, 0x0000, 0xFFFF, 0xFFFF, 0x0000, 0x0000, 0xFFFF, 0xFFFF, 0x0000, 0x0000, 0xFFFF, 0xFFFF,
    0x0000, 0x0000, 0xFFFF, 0xFFFF, 0x0000, 0x0000, 0xFFFF, 0xFFFF, 0x0000, 0x0000, 0xFFFF, 0xFFFF,
    0x0000, 0x0000, 0xFFFF, 0xFFFF, 0x0000, 0x0000, 0xFFFF, 0xFFFF, 0x0000, 0x0000, 0xFFFF, 0xFFFF,
    0xC000, 0xC000, 0x3FFF, 0xFFFF, 0xF000, 0xF000, 0x0FFF, 0xFFFF, 0x0008, 0x004C, 0xE9CF, 0x0030,
    0x0070, 0x00D1, 0x00D7, 0x0028, 0x0060, 0x0865, 0xCD67, 0x3098, 0x0020, 0x783B, 0x7C3F, 0x80C0,
    0x0000, 0xC068, 0xDDEF, 0x0010, 0x0000, 0x8000, 0xF13F, 0x0000, 0x0000, 0x0300, 0xC780, 0x0000,
    0x0200, 0x07F9, 0x3CFF, 0x0000, 0x0000, 0x0E12, 0x3813, 0xC1EC, 0x0000, 0x49E4, 0xF9E6, 0x0618,
    0x0000, 0x0602, 0xE7FE, 0x1800, 0x0000, 0x2C28, 0xEFFA, 0x1000, 0x0000, 0x5010, 0xDFB9, 0x2000,
    0x0000, 0x9421, 0x9EF3, 0x6000, 0x0000, 0x9062, 0x9CE6, 0x6001, 0x0000, 0x2085, 0x3DED, 0xC002,
    0x1C00, 0x1C00, 0xA0FC, 0x1C00, 0x1C00, 0x1C38, 0xC0FF, 0x1C00, 0x0000, 0x8069, 0xC3EF, 0x0010,
    0x0000, 0x0197, 0xCF9F, 0x0060, 0x0000, 0x0322, 0x8F3B, 0x00C4, 0x0000, 0x06C5, 0x3EF7, 0x0108,
    0x0000, 0x0D88, 0xBDFF, 0x0200, 0x0000, 0x0B00, 0x7B92, 0x0400, 0x0000, 0x3C10, 0x7D78, 0x0000,
    0x0000, 0x0020, 0x3CFC, 0x0000, 0x0000, 0x0078, 0x3BFC, 0x0000, 0x0000, 0x2040, 0xFCDD, 0x0020,
    0x0000, 0x3CA4, 0xFDFC, 0x0000, 0x0000, 0x1140, 0x1FF0, 0xE000, 0x0000, 0xE000, 0xF9DB, 0x0000,
    0x0000, 0x8202, 0xF3CF, 0x0000, 0x0000, 0x2000, 0x7D21, 0x0000, 0x0000, 0x0000, 0x1D50, 0x0000,
    0x0000, 0x0040, 0xF0E0, 0x0000, 0x0000, 0xA0E0, 0xECF1, 0x0000, 0x0000, 0x4010, 0xF0B2, 0x0000,
    0x0000, 0x0000, 0xD222, 0x0000, 0x0000, 0x0000, 0x2780, 0x0000, 0x0000, 0x0E00, 0x0F00, 0x0000,
    0x0000, 0x0000, 0x0900, 0x0000, 0x0000, 0x0000, 0x8100, 0x0000, 0x0000, 0xC000, 0xE000, 0x0000,
    0x0000, 0x4000, 0xF800, 0x0000, 0x0000, 0x1000, 0x1000, 0x0000, 0x0000, 0x0000, 0x2800, 0x0000,
    0x0000, 0x0000, 0x0000, 0x0000, 0x0000, 0x0000, 0x8000, 0x0000, 0x0000, 0x040C, 0x9FAC, 0x0013,
    0x0000, 0x0462, 0x3666, 0x0819, 0x0020, 0x007A, 0xCEFE, 0x3001, 0x0000, 0x2091, 0x399D, 0x0060,
    0x0000, 0x0040, 0x067D, 0x0080, 0x0000, 0x8C41, 0xEC73, 0x1380, 0x0000, 0x0A04, 0xCB84, 0x3403,
    0x0000, 0x1002, 0x3C72, 0x000D, 0x0000, 0x0021, 0x203F, 0x0000, 0x0000, 0x0040, 0x9FCC, 0x0033,
    0x0000, 0x0193, 0xC7D7, 0x0028, 0x0000, 0x8044, 0xB9FE, 0x4000, 0x0000, 0x3003, 0x3A07, 0x0000,
    0x0000, 0x0004, 0x11BC, 0x0003, 0x0000, 0x0001, 0x04CF, 0x0000, 0x0000, 0x0000, 0x0043, 0x0000,
    0x0000, 0x0001, 0x7411, 0x000E, 0x0000, 0x3807, 0x7E8F, 0x0000, 0x3000, 0x3E02, 0xBF0E, 0x4001,
    0x2000, 0x6C01, 0xEE47, 0x1000, 0x0000, 0x1801, 0xFC0B, 0x0000, 0x0000, 0x3001, 0x7913, 0x0000,
    0x0000, 0x0000, 0x3699, 0x0000, 0x0000, 0x0600, 0x1F0C, 0x0000, 0x0000, 0x4C00, 0xCE02, 0x3000,
    0x0000, 0x3000, 0x3C3F, 0x0000, 0x0000, 0x0026, 0x3067, 0x0018, 0x0000, 0x008C, 0xC18F, 0x0070,
    0x0000, 0x4030, 0x613C, 0x80C0, 0x0000, 0x60C0, 0x71F0, 0x8000, 0x0000, 0x6000, 0x78C2, 0x0000,
    0x0000, 0x0000, 0xF030, 0x0000, 0x0000, 0x0300, 0x0F80, 0x0000, 0x0000, 0x8000, 0xC300, 0x0000,
    0x0000, 0xC000, 0xF200, 0x0000, 0x0000, 0x6000, 0x7100, 0x8000, 0x0000, 0x3000, 0x3A20, 0xC000,
    0x0000, 0xB000, 0xBC00, 0x4000, 0x0000, 0x9000, 0x9900, 0x6000, 0x0000, 0x7800, 0xFC00, 0x0000,
    0x0000, 0x3000, 0x7400, 0x0000, 0x0000, 0x0000, 0x3800, 0x0000, 0x0000, 0x0000, 0x8200, 0x0000,
    0x0000, 0x0000, 0x3000, 0x0000, 0x0000, 0x1800, 0xDC00, 0x2000, 0x0000, 0x1400, 0x3600, 0x0800,
    0x0000, 0x0000, 0x0600, 0x0000, 0x0000, 0x0000, 0x0100, 0x0000, 0x0000, 0x0000, 0x0000, 0x0000,
    0x0000, 0x0000, 0x0000, 0x0000, 0x0000, 0x0000, 0x0000, 0x0000, 0x0000, 0x0000, 0x0101, 0x0000,
    0x0000, 0x0000, 0x0004, 0x0000, 0x0000, 0x0000, 0x0000, 0x0000, 0x0000, 0x0000, 0x0000, 0x0000,
    0x0000, 0x0000, 0x0020, 0x0000, 0x0000, 0x0000, 0x0001, 0x0000, 0x0000, 0x0000, 0x0004, 0x0001,
    0x0000, 0x0002, 0x0183, 0x0000, 0x0000, 0x0080, 0x02E4, 0x0100, 0x0000, 0x0080, 0x05E0, 0x0000,
    0x0000, 0x0000, 0x0A00, 0x0000, 0x0000, 0x0000, 0x0000, 0x0000, 0x0000, 0x0000, 0x0001, 0x0000,
    0x0001, 0x0090, 0x099E, 0x0060, 0x0003, 0x0040, 0x1078, 0x0180, 0x000F, 0x0000, 0x03E0, 0x0000,
    0x000F, 0x0000, 0x0760, 0x0000, 0x0003, 0x0000, 0x0CDC, 0x0000, 0x0001, 0x0008, 0x187A, 0x0004,
    0x0001, 0x0024, 0x0066, 0x0018, 0x0003, 0x000C, 0x611C, 0x0000, 0x0007, 0x1010, 0x9F18, 0x6000,
    0x0007, 0x4070, 0x7A78, 0x8000, 0x0003, 0x80D8, 0xE1DC, 0x0020, 0x0001, 0x00B0, 0x00BE, 0x0140,
    0x0001, 0x0002, 0x9E62, 0x0004, 0x0001, 0x0542, 0x1D42, 0x0224, 0x0001, 0x1804, 0x787C, 0x0602,
    0x0001, 0x0604, 0x1F84, 0x0018, 0x0000, 0x0001, 0x0003, 0x0000, 0x0000, 0x0002, 0x0007, 0x0000,
    0x0000, 0x0000, 0x00C2, 0x0000, 0x0000, 0x0020, 0x0130, 0x00C0, 0x0000, 0x0030, 0x0078, 0x0000,
    0x0000, 0x0000, 0x003A, 0x0000, 0x0000, 0x0000, 0x0000, 0x0000, 0x0000, 0x0000, 0x0004, 0x0000,
    0x0000, 0x0000, 0x0001, 0x0000, 0x0000, 0x0000, 0x0008, 0x0000, 0x0000, 0x0000, 0x0000, 0x0000,
    0x0000, 0x0000, 0x0001, 0x0000, 0x0000, 0x0001, 0x0013, 0x0000, 0x0000, 0x0002, 0x0007, 0x0000,
    0x0000, 0x0000, 0x0003, 0x0000, 0x0000, 0x0000, 0x0000, 0x0000, 0x0003, 0x1580, 0x9DCC, 0x2200,
    0x0007, 0x3210, 0x32F8, 0x0C00, 0x000F, 0x0C90, 0x3F90, 0x0000, 0x000F, 0x1130, 0xD1B0, 0x2040,
    0x000F, 0x22A0, 0xEEB0, 0x1040, 0x001F, 0x1440, 0x14E0, 0x0000, 0x001F, 0x2040, 0x7CE0, 0x0000,
    0x001F, 0x4040, 0xF060, 0x0000, 0x003F, 0x0040, 0x80C0, 0x0000, 0x001F, 0x0000, 0x30E0, 0x0000,
    0x000F, 0x7220, 0xF330, 0x0C00, 0x0007, 0xC630, 0xC738, 0x3800, 0x0007, 0x3810, 0x3CF8, 0xC000,
    0x0007, 0xE040, 0xF048, 0x0080, 0x000F, 0x8000, 0xC330, 0x0080, 0x001F, 0x0000, 0x30E0, 0x0000,
    0x0000, 0x0000, 0x0046, 0x0000, 0x0000, 0x0000, 0x002A, 0x0000, 0x0000, 0x0000, 0x01CE, 0x0000,
    0x0000, 0x0000, 0x003C, 0x00C0, 0x0000, 0x0060, 0x12F1, 0x0000, 0x0000, 0x0000, 0x00B7, 0x0000,
    0x0000, 0x0010, 0x0010, 0x0000, 0x0000, 0x0000, 0x0151, 0x0000, 0x0000, 0x0008, 0x000C, 0x0000,
    0x0000, 0x0008, 0x0249, 0x0004, 0x0000, 0x0014, 0x0035, 0x0008, 0x0000, 0x0048, 0x40CF, 0x0030,
    0x0000, 0x00B0, 0x01B2, 0x0040, 0x0000, 0x0040, 0x0076, 0x0080, 0x0000, 0x0040, 0x02CC, 0x0000,
    0x0000, 0x0040, 0x10C0, 0x0000, 0x0001, 0x2624, 0xE7EE, 0x1810, 0x0001, 0x1C2C, 0x3F2E, 0x0010,
    0x0001, 0x3028, 0xBE2E, 0x0010, 0x0003, 0x2028, 0xF8EC, 0x0010, 0x0003, 0x60F8, 0x70FC, 0x8000,
    0x0003, 0xC0D0, 0xF1FC, 0x0000, 0x0007, 0x1058, 0x3CF8, 0x0000, 0x0007, 0x3048, 0xF058, 0x0020,
    0x0000, 0x5C40, 0xDF73, 0x2000, 0x0001, 0x3028, 0x3E2E, 0xC010, 0x0003, 0x4098, 0xF0BC, 0x0040,
    0x000F, 0x0020, 0x00F0, 0x0000, 0x000F, 0x0180, 0xCFB0, 0x0000, 0x003F, 0x0D80, 0xBDC0, 0x0200,
    0x007F, 0x1100, 0x3180, 0x0E00, 0x00FF, 0x0700, 0xCF00, 0x0000, 0x0000, 0x4000, 0xF000, 0x0000,
    0x0000, 0x1000, 0x1800, 0x2000, 0x0000, 0x0000, 0x0400, 0x0000, 0x0000, 0x1000, 0x3001, 0x0000,
    0x0000, 0x0000, 0xCD23, 0x3000, 0x0000, 0x1800, 0x7F00, 0x0000, 0x8000, 0x0400, 0x6D92, 0x0000,
    0xC000, 0x0000, 0x34F6, 0x0000, 0xF000, 0x0000, 0x04EC, 0x0000, 0xFC00, 0x00C0, 0x02F3, 0x0000,
    0xFE00, 0x0020, 0x0138, 0x00C0, 0xFE00, 0x0050, 0x01DC, 0x0020, 0xFE00, 0x000C, 0x010C, 0x0030,
    0xFC00, 0x0030, 0x02F0, 0x000C, 0xFC00, 0x029C, 0x02FF, 0x0100, 0xF800, 0x02C6, 0x06FF, 0x0100,
    0x0000, 0x0000, 0x180C, 0x0000, 0x0000, 0x2800, 0x6CE2, 0x1000, 0x0000, 0x50B0, 0xD9BC, 0x2040,
    0x0000, 0x80C8, 0xB3CB, 0x0004, 0x0000, 0x0014, 0x00BE, 0x0000, 0x0000, 0x1528, 0x5FEE, 0x2010,
    0x0000, 0x23C0, 0x27F8, 0x1800, 0x0000, 0x1800, 0x3F00, 0x0000, 0x0000, 0x000C, 0x18FF, 0x0000,
    0x0000, 0x11FA, 0x3DFE, 0x0001, 0x0000, 0x7900, 0xFF07, 0x00F8, 0x0000, 0x9080, 0x9B88, 0x6070,
    0x0000, 0xA040, 0xBCF3, 0x4000, 0x0000, 0xC012, 0xEA5F, 0x0020, 0x0000, 0x0E1C, 0xDF3E, 0x0000,
    0x0000, 0x4D10, 0xCFFC, 0x3000, 0x0000, 0x0002, 0x3C0F, 0x0000, 0x0006, 0x3810, 0x7E38, 0x0001,
    0x0007, 0x6000, 0xE250, 0x1C08, 0x0007, 0xDC08, 0xDE38, 0x2000, 0x0003, 0x7018, 0x7C5C, 0x8000,
    0x0007, 0xC010, 0xF1F8, 0x0000, 0x000F, 0x8160, 0xC7F0, 0x0000, 0x003F, 0x0C00, 0x1FC0, 0x0000,
    0x87FF, 0x2000, 0x7800, 0x0000, 0x9FFF, 0x0000, 0x6000, 0x0000, 0xFFFF, 0x0000, 0x0000, 0x0000,
    0xFFFF, 0x0000, 0x0000, 0x0000, 0xFFFF, 0x0000, 0x0000, 0x0000, 0xFFFF, 0x0000, 0x0000, 0x0000,
    0xFFFF, 0x0000, 0x0000, 0x0000, 0xFFFF, 0x0000, 0x0000, 0x0000, 0x0FFF, 0x8000, 0x8000, 0x3000,
    0x3FFF, 0x8000, 0x8000, 0x0000, 0x3FFF, 0x8000, 0x8000, 0x0000, 0x7FFF, 0x0000, 0x0000, 0x0000,
    0x7FFF, 0x0000, 0x0000, 0x0000, 0x7FFF, 0x0000, 0x0000, 0x8000, 0xFFFF, 0x8000, 0x0000, 0x0000,
    0xFFFF, 0x0000, 0x0000, 0x0000, 0xFFFF, 0x0000, 0x0000, 0x0000, 0xFFFF, 0x0000, 0x0000, 0x0000,
    0xFFFF, 0x0000, 0x0000, 0x0000, 0xFFFF, 0x0000, 0x0000, 0x0000, 0xFFFF, 0x0000, 0x0000, 0x0000,
    0xFFFF, 0x0000, 0x0000, 0x0000, 0xFFFF, 0x0000, 0x0000, 0x0000, 0xFFFF, 0x0000, 0x0000, 0x0000,
    0xE000, 0x0240, 0x1E70, 0x0180, 0xC400, 0x2450, 0x27D8, 0x1820, 0xDE00, 0x3620, 0x373E, 0x08C0,
    0xBF00, 0x2862, 0x2873, 0x578C, 0xF000, 0x30C1, 0x30F5, 0x4F02, 0xC000, 0x0685, 0x07E5, 0x7802,
    0xC000, 0x2D05, 0x2FCD, 0x1002, 0xE020, 0x1C02, 0x1F13, 0x000C, 0xFFE0, 0x0004, 0x001D, 0x0000,
    0xFF80, 0x0008, 0x004F, 0x0000, 0xFF00, 0x008C, 0x008C, 0x0030, 0xFF00, 0x0011, 0x0033, 0x000C,
    0xFF00, 0x003C, 0x00FF, 0x0000, 0xFF00, 0x000C, 0x00CF, 0x0030, 0xFF80, 0x0018, 0x007C, 0x0000,
    0xFFC0, 0x0000, 0x0033, 0x0000, 0x0000, 0x0F04, 0x1FC4, 0x0003, 0x0000, 0x1600, 0x37BC, 0x0803,
    0x0000, 0x2C33, 0x2E37, 0x1000, 0x0000, 0x1862, 0x3CF3, 0x0000, 0x0000, 0x0140, 0x0BE3, 0x0000,
    0x0000, 0x1D04, 0x9DCF, 0x2200, 0x0000, 0x2207, 0xA33F, 0x1C00, 0x0000, 0x2830, 0x3CF0, 0x000F,
    0x0000, 0x00C2, 0x01C2, 0x0001, 0x0000, 0x0102, 0x31BE, 0x0001, 0x0000, 0x6633, 0xE73B, 0x1800,
    0x0000, 0xCC61, 0xCFF3, 0x3000, 0x0000, 0x2006, 0x3C4F, 0xC000, 0x0000, 0xE00C, 0xF01F, 0x0000,
    0x0000, 0x0000, 0xC30F, 0x0000, 0x0000, 0x0000, 0x30F0, 0x000F, 0xBF80, 0x27C0, 0x27F0, 0x5800,
    0xDF00, 0x6F10, 0x4FDC, 0x3020, 0xB200, 0x524C, 0x527F, 0x2D80, 0xC000, 0x2B87, 0x2BD7, 0x1408,
    0xE002, 0x1F06, 0x1FCE, 0x0001, 0xE003, 0x1107, 0x118F, 0x0E00, 0xCC00, 0x3D84, 0x3FCC, 0x0003,
    0x8700, 0x6E89, 0x7EAB, 0x0104, 0x1700, 0x1F84, 0x1FC5, 0xE002, 0x7F00, 0x6EC6, 0x6EE6, 0x9100,
    0x5400, 0xA580, 0x85A2, 0x7A00, 0x6200, 0x8100, 0x81C1, 0x7E00, 0x6000, 0x6EC0, 0x6EE1, 0x9100,
    0x7000, 0x6F80, 0x6FE2, 0x9000, 0x1800, 0x1300, 0x93CD, 0x6C00, 0x8000, 0x430D, 0x539D, 0x2C02,
    0x0000, 0x301B, 0x79DB, 0x0004, 0x0000, 0x0030, 0x3073, 0x000C, 0x0000, 0x0027, 0x8027, 0x0018,
    0x0000, 0x0028, 0xE06F, 0x0010, 0x0000, 0xF058, 0xF8DC, 0x0020, 0x0000, 0x6030, 0x7938, 0x80C0,
    0x0000, 0x80E0, 0xE0F2, 0x0000, 0x0000, 0x0000, 0x8308, 0x0000, 0x0000, 0x1D00, 0xBD00, 0x0200,
    0x0000, 0x2200, 0x2300, 0x1C00, 0x1800, 0x5B00, 0x5BC0, 0x2400, 0x1000, 0x5C00, 0xDF60, 0x2080,
    0x0000, 0xD800, 0xDC00, 0x2000, 0x0000, 0x6000, 0xFC00, 0x0000, 0x0000, 0x0000, 0x7300, 0x0000,
    0x0000, 0x0000, 0x8E00, 0x0000, 0x008A, 0x0000, 0x0480, 0x0000, 0x0000, 0x0000, 0x0008, 0x0000,
    0x0040, 0x0000, 0x0041, 0x0000, 0x0008, 0x0002, 0x0000, 0x0000, 0x0082, 0x0080, 0x0010, 0x0080,
    0x000B, 0x0000, 0x0008, 0x0000, 0x004D, 0x0040, 0x0000, 0x0040, 0x0011, 0x0002, 0x0008, 0x0000,
    0x0003, 0x0000, 0x0004, 0x0000, 0x0083, 0x0084, 0x0000, 0x0080, 0x010D, 0x0100, 0x0020, 0x0100,
    0x0053, 0x0000, 0x8010, 0x0000, 0x000A, 0x0001, 0x000C, 0x0000, 0x0050, 0x0040, 0x0011, 0x0040,
    0x001C, 0x0019, 0x0004, 0x0010, 0x0000, 0x0000, 0x3000, 0x0000, 0x8000, 0x302C, 0x38FE, 0x4000,
    0xC000, 0x1830, 0x1C3C, 0x2000, 0xE000, 0x0800, 0x0E06, 0x1000, 0xE000, 0x0800, 0x0C30, 0x1000,
    0xE000, 0x0628, 0x07EC, 0x1810, 0xC000, 0x0104, 0x0B36, 0x3008, 0xF0FE, 0x0800, 0x0801, 0x0400,
    0xFFFF, 0x0000, 0x0000, 0x0000, 0xFFFF, 0x0000, 0x0000, 0x0000, 0xFFFF, 0x0000, 0x0000, 0x0000,
    0xFFFF, 0x0000, 0x0000, 0x0000, 0xFFFF, 0x0000, 0x0000, 0x0000, 0xFFFF, 0x0000, 0x0000, 0x0000,
    0xFFFF, 0x0000, 0x0000, 0x0000, 0xFFFF, 0x0000, 0x0000, 0x0000, 0xFFFF, 0x0000, 0x0000, 0x0000,
    0x0000, 0x0400, 0x9531, 0x0000, 0x0000, 0x2800, 0x3C89, 0x0000, 0x0000, 0x2080, 0x6980, 0x0000,
    0x0000, 0x0180, 0xC3C8, 0x0000, 0x0000, 0x0400, 0x0CB3, 0x0300, 0x0000, 0x1201, 0x7327, 0x0C00,
    0x0018, 0x0800, 0x4CC4, 0x3000, 0x807F, 0x0000, 0x4300, 0x0000, 0xFFFF, 0x0000, 0x0000, 0x0000,
    0xFFFF, 0x0000, 0x0000, 0x0000, 0xFFFF, 0x0000, 0x0000, 0x0000, 0xFFFF, 0x0000, 0x0000, 0x0000,
    0xFFFF, 0x0000, 0x0000, 0x0000, 0xFFFF, 0x0000, 0x0000, 0x0000, 0xFFFF, 0x0000, 0x0000, 0x0000,
    0xFFFF, 0x0000, 0x0000, 0x0000, 0x0000, 0x0004, 0x400C, 0x0000, 0x0000, 0x0004, 0x0034, 0x0008,
    0x0000, 0x0030, 0x007D, 0x0000, 0x0000, 0x0000, 0x4033, 0x0000, 0x0000, 0x0000, 0x016B, 0x0000,
    0x0000, 0x0015, 0x005D, 0x0022, 0x0000, 0x0028, 0x002A, 0x0014, 0x0000, 0x001C, 0x103C, 0x0000,
    0x0000, 0x0000, 0x002F, 0x0010, 0x0000, 0x0010, 0x0016, 0x0008, 0x0000, 0x0008, 0x001E, 0x0000,
    0x0000, 0x0000, 0x0090, 0x0000, 0x0000, 0x0000, 0x00C8, 0x0000, 0x0000, 0x0000, 0x0000, 0x0000,
    0x0000, 0x0000, 0x0000, 0x0000, 0x0000, 0x0000, 0x0000, 0x0000, 0x000F, 0x0003, 0x800C, 0x0003,
    0x0036, 0x002A, 0x9014, 0x0022, 0x00FC, 0x00AC, 0xD050, 0x00AC, 0x01B8, 0xC198, 0xE021, 0x0198,
    0x0000, 0x1001, 0x3007, 0x0000, 0x0000, 0x008E, 0x10EE, 0x0011, 0x0000, 0x0000, 0x00C7, 0x0038,
    0x0000, 0x0028, 0x803C, 0x0000, 0x0000, 0x0000, 0x0008, 0x0000, 0x0000, 0x0000, 0x0021, 0x0000,
    0x0000, 0x0000, 0x00E4, 0x0000, 0x0000, 0x00A0, 0x00B8, 0x0040, 0x0000, 0x0020, 0x0075, 0x0000,
    0x0000, 0x0000, 0x0002, 0x0000, 0x0000, 0x0000, 0x0000, 0x0000, 0x0000, 0x0000, 0x0000, 0x0000,
    0x0800, 0x09E0, 0xC9F8, 0x3600, 0x1800, 0x4800, 0xC8CC, 0x3730, 0x2000, 0xA70C, 0xA79F, 0x5800,
    0x0000, 0x9F82, 0x9FDB, 0x6004, 0x0000, 0x9D01, 0x9FCD, 0x6002, 0x0000, 0xE100, 0xFDE4, 0x0203,
    0x0202, 0x8A87, 0xFAFF, 0x0500, 0x0000, 0x1C32, 0xDF73, 0x200C, 0x0008, 0x402C, 0x7FEE, 0x0010,
    0x0000, 0x7230, 0xFEF6, 0x0109, 0x0000, 0x30CF, 0xF7CF, 0x0830, 0x0000, 0x05B8, 0xFDBC, 0x0040,
    0x0000, 0x0260, 0x8B7F, 0x0080, 0x0000, 0x0728, 0x7FFD, 0x0000, 0x0000, 0x0000, 0x5F79, 0x0000,
    0x0000, 0x0000, 0x01F4, 0x0000, 0x0000, 0x0000, 0x0000, 0x0000, 0x0000, 0x0000, 0x0000, 0x0000,
    0x0000, 0x0000, 0x0000, 0x0000, 0x0000, 0x0000, 0x0080, 0x0000, 0x0000, 0x0000, 0x0002, 0x0000,
    0x0000, 0x0000, 0x0000, 0x0000, 0x0000, 0x0000, 0x0000, 0x0000, 0x0000, 0x0000, 0x0010, 0x0000,
    0x0000, 0x0000, 0x0000, 0x0000, 0x0000, 0x0000, 0x0002, 0x0000, 0x0000, 0x0001, 0x00C1, 0x0000,
    0x0000, 0x0040, 0x0172, 0x0080, 0x0000, 0x0040, 0x02D0, 0x0000, 0x0000, 0x0000, 0x0500, 0x0000,
    0x0000, 0x0000, 0x0000, 0x0000, 0x0000, 0x0000, 0x0000, 0x0000, 0x0000, 0x0048, 0x0CCE, 0x0030,
    0x0000, 0x00A0, 0x08BC, 0x0040, 0x0000, 0x00C0, 0x01E0, 0x0000, 0x0000, 0x0100, 0x83A0, 0x0000,
    0x0000, 0x0000, 0x066E, 0x0000, 0x0000, 0x0004, 0x003D, 0x0002, 0x0000, 0x0010, 0x0031, 0x000E,
    0x0000, 0x0004, 0x308D, 0x0002, 0x0000, 0x0808, 0xCF8A, 0x3004, 0x0000, 0x2014, 0x3D36, 0xC008,
    0x0000, 0x4028, 0xF86D, 0x0010, 0x0000, 0x0010, 0x00DF, 0x0020, 0x0000, 0x0001, 0x4331, 0x0002,
    0x0000, 0x02A1, 0x16A1, 0x0112, 0x0000, 0x0C02, 0x3C3E, 0x0301, 0x0000, 0x0302, 0x8FC2, 0x000C,
    0x0000, 0x0002, 0x49CF, 0x0000, 0x0000, 0x003C, 0x303C, 0x0000, 0x0000, 0x2C90, 0xEFDC, 0x1020,
    0x0000, 0x9C00, 0x9F30, 0x6000, 0x0000, 0x2000, 0x3C00, 0xC000, 0x0000, 0xC02B, 0xF0EF, 0x0010,
    0x0000, 0x0024, 0xC327, 0x0018, 0x0000, 0x1000, 0x303C, 0x0000, 0x0000, 0x482C, 0xCE6C, 0x3010,
    0x0000, 0x2030, 0x3C3C, 0xC000, 0x0000, 0x8000, 0xF031, 0x0000, 0x0000, 0x0000, 0x00CB, 0x0000,
    0x0000, 0x02C0, 0xCFF2, 0x0000, 0x0000, 0x0640, 0x3E64, 0x0180, 0x0000, 0x0980, 0x39B0, 0x0600,
    0x0000, 0x0300, 0xCFC0, 0x0000, 0x0000, 0x0008, 0x001C, 0x0000, 0x0000, 0x0000, 0x3CC6, 0x0000,
    0x0000, 0x2420, 0xE732, 0x18C0, 0x0000, 0x8C50, 0x8EDC, 0x7020, 0x0000, 0xF008, 0xFC4C, 0x0030,
    0x0000, 0x8014, 0xF0B4, 0x0008, 0x0000, 0x0004, 0x811F, 0x0000, 0x0000, 0x0002, 0x300F, 0x0000,
    0x0000, 0x1300, 0x3F33, 0x0000, 0x0000, 0x1480, 0x5CFC, 0x2300, 0x0000, 0x2668, 0x67EC, 0x1810,
    0x0000, 0x009C, 0x7C9E, 0x0060, 0x0000, 0x0130, 0x033C, 0x00C0, 0x0000, 0x0680, 0x1EF3, 0x0100,
    0x0000, 0x0206, 0x0FCF, 0x0000, 0x0000, 0x0000, 0x0030, 0x000F, 0x0000, 0x0100, 0xE7F3, 0x0000,
    0x0000, 0x26F0, 0x3EF9, 0x0100, 0x0000, 0x1B30, 0x7F39, 0x00C0, 0x0000, 0x10C8, 0xFBCC, 0x0030,
    0x0000, 0x00B0, 0x31B8, 0x0040, 0x0000, 0x0120, 0x0130, 0x00C0, 0x0000, 0x00E2, 0x2BF3, 0x0000,
    0x0000, 0x0005, 0x1FCD, 0x0002, 0x0000, 0x0402, 0xCF0E, 0x0000, 0x0000, 0x0280, 0x0EC3, 0x0100,
    0x0000, 0x0120, 0x9330, 0x00C0, 0x0000, 0x00D8, 0x83DC, 0x0020, 0x0000, 0x004C, 0x094C, 0x0030,
    0x0000, 0x0030, 0x43F0, 0x000C, 0x0000, 0x020E, 0x0FBF, 0x0000, 0x0000, 0x0600, 0xF70E, 0x0800,
    0x0000, 0x0032, 0x023E, 0x0001, 0x0000, 0x000E, 0x303E, 0x0000, 0x0000, 0x1400, 0x773F, 0x0800,
    0x0000, 0x8830, 0xCEF0, 0x3000, 0x0000, 0x7020, 0xFC68, 0x0010, 0x0000, 0x4000, 0xF000, 0x0000,
    0x0000, 0x8000, 0xC33C, 0x0000, 0x0000, 0x0000, 0x30E0, 0x0000, 0x0000, 0x1200, 0x3FC0, 0x0000,
    0x0000, 0x5D00, 0xDD10, 0x2200, 0x0000, 0x3414, 0xF677, 0x0808, 0x0000, 0x0028, 0x7CEF, 0x0010,
    0x0000, 0x00E0, 0x03FC, 0x0000, 0x0000, 0x06C0, 0x0FF0, 0x0000, 0x0000, 0x0000, 0x07C3, 0x0000,
    0x0000, 0x0000, 0x0030, 0x0000, 0x0E00, 0x0E60, 0x0E70, 0xF180, 0x0300, 0x3170, 0x3DFC, 0xC200,
    0x0300, 0x685C, 0x787F, 0x8780, 0x0100, 0xCA43, 0xF873, 0x078C, 0x0700, 0xB9CD, 0xF9CD, 0x0602,
    0x0C00, 0x8C82, 0xCCCE, 0x3301, 0x0C00, 0x8D89, 0xCFCF, 0x3000, 0x0C00, 0x4518, 0xD53A, 0x2A04,
    0x0000, 0x9086, 0x9CC7, 0x6300, 0x0000, 0x6FC4, 0x7FFE, 0x8000, 0x0000, 0x4060, 0x63F0, 0x8000,
    0x0000, 0x5000, 0x78C0, 0x8000, 0x0000, 0x8801, 0x8C03, 0x7000, 0x0000, 0x3001, 0xF007, 0x0000,
    0x0000, 0x0003, 0x7C0F, 0x0000, 0x0000, 0x0000, 0x00F0, 0x000F, 0x0000, 0x2000, 0x2C00, 0x1000,
    0x0000, 0x0000, 0x383C, 0x0000, 0x0000, 0x0064, 0x90E6, 0x0018, 0x0000, 0x104C, 0xBCCE, 0x0030,
    0x0000, 0xA878, 0xEDFC, 0x1000, 0x0000, 0x30C0, 0x7DF0, 0x8000, 0x0000, 0x8000, 0xF0D2, 0x0000,
    0x0000, 0x0000, 0xC320, 0x0000, 0x0000, 0x0C00, 0x3C00, 0x0300, 0x0000, 0x3600, 0x3700, 0x0800,
    0x0000, 0x2600, 0x27C0, 0x1800, 0x0000, 0x64C0, 0xEFF0, 0x1000, 0x0000, 0xD820, 0xDC70, 0x2000,
    0x0000, 0x3000, 0x3820, 0xC000, 0x0000, 0x0000, 0xF300, 0x0000, 0x0000, 0x0000, 0x0E00, 0x0000,
    0x0000, 0x13C0, 0xF3E1, 0x0C00, 0x0000, 0x3010, 0xF3F4, 0x0C00, 0x0000, 0x2624, 0x26AF, 0x1900,
    0x0000, 0x0C0A, 0xCFBB, 0x3004, 0x0000, 0x1805, 0xDC8D, 0x2002, 0x0000, 0x2005, 0x3C0D, 0xC002,
    0x0000, 0x0005, 0xF3CD, 0x0002, 0x0000, 0x0012, 0x0F73, 0x000C, 0x0000, 0x010C, 0xC1FC, 0x0200,
    0x0000, 0x0300, 0x3FCF, 0x0000, 0x0000, 0x0028, 0x332C, 0x0010, 0x0000, 0x0015, 0xC037, 0x0008,
    0x0000, 0x0001, 0x023F, 0x0000, 0x0000, 0x0024, 0x0FA7, 0x0018, 0x0000, 0x0F00, 0x3FFC, 0x0000,
    0x0000, 0x10C0, 0xF0F0, 0x0F00, 0x0000, 0x0A01, 0x8E81, 0x0002, 0x0000, 0x2401, 0x2405, 0x1802,
    0x0000, 0x1003, 0xDC3B, 0x2000, 0x0000, 0x0000, 0x30D3, 0x0000, 0x0000, 0x0000, 0x004B, 0x0000,
    0x0000, 0x1502, 0xDD0F, 0x2200, 0x0000, 0x2403, 0x270F, 0x1800, 0x0000, 0x0009, 0x3C19, 0x0006,
    0x0000, 0x0005, 0x0085, 0x0002, 0x0000, 0x0002, 0x3E06, 0x0001, 0x0000, 0x2400, 0xE723, 0x1800,
    0x0000, 0x9C00, 0x9C01, 0x6000, 0x0000, 0x7000, 0x7C11, 0x8000, 0x0000, 0xC000, 0xF02D, 0x0000,
    0x0000, 0x0007, 0xC8CF, 0x0000, 0x0000, 0x0008, 0x00B8, 0x0007, 0x0011, 0x0011, 0x3CC4, 0x0011,
    0x0003, 0x2401, 0x6406, 0x1801, 0x0002, 0x1802, 0xDCC0, 0x2002, 0x0003, 0x1043, 0x3B70, 0x0083,
    0x0000, 0x0030, 0x3F78, 0x0000, 0x0000, 0x1A18, 0xDE3C, 0x2100, 0x0000, 0x2200, 0x233C, 0x1C00,
    0x0000, 0x1808, 0x3C7D, 0x0000, 0x0000, 0x0038, 0x18FE, 0x0000, 0x0000, 0x005C, 0x0EDE, 0x0020,
    0x0000, 0x8078, 0xC3FC, 0x0000, 0x0000, 0x2010, 0x30FC, 0xC000, 0x0000, 0x7002, 0xF803, 0x0000,
    0x0000, 0x0004, 0x3E3C, 0x0003, 0x0000, 0x0002, 0x000F, 0x0000, 0x0000, 0x0000, 0x0000, 0x0000,
    0x3800, 0x0800, 0x37FF, 0x0FFF, 0x4E00, 0x3200, 0xCDFF, 0x03FF, 0x8E00, 0xB200, 0x0DFF, 0x83FF,
    0xB300, 0x8D00, 0x32FF, 0x81FF, 0x7F00, 0x4100, 0xBEFF, 0x41FF, 0x3F00, 0x3B00, 0xC4FF, 0x3BFF,
    0x1CC0, 0x1CC0, 0x403F, 0x1CFF, 0x03E0, 0x0360, 0xF09F, 0x037F, 0x02F0, 0x7390, 0xF16F, 0x029F,
    0x00EC, 0x0054, 0xCCAB, 0x3047, 0x0076, 0x085A, 0x08A5, 0x0043, 0x00CE, 0x20F2, 0x300D, 0x00C3,
    0x006E, 0x4912, 0xCDED, 0x3003, 0x007A, 0x1042, 0x32BD, 0x0C43, 0x0006, 0x0C06, 0x9EF1, 0x0007,
    0x0004, 0x0004, 0x050B, 0x0007, 0x0000, 0x0000, 0x0000, 0x0000, 0x0000, 0x0000, 0x0000, 0x0000,
    0x0000, 0x0000, 0x0000, 0x0000, 0x0000, 0x0000, 0x0000, 0x0000, 0x0000, 0x0000, 0xFFFF, 0xFFFF,
    0x0000, 0x0000, 0xFFFF, 0xFFFF, 0x0000, 0x0000, 0xFFFF, 0xFFFF, 0x0000, 0x0000, 0xFFFF, 0xFFFF,
    0x0000, 0x0000, 0xFFFF, 0xFFFF, 0x0000, 0x0000, 0xFFFF, 0xFFFF, 0x2000, 0x2000, 0xDFFF, 0xFFFF,
    0x1000, 0x1000, 0xEFFF, 0xFFFF, 0x1000, 0x1000, 0xEFFF, 0xFFFF, 0x1000, 0x1000, 0xEFFF, 0xFFFF,
    0x3000, 0x3000, 0xCFFF, 0xFFFF, 0x2000, 0x2000, 0xDFFF, 0xFFFF, 0x00EF, 0xA4FF, 0xBC82, 0x4310,
    0x107F, 0xD37F, 0xD34F, 0x2C80, 0x3C3A, 0x2D3A, 0x2F3A, 0xD0C5, 0x7B40, 0x7B42, 0x2343, 0x84BC,
    0xD000, 0xD7D0, 0xC7F7, 0x2808, 0xC000, 0xD800, 0x9FFC, 0x2000, 0x8000, 0xB010, 0x3C73, 0x4000,
    0x0000, 0x2003, 0x33E7, 0xC000, 0x0006, 0xC016, 0xECB6, 0x0009, 0x001F, 0x0013, 0x9CC1, 0x002C,
    0x0038, 0x00E0, 0x33C0, 0x001F, 0x0030, 0x00B7, 0x4F97, 0x0048, 0x0040, 0x054C, 0x4F4F, 0x00B0,
    0x0000, 0x0039, 0x9E3F, 0x01C0, 0x0000, 0x0864, 0x3F7F, 0x0080, 0x0000, 0x04C0, 0x3FFE, 0x0000,
    0xFBB8, 0xBBBC, 0x2B1C, 0x4443, 0xFDFC, 0xFDBF, 0xBD0F, 0x0240, 0x2088, 0x2188, 0x2388, 0xDC77,
    0x00C0, 0x8CDE, 0x8FDE, 0x7021, 0x0000, 0x7801, 0xFDA3, 0x0040, 0x0000, 0x0002, 0x78CA, 0x0005,
    0x0000, 0x001C, 0x829C, 0x0003, 0x0000, 0x8000, 0xFF1F, 0x0000, 0x0000, 0x4800, 0x7F00, 0x8000,
    0x8000, 0x8600, 0xBEE3, 0x4100, 0x0000, 0xB341, 0xFBD9, 0x0400, 0x0000, 0x4060, 0xFF71, 0x0080,
    0x0000, 0x0380, 0xFFB4, 0x0040, 0x0000, 0xC008, 0xF3DE, 0x0020, 0x0000, 0x00A0, 0xCFBE, 0x0040,
    0x0000, 0x0138, 0x1F3B, 0x00C0, 0x0E71, 0x2FF1, 0xEC31, 0x118E, 0x1D0C, 0x1FCC, 0xB0CC, 0x0233,
    0x3D00, 0xA531, 0xC131, 0x1ACE, 0xFCCC, 0xDCEC, 0x04EC, 0x2313, 0xF8CF, 0x7BCF, 0x1BCF, 0x8430,
    0xF003, 0xF203, 0x3203, 0x0DFC, 0x8007, 0x8CC7, 0x8CF4, 0x7308, 0x0306, 0xF3B6, 0xF3F6, 0x0C09,
    0x000E, 0x8026, 0xF3E4, 0x0019, 0x001C, 0x204C, 0xECC9, 0x1032, 0x0018, 0x989A, 0x9C93, 0x6064,
    0x0000, 0x2084, 0x3C86, 0xC078, 0x8000, 0xC0CC, 0xC8CC, 0x0030, 0x0000, 0x0068, 0x70F9, 0x8000,
    0x0000, 0x8000, 0xCE23, 0x0000, 0x0000, 0x1400, 0x7F9A, 0x0000, 0x2056, 0x2A7F, 0x2E40, 0xD188,
    0xF065, 0xFDFF, 0xFF00, 0x001A, 0x10AE, 0x12FF, 0x03A0, 0xEC40, 0xE040, 0xE14F, 0xC141, 0x1EB0,
    0x8005, 0xA026, 0x3921, 0x40D8, 0x0005, 0x4456, 0x76F1, 0x8008, 0x000D, 0x828B, 0xE7B8, 0x0045,
    0x030D, 0x832B, 0xDF30, 0x00C5, 0x0024, 0x08A6, 0xDBA1, 0x0058, 0x000D, 0x000E, 0x9EE1, 0x0010,
    0x000B, 0x002D, 0xA022, 0x0051, 0x0016, 0x0018, 0x6257, 0x0020, 0x0302, 0x032E, 0x8460, 0x0312,
    0x0C06, 0x0C38, 0x9066, 0x0C00, 0x1F0C, 0x1324, 0x2C68, 0x1314, 0x3E0C, 0x3425, 0x0B69, 0x3414,
    0x0000, 0x7380, 0xF380, 0x0C00, 0x0000, 0x0C00, 0x0C00, 0xF300, 0x7000, 0x7300, 0x73C0, 0x8C00,
    0xE000, 0xEDC0, 0xEDE0, 0x1000, 0x0000, 0x3A80, 0x3FA0, 0xC000, 0x0000, 0x1040, 0xDCF0, 0x2000,
    0x0000, 0x00C0, 0x13E8, 0x0000, 0x0000, 0x0080, 0x47E4, 0x0000, 0x0000, 0x0011, 0x08BF, 0x0000,
    0x0000, 0x004C, 0x00CC, 0x0033, 0x0000, 0x0022, 0xC0E3, 0x001C, 0x0000, 0x400C, 0xF07C, 0x0000,
    0x0000, 0x1000, 0x7003, 0x0000, 0x0000, 0x1002, 0x383E, 0x0001, 0x0000, 0x0800, 0x1C4F, 0x0000,
    0x0000, 0x0000, 0x0A10, 0x0000, 0x0000, 0x0000, 0x0000, 0x0000, 0x0000, 0x0000, 0x0000, 0x0000,
    0x0000, 0x0000, 0x0000, 0x0000, 0x0000, 0x0000, 0x0000, 0x0000, 0x0000, 0x0000, 0x0000, 0x0000,
    0x0000, 0x0000, 0x0000, 0x0000, 0x0000, 0x0000, 0x0000, 0x0000, 0x0000, 0x0000, 0x0000, 0x0000,
    0x0000, 0x0000, 0x0C01, 0x0000, 0x0000, 0x9200, 0xD200, 0x0C00, 0x0000, 0x3800, 0x3EC0, 0x0000,
    0x0000, 0x4580, 0xCDA0, 0x3040, 0x0000, 0x3100, 0x35E0, 0x0000, 0x0000, 0x0000, 0x3160, 0xC000,
    0x0000, 0xC000, 0xE1A0, 0x0000, 0x0000, 0x4000, 0xF088, 0x0000, 0x0000, 0x0000, 0x0000, 0x0000,
    0x0000, 0x0000, 0x0000, 0x0000, 0x0000, 0x0000, 0x0000, 0x0000, 0x0000, 0x0000, 0x0080, 0x0000,
    0x0000, 0x0000, 0x0001, 0x0000, 0x0000, 0x0000, 0x0000, 0x0000, 0x0000, 0x0000, 0x0000, 0x0000,
    0x0000, 0x0000, 0x0010, 0x0000, 0x0000, 0x0000, 0x0000, 0x0000, 0x0000, 0x0000, 0x0000, 0x0000,
    0x0000, 0x0000, 0x0000, 0x0000, 0x0000, 0x0000, 0x0000, 0x0000, 0x0000, 0x0000, 0x2000, 0x0000,
    0x0000, 0x0000, 0x0000, 0x0000, 0x0000, 0x0000, 0x0000, 0x0000, 0x0000, 0x0000, 0x0000, 0x0000,
    0x0000, 0x0000, 0x0000, 0x0000, 0x0000, 0x0000, 0x0000, 0x0000, 0x0000, 0x0000, 0x0000, 0x0000,
    0x0000, 0x0000, 0x4000, 0x0000, 0x0000, 0x0000, 0x0200, 0x0000, 0x0000, 0x0000, 0x0000, 0x0000,
    0x0000, 0x0000, 0x0000, 0x0000, 0x0000, 0x0000, 0x1000, 0x0000, 0x0000, 0x0000, 0x0000, 0x0000,
    0x0000, 0x0000, 0x0000, 0x0000, 0x0000, 0x0000, 0x0000, 0x0000, 0x0000, 0x0000, 0x0000, 0x0000,
    0x0000, 0x0000, 0x0010, 0x0000, 0x0000, 0x0000, 0x0000, 0x0000, 0x0000, 0x0000, 0x0000, 0x0000,
    0x0000, 0x0000, 0x0000, 0x0000, 0x0000, 0x002C, 0x08EC, 0x0010, 0x0000, 0x0030, 0x0E7C, 0x0000,
    0x0000, 0x0220, 0x07F8, 0x0000, 0x0000, 0x0000, 0x43C8, 0x0000, 0x0000, 0x0080, 0x03B0, 0x0040,
    0x0000, 0x0060, 0x00F2, 0x0000, 0x0000, 0x0020, 0x0138, 0x0000, 0x0000, 0x0000, 0x10F1, 0x0000,
    0x0000, 0x0000, 0x0040, 0x0000, 0x0000, 0x0000, 0x000D, 0x0000, 0x0000, 0x0001, 0x004D, 0x0000,
    0x0000, 0x0001, 0x0007, 0x0000, 0x0000, 0x0000, 0x0001, 0x0000, 0x0000, 0x0000, 0x0002, 0x0000,
    0x0000, 0x0000, 0x0000, 0x0000, 0x0000, 0x0000, 0x0001, 0x0000, 0x0000, 0x0000, 0x3F0C, 0x0000,
    0x0000, 0x2F1C, 0xEF1C, 0x1020, 0x0000, 0x7C38, 0xFFFC, 0x0000, 0x0000, 0x0000, 0xFC30, 0x0000,
    0x0000, 0x0000, 0x0329, 0x0000, 0x0000, 0x0313, 0x3FDF, 0x0020, 0x0000, 0x0024, 0x0F2F, 0x0010,
    0x0000, 0x0008, 0x00BC, 0x0000, 0x0000, 0x4000, 0xF300, 0x0000, 0x0000, 0x6000, 0x6800, 0x8000,
    0x0000, 0x2080, 0x3CC0, 0xC000, 0x0000, 0xE060, 0xFCF0, 0x0000, 0x0000, 0x1000, 0xF830, 0x0000,
    0x0000, 0x4000, 0x7200, 0x8000, 0x0000, 0x4000, 0xE400, 0x0000, 0x0000, 0x0000, 0x8000, 0x0000,
    0x0000, 0x0000, 0x0000, 0x0000, 0x0000, 0x0000, 0x0000, 0x0000, 0x0000, 0x0000, 0x0000, 0x0000,
    0x0000, 0x0000, 0x0000, 0x0000, 0x0000, 0x0000, 0x0000, 0x0000, 0x0000, 0x0000, 0x0000, 0x0000,
    0x0000, 0x0000, 0x0000, 0x0000, 0x0000, 0x0000, 0x0000, 0x0000, 0x0000, 0x0000, 0x0000, 0x0000,
    0x0000, 0x0000, 0x0000, 0x0000, 0x0000, 0x0000, 0x0000, 0x0000, 0x0000, 0x0000, 0x0000, 0x0000,
    0x0000, 0x0000, 0x2000, 0x0000, 0x0000, 0x0000, 0x0000, 0x0000, 0x0000, 0x0000, 0x0000, 0x0000,
    0x0000, 0x0000, 0x0000, 0x0000, 0x0000, 0x0000, 0x0000, 0x0000, 0x0000, 0x0000, 0x0000, 0x0000,
    0x0000, 0x0000, 0x0000, 0x0000, 0x0000, 0x0000, 0x0000, 0x0000, 0x0000, 0x0000, 0x0000, 0x0000,
    0x0000, 0x0000, 0x0000, 0x0000, 0x0000, 0x0000, 0x0000, 0x0000, 0x0000, 0x0000, 0x0000, 0x0000,
    0x0000, 0x0000, 0x0000, 0x0000, 0x0000, 0x0000, 0x0000, 0x0000, 0x0000, 0x0000, 0x0000, 0x0000,
    0x0000, 0x0000, 0x0000, 0x0000, 0x0000, 0x0000, 0x0010, 0x0000, 0x0000, 0x0000, 0x0000, 0x0000,
    0x0000, 0x0000, 0x0000, 0x0000, 0x0000, 0x0000, 0x0000, 0x0000, 0x0000, 0x0000, 0x0000, 0x0000,
    0x0000, 0x0000, 0x0000, 0x0000, 0x0000, 0x0000, 0x0000, 0x0000, 0x0000, 0x0000, 0x0000, 0x0000,
    0x0000, 0x0000, 0x0000, 0x0000, 0x0000, 0x0000, 0x0000, 0x0000, 0x0000, 0x0000, 0x0000, 0x0000,
    0x0000, 0x0000, 0x0000, 0x0000, 0x0000, 0x0000, 0x0000, 0x0000, 0x0000, 0x0000, 0x0000, 0x0000,
    0x0000, 0x0000, 0x0000, 0x0000, 0x0000, 0x0000, 0x4000, 0x0000, 0x0000, 0x0000, 0x0200, 0x0000,
    0x0000, 0x0000, 0x0000, 0x0000, 0x0000, 0x0000, 0x0000, 0x0000, 0x0000, 0x0000, 0x2000, 0x0000,
    0x0000, 0x0000, 0x0000, 0x0000, 0x0000, 0x0000, 0x0000, 0x0000, 0x0000, 0xC000, 0xC000, 0x0000,
    0x0000, 0x0000, 0x3000, 0xC000, 0x0000, 0x6000, 0xF020, 0x0000, 0x0000, 0x0000, 0x7000, 0x0000,
    0x0000, 0x0000, 0x0800, 0x0000, 0x0000, 0x0000, 0x3000, 0x0000, 0x0000, 0x3000, 0xFC00, 0x0000,
    0x0000, 0x4800, 0x7C00, 0x8000, 0x0000, 0x1800, 0xDC00, 0x2000, 0x0000, 0x1000, 0xDC01, 0x2000,
    0x0000, 0x2000, 0x3800, 0xC000, 0x0000, 0x4000, 0xE063, 0x0000, 0x0000, 0x0011, 0xC3DD, 0x0000,
    0x0000, 0x00CC, 0xCFCC, 0x0033, 0x0000, 0x0000, 0x0000, 0x0000, 0x0000, 0x0000, 0x0000, 0x0000,
    0x0000, 0x0000, 0x0000, 0x0000, 0x0000, 0x0000, 0x0000, 0x0000, 0x0000, 0x0000, 0x0000, 0x0000,
    0x0000, 0x0000, 0x0000, 0x0000, 0x0000, 0x0000, 0x0000, 0x0000, 0x0000, 0x0000, 0x0002, 0x0000,
    0x0000, 0x0004, 0x000C, 0x0003, 0x0000, 0x000A, 0x223A, 0x0004, 0x0000, 0x001E, 0x053F, 0x0000,
    0x0000, 0x0010, 0x03D0, 0x0020, 0x0000, 0x04F0, 0x0CFC, 0x0300, 0x0000, 0x1300, 0xF3E2, 0x0C00,
    0x0000, 0x5E00, 0xDF08, 0x2000, 0x0000, 0xF000, 0xF330, 0x0000, 0x0000, 0x0008, 0x008D, 0x0032,
    0x0000, 0x0032, 0x80F3, 0x000C, 0x0000, 0x802C, 0xC07E, 0x0000, 0x0000, 0x4000, 0x604C, 0x8030,
    0x0000, 0x2050, 0x7050, 0x0020, 0x0000, 0x0000, 0x1008, 0x0000, 0x0000, 0x0010, 0x0038, 0x0000,
    0x0000, 0x0000, 0x0030, 0x0000, 0x0000, 0x0000, 0x0008, 0x0000, 0x0000, 0x0000, 0x0000, 0x0000,
    0x0000, 0x0000, 0x0042, 0x0000, 0x0000, 0x0000, 0x0000, 0x0000, 0x0000, 0x0000, 0x1000, 0x0000,
    0x0000, 0x0000, 0x0080, 0x0000, 0x0000, 0x0000, 0x0000, 0x0000, 0x0000, 0x0000, 0x0000, 0x0000,
    0x0000, 0x0000, 0x00F0, 0x0000, 0x0000, 0x0010, 0x005C, 0x0020, 0x0000, 0x0020, 0x00B4, 0x0000,
    0x0000, 0x0010, 0x8078, 0x0000, 0x0000, 0x0018, 0x029C, 0x0020, 0x0000, 0x0004, 0x0036, 0x0008,
    0x0000, 0x0014, 0x003E, 0x0000, 0x0000, 0x0004, 0x0014, 0x0000, 0x0000, 0x0000, 0x000C, 0x0000,
    0x0000, 0x0000, 0x0004, 0x0000, 0x0000, 0x0000, 0x0000, 0x0000, 0x0000, 0x0000, 0x0000, 0x0000,
    0x0000, 0x0000, 0x0020, 0x0000, 0x0000, 0x0000, 0x0000, 0x0000, 0x0000, 0x0000, 0x0000, 0x0000,
    0x0000, 0x0000, 0x0000, 0x0000, 0x0000, 0x0000, 0x0000, 0x0000, 0x0004, 0x0004, 0x0000, 0x0004,
    0x0000, 0x0000, 0x0000, 0x0000, 0x0005, 0x0004, 0x0000, 0x0004, 0x0000, 0x0000, 0x0000, 0x0000,
    0x0001, 0x0001, 0x0000, 0x0001, 0x0005, 0x0004, 0x0000, 0x0004, 0x0002, 0x0000, 0x0002, 0x0000,
    0x0001, 0x0001, 0x0000, 0x0001, 0x0002, 0x0000, 0x0002, 0x0000, 0x0005, 0x0004, 0x0000, 0x0004,
    0x0002, 0x0000, 0x0002, 0x0000, 0x0005, 0x0004, 0x0010, 0x0004, 0x0000, 0x0000, 0x0000, 0x0000,
    0x011A, 0x0100, 0x0010, 0x0100, 0x0050, 0x0051, 0x0000, 0x0050, 0x87FF, 0x8000, 0x0000, 0x8000,
    0x33FF, 0x2400, 0x0000, 0x0000, 0x97FF, 0x0000, 0x0800, 0x0000, 0x53FF, 0x0400, 0x2000, 0x0000,
    0x0FFF, 0x1000, 0x0000, 0x0000, 0xBFFF, 0x4000, 0x0000, 0x0000, 0x3FFF, 0x0000, 0x0000, 0x0000,
    0xCFFF, 0xE000, 0x1000, 0x0000, 0x1FFF, 0x0000, 0x0000, 0x0000, 0xB7FF, 0x3000, 0x8000, 0x0000,
    0x6FFF, 0x0000, 0x0000, 0x0000, 0xA7FF, 0x1000, 0x8000, 0x0000, 0x4FFF, 0x0000, 0x0000, 0x0000,
    0x3FFF, 0x0000, 0xC000, 0x0000, 0xBFFF, 0x0000, 0x0000, 0x0000, 0xDFFF, 0x8000, 0x2000, 0x0000,
    0xFF40, 0x0040, 0x0080, 0x0040, 0xFFC0, 0x0040, 0x0008, 0x0000, 0xFFF0, 0x00A0, 0x0001, 0x0020,
    0xFFCC, 0x000C, 0x0000, 0x000C, 0xFFF9, 0x0038, 0x0002, 0x0008, 0xFFF4, 0x0000, 0x0008, 0x0000,
    0xFFFC, 0x0020, 0x0000, 0x0000, 0xFFFB, 0x0003, 0x0004, 0x0001, 0xFFF4, 0x0000, 0x0008, 0x0000,
    0xFFFD, 0x0001, 0x0000, 0x0001, 0xFFFB, 0x0006, 0x0000, 0x0002, 0xFFF4, 0x0008, 0x0000, 0x0000,
    0xFFF9, 0x0009, 0x0000, 0x0009, 0xFFEA, 0x0010, 0x0004, 0x0000, 0xFFF0, 0x0000, 0x0000, 0x0000,
    0xFFED, 0x0018, 0x0000, 0x0008, 0x0000, 0x0000, 0x0000, 0x0000, 0x0000, 0x0000, 0x0000, 0x0000,
    0x0000, 0x0000, 0x4000, 0x0000, 0x0000, 0x0000, 0x0000, 0x0000, 0x4000, 0x4000, 0x0000, 0x4000,
    0x8000, 0x8000, 0x0000, 0x8000, 0x0000, 0x0000, 0x0000, 0x0000, 0x0000, 0x0000, 0x4000, 0x0000,
    0x1000, 0x1000, 0x0000, 0x1000, 0x8000, 0x8000, 0x0000, 0x8000, 0x0000, 0x0000, 0x0000, 0x0000,
    0x2000, 0x2000, 0x8000, 0x2000, 0x0000, 0x0000, 0x0000, 0x0000, 0x1000, 0x1000, 0x0000, 0x1000,
    0x8000, 0x8000, 0x4000, 0x8000, 0x0000, 0x0000, 0x0000, 0x0000, 0x0000, 0x401C, 0x7E7F, 0x8000,
    0x0000, 0x3C2E, 0xFFAF, 0x0050, 0x0000, 0x1643, 0x1663, 0xE89C, 0xB200, 0x2225, 0x2227, 0x5C58,
    0x7000, 0x750C, 0x754D, 0x8A30, 0x8000, 0x1C30, 0x1E39, 0x6000, 0xC000, 0x0060, 0x0CF3, 0x3000,
    0xF000, 0x1484, 0x178D, 0x0842, 0xFF10, 0x00F6, 0x00F7, 0x0008, 0xFF18, 0x009C, 0x009F, 0x0060,
    0xFF30, 0x00AC, 0x00AE, 0x0050, 0xFF30, 0x0030, 0x0037, 0x00C8, 0xFF80, 0x0018, 0x001D, 0x0060,
    0xFFC0, 0x0030, 0x003D, 0x0000, 0xFFE0, 0x0018, 0x001D, 0x0000, 0xFFF0, 0x0000, 0x000D, 0x0000,
    0x0000, 0x0010, 0x0C31, 0x000E, 0x000C, 0x0C2E, 0xBF6F, 0x0010, 0x0000, 0x18CC, 0xBDFF, 0x0000,
    0x0000, 0x00A0, 0xB9BF, 0x0040, 0x0000, 0x020A, 0x962B, 0x01C4, 0x0000, 0x0546, 0x0DE7, 0x0208,
    0x0000, 0x0382, 0x2FDF, 0x0000, 0x0000, 0x3103, 0x7FA7, 0x0000, 0x0000, 0x0002, 0x8086, 0x0001,
    0x0000, 0x0003, 0x5C3F, 0x0000, 0x0000, 0x7621, 0xFF33, 0x0000, 0x0000, 0x8C01, 0x8FC3, 0x7000,
    0x0000, 0x3003, 0x3C03, 0xC000, 0x0000, 0xC002, 0xF00F, 0x0000, 0x0000, 0x0004, 0xD10F, 0x0000,
    0x0000, 0x0018, 0x38FE, 0x0000, 0x0000, 0xBC01, 0xBE3F, 0x4000, 0x0000, 0x447C, 0xC7FC, 0x3803,
    0x0000, 0x0C33, 0x7EF3, 0x000C, 0x0000, 0x281C, 0x6C3C, 0x1000, 0x0000, 0x2800, 0x6C03, 0x1000,
    0x0000, 0x2803, 0x6A3F, 0x1000, 0x0000, 0x1000, 0x320F, 0x0C00, 0x0000, 0x8000, 0xB040, 0x4000,
    0x0000, 0x0040, 0x04F1, 0x0000, 0x0000, 0x20B0, 0xF1B0, 0x0040, 0x0000, 0x7810, 0x7CD8, 0x8020,
    0x0000, 0x8220, 0x8328, 0x4C10, 0x0000, 0x0E38, 0x3FFC, 0x0000, 0x0000, 0x580C, 0xDC3E, 0x2000,
    0x0000, 0x3000, 0xF88C, 0x0000, 0x0000, 0x0000, 0x0400, 0x0000, 0x0000, 0x0000, 0x0000, 0x0000,
    0x0000, 0x0000, 0x307C, 0x0000, 0x0000, 0x2C34, 0xEFF4, 0x1008, 0x0000, 0x8C8C, 0x8F8E, 0x7070,
    0x0000, 0xF8F8, 0xFDFC, 0x0000, 0x0000, 0x8040, 0xF1F0, 0x0000, 0x0000, 0x0000, 0xC0C2, 0x0000,
    0x0000, 0x0000, 0x2020, 0x0000, 0x0000, 0x0000, 0x0800, 0x0000, 0x0000, 0x0000, 0x0000, 0x0000,
    0x0000, 0x0000, 0x4000, 0x0000, 0x0000, 0x0000, 0x0000, 0x0000, 0x0000, 0x0000, 0x0000, 0x0000,
    0x0000, 0x0000, 0x0000, 0x0000, 0x0000, 0x0000, 0x0000, 0x0000, 0x0000, 0x0000, 0x0000, 0x0000,
    0x0000, 0x0000, 0x0000, 0x0000, 0x0000, 0x0E00, 0x3E00, 0x0000, 0x3800, 0xFA00, 0xFB00, 0x0400,
    0x4000, 0x4600, 0x4700, 0xB800, 0x0000, 0x3800, 0x3E00, 0xC000, 0x0000, 0xC000, 0xF000, 0x0000,
    0x0000, 0x0000, 0xC200, 0x0000, 0x0000, 0x0020, 0x0226, 0x0000, 0x0000, 0x0208, 0x070D, 0x0032,
    0x0000, 0x0012, 0x4333, 0x000C, 0x0000, 0x400D, 0xF33F, 0x0000, 0x0000, 0xF010, 0xF891, 0x0020,
    0x0000, 0x1030, 0x7A7D, 0x0000, 0x0000, 0x0000, 0x9930, 0x0000, 0x0000, 0x0000, 0x10FC, 0x0000,
    0x0000, 0x0038, 0x207D, 0x0000, 0x0000, 0x0000, 0x0000, 0x0000, 0x0000, 0x0000, 0x0000, 0x0000,
    0x0000, 0x0000, 0x0000, 0x0000, 0x0000, 0x0000, 0x0000, 0x0000, 0x0000, 0x0000, 0x0000, 0x0000,
    0x0000, 0x0000, 0x0000, 0x0000, 0x0000, 0x0000, 0x0000, 0x0000, 0x0000, 0x0000, 0x0000, 0x0000,
    0x0000, 0x0000, 0x0000, 0x0000, 0x0000, 0x0000, 0x0000, 0x0000, 0x0000, 0x8000, 0xC000, 0x0000,
    0x0000, 0x2000, 0x3000, 0xC000, 0x0000, 0x6000, 0xF000, 0x0000, 0x0000, 0x3000, 0x7000, 0x0000,
    0x0000, 0x1000, 0x3000, 0x0000, 0x0000, 0x0000, 0x1800, 0x0000, 0x0000, 0x0020, 0x0030, 0x00C0,
    0x0000, 0x0058, 0x34DC, 0x0020, 0x0000, 0x2424, 0xE667, 0x1818, 0x0000, 0xBC00, 0xBE3C, 0x4000,
    0x0000, 0xA07C, 0xBCFF, 0x4000, 0x0000, 0x60A2, 0xF1BF, 0x0040, 0x0000, 0xC080, 0xE3C2, 0x0000,
    0x0000, 0x0100, 0x8188, 0x0000, 0x0000, 0x0000, 0x0504, 0x0000, 0x0000, 0x0000, 0x0330, 0x0000,
    0x0000, 0x0024, 0x42E6, 0x0018, 0x0000, 0x0094, 0x009C, 0x0060, 0x0000, 0x0020, 0x0138, 0x00C0,
    0x0000, 0x00C0, 0x01E4, 0x0000, 0x0000, 0x0000, 0x00C9, 0x0000, 0x0000, 0x0000, 0x0020, 0x0000,
    0x0000, 0x1020, 0x3FF3, 0x000C, 0x0000, 0x4CBC, 0xCDBC, 0x3243, 0x0000, 0x3042, 0xF3C3, 0x0C3C,
    0x0000, 0x188C, 0x3C8E, 0x0070, 0x0000, 0x0140, 0x037E, 0x0080, 0x0000, 0x0CA8, 0x1CEC, 0x0310,
    0x0000, 0x0610, 0x0F32, 0x0000, 0x0000, 0x0000, 0x00CC, 0x0000, 0x0000, 0x204C, 0x78CE, 0x0030,
    0x0000, 0x0820, 0x4C3C, 0x30C0, 0x0000, 0x0080, 0x00E0, 0x0000, 0x0000, 0x2000, 0x7000, 0x0000,
    0x0000, 0x0807, 0x4C4F, 0x3000, 0x0000, 0x120D, 0x331D, 0x0C02, 0x0000, 0x0411, 0x1431, 0x000E,
    0x0000, 0x0004, 0x0C0C, 0x0003, 0x0000, 0x0000, 0x4025, 0x0000, 0x0000, 0x1000, 0x989F, 0x2000,
    0x0000, 0x0018, 0x203C, 0x0000, 0x0000, 0x000C, 0x381E, 0x0000, 0x0000, 0x1800, 0x5C3E, 0x2000,
    0x0000, 0x0C3C, 0x3FFE, 0x0000, 0x0000, 0x0050, 0x0CFC, 0x0000, 0x0000, 0x0000, 0x02F3, 0x0000,
    0x0000, 0x0060, 0x0170, 0x0080, 0x0000, 0x0078, 0x13FC, 0x0000, 0x0000, 0x0018, 0x04FE, 0x0000,
    0x0000, 0x0000, 0x433C, 0x0000, 0x0000, 0x070C, 0x0F8F, 0x0030, 0x0000, 0x1C41, 0x7F7D, 0x0082,
    0x0000, 0x2001, 0xEDC3, 0x1000, 0x0000, 0x0000, 0x2300, 0x0000, 0x0000, 0x0000, 0x0000, 0x0000,
    0x0000, 0x0000, 0x0000, 0x0000, 0x0000, 0x0000, 0x0000, 0x0000, 0x0000, 0x0000, 0x0000, 0x0000,
    0x0000, 0x0000, 0x0000, 0x0000, 0x0000, 0x0000, 0x0000, 0x0000, 0x0000, 0x0000, 0x0000, 0x0000,
    0x0000, 0x0000, 0x0000, 0x0000, 0x0000, 0x0220, 0x4230, 0x01C0, 0x0000, 0x01C8, 0x1DCC, 0x0230,
    0x0000, 0x0820, 0x1BE3, 0x001C, 0x0000, 0x0104, 0x073C, 0x0000, 0x0000, 0x0242, 0x1F43, 0x003C,
    0x0000, 0x1C24, 0x3F3C, 0x00C3, 0x0000, 0x1180, 0x3FC3, 0x0000, 0x0000, 0x0000, 0x9000, 0x0F00,
    0x0000, 0x0000, 0x0000, 0x0000, 0x0000, 0x0000, 0x0000, 0x0000, 0x0000, 0x0000, 0x0000, 0x0000,
    0x0000, 0x0000, 0x0000, 0x0000, 0x0000, 0x0000, 0x0000, 0x0000, 0x0000, 0x0000, 0x0000, 0x0000,
    0x0000, 0x0000, 0x0000, 0x0000, 0x0000, 0x0000, 0x0000, 0x0000, 0x0000, 0x2000, 0xF000, 0x0000,
    0x0000, 0x0800, 0x4C00, 0x3000, 0x0000, 0x0000, 0x2000, 0x0000, 0x0000, 0x4000, 0x7000, 0x0000,
    0x0000, 0x0800, 0xCC00, 0x3000, 0x0000, 0x1400, 0x3600, 0x0800, 0x0000, 0x0400, 0x1600, 0x0000,
    0x0000, 0x0000, 0x0600, 0x0000, 0x0000, 0x4808, 0xCCCC, 0x3030, 0x0000, 0xB0B0, 0xBCB8, 0x4040,
    0x0000, 0x2060, 0x3373, 0xC080, 0x0000, 0x42C1, 0x47C7, 0x8000, 0x0000, 0x0102, 0xC5C6, 0x0201,
    0x0000, 0x0000, 0x0D0C, 0x0000, 0x0000, 0x0C0C, 0x1F3F, 0x0000, 0x0000, 0x082C, 0x3C6F, 0x0010,
    0x0000, 0x1058, 0x18DC, 0x2020, 0x0000, 0x0060, 0x30FC, 0x0000, 0x0000, 0x00C0, 0xC4F3, 0x0000,
    0x0000, 0x1003, 0xFECF, 0x0000, 0x0000, 0x4802, 0xCD76, 0x3001, 0x0000, 0x3000, 0x33A4, 0xC000,
    0x0000, 0x4000, 0x7C8F, 0x8000, 0x0000, 0x4008, 0xCB9B, 0x0004, 0x0000, 0x00C0, 0x70FC, 0x0F00,
    0x0000, 0x0010, 0x0CDE, 0x0300, 0x0000, 0x0004, 0x870C, 0x0030, 0x0000, 0x8290, 0xCEB1, 0x010C,
    0x0000, 0x068C, 0x0EDF, 0x0100, 0x0000, 0x0180, 0x0DC0, 0x0200, 0x0000, 0x0700, 0x4F80, 0x0000,
    0x0000, 0x0D80, 0x3FC5, 0x0000, 0x0000, 0x1A00, 0xFBD0, 0x0400, 0x0000, 0xF400, 0xFC00, 0x0300,
    0x0000, 0x9A40, 0x9B40, 0x6480, 0x0000, 0x90E0, 0x9DF0, 0x6000, 0x0000, 0xE000, 0xFEB0, 0x0000,
    0x0000, 0x3000, 0xFC00, 0x0000, 0x0000, 0x0000, 0x3240, 0x0000, 0x0000, 0x0000, 0x8C00, 0x0000,
    0x0000, 0x0000, 0xFFFF, 0xFFFF, 0x0000, 0x0000, 0xFFFF, 0xFFFF, 0x0000, 0x0000, 0xFFFF, 0xFFFF,
    0x0000, 0x0000, 0xFFFF, 0xFFFF, 0x0004, 0x0004, 0xFFFB, 0xFFFF, 0x0018, 0x0018, 0xFFE7, 0xFFFF,
    0x0020, 0x0020, 0xFFDF, 0xFFFF, 0x00A5, 0x00A5, 0xFF5A, 0xFFFF, 0x0049, 0x0049, 0xFFB6, 0xFFFF,
    0x0049, 0x0049, 0xFFB6, 0xFFFF, 0xC249, 0xC249, 0x3DB6, 0xFFFF, 0x5299, 0x5299, 0xAD66, 0xFFFF,
    0x65EC, 0x65EC, 0x9A13, 0xFFFF, 0x2CA1, 0x2CA1, 0xD35E, 0xFFFF, 0x01BB, 0x09BA, 0xFE45, 0xC3FA,
    0x01CF, 0x15C5, 0xFE3A, 0x81F5, 0x6000, 0x6000, 0x9FFF, 0xFFFF, 0x2000, 0x2000, 0xDFFF, 0xFFFF,
    0x6008, 0x6008, 0x9FF7, 0xFFFF, 0x6028, 0x6028, 0x9FD7, 0xFFFF, 0x601C, 0x601C, 0x9FE3, 0xFFFF,
    0xC104, 0xC104, 0x3EFB, 0xFFFF, 0xC208, 0xC208, 0x3DF7, 0xFFFF, 0x8A08, 0x8A08, 0x75F7, 0xFFFF,
    0x8A10, 0x8A10, 0x75EF, 0xFFFF, 0x9252, 0x9252, 0x6DAD, 0xFFFF, 0xB174, 0xB174, 0x4E8B, 0xFFFF,
    0xE138, 0xE138, 0x1EC7, 0xFFFF, 0xC350, 0xC350, 0x3CAF, 0xFFFF, 0xF690, 0xF690, 0x096F, 0xFFFF,
    0x81B0, 0x81B0, 0x7E4F, 0x93F9, 0x01F0, 0x31F4, 0xFE0F, 0x01F0, 0x0000, 0x0100, 0x7F60, 0x0080,
    0x0000, 0x0600, 0x1EF6, 0x0100, 0x0000, 0x0400, 0x1C33, 0x03C0, 0x0000, 0x0683, 0x8EBF, 0x0140,
    0x0000, 0x03C0, 0xCFC8, 0x0037, 0x0000, 0x0333, 0xA3F3, 0x000C, 0x0000, 0x000E, 0x4BDF, 0x0000,
    0x0000, 0x0580, 0xA7CF, 0x0000, 0x0000, 0x0140, 0xA160, 0x0000, 0x0000, 0x00C0, 0x23DF, 0x0020,
    0x0000, 0x8028, 0xE0E8, 0x0017, 0x0000, 0x4004, 0xE03F, 0x0000, 0x0000, 0x0003, 0x300F, 0x0000,
    0x0000, 0x001C, 0x173C, 0x0003, 0x0000, 0x0207, 0x1B8F, 0x0400, 0x0000, 0x0D00, 0x1FC1, 0x0000,
    0x0000, 0x07D5, 0x7FFD, 0x0000, 0x0000, 0x1C20, 0xFCF8, 0x0304, 0x0000, 0x3108, 0xF1AD, 0x0E10,
    0x0000, 0xE610, 0xE759, 0x1820, 0x0000, 0x1C40, 0x1EF7, 0xE000, 0x0000, 0xF0B0, 0xFDBA, 0x0040,
    0x0000, 0x0140, 0xF373, 0x0080, 0x0000, 0x04CA, 0x8CEF, 0x0300, 0x0000, 0x0D0C, 0x7D9F, 0x0200,
    0x0000, 0x3602, 0xB70F, 0x4800, 0x0000, 0x8041, 0xFBF3, 0x0000, 0x0000, 0x00F0, 0xC3FD, 0x0000,
    0x0000, 0x8328, 0xCF6E, 0x0010, 0x0200, 0x0A94, 0xBAF6, 0x0508, 0x0000, 0x1005, 0xB05F, 0x0F80,
    0x0000, 0xC880, 0xD88F, 0x0300, 0x0000, 0x2B00, 0xFBCC, 0x0400, 0x1C00, 0x5D00, 0xDDE0, 0x2200,
    0x3000, 0xA2A0, 0xA2F1, 0x5D00, 0x2000, 0x2FD0, 0x2FFC, 0xD000, 0x0000, 0x9E08, 0x9F0C, 0x6030,
    0x0000, 0xC434, 0xCF7C, 0x3000, 0x0000, 0xE80A, 0xFF7F, 0x0000, 0x0000, 0x9004, 0xDE9F, 0x2000,
    0x0000, 0x0000, 0xFD7C, 0x0003, 0x0000, 0x0034, 0x3EFC, 0x0000, 0x0000, 0x006C, 0x38EF, 0x0010,
    0x0000, 0x0014, 0xE097, 0x0068, 0x0000, 0xA008, 0xF20E, 0x00F0, 0x0000, 0x40C0, 0x7FFF, 0x8000,
    0x0000, 0x8003, 0xD5CF, 0x0000, 0x0000, 0x800A, 0xE83A, 0x0005, 0x2F0C, 0x1F3C, 0x6061, 0x0F0C,
    0xD618, 0x3E28, 0xC0F4, 0x0608, 0x8E18, 0xB628, 0x4870, 0x8608, 0x3810, 0x1850, 0x66EB, 0x1810,
    0x2810, 0x1810, 0x3468, 0x0810, 0x0030, 0xC030, 0xF844, 0x0030, 0x0000, 0x0002, 0xC047, 0x0000,
    0x0000, 0x0001, 0x2009, 0x0002, 0x0000, 0x8A00, 0xFB9A, 0x0400, 0x0000, 0x3200, 0xFE31, 0x0100,
    0x0000, 0x8540, 0x9FC4, 0x6000, 0x0000, 0x10A0, 0x38B0, 0xC040, 0x0000, 0xA430, 0xF774, 0x0000,
    0x0000, 0x4000, 0xF608, 0x0000, 0x0000, 0x4000, 0x6B60, 0x0000, 0x0000, 0x8000, 0xCE00, 0x0000,
    0x0000, 0x0000, 0x0006, 0x0000, 0x0000, 0x0000, 0x0012, 0x0000, 0x0000, 0x0000, 0x0008, 0x0000,
    0x0000, 0x0000, 0x0003, 0x0000, 0x0000, 0x0005, 0x000D, 0x0002, 0x0000, 0x0032, 0x10F3, 0x000C,
    0x0000, 0x10C8, 0x5DCC, 0x0030, 0x0000, 0x0280, 0x52F9, 0x2100, 0x0000, 0x0200, 0x07C0, 0x0000,
    0x0000, 0x0000, 0x003C, 0x0000, 0x0000, 0x004C, 0xC0CE, 0x0030, 0x0000, 0x407C, 0xF17E, 0x0080,
    0x0000, 0x2060, 0x717C, 0x0080, 0x0000, 0x00C0, 0x29F0, 0x0000, 0x0000, 0x0000, 0x18C0, 0x0000,
    0x0000, 0x0000, 0x0020, 0x0000, 0x0000, 0x3800, 0x3C1C, 0xC000, 0x0000, 0x0410, 0x0734, 0x3808,
    0x0000, 0x0630, 0xB7FC, 0x0800, 0x0000, 0x2C00, 0x2C30, 0x1000, 0x0000, 0x2800, 0x2C00, 0x1000,
    0x0000, 0x2801, 0xEACD, 0x1032, 0x0000, 0x1266, 0x1367, 0x0C18, 0x0000, 0x4018, 0x7C3C, 0x8000,
    0x0000, 0x6000, 0xF180, 0x0000, 0x0000, 0x3000, 0x3B3E, 0x0000, 0x0000, 0x0024, 0x06E7, 0x0018,
    0x0000, 0x20BC, 0x70BE, 0x0040, 0x0000, 0x2860, 0x6C7C, 0x1080, 0x0000, 0x10C0, 0x33F0, 0x0C00,
    0x0000, 0x0400, 0x0EC2, 0x0000, 0x0000, 0x0000, 0x0020, 0x0000, 0x0000, 0x0000, 0x0001, 0x0000,
    0x0000, 0x0000, 0x0000, 0x0000, 0x0000, 0x0000, 0x0001, 0x0000, 0x0000, 0x0000, 0x0000, 0x0000,
    0x0000, 0x0000, 0x0000, 0x0000, 0x0000, 0x0000, 0x0000, 0x0000, 0x0000, 0x0000, 0x0000, 0x0000,
    0x0000, 0x0000, 0x0000, 0x0000, 0x0000, 0x0000, 0x0000, 0x0000, 0x0000, 0x0000, 0x0000, 0x0000,
    0x0000, 0x0000, 0x0000, 0x0000, 0x0000, 0x0000, 0x0000, 0x0000, 0x0000, 0x0000, 0x0000, 0x0000,
    0x0000, 0x0000, 0x0000, 0x0000, 0x0000, 0x0000, 0x0000, 0x0000, 0x0000, 0x0000, 0x0000, 0x0000,
    0x0000, 0x0000, 0x0000, 0x0000, 0x0000, 0x0000, 0x0000, 0x0000, 0x0000, 0x0000, 0x0000, 0x0000,
    0x0000, 0x0000, 0x0000, 0x0000, 0x0000, 0x0000, 0x1000, 0x0000, 0x0000, 0x0000, 0x0000, 0x0000,
    0x0000, 0x0000, 0x0000, 0x0000, 0x0000, 0x0000, 0x0000, 0x0000, 0x0000, 0x0000, 0x0000, 0x0000,
    0x0000, 0x0000, 0x0000, 0x0000, 0x0000, 0x0000, 0x0000, 0x0000, 0x0000, 0x0000, 0x0000, 0x0000,
    0x0000, 0x0000, 0x0000, 0x0000, 0x0000, 0x0000, 0x0000, 0x0000, 0x0000, 0x0000, 0x0000, 0x0000,
    0x0000, 0x0000, 0x0000, 0x0000, 0x0000, 0x0000, 0x0004, 0x0000, 0x0000, 0x0000, 0x0000, 0x0000,
    0x0000, 0x0000, 0x0080, 0x0000, 0x0000, 0x0000, 0x0000, 0x0000, 0x0000, 0x0000, 0x2000, 0x0000,
    0x0000, 0x0000, 0x0040, 0x0000, 0x0000, 0x0000, 0x0000, 0x0000, 0x0000, 0x0000, 0x0000, 0x0000,
    0x0000, 0x0000, 0x0000, 0x0000, 0x0000, 0x0000, 0x0000, 0x0000, 0x0000, 0x0000, 0x0000, 0x0000,
    0x0000, 0x0000, 0x4000, 0x0000, 0x0000, 0x0000, 0x0100, 0x0000, 0x0000, 0x0000, 0x0000, 0x0000,
    0x0000, 0x0000, 0x0000, 0x0000, 0x0000, 0x0000, 0x2000, 0x0000, 0x0000, 0x0000, 0x0000, 0x0000,
    0x0000, 0x0000, 0x0000, 0x0000, 0x0000, 0x0000, 0x0000, 0x0000, 0x0000, 0x0000, 0x0000, 0x0000,
    0x0000, 0x0000, 0x1000, 0x0000, 0x0000, 0x0000, 0x0000, 0x0000, 0x0000, 0x0000, 0x0000, 0x0000,
    0x0000, 0x0000, 0x0000, 0x0000, 0x0000, 0x0000, 0x0000, 0x0000, 0x0000, 0x0000, 0x0000, 0x0000,
    0x0000, 0x0000, 0x0000, 0x0000, 0x0000, 0x0000, 0x0080, 0x0000, 0x0000, 0x0000, 0x2001, 0x0000,
    0x0000, 0x0000, 0x0000, 0x0000, 0x0000, 0x0000, 0x0000, 0x0000, 0x0000, 0x0000, 0x0034, 0x0000,
    0x0000, 0x0000, 0x0000, 0x0000, 0x0000, 0x0000, 0x0000, 0x0000, 0x0000, 0x0000, 0x0000, 0x0000,
    0x0000, 0x0000, 0x0040, 0x0000, 0x0000, 0x0000, 0x1002, 0x0000, 0x0000, 0x0000, 0x0000, 0x0000,
    0x0000, 0x0000, 0x0000, 0x0000, 0x0000, 0x0000, 0x0010, 0x0000, 0x0000, 0x0000, 0x0000, 0x0000,
    0x0000, 0x0000, 0x0000, 0x0000, 0x0000, 0x0000, 0x0000, 0x0000, 0x0000, 0x0000, 0x0000, 0x0000,
    0x0000, 0x0000, 0x0000, 0x0000, 0x0000, 0x0000, 0x0000, 0x0000, 0x0000, 0x0000, 0x0000, 0x0000,
    0x0000, 0x0000, 0x0000, 0x0000, 0x0000, 0x0000, 0x0800, 0x0000, 0x0000, 0x0000, 0x0000, 0x0000,
    0x0000, 0x0000, 0x8000, 0x0000, 0x0000, 0x0000, 0x0000, 0x0000, 0x0000, 0x0000, 0x0000, 0x0000,
    0x0000, 0x0000, 0x4000, 0x0000, 0x0000, 0x0000, 0x0000, 0x0000, 0x0000, 0x0000, 0x0000, 0x0000,
    0x0000, 0x0000, 0x0000, 0x0000, 0x0000, 0x0000, 0x0000, 0x0000, 0x0000, 0x0000, 0x0000, 0x0000,
    0x0000, 0x0000, 0x0000, 0x0000, 0x0000, 0x0000, 0x0000, 0x0000, 0x0000, 0x0000, 0x0000, 0x0000,
    0x0000, 0x0000, 0x0000, 0x0000, 0x0000, 0x0000, 0x0000, 0x0000, 0x0000, 0xC005, 0xF1F7, 0x0000,
    0x0000, 0x7000, 0xFD3A, 0x0000, 0x0000, 0xA878, 0xBFFF, 0x4000, 0x0000, 0xED9C, 0xFF9F, 0x0060,
    0x0000, 0x0360, 0xF77C, 0x0080, 0x0000, 0x0180, 0x87F4, 0x0000, 0x0000, 0x0100, 0x07C9, 0x0000,
    0x0000, 0x0F00, 0x3F34, 0x0000, 0x0000, 0x3E98, 0xFFDF, 0x0020, 0x0000, 0x6F20, 0xEFF0, 0x1000,
    0x0000, 0x0000, 0x8380, 0x7C00, 0x0000, 0x9C00, 0x9E07, 0x6000, 0x0000, 0x7803, 0xFE8F, 0x0000,
    0x0000, 0x3006, 0xFC0E, 0x0001, 0x0000, 0x000C, 0x311C, 0x0003, 0x0000, 0x0003, 0xC84F, 0x0000,
    0x0000, 0x0000, 0x5D08, 0x0000, 0x0000, 0x2400, 0x6732, 0x1800, 0x0000, 0x1024, 0xDCE6, 0x2018,
    0x0000, 0x00B8, 0x30BE, 0x0040, 0x0000, 0x0060, 0x087C, 0x0080, 0x0000, 0x0180, 0x8DF0, 0x0200,
    0x0000, 0x0E00, 0x1FC0, 0x0000, 0x0000, 0x1800, 0x3E30, 0x0000, 0x0000, 0x1411, 0x56BF, 0x2800,
    0x0000, 0x007C, 0x28FC, 0x0003, 0x0000, 0x0057, 0x30F7, 0x0008, 0x0000, 0x0018, 0xC07C, 0x0000,
    0x0000, 0x4000, 0x7003, 0x8000, 0x0000, 0xC006, 0xF23E, 0x0001, 0x0000, 0x8003, 0xB40F, 0x0000,
    0x0000, 0x8000, 0xF000, 0x0000, 0x0127, 0x0004, 0x0120, 0x0004, 0x0297, 0x0290, 0x0000, 0x0280,
    0x0A03, 0x0808, 0x0204, 0x0800, 0x0097, 0x00A0, 0x4000, 0x0000, 0x0C4F, 0x0508, 0x0800, 0x0400,
    0x2ABF, 0x2A80, 0x0040, 0x2A00, 0x0D3F, 0x0448, 0x0800, 0x0400, 0x50DF, 0x4200, 0x0020, 0x4000,
    0x27FF, 0x0200, 0x2000, 0x0000, 0x53FF, 0x1500, 0x0000, 0x0000, 0x2BFF, 0x0200, 0x0400, 0x0000,
    0x03FF, 0x0400, 0x1000, 0x0000, 0x67FF, 0x0800, 0x0000, 0x0000, 0x0FFF, 0x1000, 0xC000, 0x0000,
    0x37FF, 0x0800, 0x0000, 0x0000, 0xCFFF, 0xC000, 0x3000, 0x0000, 0xFFF8, 0x0004, 0x0000, 0x0000,
    0xFFFE, 0x0000, 0x0000, 0x0000, 0xFFFC, 0x0000, 0x0000, 0x0000, 0xFFF4, 0x0008, 0x0000, 0x0000,
    0xFFF2, 0x0000, 0x0000, 0x0000, 0xFFE4, 0x0018, 0x0000, 0x0000, 0xFFF0, 0x0000, 0x0000, 0x0000,
    0xFFC2, 0x0022, 0x0010, 0x0002, 0xFFA8, 0x00A0, 0x0000, 0x00A0, 0xFFA2, 0x0102, 0x0000, 0x0102,
    0xFF60, 0x0360, 0x0000, 0x0060, 0xFE88, 0x0408, 0x0140, 0x0408, 0xFCA0, 0x0480, 0x0022, 0x0080,
    0xFA80, 0x1200, 0x0080, 0x1200, 0xD000, 0x1000, 0x0C00, 0x1000, 0xEC00, 0x2000, 0x0020, 0x2000,
    0x0000, 0x0000, 0x0000, 0x0000, 0xA000, 0xA000, 0x0000, 0xA000, 0x0000, 0x0000, 0x0000, 0x0000,
    0x0000, 0x0000, 0x8000, 0x0000, 0x1000, 0x1000, 0x0200, 0x1000, 0x0000, 0x0000, 0x0000, 0x0000,
    0x8000, 0x8000, 0x0000, 0x8000, 0x0000, 0x0000, 0x2000, 0x0000, 0x0000, 0x0000, 0x0000, 0x0000,
    0x0000, 0x0000, 0x0000, 0x0000, 0x0000, 0x0000, 0x0000, 0x0000, 0x0000, 0x0000, 0x0000, 0x0000,
    0x0000, 0x0000, 0x0000, 0x0000, 0x0000, 0x0000, 0x0000, 0x0000, 0x0000, 0x0000, 0x0000, 0x0000,
    0x0000, 0x0000, 0x0000, 0x0000, 0x0000, 0x0030, 0xDA78, 0x0000, 0x0000, 0x4040, 0x4CCC, 0x8030,
    0x0000, 0x4040, 0x7CFF, 0x8000, 0xC000, 0x0048, 0x10FB, 0x0004, 0xC000, 0x1048, 0x33CB, 0x0000,
    0xE001, 0x0080, 0x1CCE, 0x0000, 0xFC2F, 0x0000, 0x0080, 0x0000, 0xFC7F, 0x0300, 0x0300, 0x0000,
    0xFFFF, 0x0000, 0x0000, 0x0000, 0xFFFF, 0x0000, 0x0000, 0x0000, 0xFFFF, 0x0000, 0x0000, 0x0000,
    0xFFFF, 0x0000, 0x0000, 0x0000, 0xFFFF, 0x0000, 0x0000, 0x0000, 0xFFFF, 0x0000, 0x0000, 0x0000,
    0xFFFF, 0x0000, 0x0000, 0x0000, 0xFFFF, 0x0000, 0x0000, 0x0000, 0x0000, 0x4000, 0xF000, 0x0000,
    0x0000, 0x1000, 0x1800, 0x2000, 0x0000, 0x0000, 0x0400, 0x0000, 0x0000, 0x1000, 0x3001, 0x0000,
    0x0000, 0x0000, 0xCD23, 0x3000, 0x0000, 0x1800, 0x3F00, 0x0000, 0x0000, 0x0400, 0x0C12, 0x0000,
    0x0000, 0x0000, 0x0416, 0x0000, 0x0000, 0x0000, 0xB4EA, 0x0000, 0x0000, 0x14C0, 0x7EF3, 0x0000,
    0x0000, 0x6420, 0xE738, 0x18C0, 0x0000, 0xCC50, 0xCEDC, 0x3020, 0x0000, 0x780C, 0x7C0C, 0x8030,
    0x0000, 0x0030, 0xF8F0, 0x000C, 0x0000, 0x001C, 0x433F, 0x0000, 0x0000, 0x0006, 0x200F, 0x0000,
    0x0000, 0x0000, 0x1C0C, 0x0000, 0x0000, 0x3400, 0x74F2, 0x0800, 0x0000, 0x1030, 0xDC3C, 0x20C0,
    0x0000, 0x0048, 0xB04B, 0x0084, 0x0000, 0x0014, 0x003F, 0x0000, 0x0000, 0x1128, 0x5FEC, 0x2010,
    0x0000, 0x23C0, 0x27FC, 0x1800, 0x0000, 0x1800, 0x3F00, 0x0000, 0x0000, 0x000C, 0x18FF, 0x0000,
    0x0000, 0x119A, 0x3D9E, 0x0061, 0x0040, 0x7968, 0xFF6F, 0x0090, 0x0000, 0x9090, 0x9D9C, 0x6060,
    0x0000, 0xB060, 0xB8FA, 0x4000, 0x0000, 0xE010, 0xF018, 0x0020, 0x0000, 0x0000, 0xC010, 0x0000,
    0x0000, 0x0000, 0x1080, 0x0000, 0x0000, 0x100C, 0xDC3E, 0x0000, 0x0000, 0x2C04, 0x2C1E, 0x1000,
    0x0000, 0x1042, 0x1CC6, 0x2000, 0x0000, 0x2020, 0xB032, 0x00C0, 0x0000, 0x0020, 0x8330, 0x0000,
    0x0000, 0x0200, 0x8E91, 0x1100, 0x0000, 0x1E00, 0xBF08, 0x0000, 0x0000, 0x0200, 0x1E30, 0x0000,
    0x0000, 0x0000, 0x002F, 0x0000, 0x0000, 0x000C, 0x00CD, 0x0000, 0x0000, 0x0010, 0xC031, 0x0008,
    0x0000, 0x6028, 0xF0ED, 0x0010, 0x0000, 0x1050, 0x3151, 0x0020, 0x0000, 0x0120, 0x1330, 0x00C0,
    0x0000, 0x01C0, 0x03E0, 0x0000, 0x0000, 0x0000, 0x00C0, 0x0000, 0x0000, 0x0000, 0x0C00, 0x0000,
    0x0000, 0x0800, 0xC800, 0x0400, 0x0000, 0x1800, 0x3800, 0x0000, 0x0000, 0x3000, 0xFC00, 0x0000,
    0x0000, 0x6400, 0xF400, 0x0000, 0x0000, 0xC000, 0xF400, 0x0000, 0x0000, 0x0000, 0xC200, 0x0000,
    0x0000, 0x0000, 0x8088, 0x0000, 0x0000, 0x7418, 0xF618, 0x0820, 0x0000, 0xC138, 0xCD7C, 0x3200,
    0x0000, 0x8C00, 0x8FC0, 0x7000, 0x0000, 0xD010, 0xDE3C, 0x2000, 0x0000, 0xC030, 0xF8F8, 0x0000,
    0x0000, 0x60E0, 0xEDF2, 0x1000, 0x0000, 0x01C0, 0x33F0, 0x0000, 0x0000, 0x0000, 0x00D0, 0x0000,
    0x0000, 0x0000, 0x0000, 0x0000, 0x0000, 0x0000, 0x0000, 0x0000, 0x0000, 0x0000, 0x0000, 0x0000,
    0x0000, 0x0000, 0x0000, 0x0000, 0x0000, 0x0000, 0x1002, 0x0000, 0x0000, 0x0000, 0x0000, 0x0000,
    0x0000, 0x0000, 0x0000, 0x0000, 0x0000, 0x0000, 0x0020, 0x0000, 0x0000, 0x0000, 0x0000, 0x0000,
    0x0000, 0x0000, 0x0000, 0x0000, 0x0000, 0x0000, 0x0000, 0x0000, 0x0000, 0x0000, 0x0000, 0x0000,
    0x0000, 0x0000, 0x0000, 0x0000, 0x0000, 0x0000, 0x0000, 0x0000, 0x0000, 0x0000, 0x0000, 0x0000,
    0x0000, 0x0000, 0x0000, 0x0000, 0x0000, 0x002D, 0x202D, 0x0012, 0x0000, 0x0016, 0x1136, 0x0008,
    0x0000, 0x0008, 0x043F, 0x0000, 0x0000, 0x0080, 0x43C0, 0x0030, 0x0000, 0x05B8, 0x0DFC, 0x0200,
    0x0000, 0x1600, 0xF700, 0x0800, 0x0000, 0x4810, 0xC83C, 0x3000, 0x0000, 0x4020, 0x4230, 0x0000,
    0x0000, 0x0000, 0x0C00, 0x0000, 0x0000, 0x0C00, 0x4E80, 0x0000, 0x0000, 0x1000, 0x3400, 0x0800,
    0x0000, 0x2000, 0xAC80, 0x1000, 0x0000, 0x2000, 0x3001, 0x0000, 0x0000, 0x4000, 0xF000, 0x0000,
    0x0000, 0x0000, 0xC000, 0x0000, 0x0000, 0x0000, 0x8020, 0x0000, 0x0000, 0x0000, 0x401C, 0x0000,
    0x0000, 0x0014, 0x0036, 0x0008, 0x0000, 0x0030, 0x007D, 0x0000, 0x0000, 0x0000, 0x4033, 0x0000,
    0x0000, 0x0000, 0x010B, 0x0000, 0x0000, 0x0001, 0x005D, 0x0022, 0x0000, 0x0020, 0x002A, 0x0014,
    0x0000, 0x001C, 0x103C, 0x0000, 0x0000, 0x0000, 0x002F, 0x0010, 0x0000, 0x0010, 0x0016, 0x0008,
    0x0000, 0x0008, 0x001E, 0x0000, 0x0000, 0x0000, 0x0090, 0x0000, 0x0000, 0x0000, 0x00C8, 0x0000,
    0x0000, 0x0000, 0x0000, 0x0000, 0x0000, 0x0000, 0x0018, 0x0000, 0x0000, 0x0000, 0x0030, 0x0000,
    0x0000, 0x0000, 0x00FC, 0x0003, 0x0000, 0x0018, 0x03FB, 0x0004, 0x0000, 0x0003, 0x0823, 0x001C,
    0x0000, 0x002C, 0x83EF, 0x0010, 0x0000, 0x04A8, 0x0CEC, 0x0310, 0x0000, 0x3128, 0xF33C, 0x0CC0,
    0x0000, 0x4041, 0xC0F3, 0x3000, 0x0000, 0x0000, 0x0307, 0x0000, 0x0000, 0x2B00, 0xFB8C, 0x0400,
    0x0000, 0x0E2C, 0x0EAC, 0x0110, 0x0000, 0x0410, 0xCF9C, 0x0020, 0x0000, 0x4500, 0xCDB0, 0x0200,
    0x0000, 0x0500, 0x0D82, 0x0200, 0x0000, 0x0509, 0x0D8D, 0x0232, 0x0000, 0x423E, 0xCF7F, 0x0000,
    0x0000, 0x4000, 0xF333, 0x0000, 0x0000, 0x8000, 0xB800, 0x0000, 0x0000, 0x8000, 0xCD38, 0x0000,
    0x0000, 0x1824, 0x3CE6, 0x0018, 0x0000, 0x2692, 0x679F, 0x1860, 0x0000, 0x0C60, 0xCF7C, 0x3080,
    0x0000, 0x7400, 0xFFF1, 0x0000, 0x0000, 0xA000, 0xFCC0, 0x0000, 0x0000, 0x0000, 0x3330, 0x0000,
    0x0000, 0x0900, 0x39D2, 0x060C, 0x0000, 0x0484, 0xCCEC, 0x0303, 0x0000, 0x0360, 0x0B73, 0x0080,
    0x0000, 0x0120, 0x0B31, 0x00C0, 0x0000, 0x00D0, 0x83FD, 0x0000, 0x0000, 0x0028, 0x81E8, 0x0010,
    0x0000, 0x0000, 0x0032, 0x0000, 0x0000, 0x0000, 0x0F40, 0x0000, 0x0000, 0x190B, 0x1DBB, 0x2004,
    0x0000, 0x0112, 0x33B3, 0x000C, 0x0000, 0x0227, 0xC727, 0x0018, 0x0000, 0x242C, 0xFFEF, 0x0010,
    0x0000, 0x5858, 0xDCDC, 0x2020, 0x0000, 0x2060, 0x337C, 0xC080, 0x0000, 0x6000, 0x70F3, 0x8000,
    0x0000, 0x0001, 0xC007, 0x0000, 0x0000, 0x0000, 0x0840, 0x0000, 0x0000, 0xD000, 0xF210, 0x0000,
    0x0000, 0x0000, 0x1CC2, 0xE000, 0x0000, 0x0AA0, 0x4BB0, 0x8440, 0x0000, 0x1C00, 0x3F30, 0x0000,
    0x0000, 0x2000, 0xEC50, 0x1000, 0x0000, 0x2000, 0xB200, 0x0000, 0x0000, 0x0000, 0x0000, 0x0000,
    0x0000, 0x0800, 0x0C00, 0x0000, 0x0000, 0x0400, 0x8C80, 0x0000, 0x0000, 0x0000, 0x3C00, 0x0000,
    0x0000, 0x1800, 0xFC80, 0x0000, 0x0000, 0x2000, 0x7801, 0x0000, 0x0000, 0x4000, 0xF000, 0x0000,
    0x0000, 0xC000, 0xE000, 0x0000, 0x0000, 0x8000, 0xC420, 0x0000, 0x0000, 0x0000, 0xE000, 0x0000,
    0x0000, 0x0000, 0x3400, 0x0000, 0x0000, 0x0000, 0x2800, 0x0000, 0x0000, 0x2000, 0x7000, 0x0000,
    0x0000, 0x3800, 0xFC00, 0x0000, 0x0000, 0x0200, 0x1B00, 0x0400, 0x0000, 0x0000, 0x8640, 0x0000,
    0x0000, 0x0000, 0x0100, 0x0000, 0x0000, 0x0000, 0x0000, 0x0000, 0x0000, 0x0000, 0x0000, 0x0000,
    0x0000, 0x0000, 0x0000, 0x0000, 0x0000, 0x0000, 0x0080, 0x0000, 0x0000, 0x0000, 0x2002, 0x0000,
    0x0000, 0x0000, 0x0000, 0x0000, 0x0000, 0x0000, 0x2000, 0x0000, 0x0000, 0x0000, 0x9220, 0x0000,
    0x0000, 0x0000, 0x8000, 0x0000, 0x0000, 0x0000, 0x7C00, 0x0000, 0x0000, 0x3080, 0xFFC0, 0x0000,
    0x0000, 0x8D40, 0x8F70, 0x7080, 0x0000, 0x3020, 0x3C32, 0xC000, 0x0000, 0x6000, 0xF000, 0x0000,
    0x0000, 0x0000, 0xC288, 0x0000, 0x0000, 0x0100, 0x2300, 0x0000, 0x0000, 0x0000, 0x0000, 0x0000,
    0x0000, 0x0000, 0x0000, 0x0000, 0x0000, 0x0000, 0x0000, 0x0000, 0x0000, 0x0000, 0x0000, 0x0000,
    0x0000, 0x0000, 0x0000, 0x0000, 0x0000, 0x0000, 0x0000, 0x0000, 0x0000, 0x0000, 0x0000, 0x0000,
    0x0000, 0x0000, 0x0000, 0x0000, 0x0000, 0x0000, 0x0000, 0x0000, 0x0000, 0x0000, 0x0000, 0x0000,
    0x0000, 0x0000, 0x0000, 0x0000, 0x0000, 0x0000, 0x0000, 0x0000, 0x0000, 0x0000, 0x0000, 0x0000,
    0x0000, 0x0000, 0x0000, 0x0000, 0x0000, 0x0000, 0x0800, 0x0000, 0x0000, 0x0000, 0x0000, 0x0000,
    0x0000, 0x0000, 0x0000, 0x0000, 0x0000, 0x0000, 0x0000, 0x0000, 0x0000, 0x0000, 0x0000, 0x0000,
    0x0000, 0x0000, 0x0000, 0x0000, 0x0000, 0x0000, 0x0000, 0x0000, 0x0000, 0x0000, 0x0000, 0x0000,
    0x0000, 0x0000, 0x0000, 0x0000, 0x0000, 0x0000, 0x0000, 0x0000, 0x0000, 0x0000, 0x0000, 0x0000,
    0x0000, 0x0000, 0x0000, 0x0000, 0x0000, 0x0000, 0x0000, 0x0000, 0x0000, 0x0000, 0x0080, 0x0000,
    0x0000, 0x0000, 0x0002, 0x0000, 0x0000, 0x0000, 0x0000, 0x0000, 0x0000, 0x0000, 0x0000, 0x0000,
    0x0000, 0x0000, 0x0030, 0x0000, 0x0000, 0xB800, 0xBE00, 0x4000, 0x0000, 0x0400, 0xC700, 0x3800,
    0x0000, 0x2D00, 0x3FC0, 0x0000, 0x0000, 0x2840, 0x2D60, 0x1080, 0x0000, 0x2820, 0x2C70, 0x1000,
    0x0000, 0x2800, 0xAB18, 0x1000, 0x0000, 0x3600, 0x3740, 0x0800, 0x0000, 0x4040, 0x7070, 0x8000,
    0x0000, 0x0030, 0x0CF8, 0x0000, 0x0000, 0x0008, 0xF32C, 0x0010, 0x0000, 0xD808, 0xDC18, 0x2000,
    0x0000, 0x8400, 0xB732, 0x4800, 0x0000, 0x2E28, 0x3FEC, 0x0010, 0x0000, 0x480C, 0xCCBF, 0x3000,
    0x0000, 0x3000, 0xFC0E, 0x0000, 0x0000, 0x1000, 0x3201, 0x0000, 0x0000, 0x0000, 0xF000, 0x0000,
    0x0000, 0x1000, 0x3800, 0x0000, 0x0000, 0x0000, 0x0C00, 0x0000, 0x0000, 0x2000, 0x3500, 0x0000,
    0x0000, 0x0C00, 0xCC00, 0x3000, 0x0000, 0x1600, 0x3700, 0x0800, 0x0000, 0x0400, 0x0C00, 0x0000,
    0x0000, 0x0000, 0x1500, 0x0000, 0x0000, 0x0000, 0x0600, 0x0000, 0x0000, 0x0000, 0x0080, 0x0000,
    0x0000, 0x0000, 0x0000, 0x0000, 0x0000, 0x0000, 0x0000, 0x0000, 0x0000, 0x0000, 0x0000, 0x0000,
    0x0000, 0x0000, 0x8000, 0x0000, 0x0000, 0x0000, 0x0000, 0x0000, 0x0000, 0x0000, 0x0040, 0x0000,
    0x0000, 0x3000, 0xB000, 0x0000, 0x0000, 0x0800, 0x4800, 0x3000, 0x0000, 0x0000, 0x3000, 0x0000,
    0x0000, 0x1000, 0xB000, 0x0000, 0x0000, 0x4C00, 0xCC20, 0x3000, 0x0000, 0x3000, 0x7200, 0x0C00,
    0x0000, 0x0200, 0x6E00, 0x0000, 0x0000, 0x0000, 0x5800, 0x0000, 0x0000, 0x0400, 0x5E00, 0x2000,
    0x0000, 0x3400, 0x3400, 0x0800, 0x0000, 0x1800, 0x7E00, 0x0000, 0x0000, 0x2000, 0x7C00, 0x0000,
    0x0000, 0x1000, 0x3C00, 0x0000, 0x0000, 0x0800, 0x0800, 0x0000, 0x0000, 0x0000, 0x1C00, 0x0000,
    0x0000, 0x0000, 0x1000, 0x0000, 0x0000, 0x0000, 0x00F0, 0x0000, 0x0000, 0x0040, 0x0040, 0x0030,
    0x0000, 0x0030, 0x0078, 0x0000, 0x0000, 0x0010, 0x803E, 0x0000, 0x0000, 0x0004, 0x004C, 0x0030,
    0x0000, 0x0012, 0x00B3, 0x000C, 0x0000, 0x000C, 0x003E, 0x0000, 0x0000, 0x0004, 0x205C, 0x0000,
    0x0000, 0x0000, 0x008D, 0x0000, 0x0000, 0x0000, 0x0017, 0x0000, 0x0000, 0x0000, 0x000C, 0x0000,
    0x0000, 0x0001, 0x00B7, 0x0000, 0x0000, 0x0004, 0x000E, 0x0001, 0x0000, 0x0014, 0x0077, 0x0008,
    0x0000, 0x0048, 0x00CC, 0x0030, 0x0000, 0x0020, 0x0072, 0x0000, 0x0000, 0x0000, 0x0000, 0x0000,
    0x0000, 0x0000, 0x0000, 0x0000, 0x0000, 0x0000, 0x0000, 0x0000, 0x0000, 0x0000, 0x0000, 0x0000,
    0x0000, 0x0000, 0x0000, 0x0000, 0x0000, 0x0000, 0x0000, 0x0000, 0x0000, 0x0000, 0x0000, 0x0000,
    0x0000, 0x0000, 0x0000, 0x0000, 0x0000, 0x0000, 0x0000, 0x0000, 0x0000, 0x0000, 0x0000, 0x0000,
    0x0000, 0x0000, 0x0000, 0x0000, 0x0000, 0x0000, 0x0000, 0x0000, 0x0000, 0x0000, 0x0000, 0x0000,
    0x0000, 0x0000, 0x0000, 0x0000, 0x0000, 0x0000, 0x0000, 0x0000, 0x0000, 0x0000, 0x0002, 0x0000,
    0x0000, 0x0000, 0x0000, 0x0000, 0x0000, 0x0000, 0x0000, 0x0000, 0x0000, 0x0000, 0x0000, 0x0000,
    0x0000, 0x0000, 0x0000, 0x0000, 0x0000, 0x0000, 0x0000, 0x0000, 0x0000, 0x0000, 0x0000, 0x0000,
    0x0000, 0x0000, 0x0000, 0x0000, 0x0000, 0x0000, 0x0000, 0x0000, 0x0000, 0x0000, 0x0000, 0x0000,
    0x0000, 0x0000, 0x0000, 0x0000, 0x0000, 0x0000, 0x0000, 0x0000, 0x0000, 0x0000, 0x0000, 0x0000,
    0x0000, 0x0000, 0x0000, 0x0000, 0x0000, 0x0000, 0x0000, 0x0000, 0x0000, 0x0000, 0x1000, 0x0000,
    0x0000, 0x0000, 0x0000, 0x0000, 0x0000, 0x0000, 0x0000, 0x0000, 0x0000, 0x0000, 0x0000, 0x0000,
    0x0000, 0x0000, 0x0000, 0x0000, 0x0000, 0x0000, 0x0000, 0x0000, 0x0000, 0x0000, 0x0000, 0x0000,
    0x0000, 0x0000, 0x0000, 0x0000, 0x0000, 0x0000, 0x0000, 0x0000, 0x0000, 0x0000, 0x0000, 0x0000,
    0x0000, 0x0000, 0x0000, 0x0000, 0x0000, 0x0000, 0x0000, 0x0000, 0x0000, 0x0000, 0x0000, 0x0000,
    0x0000, 0x0000, 0x0000, 0x0000, 0x0000, 0x0000, 0x0000, 0x0000, 0x0000, 0x0000, 0x0000, 0x0000,
    0x0000, 0x0000, 0x0000, 0x0000, 0x0000, 0x0000, 0x0030, 0x0000, 0x0000, 0x0000, 0x0000, 0x0000,
    0x0000, 0x0000, 0x0000, 0x0000, 0x0000, 0x0000, 0x0000, 0x0000, 0x0000, 0x0000, 0x0000, 0x0000,
    0x0000, 0x0000, 0x0000, 0x0000, 0x0000, 0x0000, 0x0000, 0x0000, 0x0000, 0x0000, 0x0000, 0x0000,
    0x0000, 0x0000, 0x0000, 0x0000, 0x0000, 0x0000, 0x0000, 0x0000, 0x0000, 0x0000, 0x0000, 0x0000,
    0x0000, 0x0000, 0x0000, 0x0000, 0x0000, 0x0000, 0x0000, 0x0000, 0x0000, 0x0000, 0x0000, 0x0000,
    0x0004, 0x0000, 0x0004, 0x0000, 0x0000, 0x0000, 0x0000, 0x0000, 0x0001, 0x0000, 0x0001, 0x0000,
    0x0033, 0x0020, 0x0000, 0x0020, 0x00A7, 0x0083, 0x0000, 0x0080, 0x0543, 0x0403, 0x014C, 0x0400,
    0x090B, 0x0800, 0xC030, 0x0800, 0x044F, 0x000C, 0x0700, 0x0000, 0x293F, 0x2030, 0x08C0, 0x2000,
    0x023F, 0x004C, 0x0000, 0x0000, 0x11CF, 0x0AD0, 0x3020, 0x0000, 0x46FF, 0x0100, 0x4000, 0x0000,
    0x2BFF, 0x2300, 0x0800, 0x0000, 0x83FF, 0x0700, 0x8800, 0x0000, 0x23FF, 0x0800, 0x1000, 0x0000,
    0x8FFF, 0x0C00, 0x0000, 0x0000, 0x3FFF, 0x3000, 0xC000, 0x0000, 0x3FFF, 0x0C00, 0x0000, 0x0000,
    0x8FFF, 0x9000, 0x2000, 0x0000, 0x5000, 0x8000, 0x0000, 0x0000, 0xA400, 0x4400, 0x0000, 0x0400,
    0xC000, 0x2000, 0x1000, 0x0000, 0xD000, 0x0800, 0x0080, 0x0000, 0xED00, 0x1100, 0x0202, 0x0100,
    0xF200, 0x0400, 0x0800, 0x0000, 0xFE80, 0x0280, 0x0000, 0x0280, 0xFB28, 0x0408, 0x0000, 0x0008,
    0xFE84, 0x0000, 0x0040, 0x0000, 0xFF92, 0x0042, 0x0000, 0x0002, 0xFFB8, 0x0050, 0x0000, 0x0010,
    0xFFF4, 0x000C, 0x0000, 0x0004, 0xFFF1, 0x0001, 0x0002, 0x0001, 0xFFFC, 0x0000, 0x0000, 0x0000,
    0xFFFA, 0x0004, 0x0000, 0x0000, 0xFFF4, 0x0000, 0x000B, 0x0000, 0x0000, 0x0000, 0x0000, 0x0000,
    0x0000, 0x0000, 0x0000, 0x0000, 0x0000, 0x0000, 0x0000, 0x0000, 0x0000, 0x0000, 0x0000, 0x0000,
    0x0000, 0x0000, 0x0000, 0x0000, 0x0000, 0x0000, 0x0000, 0x0000, 0x0000, 0x0000, 0x0000, 0x0000,
    0x0000, 0x0000, 0x0000, 0x0000, 0x0000, 0x0000, 0x0000, 0x0000, 0x0000, 0x0000, 0x0000, 0x0000,
    0x0000, 0x0000, 0x0000, 0x0000, 0x0000, 0x0000, 0x8000, 0x0000, 0x0000, 0x0000, 0x0000, 0x0000,
    0x0000, 0x0000, 0x0000, 0x0000, 0x8000, 0x0000, 0x0000, 0x0000, 0x0000, 0x0000, 0x2000, 0x0000,
    0x0000, 0x0000, 0x0000, 0x0000, 0x0000, 0x0000, 0x0000, 0x0000, 0x0000, 0x0000, 0x0000, 0x0000,
    0x0000, 0x0000, 0x0080, 0x0000, 0x0000, 0x0000, 0x0002, 0x0000, 0x0000, 0x0000, 0x0000, 0x0000,
    0x0000, 0x0000, 0x0000, 0x0000, 0x0000, 0x0000, 0x0010, 0x0000, 0x0000, 0x0000, 0x0000, 0x0000,
    0x0000, 0x0000, 0x0000, 0x0000, 0x0000, 0x0000, 0x0000, 0x0000, 0x0000, 0x0000, 0x0000, 0x0000,
    0x0000, 0x0000, 0x0000, 0x0000, 0x0000, 0x0000, 0x0000, 0x0000, 0x0000, 0x0000, 0x0000, 0x0000,
    0x0000, 0x0000, 0x0000, 0x0000, 0x0000, 0x0000, 0x0000, 0x0000, 0x0000, 0x0000, 0x0000, 0x0000,
    0x0000, 0x0000, 0x0000, 0x0000, 0x0000, 0x0000, 0x4000, 0x0000, 0x0000, 0x0000, 0x0200, 0x0000,
    0x0000, 0x0000, 0x0000, 0x0000, 0x0000, 0x0000, 0x0000, 0x0000, 0x0000, 0x0000, 0x1000, 0x0000,
    0x0000, 0x0000, 0x0000, 0x0000, 0x0000, 0x0000, 0x0000, 0x0000, 0x0000, 0x0000, 0x0000, 0x0000,
    0x0000, 0x0000, 0x0040, 0x0000, 0x0000, 0x0000, 0x0001, 0x0000, 0x0000, 0x0000, 0x0000, 0x0000,
    0x0000, 0x0000, 0x0000, 0x0000, 0x0000, 0x0000, 0x0020, 0x0000, 0x0000, 0x0180, 0x0FCF, 0xF030,
    0x005C, 0x87DC, 0x8FDC, 0x7023, 0x00FC, 0x7ECA, 0xFECB, 0x0134, 0x0160, 0x25AA, 0xFD2E, 0x00D1,
    0x0181, 0x012D, 0x033D, 0x00C2, 0x0183, 0x0193, 0x2DB3, 0x024C, 0x000C, 0x002C, 0x0FEC, 0x0013,
    0x0000, 0x000F, 0x000F, 0x0000, 0x0000, 0x0018, 0x063B, 0x0000, 0x0000, 0x0420, 0x1E74, 0x0000,
    0x0000, 0x0400, 0x0D20, 0x0000, 0x0000, 0x0400, 0x0F30, 0x0000, 0x0000, 0x0C08, 0x1E4C, 0x0030,
    0x0000, 0x0614, 0x1F36, 0x0008, 0x0000, 0x0200, 0x07A1, 0x0000, 0x0000, 0x0021, 0x3373, 0x0000,
    0x0000, 0x0000, 0x0000, 0x0000, 0x0000, 0x0000, 0x3000, 0x0000, 0x0000, 0xC400, 0xC600, 0x3800,
    0x0000, 0x0C00, 0x0F00, 0xF000, 0x8000, 0xB800, 0xBC01, 0x4000, 0x0000, 0x2000, 0x3000, 0xC000,
    0x0000, 0x8000, 0xC100, 0x0000, 0x0000, 0x0000, 0xA020, 0x0000, 0x0000, 0x0000, 0x0C00, 0x0000,
    0x0000, 0x3400, 0x3400, 0x0800, 0x0000, 0x0800, 0x4C00, 0x3000, 0x0000, 0x3000, 0x3300, 0x0000,
    0x0000, 0x0300, 0x37A0, 0x0000, 0x0000, 0x2100, 0xED80, 0x1200, 0x0000, 0x3400, 0x7700, 0x0800,
    0x0000, 0x0200, 0xBE00, 0x0000, 0x0000, 0x0000, 0x0400, 0x0000, 0x0000, 0x6000, 0xF130, 0x0000,
    0x0000, 0x1038, 0x1CFC, 0xE000, 0x0000, 0xA41C, 0xB71E, 0x48E0, 0x0000, 0x5C70, 0xFD7C, 0x0080,
    0x0000, 0x0800, 0xCCE0, 0x3000, 0x0000, 0x7000, 0xF882, 0x0000, 0x0000, 0x0000, 0x0024, 0x0000,
    0x0000, 0x4000, 0xCC5E, 0x3000, 0x0000, 0x201C, 0x383E, 0xC000, 0x0000, 0x0030, 0xE07C, 0x0000,
    0x0000, 0x0000, 0x0030, 0x0000, 0x0000, 0x0000, 0x4B01, 0x0000, 0x0000, 0x0706, 0x1FCE, 0x0031,
    0x0000, 0x091C, 0x199F, 0x0620, 0x0000, 0x0100, 0x4DBC, 0x0200, 0x0000, 0x023C, 0x823E, 0x01C0,
    0x0000, 0x04C2, 0x0CC3, 0x033C, 0x0000, 0x070E, 0x173F, 0x0000, 0x0000, 0x0228, 0x83EC, 0x0010,
    0x0000, 0x0010, 0x0338, 0x0000, 0x0000, 0x0010, 0x4038, 0x0000, 0x0000, 0x0018, 0x8298, 0x0000,
    0x0000, 0x0450, 0x1FF4, 0x0000, 0x0000, 0x0060, 0x08F8, 0x0400, 0x0000, 0x1B50, 0x3FDC, 0x0020,
    0x0000, 0x0D0C, 0xFFFE, 0x0000, 0x0000, 0x3000, 0xFF0C, 0x0000, 0x0000, 0x110E, 0x3BEF, 0x0010,
    0x0000, 0x32A7, 0x7AFF, 0x0100, 0x0000, 0x0180, 0x33C3, 0x0000, 0x0000, 0x8100, 0xE300, 0x0000,
    0x0000, 0x4800, 0xCF30, 0x300F, 0x0000, 0x200C, 0x3CCC, 0xC003, 0x0000, 0x6003, 0xF20F, 0x0000,
    0x0000, 0x0000, 0x0507, 0x0000, 0x0000, 0x0000, 0xCB81, 0x0000, 0x0000, 0x0300, 0x2B83, 0x0000,
    0x0000, 0x0900, 0x2980, 0x0600, 0x0000, 0x0600, 0xCF01, 0x0000, 0x0000, 0xF000, 0xFC00, 0x0000,
    0x0000, 0x2000, 0xF400, 0x0000, 0x0000, 0x0000, 0x3801, 0x0000, 0x0000, 0x0000, 0x8840, 0x0000,
    0x0000, 0x0000, 0x4001, 0x8000, 0x0000, 0x4000, 0xE200, 0x0000, 0x0000, 0x8000, 0x9400, 0x0000,
    0x0000, 0x0000, 0xA020, 0x0000, 0x0000, 0x4001, 0xCF01, 0x3002, 0x0000, 0x1000, 0x3C0C, 0xC003,
    0x0000, 0x8000, 0xF033, 0x0000, 0x0000, 0x0000, 0x0081, 0x0000, 0x0000, 0x0000, 0x4E01, 0x0000,
    0x0000, 0x0B00, 0x3F8F, 0x0000, 0x0000, 0x1107, 0x318F, 0x0E00, 0x0000, 0x0611, 0xCE71, 0x010E,
    0x0000, 0x2026, 0xF2E7, 0x0018, 0x0000, 0x1030, 0x5C3C, 0x2000, 0x0000, 0x0000, 0x2132, 0x0000,
    0x0000, 0x2004, 0x32CC, 0x0000, 0x0000, 0x3840, 0x7C64, 0x0080, 0x0000, 0x14A0, 0x36B2, 0x0840,
    0x0000, 0x0020, 0x1C38, 0x0000, 0x0000, 0x0060, 0x04F0, 0x0000, 0x0000, 0x0000, 0x0000, 0x0000,
    0x0000, 0x0000, 0x0000, 0x0000, 0x0000, 0x0000, 0x0000, 0x0000, 0x0000, 0x0001, 0x0041, 0x0000,
    0x0000, 0x0000, 0x0003, 0x0000, 0x0000, 0x0000, 0x0001, 0x0000, 0x0000, 0x0000, 0x0002, 0x0000,
    0x0000, 0x0000, 0x0010, 0x0000, 0x0000, 0x0000, 0x0000, 0x0000, 0x0000, 0x0000, 0x0000, 0x0000,
    0x0000, 0x0000, 0x0000, 0x0000, 0x0000, 0x0000, 0x0040, 0x0000, 0x0000, 0x0000, 0x0003, 0x0000,
    0x0000, 0x0003, 0x0003, 0x0000, 0x0000, 0x0000, 0x0006, 0x0000, 0x0000, 0x0000, 0x0010, 0x0000,
    0x0000, 0x0000, 0x0010, 0x0000, 0x0000, 0x0000, 0x003E, 0x0000, 0x0000, 0x406E, 0xC0EF, 0x0010,
    0x0000, 0x22CC, 0x33CF, 0xC030, 0x0000, 0x40B8, 0xF7BE, 0x0040, 0x0000, 0x24C0, 0x7DF4, 0x0000,
    0x0000, 0x0000, 0x20C9, 0x0000, 0x0000, 0x0000, 0x0310, 0x0000, 0x0000, 0x0200, 0x0EC8, 0x3100,
    0x0000, 0x0660, 0x36F0, 0x0800, 0x0000, 0x0C80, 0x3F8C, 0x0070, 0x0000, 0x9080, 0xD883, 0x204C,
    0x0000, 0xA01C, 0xE83E, 0x1000, 0x0000, 0x0040, 0x00CC, 0x0030, 0x0000, 0x1018, 0x3CF8, 0x0000,
    0x0000, 0x2000, 0x3418, 0x0000, 0x0000, 0xB800, 0xBC20, 0x4000, 0x0000, 0xCC00, 0xCF00, 0x3000,
    0x0000, 0x5640, 0x77C8, 0x0800, 0x0000, 0x1860, 0x5C70, 0x2080, 0x0000, 0x1000, 0x1C30, 0x2000,
    0x0000, 0x3800, 0xFA10, 0x0000, 0x0000, 0x0C00, 0x9E40, 0x0000, 0x0000, 0x4400, 0x7E00, 0x8000,
    0x0000, 0x0000, 0x8840, 0x0000, 0x0000, 0x2000, 0xF200, 0x0000, 0x0000, 0xB800, 0xBCC0, 0x4000,
    0x0000, 0x84C0, 0x87F0, 0x4800, 0x0000, 0x8060, 0xBF70, 0x0000, 0x0000, 0x9000, 0xDC20, 0x2000,
    0x0000, 0x0000, 0xFC30, 0x0000, 0x0000, 0x0000, 0x7000, 0x0000, 0x0000, 0x0032, 0x3FF3, 0x000C,
    0x0000, 0x43E1, 0xCFED, 0x3012, 0x0000, 0x3D0F, 0xFF0F, 0x00F0, 0x0000, 0x0798, 0xFF9C, 0x0060,
    0x0000, 0x0010, 0x033F, 0x00C0, 0x0000, 0x0320, 0x2FF8, 0x0000, 0x0000, 0x0000, 0x0B32, 0x0000,
    0x0000, 0x0000, 0x0084, 0x0000, 0x0000, 0x0000, 0x0008, 0x0000, 0x0000, 0x0000, 0x10F1, 0x0000,
    0x0000, 0x0090, 0x049C, 0x0060, 0x0000, 0x007C, 0x437F, 0x0080, 0x0000, 0x0188, 0x0DBE, 0x0200,
    0x0000, 0x0230, 0x33FC, 0x0C00, 0x0000, 0x2800, 0x6876, 0x1000, 0x0000, 0x3000, 0x3306, 0x0000,
    0x0000, 0x0040, 0x3074, 0x0080, 0x0000, 0x30BC, 0x38BF, 0x0040, 0x0000, 0x0042, 0x00C3, 0x003C,
    0x0000, 0x00A1, 0x30A1, 0x001E, 0x0000, 0x3831, 0x7C31, 0x000E, 0x0000, 0x0C46, 0x3F7E, 0x0081,
    0x0000, 0x0203, 0x0ECF, 0x0000, 0x0000, 0x0000, 0x0243, 0x0000, 0x0000, 0x0000, 0x05F1, 0x0000,
    0x0000, 0x0050, 0x005D, 0x0020, 0x0010, 0x0038, 0x80FD, 0x0000, 0x0008, 0x0008, 0x012C, 0x0010,
    0x0000, 0x0020, 0x0066, 0x0018, 0x0000, 0x0004, 0x8026, 0x0018, 0x0000, 0x0012, 0x0016, 0x0008,
    0x0000, 0x0000, 0x0015, 0x000A, 0x0000, 0x0200, 0xCFF0, 0x0000, 0x0000, 0x2400, 0xE70C, 0x1830,
    0x0000, 0x1C00, 0xDE08, 0x2000, 0x0000, 0x1020, 0xBC74, 0x0000, 0x0000, 0x0058, 0x9DDC, 0x0020,
    0x0000, 0x1D12, 0xDDF3, 0x220C, 0x0000, 0x2200, 0xA31F, 0x1C00, 0x0000, 0x1800, 0xBDC2, 0x0000,
    0x0000, 0x5C00, 0xDF8E, 0x2000, 0x0000, 0x4808, 0xCDCE, 0x3000, 0x0000, 0x3400, 0x3FB6, 0xC000,
    0x0000, 0x5808, 0xDE3C, 0x2000, 0x0000, 0x3010, 0x3EF8, 0xC000, 0x0000, 0xA0D0, 0xBDF8, 0x4000,
    0x0000, 0x4090, 0xF3D8, 0x0000, 0x0000, 0x0200, 0x4690, 0x0000, 0x0000, 0x0000, 0x0000, 0x0000,
    0x0000, 0x0000, 0x0000, 0x0000, 0x0000, 0x0000, 0x0001, 0x0000, 0x0000, 0x0001, 0x0003, 0x0000,
    0x0000, 0x0002, 0x0006, 0x0001, 0x0000, 0x0003, 0x0007, 0x0000, 0x0000, 0x0000, 0x000D, 0x0000,
    0x0000, 0x0000, 0x0008, 0x0000, 0x0000, 0x0000, 0x00F0, 0x0000, 0x0000, 0x0010, 0x001C, 0x0020,
    0x0000, 0x0000, 0x0000, 0x0000, 0x0000, 0x0000, 0x0030, 0x0000, 0x0000, 0x0038, 0x00FC, 0x0000,
    0x0000, 0x000C, 0x003F, 0x0000, 0x0000, 0x0000, 0x0000, 0x0000, 0x0000, 0x0000, 0x0000, 0x0000,
    0x0000, 0x3000, 0x3C00, 0xC000, 0x0000, 0x4400, 0xCE30, 0x3000, 0x0000, 0xA828, 0xBEEB, 0x4014,
    0x0000, 0x58D4, 0x5DDF, 0xA020, 0x0000, 0x6050, 0x7C7C, 0x8080, 0x0000, 0x3180, 0xF3F0, 0x0000,
    0x0000, 0x0800, 0x1BC3, 0x0400, 0x0000, 0x4010, 0x7430, 0x8000, 0x0000, 0x0025, 0x0C6D, 0x0012,
    0x0000, 0x047C, 0xC6FE, 0x0800, 0x0000, 0x0060, 0x3EFF, 0x0000, 0x0000, 0x1060, 0xDCF0, 0x2000,
    0x0000, 0x3040, 0x30FC, 0x0000, 0x0000, 0x6000, 0x7360, 0x8000, 0x0000, 0x0000, 0xE63C, 0x0000,
    0x0000, 0x0000, 0x4630, 0x0000, 0x0000, 0x0000, 0x0C00, 0x0000, 0x0000, 0x1000, 0xF330, 0x0000,
    0x0000, 0xE83C, 0xECFF, 0x1000, 0x0000, 0xB29C, 0xB79E, 0x4860, 0x0000, 0xF0B0, 0xFFBC, 0x0040,
    0x0000, 0x4061, 0xFDF1, 0x0000, 0x0000, 0x1001, 0x7AC3, 0x0000, 0x0000, 0x0000, 0x0233, 0x0000,
    0x0000, 0x0238, 0x3F3D, 0x0000, 0x0000, 0x4D46, 0xCDC7, 0x3238, 0x0000, 0x4218, 0xC35C, 0x3C20,
    0x0000, 0x3870, 0xFCF1, 0x0000, 0x0000, 0x00C1, 0x01C3, 0x0000, 0x0000, 0x0511, 0x3DDD, 0x0222,
    0x0000, 0x022E, 0x0F2F, 0x0010, 0x0000, 0x000C, 0x003E, 0x0000, 0x0000, 0x2050, 0x30F0, 0xC000,
    0x0000, 0x4810, 0xCCDC, 0x3020, 0x0000, 0x8C00, 0xCF10, 0x3000, 0x0000, 0x4810, 0x4C30, 0x3000,
    0x0000, 0xBE48, 0xBFCC, 0x0030, 0x0000, 0xA310, 0xBF33, 0x400C, 0x0000, 0x810C, 0xC79E, 0x0000,
    0x0000, 0x0000, 0x8184, 0x0000, 0x0000, 0x0000, 0xC280, 0x0000, 0x0000, 0x0000, 0x3000, 0x0000,
    0x0000, 0x7600, 0xFF00, 0x0000, 0x0000, 0x9000, 0x9FC0, 0x6000, 0x0000, 0xB000, 0xBC00, 0x4000,
    0x0000, 0xE000, 0xF000, 0x0000, 0x0000, 0x0000, 0xC100, 0x0000, 0x0000, 0x0000, 0x3020, 0x0000,
    0x0000, 0xC001, 0xFC3F, 0x0000, 0x0000, 0x3C3B, 0xFFFF, 0x0000, 0x0000, 0x06C4, 0x37CF, 0x0830,
    0x0000, 0x5800, 0xDCF4, 0x2000, 0x0000, 0x6801, 0x6C13, 0x1000, 0x0000, 0x3C0F, 0xFF3F, 0x0000,
    0x0000, 0x0600, 0x0F8F, 0x0000, 0x0000, 0x4040, 0xE760, 0x0000, 0x0000, 0x0018, 0x005C, 0x0020,
    0x0000, 0x0010, 0x203C, 0x0000, 0x0000, 0x0000, 0xC8C0, 0x0000, 0x0000, 0x4080, 0x71FC, 0x8000,
    0x0000, 0xA178, 0xB37C, 0x0080, 0x0000, 0x2220, 0x3632, 0x01C0, 0x0000, 0x02C0, 0x0FF0, 0x0000,
    0x0000, 0x0100, 0x07C3, 0x0000, 0x0000, 0xE200, 0xF330, 0x0C00, 0x0000, 0x1508, 0x1DCC, 0xE230,
    0x2000, 0xA200, 0xA348, 0x5C00, 0x4000, 0x4C00, 0x4C30, 0xB000, 0x0000, 0xA048, 0xBECC, 0x4030,
    0x0000, 0x7014, 0xFC36, 0x0008, 0x0000, 0x0000, 0x3200, 0x0000, 0x0000, 0x0800, 0xCC03, 0x0000,
    0x0000, 0x4C03, 0xCC0F, 0x3000, 0x0000, 0x300C, 0x380F, 0xC000, 0x0000, 0x0018, 0xE03E, 0x0000,
    0x0000, 0x0000, 0x00D8, 0x0000, 0x0000, 0x0040, 0x87E8, 0x0000, 0x0000, 0x0380, 0x0FC0, 0x0000,
    0x0200, 0x0680, 0x1EE4, 0x0100, 0x0000, 0x0500, 0x0D90, 0x0200, 0x0C00, 0x0C02, 0xCDC3, 0x323C,
    0xC600, 0x160C, 0x364F, 0x09B0, 0xC380, 0x379B, 0x379B, 0x0864, 0xC000, 0x2D02, 0x2F03, 0x10FC,
    0xC000, 0x2278, 0x23F9, 0x1C06, 0xE000, 0x18B7, 0x18FF, 0x0700, 0xF800, 0x0682, 0x06FF, 0x0100,
    0xFC00, 0x0342, 0x0367, 0x0080, 0xFE00, 0x01C0, 0x01CE, 0x0000, 0xFF00, 0x0040, 0x004C, 0x0080,
    0xFF80, 0x0040, 0x0075, 0x0000, 0xFF80, 0x0060, 0x0079, 0x0000, 0xFFC0, 0x0018, 0x001F, 0x0020,
    0xFFF0, 0x000C, 0x000F, 0x0000, 0xFFF8, 0x0006, 0x0007, 0x0000, 0xFFF8, 0x0002, 0x0006, 0x0001,
    0x0000, 0xD024, 0xF8F7, 0x0008, 0x0000, 0x4016, 0xF237, 0x0008, 0x0008, 0x000C, 0xEBEF, 0x0010,
    0x0000, 0x0088, 0xD7EF, 0x0010, 0x0000, 0x8590, 0xCDBD, 0x0200, 0x0200, 0x0380, 0x9BB9, 0x0400,
    0x0601, 0x0700, 0x379A, 0x0800, 0x0001, 0x1900, 0x39CA, 0x0600, 0x0001, 0x6000, 0xE3C2, 0x1C00,
    0x0001, 0x4800, 0xCFC2, 0x3000, 0x0001, 0xC800, 0xDE8E, 0x2000, 0x0003, 0x9000, 0x9DA4, 0x6000,
    0x0003, 0x1000, 0x1C8C, 0xE000, 0x0007, 0x3000, 0x3098, 0xC000, 0x0007, 0xD000, 0xD338, 0x2000,
    0x000F, 0xA800, 0xEE10, 0x1000, 0x0000, 0x0006, 0x3D3F, 0xC200, 0x0000, 0x0583, 0xC7CF, 0x3800,
    0x3800, 0x2860, 0x2B77, 0xD480, 0x3800, 0x1B30, 0x1BFC, 0xE400, 0xF000, 0xD32C, 0xD3AC, 0x2C10,
    0x4000, 0xC008, 0xC3FC, 0x3C00, 0x0000, 0x8800, 0x8F3F, 0x7000, 0x9000, 0x5612, 0x579F, 0x2800,
    0xCC00, 0x2E7F, 0x2FFF, 0x1000, 0xC018, 0x3E9B, 0x3EDB, 0x0124, 0xE330, 0x0B66, 0x1B67, 0x0498,
    0xF820, 0x0424, 0x0426, 0x03D8, 0xF800, 0x063C, 0x07FE, 0x0000, 0xFE00, 0x01B0, 0x01FD, 0x0000,
    0xFF00, 0x0084, 0x00A5, 0x0040, 0xFF00, 0x0000, 0x0030, 0x00C0, 0x0000, 0x900C, 0xF03F, 0x0FC0,
    0x0C00, 0xBC06, 0xFFCF, 0x0030, 0x1000, 0x3001, 0x303F, 0x0FC0, 0x0000, 0x2E40, 0xEF73, 0x108C,
    0x0000, 0x4840, 0xCECC, 0x3003, 0x0003, 0x3047, 0x3CEF, 0xC000, 0x0002, 0xC0CB, 0xF3EB, 0x0004,
    0x0004, 0x0187, 0x0FD7, 0x0008, 0x0000, 0x0821, 0xC92D, 0x3412, 0x0000, 0x1816, 0x3D37, 0x0008,
    0x0000, 0x101C, 0x3A7E, 0x0000, 0x0000, 0x0058, 0x54DC, 0x0020, 0x0000, 0x4050, 0xF8D8, 0x0020,
    0x0000, 0xE030, 0xF378, 0x0000, 0x0000, 0x2010, 0x3E79, 0x0000, 0x0000, 0x2400, 0xF633, 0x0000,
    0x0000, 0x0200, 0x8EF1, 0x0000, 0x0000, 0x0230, 0xC63C, 0x0000, 0x0000, 0xC000, 0xF2B8, 0x0000,
    0x0000, 0xA010, 0xB236, 0x4000, 0x0000, 0x0018, 0xB8DC, 0x0020, 0x0000, 0x0012, 0x1033, 0x000C,
    0x0000, 0x0000, 0x081A, 0x0000, 0x0000, 0x0000, 0x0003, 0x0000, 0x0000, 0x2000, 0xF080, 0x0000,
    0x0000, 0x1800, 0x5C00, 0x2000, 0x0000, 0x0800, 0x1C40, 0x0000, 0x0000, 0x0000, 0x3A80, 0x0000,
    0x0000, 0x3000, 0xFE02, 0x0000, 0x0000, 0x0C00, 0x3F00, 0x0000, 0x0000, 0x0000, 0x0E00, 0x0000,
    0x0000, 0x0000, 0x0000, 0x0000, 0x0000, 0x0000, 0x0000, 0x0000, 0x0000, 0x0000, 0x0000, 0x0000,
    0x0000, 0x0000, 0x0000, 0x0000, 0x0000, 0x0000, 0x0000, 0x0000, 0x0000, 0x0000, 0x0000, 0x0000,
    0x0000, 0x0000, 0x0000, 0x0000, 0x0000, 0x0000, 0x8000, 0x0000, 0x0000, 0x0000, 0x8000, 0x0000,
    0x0000, 0x0000, 0x0000, 0x0000, 0x0000, 0x0000, 0x0000, 0x0000, 0x0000, 0x0000, 0x0000, 0x0000,
    0x0000, 0x0000, 0x0000, 0x0000, 0x0000, 0x0000, 0x0000, 0x0000, 0x0000, 0x0000, 0x0000, 0x0000,
    0x0000, 0x0000, 0x0000, 0x0000, 0x0000, 0x0000, 0x0000, 0x0000, 0x0000, 0x0040, 0x2470, 0x0080,
    0x0000, 0x00D8, 0xC1DC, 0x0020, 0x0000, 0x2064, 0x30E6, 0xC018, 0x0000, 0x5000, 0xDC3C, 0x2000,
    0x0000, 0x6C64, 0x6CE7, 0x1018, 0x0000, 0x00A7, 0xF1BF, 0x0C40, 0x0000, 0x0182, 0x23E7, 0x0000,
    0x0000, 0x0008, 0x089D, 0x0000, 0x0000, 0x0406, 0x7646, 0x0800, 0x0000, 0xF100, 0xFD36, 0x0200,
    0x0000, 0x1C24, 0x1FE6, 0xE018, 0x0000, 0x18EC, 0x1CEE, 0xE010, 0x0000, 0x3438, 0x3F3C, 0xC0C0,
    0x0000, 0x1040, 0xDCF1, 0x2000, 0x0000, 0x0000, 0x224C, 0x0000, 0x0000, 0x0000, 0x4000, 0x0000,
    0x0000, 0x0008, 0x42CC, 0x0030, 0x0040, 0x0070, 0x1078, 0x0080, 0x0080, 0x00C0, 0xC1F3, 0x0000,
    0x0000, 0xC043, 0xE54F, 0x0080, 0x0000, 0x2184, 0x31CD, 0x0002, 0x0000, 0x0004, 0x818F, 0x0000,
    0x0000, 0x0803, 0x293F, 0x0000, 0x0000, 0x0004, 0x01D7, 0x0008, 0x0000, 0x0120, 0x3F30, 0x00C0,
    0x0000, 0x4CD0, 0x4CDC, 0x3320, 0x0000, 0x4228, 0x43ED, 0x3C10, 0x0000, 0x3818, 0x7D3E, 0x0000,
    0x0000, 0x0122, 0x43A3, 0x001C, 0x0000, 0x0471, 0x3C7D, 0x0382, 0x0000, 0x0380, 0x8FE2, 0x0000,
    0x0000, 0x0000, 0x0000, 0x0000, 0x0000, 0x0000, 0x0CA8, 0x0000, 0x0000, 0x1400, 0x5590, 0x0800,
    0x0000, 0x2800, 0x2A08, 0x1000, 0x0000, 0x5000, 0xDD70, 0x2000, 0x0000, 0xA060, 0xB1E0, 0x4000,
    0x0000, 0x40C0, 0x73E0, 0x8000, 0x0000, 0x40C0, 0xCAC0, 0x0000, 0x0000, 0x0000, 0xC2C0, 0x0000,
    0x0000, 0x0000, 0x0D08, 0x0000, 0x0000, 0x0440, 0x06C1, 0x0800, 0x0000, 0x1C50, 0x3E70, 0x0080,
    0x0000, 0x3050, 0x7CDE, 0x0020, 0x0000, 0x204C, 0xF04E, 0x0030, 0x0000, 0x4070, 0x70F1, 0x800C,
    0x0000, 0x8018, 0xC03F, 0x0000, 0x0000, 0x0000, 0xC009, 0x0000, 0x0000, 0x0000, 0x0C0C, 0x0000,
    0x0000, 0x2400, 0x24F2, 0x1800, 0x0000, 0x10A0, 0x5CAD, 0x2050, 0x0000, 0x0044, 0x3246, 0x0088,
    0x0000, 0x000C, 0x033E, 0x0000, 0x0000, 0x31B0, 0x7DFD, 0x0200, 0x0000, 0x2F20, 0x2FF0, 0x1000,
    0x0000, 0x0800, 0x3D0A, 0x0000, 0x0000, 0x0004, 0x0076, 0x0008, 0x0000, 0x0062, 0x36EF, 0x0010,
    0x0000, 0x3884, 0xFB86, 0x0478, 0x0000, 0x94B4, 0xBFBE, 0x4040, 0x0000, 0xE0C0, 0xFCF8, 0x0000,
    0x0000, 0x0030, 0xD0F8, 0x0000, 0x0000, 0x0000, 0x8932, 0x0000, 0x0000, 0x0000, 0x0040, 0x0000,
    0x0000, 0x0000, 0x0400, 0x0000, 0x0000, 0x0000, 0x1000, 0x0000, 0x0000, 0x0000, 0x0000, 0x0000,
    0x0000, 0x0000, 0x0000, 0x0000, 0x0000, 0x0000, 0x0000, 0x0000, 0x0000, 0x0000, 0x0000, 0x0000,
    0x0000, 0x0000, 0x0000, 0x0000, 0x0000, 0x0000, 0x0000, 0x0000, 0x0000, 0x0000, 0x0000, 0x0000,
    0x0000, 0x0000, 0x0000, 0x0000, 0x0000, 0x0000, 0x0000, 0x0000, 0x0000, 0x0000, 0x0000, 0x0000,
    0x0000, 0x0000, 0x0000, 0x0000, 0x0000, 0x0000, 0x0000, 0x0000, 0x0000, 0x0000, 0x0000, 0x0000,
    0x0000, 0x0000, 0x0000, 0x0000, 0x0000, 0x0040, 0x0070, 0x0000, 0x0000, 0x0000, 0x0060, 0x0000,
    0x0000, 0x0000, 0x0040, 0x0000, 0x0000, 0x0000, 0x0040, 0x0000, 0x0000, 0x0000, 0x0000, 0x0000,
    0x0000, 0x0000, 0x0000, 0x0000, 0x0000, 0x0000, 0x0000, 0x0000, 0x0000, 0x0000, 0x0000, 0x0000,
    0x0000, 0x0000, 0x0000, 0x0000, 0x0000, 0x0000, 0x0000, 0x0000, 0x0000, 0x0000, 0x0000, 0x0000,
    0x0000, 0x0000, 0x0000, 0x0000, 0x0000, 0x0000, 0x0000, 0x0000, 0x0000, 0x0000, 0x0000, 0x0000,
    0x0000, 0x0000, 0x0000, 0x0000, 0x0000, 0x0000, 0x0000, 0x0000, 0x0000, 0x0000, 0x0800, 0x0000,
    0x0000, 0x0000, 0xE022, 0x0000, 0x0000, 0x8800, 0xBC00, 0x4000, 0x0000, 0x0600, 0x4F00, 0x8000,
    0x0000, 0x0C00, 0x3F47, 0x0000, 0x0000, 0x1807, 0xFC0F, 0x0000, 0x0000, 0xE000, 0xF807, 0x0000,
    0x0000, 0x0000, 0x8001, 0x0000, 0x0000, 0x3100, 0x3BA1, 0x0000, 0x0000, 0x0800, 0xCC8C, 0x3300,
    0x0000, 0x720C, 0xF38C, 0x0C30, 0x0000, 0x1812, 0x7C33, 0x000C, 0x0000, 0x001E, 0x01FF, 0x0000,
    0x0000, 0x024C, 0x16CF, 0x0130, 0x0000, 0x0038, 0x03FC, 0x0000, 0x0000, 0x0000, 0x0032, 0x0000,
    0x0000, 0x0000, 0x0400, 0x0000, 0x0000, 0x0000, 0x2038, 0x0000, 0x0000, 0x001C, 0x00DE, 0x0020,
    0x0000, 0x00E4, 0x40E6, 0x0018, 0x0000, 0x0098, 0x31BC, 0x0040, 0x0000, 0x2060, 0xFBF0, 0x0000,
    0x0000, 0xC000, 0xF8C4, 0x0000, 0x0000, 0x0000, 0xF1A2, 0x0000, 0x0000, 0x0000, 0xCE00, 0x0000,
    0x0000, 0x2400, 0x2438, 0x1800, 0x0000, 0x5024, 0xDCE6, 0x2018, 0x0000, 0x008C, 0x318E, 0x0070,
    0x0000, 0x2130, 0x773C, 0x00C0, 0x0000, 0x1AC0, 0xDEF0, 0x2100, 0x0000, 0x2600, 0x67C0, 0x1800,
    0x0000, 0x0000, 0x3C20, 0x0000, 0x0000, 0x0048, 0x0CCC, 0x0030, 0x0000, 0x10A0, 0x50BC, 0x0C40,
    0x0000, 0x0841, 0x0973, 0x3080, 0x0000, 0x4143, 0xCD4F, 0x3080, 0x0000, 0x3002, 0x31CE, 0x4001,
    0x0000, 0x2000, 0x320C, 0xC000, 0x0000, 0xC00C, 0xC73F, 0x0000, 0x0000, 0x0E12, 0xCF33, 0x000C,
    0x0000, 0x0810, 0x1D9C, 0x0000, 0x0000, 0x1064, 0x3264, 0x0018, 0x0000, 0x0010, 0x64DC, 0x0020,
    0x0000, 0x0000, 0x0330, 0x0000, 0x0000, 0x0500, 0x0D03, 0x0200, 0x0000, 0x1271, 0xF3FD, 0x0C02,
    0x0000, 0x0824, 0xC867, 0x3018, 0x0000, 0x0000, 0x033C, 0x0000, 0x0000, 0x0000, 0x3000, 0x0000,
    0x0000, 0x3000, 0xFC00, 0x0000, 0x0000, 0xC800, 0xCC00, 0x3000, 0x4000, 0x4C00, 0x4F00, 0xB000,
    0x0000, 0x3000, 0x3C00, 0xC000, 0x0000, 0xE000, 0xF300, 0x0000, 0x0000, 0x0000, 0xCF00, 0x0000,
    0x0000, 0x0700, 0x3780, 0x0800, 0x0000, 0x3040, 0x3F70, 0x0000, 0x0000, 0x5E30, 0xDF7C, 0x2000,
    0x0000, 0x642C, 0xE66E, 0x1810, 0x0000, 0x3800, 0xFC7C, 0x0000, 0x0000, 0x003C, 0x03BF, 0x0000,
    0x0000, 0x0387, 0xBFFF, 0x0000, 0x0000, 0x0000, 0x0FC3, 0x0000, 0x0000, 0x0000, 0x0000, 0x0000,
    0x0000, 0x0000, 0x0000, 0x0000, 0x0001, 0x0000, 0x0001, 0x0000, 0x0001, 0x0000, 0x0000, 0x0000,
    0x0000, 0x0000, 0x0040, 0x0000, 0x0000, 0x0000, 0x0002, 0x0000, 0x0000, 0x0000, 0x0000, 0x0000,
    0x0000, 0x0000, 0x0000, 0x0000, 0x0000, 0x0000, 0x0010, 0x0000, 0x0000, 0x0000, 0x0000, 0x0000,
    0x0000, 0x0000, 0x0000, 0x0000, 0x0000, 0x0000, 0x0000, 0x0000, 0x0000, 0x0000, 0x0080, 0x0000,
    0x0000, 0x0000, 0x0002, 0x0000, 0x0000, 0x0000, 0x0000, 0x0000, 0x0001, 0x0000, 0x0001, 0x0000,
    0x0000, 0x0000, 0x0020, 0x0000, 0x4FFF, 0x2000, 0x1000, 0x0000, 0x2BFF, 0x0C00, 0x0000, 0x0000,
    0x2FFF, 0x0000, 0x2000, 0x0000, 0x5FFF, 0x4C00, 0x8000, 0x4000, 0x23FF, 0x0800, 0x0000, 0x0000,
    0x4BFF, 0x4300, 0x0400, 0x4000, 0x83FF, 0x8300, 0x3000, 0x8000, 0x14FF, 0x0600, 0x0000, 0x0400,
    0x6FFF, 0x2800, 0x4000, 0x2800, 0x31FF, 0x3300, 0x0000, 0x0000, 0x4BFF, 0x0300, 0x4400, 0x0000,
    0x03FF, 0x0000, 0x1000, 0x0000, 0xCFFF, 0x0C00, 0x8000, 0x0000, 0x3FFF, 0x3000, 0x8000, 0x0000,
    0x3FFF, 0x0C00, 0x0000, 0x0000, 0xCFFF, 0xC000, 0x3000, 0x0000, 0xFFF2, 0x0002, 0x000C, 0x0002,
    0xFFF4, 0x0000, 0x0000, 0x0000, 0xFFFA, 0x0004, 0x0000, 0x0000, 0xFFF2, 0x000A, 0x0004, 0x0002,
    0xFFF0, 0x0000, 0x0000, 0x0000, 0xFFEA, 0x0012, 0x0004, 0x0002, 0xFFF3, 0x0001, 0x0000, 0x0001,
    0xFFE4, 0x0014, 0x0000, 0x0004, 0xFFFA, 0x0002, 0x0004, 0x0002, 0xFFF4, 0x0000, 0x0000, 0x0000,
    0xFFF2, 0x000A, 0x0000, 0x0002, 0xFFF8, 0x0004, 0x0000, 0x0000, 0xFFF0, 0x0000, 0x0000, 0x0000,
    0xFFE4, 0x0010, 0x0008, 0x0000, 0xFFF0, 0x0000, 0x0000, 0x0000, 0xFFE8, 0x0010, 0x0000, 0x0000,
    0x0000, 0x0000, 0x0000, 0x0000, 0x8000, 0x8000, 0x0000, 0x8000, 0x0000, 0x0000, 0x0000, 0x0000,
    0x8000, 0x8000, 0x0000, 0x8000, 0x0000, 0x0000, 0x0000, 0x0000, 0x0000, 0x0000, 0x0000, 0x0000,
    0x0000, 0x0000, 0x0000, 0x0000, 0x0000, 0x0000, 0x0000, 0x0000, 0x0000, 0x0000, 0x0000, 0x0000,
    0x0000, 0x0000, 0x0000, 0x0000, 0x0000, 0x0000, 0x0000, 0x0000, 0x0000, 0x0000, 0x8000, 0x0000,
    0x0000, 0x0000, 0x0200, 0x0000, 0x0000, 0x0000, 0x0000, 0x0000, 0x0000, 0x0000, 0x0000, 0x0000,
    0x0000, 0x0000, 0x2000, 0x0000, 0x0000, 0x0000, 0x0000, 0x0000, 0x0000, 0x0000, 0x0000, 0x0000,
    0x0000, 0x0000, 0x0000, 0x0000, 0x0000, 0x0000, 0x0000, 0x0000, 0x0000, 0x0000, 0x0000, 0x0000,
    0x0000, 0x0000, 0x0000, 0x0000, 0x0000, 0x0000, 0x0000, 0x0000, 0x0000, 0x0000, 0x0000, 0x0000,
    0x0000, 0x0000, 0x0000, 0x0000, 0x0000, 0x0000, 0x0000, 0x0000, 0x0000, 0x0000, 0x0000, 0x0000,
    0x0000, 0x0000, 0x0000, 0x0000, 0x0000, 0x0000, 0x0020, 0x0000, 0x0000, 0x0000, 0x0000, 0x0000,
    0x0000, 0x0000, 0x0000, 0x0000, 0x0000, 0x0000, 0x0000, 0x0000, 0x0000, 0x180C, 0x3D4C, 0x0033,
    0x0000, 0x0416, 0x4477, 0x3808, 0x0000, 0x1838, 0xDC3F, 0x2000, 0x0000, 0x1050, 0x38DC, 0x0020,
    0x0000, 0x0010, 0x08D8, 0x0020, 0x0000, 0x3120, 0xFD78, 0x0200, 0x0000, 0x6400, 0x6714, 0x1800,
    0x0000, 0xD800, 0xDC00, 0x2000, 0x2800, 0x9800, 0x8800, 0x7700, 0x0C00, 0xFFC0, 0xCFC0, 0x3000,
    0x0800, 0x1820, 0x3830, 0x07C0, 0x0000, 0x0DD0, 0xDDDC, 0x0220, 0x0000, 0xC228, 0xEF2C, 0x0010,
    0x0000, 0x1039, 0x17F9, 0xE004, 0xC000, 0xD00D, 0xD9BF, 0x2000, 0xC000, 0x5C00, 0x5C0F, 0xA000,
    0x0000, 0x1A00, 0xBE00, 0x0000, 0x0000, 0x3200, 0x7238, 0x0C00, 0x0000, 0x0848, 0x4CCE, 0x3030,
    0x0000, 0x018C, 0x338C, 0x0070, 0x0000, 0x0378, 0x077C, 0x0080, 0x0000, 0x01C0, 0xCDF0, 0x3200,
    0x0000, 0x2700, 0x27C2, 0x1800, 0x0000, 0x1C00, 0x3E20, 0x0000, 0x0000, 0x0000, 0x1800, 0x0000,
    0x0000, 0x0000, 0x3000, 0x0000, 0x0000, 0x2480, 0xE7C0, 0x1800, 0x0000, 0x8620, 0x8730, 0x78C0,
    0x0000, 0x3840, 0x3CE0, 0xC000, 0x0000, 0xC000, 0xF000, 0x0000, 0x0000, 0x8000, 0xC200, 0x0000,
    0x0000, 0x0000, 0x1000, 0x0000, 0x0000, 0x6C00, 0xFF03, 0x0000, 0x0000, 0xF000, 0xFE30, 0x0000,
    0x4000, 0x5038, 0x5CFF, 0xA000, 0x0000, 0x50A8, 0x58BE, 0xA040, 0x0000, 0xE0E0, 0xF9FC, 0x0000,
    0x0000, 0x0080, 0xF1F0, 0x0000, 0x0000, 0x0000, 0x23C1, 0x0000, 0x0000, 0x0000, 0x4C20, 0x0000,
    0x0000, 0x0800, 0x3F00, 0x0000, 0x0000, 0x1B00, 0xDF00, 0x2000, 0x0000, 0x3D80, 0xFFC0, 0x0000,
    0x0000, 0x00C0, 0xFCE0, 0x0000, 0x0000, 0x0000, 0x0320, 0x0000, 0x0000, 0x0300, 0x0F80, 0x0000,
    0x0000, 0x0100, 0x0780, 0x0000, 0x0000, 0x0000, 0x0000, 0x0000, 0x0000, 0x0000, 0xC808, 0x0000,
    0x0000, 0x0000, 0x9C00, 0x0000, 0x0000, 0x1800, 0x3E00, 0x0000, 0x0000, 0x1800, 0x7C00, 0x0000,
    0x0000, 0x2000, 0x7C00, 0x0000, 0x0000, 0x3000, 0xF800, 0x0000, 0x0000, 0x0800, 0x7E00, 0x0000,
    0x0000, 0x4000, 0xE000, 0x0000, 0x0000, 0x0000, 0x0800, 0x0000, 0x0000, 0x0000, 0x0000, 0x0000,
    0x0000, 0x0000, 0x8000, 0x0000, 0x0000, 0x0000, 0x0000, 0x0000, 0x0000, 0x0000, 0x0000, 0x0000,
    0x0000, 0x0000, 0x0000, 0x0000, 0x0000, 0x0000, 0x0000, 0x0000, 0x0000, 0x0000, 0x0000, 0x0000,
    0x0000, 0x0000, 0x0400, 0x0000, 0x0000, 0x0000, 0x4000, 0x0000, 0x0000, 0x0000, 0x8000, 0x0000,
    0x0000, 0x0000, 0x0000, 0x0000, 0x0000, 0x0000, 0x0020, 0x0000, 0x0000, 0x0000, 0x8000, 0x0000,
    0x0000, 0x0000, 0x0000, 0x0000, 0x0000, 0x0000, 0x0000, 0x0000, 0x0000, 0x0000, 0x0000, 0x0000,
    0x0000, 0x0000, 0x0000, 0x0000, 0x0000, 0x0000, 0x0000, 0x0000, 0x0000, 0x0000, 0x0000, 0x0000,
    0x0000, 0x0000, 0x2000, 0x0000, 0x0000, 0x0000, 0x0000, 0x0000, 0x0000, 0x0000, 0x0000, 0x0000,
    0x0000, 0x0000, 0x0000, 0x0000, 0x0000, 0x0000, 0x20F8, 0x0000, 0x0000, 0x0030, 0x027C, 0x0000,
    0x0000, 0x0010, 0x0638, 0x0000, 0x0000, 0x0000, 0x4418, 0x0000, 0x0000, 0x0028, 0x00AC, 0x0010,
    0x0000, 0x0010, 0x0012, 0x000C, 0x0000, 0x0000, 0x000C, 0x0000, 0x0000, 0x0000, 0x1004, 0x0000,
    0x0000, 0x0000, 0x0008, 0x0000, 0x0000, 0x0000, 0x0000, 0x0000, 0x0000, 0x0000, 0x0080, 0x0000,
    0x0000, 0x0000, 0x0000, 0x0000, 0x0000, 0x0000, 0x0000, 0x0000, 0x0000, 0x0000, 0x0080, 0x0000,
    0x0000, 0x0000, 0x0000, 0x0000, 0x0000, 0x0000, 0x0000, 0x0000, 0x0000, 0x0000, 0x0000, 0x0000,
    0x0000, 0x0000, 0x0000, 0x0000, 0x0000, 0x0000, 0x0008, 0x0000, 0x0000, 0x0000, 0x0001, 0x0000,
    0x0000, 0x0000, 0x0010, 0x0000, 0x0000, 0x0000, 0x0000, 0x0000, 0x0000, 0x0000, 0x0000, 0x0000,
    0x0000, 0x0000, 0x0000, 0x0000, 0x0000, 0x0000, 0x0000, 0x0000, 0x0000, 0x0000, 0x0000, 0x0000,
    0x0000, 0x0000, 0x0000, 0x0000, 0x0000, 0x0000, 0x0040, 0x0000, 0x0000, 0x0000, 0x1001, 0x0000,
    0x0000, 0x0000, 0x0001, 0x0000, 0x0000, 0x0000, 0x0001, 0x0000, 0x0000, 0x0000, 0x0010, 0x0000,
    0x0000, 0x0038, 0x50FC, 0x0003, 0x0000, 0x0016, 0x0336, 0x0008, 0x0000, 0x051C, 0xC77F, 0x0000,
    0x0000, 0xA020, 0xBAE0, 0x4010, 0x0000, 0x1050, 0x78DC, 0x0020, 0x0000, 0x0000, 0x14C2, 0x0000,
    0x0000, 0x0006, 0x01BE, 0x0000, 0x0000, 0x0002, 0x0036, 0x0000, 0x0000, 0x0000, 0x0C02, 0x0000,
    0x0000, 0x0000, 0x0231, 0x0C00, 0x0000, 0x0824, 0x38E6, 0x0018, 0x0000, 0x10B8, 0xDCBE, 0x2040,
    0x0000, 0xD160, 0xD178, 0x2080, 0x0000, 0x0180, 0x33F0, 0xC000, 0x0000, 0x8000, 0xC2C2, 0x0000,
    0x0000, 0x0000, 0xC020, 0x0000, 0x0000, 0x5000, 0xD900, 0x2000, 0x0000, 0x4000, 0xD400, 0x2000,
    0x0000, 0xA000, 0xB000, 0x4000, 0x0000, 0xC000, 0xE400, 0x0000, 0x0000, 0x0000, 0x5E00, 0x8000,
    0x0000, 0x0000, 0x9000, 0x0000, 0x0000, 0x0000, 0x6300, 0x0000, 0x0000, 0x0300, 0xCF00, 0x0000,
    0x0000, 0x0100, 0x0380, 0x0000, 0x0000, 0x0000, 0x0080, 0x0000, 0x0000, 0x0000, 0x0000, 0x0000,
    0x0000, 0x0000, 0x0000, 0x0000, 0x0000, 0x0000, 0x0000, 0x0000, 0x0000, 0x0000, 0x0000, 0x0000,
    0x0000, 0x0000, 0x0000, 0x0000, 0x0000, 0x0000, 0x0000, 0x0000, 0x0000, 0x0003, 0x051F, 0x0020,
    0x0000, 0x0416, 0x4E36, 0x0008, 0x0000, 0x000C, 0x343F, 0x0000, 0x0000, 0x5030, 0xDCF0, 0x2000,
    0x0000, 0xB060, 0xB0EC, 0x4010, 0x0000, 0x4000, 0x6078, 0x8000, 0x0000, 0xC000, 0xE038, 0x0000,
    0x0000, 0x0000, 0xC010, 0x0000, 0x0000, 0x0000, 0x8060, 0x0000, 0x0000, 0x0000, 0x0040, 0x0000,
    0x0000, 0x0000, 0x0000, 0x0000, 0x0000, 0x0000, 0x0000, 0x0000, 0x0000, 0x0000, 0x0000, 0x0000,
    0x0000, 0x0000, 0x0000, 0x0000, 0x0000, 0x0000, 0x0000, 0x0000, 0x0000, 0x0000, 0x0000, 0x0000,
    0x0000, 0x0001, 0x0005, 0x000A, 0x0000, 0x0002, 0x0002, 0x0009, 0x0000, 0x0009, 0x0009, 0x0000,
    0x0000, 0x0000, 0x0008, 0x0000, 0x0000, 0x0001, 0x0001, 0x0000, 0x0000, 0x0000, 0x0000, 0x0000,
    0x0000, 0x0000, 0x0000, 0x0000, 0x0000, 0x0000, 0x0000, 0x0000, 0x0000, 0x0000, 0x0000, 0x0000,
    0x0000, 0x0000, 0x0000, 0x0000, 0x0000, 0x0000, 0x0000, 0x0000, 0x0000, 0x0000, 0x0000, 0x0000,
    0x0000, 0x0000, 0x0000, 0x0000, 0x0000, 0x0000, 0x0000, 0x0000, 0x0000, 0x0000, 0x0000, 0x0000,
    0x0000, 0x0000, 0x0000, 0x0000, 0x0000, 0x0000, 0x8510, 0x0000, 0x0000, 0x8000, 0xCD00, 0x0000,
    0x0000, 0x9400, 0x9D00, 0x2000, 0x0000, 0x8800, 0xAD00, 0x5000, 0x0000, 0x3800, 0x3A00, 0x4000,
    0x2000, 0x6000, 0x6A00, 0x1000, 0x0000, 0x4800, 0x4A00, 0x3000, 0x0000, 0x2000, 0x7000, 0x0000,
    0x0000, 0x4000, 0x5800, 0x2000, 0x0000, 0x2000, 0x3000, 0x4000, 0x0000, 0x2000, 0x7000, 0x0000,
    0x0000, 0x0000, 0x3000, 0x0000, 0x0000, 0x0000, 0x5000, 0x2000, 0x0000, 0x0000, 0x2000, 0x0000,
    0x0000, 0x0000, 0x0000, 0x0000, 0x0000, 0x0000, 0x0000, 0x0000, 0x0000, 0x0008, 0x33FF, 0x0000,
    0x0000, 0x21F3, 0x77FF, 0x0000, 0x0000, 0x310C, 0x790E, 0x00F0, 0x0000, 0x00F8, 0x3CFC, 0x0000,
    0x0000, 0x0048, 0x027F, 0x0180, 0x0000, 0x04B0, 0x04FD, 0x0300, 0x0000, 0x0600, 0x0F33, 0x0000,
    0x0000, 0x0000, 0x3ECC, 0x0000, 0x0000, 0x0000, 0x000C, 0x0000, 0x0000, 0x0004, 0x3024, 0x0018,
    0x0000, 0x7C10, 0xFFDC, 0x0020, 0x0000, 0x8400, 0x8730, 0x7800, 0x0000, 0x3000, 0x3C00, 0xC000,
    0x0000, 0xE010, 0xF0DC, 0x0023, 0x0000, 0x0027, 0xC327, 0x0018, 0x0000, 0x0000, 0x303C, 0x0000,
    0x0000, 0x0010, 0x10FC, 0x0000, 0x0000, 0x0028, 0xDCEF, 0x0010, 0x0000, 0x0C0C, 0x3F4F, 0x0030,
    0x0000, 0x0838, 0x4C7C, 0x3000, 0x0000, 0x3060, 0xB9FC, 0x4000, 0x0000, 0xC300, 0xF7F3, 0x0000,
    0x0000, 0x0004, 0xC307, 0x0008, 0x0000, 0x0140, 0x0170, 0x0080, 0x0000, 0x0000, 0x0C00, 0x0000,
    0x0000, 0x0400, 0xC400, 0x0800, 0x0000, 0x0000, 0x3000, 0x0000, 0x0000, 0x3000, 0xFC00, 0x0000,
    0x0000, 0x2000, 0x3000, 0x0000, 0x0000, 0x8000, 0xB000, 0x4000, 0x0000, 0x0000, 0xC000, 0x0000,
    0x0000, 0x0000, 0xC000, 0x0000, 0x0000, 0x0018, 0x3CDC, 0x0020, 0x0000, 0x38D0, 0x7EFC, 0x0000,
    0x0000, 0x6E80, 0xEFB3, 0x1040, 0x0000, 0x5C42, 0x5EC7, 0xA000, 0x0000, 0xF001, 0xFCC5, 0x0002,
    0x0000, 0x6002, 0xF00F, 0x0000, 0x0000, 0x0004, 0xC33F, 0x0000, 0x0000, 0x0204, 0x0736, 0x0008,
    0x0000, 0x040C, 0x0C0E, 0x0000, 0x0000, 0x0024, 0x2B24, 0x0018, 0x0000, 0x0018, 0x04DC, 0x0020,
    0x0000, 0x0010, 0x0330, 0x0000, 0x0000, 0x0004, 0x0CFE, 0x0300, 0x0000, 0x004E, 0xF3CE, 0x0C31,
    0x0000, 0x6034, 0xE077, 0x1008, 0x0000, 0x0000, 0x033C, 0x0000, 0x0000, 0x1000, 0xF000, 0x0000,
    0x0000, 0x2000, 0x6C00, 0x1000, 0x0000, 0x0800, 0x18C0, 0x0000, 0x0000, 0x0040, 0x30E0, 0x0000,
    0x0000, 0x2820, 0xEC70, 0x1000, 0x0000, 0x1C00, 0x3E28, 0x0000, 0x0000, 0x0000, 0x0E00, 0x0000,
    0x0000, 0x0000, 0x0000, 0x0000, 0x0000, 0x0A00, 0x3B00, 0x0400, 0x0000, 0x6300, 0xE380, 0x1C00,
    0x0000, 0x1CC0, 0xDFC0, 0x2000, 0x0000, 0x1840, 0x3CE0, 0x0000, 0x0000, 0x00C0, 0x03E0, 0x0000,
    0x0000, 0x0D00, 0x3D00, 0x0200, 0x0000, 0x0600, 0x0F00, 0x0000, 0x0000, 0x0000, 0x0000, 0x0000,
    0x0000, 0x8001, 0xF411, 0x000E, 0x0000, 0x7807, 0x7E0F, 0x8000, 0x0000, 0x1202, 0x1F0E, 0xE001,
    0x0000, 0x6401, 0xEE67, 0x1000, 0x0000, 0x9801, 0xFC4B, 0x0000, 0x0000, 0x3001, 0x3913, 0xC000,
    0x0000, 0x4000, 0xF699, 0x0000, 0x0000, 0x0600, 0x1F0C, 0x0000, 0x0000, 0x4C00, 0xCE02, 0x3000,
    0x0000, 0x3000, 0x3C3F, 0x0000, 0x0000, 0x0026, 0x30E7, 0x0018, 0x0000, 0x008C, 0xC08F, 0x0070,
    0x0000, 0x4030, 0x703E, 0x80C0, 0x0000, 0x40C0, 0x73F0, 0x8000, 0x0000, 0x2000, 0x7CC2, 0x0000,
    0x0000, 0x0000, 0xF030, 0x0000, 0x0000, 0x0300, 0x0780, 0x0000, 0x0000, 0x8000, 0xC300, 0x0000,
    0x0000, 0xC000, 0xF200, 0x0000, 0x0000, 0x6000, 0x7100, 0x8000, 0x0000, 0x3000, 0x3A20, 0xC000,
    0x0000, 0xB000, 0xBC00, 0x4000, 0x0000, 0x9000, 0x9900, 0x6000, 0x0000, 0x7000, 0xFC00, 0x0000,
    0x0000, 0x2000, 0x7800, 0x0000, 0x0000, 0x0000, 0x3000, 0x0000, 0x0000, 0x0000, 0x8200, 0x0000,
    0x0000, 0x0000, 0x3000, 0x0000, 0x0000, 0x1800, 0xDC00, 0x2000, 0x0000, 0x1400, 0x3600, 0x0800,
    0x0000, 0x0000, 0x0600, 0x0000, 0x0000, 0x0000, 0x0100, 0x0000, 0xFFFC, 0x0003, 0x0003, 0x0000,
    0xFFFE, 0x0001, 0x0001, 0x0000, 0xFFFE, 0x0001, 0x0001, 0x0000, 0xFFFE, 0x0001, 0x0001, 0x0000,
    0xFFFF, 0x0000, 0x0000, 0x0000, 0xFFFF, 0x0000, 0x0000, 0x0000, 0xFFFF, 0x0000, 0x0000, 0x0000,
    0xFFFF, 0x0000, 0x0000, 0x0000, 0xFFFF, 0x0000, 0x0000, 0x0000, 0xFFFF, 0x0000, 0x0000, 0x0000,
    0xFFFF, 0x0000, 0x0000, 0x0000, 0xFFFF, 0x0000, 0x0000, 0x0000, 0xFFFF, 0x0000, 0x0000, 0x0000,
    0xFFFF, 0x0000, 0x0000, 0x0000, 0xFFFF, 0x0000, 0x0000, 0x0000, 0xFFFF, 0x0000, 0x0000, 0x0000,
    0x000F, 0x1800, 0xFCB0, 0x0000, 0x001F, 0x1800, 0xFA20, 0x0400, 0x001F, 0x1800, 0xFD60, 0x0000,
    0x003F, 0x3000, 0xFC40, 0x0000, 0x003F, 0xB000, 0xF880, 0x0000, 0x007F, 0xA000, 0xB180, 0x4000,
    0x00FF, 0x8000, 0xF300, 0x0000, 0x01FF, 0xC000, 0xE600, 0x0000, 0x03FF, 0x4000, 0xCC00, 0x0000,
    0x83FF, 0x4000, 0x4C00, 0x0000, 0x83FF, 0x2000, 0x2C00, 0x4000, 0x87FF, 0x0000, 0x0800, 0x4000,
    0x87FF, 0x6000, 0x6800, 0x0000, 0xC7FF, 0x2000, 0x2800, 0x0000, 0xCFFF, 0x2000, 0x2000, 0x0000,
    0xCFFF, 0x0000, 0x3000, 0x0000, 0xFF88, 0x0048, 0x004A, 0x0034, 0xFFC0, 0x0000, 0x000E, 0x0030,
    0xFFC0, 0x0018, 0x003B, 0x0004, 0xFFF0, 0x0000, 0x0006, 0x0009, 0xFFF2, 0x0000, 0x000D, 0x0000,
    0xFFFB, 0x0000, 0x0004, 0x0000, 0xFFFF, 0x0000, 0x0000, 0x0000, 0xFFFF, 0x0000, 0x0000, 0x0000,
    0xFFFF, 0x0000, 0x0000, 0x0000, 0xFFFF, 0x0000, 0x0000, 0x0000, 0xFFFF, 0x0000, 0x0000, 0x0000,
    0xFFFF, 0x0000, 0x0000, 0x0000, 0xFFFF, 0x0000, 0x0000, 0x0000, 0xFFFF, 0x0000, 0x0000, 0x0000,
    0xFFFF, 0x0000, 0x0000, 0x0000, 0xFFFF, 0x0000, 0x0000, 0x0000, 0x000C, 0x286E, 0xBEEF, 0x4010,
    0x00C0, 0x683F, 0x7C3F, 0x0000, 0x01C1, 0x4019, 0x7C39, 0x0006, 0x01F2, 0xA00E, 0xF80E, 0x0001,
    0x01E0, 0x8006, 0xF01F, 0x0000, 0x01F0, 0xC003, 0xC00F, 0x0000, 0x07FC, 0x4000, 0x4003, 0x8000,
    0x07FF, 0x4000, 0x4000, 0x0000, 0x07FF, 0x6000, 0xE000, 0x0000, 0x87FF, 0x6000, 0x6800, 0x0000,
    0x87FF, 0x6000, 0x6800, 0x0000, 0x8FFF, 0x0000, 0x0000, 0x4000, 0x8FFF, 0x2000, 0x2000, 0x4000,
    0xCFFF, 0x0000, 0x0000, 0x0000, 0xCFFF, 0x0000, 0x0000, 0x0000, 0xCFFF, 0x0000, 0x3000, 0x0000,
    0x5C09, 0xC2F7, 0xBF8E, 0xFFFF, 0x8286, 0x3D78, 0xE387, 0xFFFF, 0x7990, 0xFE6F, 0x05B1, 0xFFFF,
    0x0421, 0x83DE, 0x7E21, 0xFFFF, 0x8E02, 0xFDBD, 0x7242, 0xFFFF, 0x71BC, 0x027F, 0xFDC0, 0xFFFF,
    0x0067, 0xFFE7, 0x8C18, 0xFFFF, 0x8C00, 0x7398, 0x8C7F, 0xFFFF, 0x0018, 0xFEE7, 0x017F, 0xFFFF,
    0x2867, 0xAF98, 0x5167, 0xFFFF, 0x0700, 0x567F, 0xF980, 0xFFFF, 0x5188, 0xA9FF, 0xFE00, 0xFFFF,
    0xA86E, 0x564B, 0xAFB5, 0xFFFF, 0x0627, 0xF9B6, 0x07D9, 0xFFFF, 0x1190, 0xAE59, 0x51EE, 0xFFFF,
    0xA048, 0xFFA7, 0x487E, 0xFFFF, 0xBE20, 0x013E, 0xFFD3, 0xFFFF, 0x0113, 0xFECF, 0x41F0, 0xFFFF,
    0x40C0, 0xBF3C, 0x40E3, 0xFFFF, 0xA0A0, 0x7FDB, 0x8027, 0xFFFF, 0x0003, 0xDF7F, 0x2084, 0xFFFF,
    0xB815, 0xFFFD, 0x008A, 0xFFFF, 0x46C8, 0x0722, 0xF8DF, 0xFFFF, 0x4142, 0xF9DD, 0xBE37, 0xFFFF,
    0xB915, 0x07AA, 0xFE75, 0xFFFF, 0x06A0, 0xF8DF, 0x4760, 0xFFFF, 0x4062, 0xBF77, 0x4188, 0xFFFF,
    0x8910, 0x669D, 0x99EE, 0xFFFF, 0x148D, 0xF962, 0x06FF, 0xFFFF, 0x0262, 0xEF9C, 0x1073, 0xFFFF,
    0x0C10, 0x5DEF, 0xB310, 0xFFFF, 0x1384, 0xE277, 0xBD88, 0xFFFF, 0xFFFF, 0x0000, 0x0000, 0x0000,
    0xFFFF, 0x0000, 0x0000, 0x0000, 0xFFFF, 0x0000, 0x0000, 0x0000, 0xFFFF, 0x0000, 0x0000, 0x0000,
    0xFFFF, 0x0000, 0x0000, 0x0000, 0xFFFF, 0x0000, 0x0000, 0x0000, 0xFFFF, 0x0000, 0x0000, 0x0000,
    0xFFFF, 0x0000, 0x0000, 0x0000, 0x0000, 0x0000, 0xFFFF, 0xFFFF, 0x0000, 0x0000, 0xFFFF, 0xFFFF,
    0x0000, 0x0000, 0xFFFF, 0xFFFF, 0x0000, 0x0000, 0xFFFF, 0xFFFF, 0x0000, 0x0000, 0xFFFF, 0xFFFF,
    0x0000, 0x0000, 0xFFFF, 0xFFFF, 0x0000, 0x0000, 0xFFFF, 0xFFFF, 0x0000, 0x0000, 0xFFFF, 0xFFFF,
    0xFFFF, 0x0000, 0x0000, 0x0000, 0xFFFF, 0x0000, 0x0000, 0x0000, 0xFFFF, 0x0000, 0x0000, 0x0000,
    0xFFFF, 0x0000, 0x0000, 0x0000, 0x0000, 0x0000, 0xFFFF, 0xFFFF, 0x0000, 0x0000, 0xFFFF, 0xFFFF,
    0x0000, 0x0000, 0xFFFF, 0xFFFF, 0x0000, 0x0000, 0xFFFF, 0xFFFF, 0x0000, 0x0000, 0xFFFF, 0xFFFF,
    0x0000, 0x0000, 0xFFFF, 0xFFFF, 0x0000, 0x0000, 0xFFFF, 0xFFFF, 0x0000, 0x0000, 0xFFFF, 0xFFFF,
    0x0000, 0x0000, 0xFFFF, 0xFFFF, 0x0000, 0x0000, 0xFFFF, 0xFFFF, 0x0000, 0x0000, 0xFFFF, 0xFFFF,
    0x0000, 0x0000, 0xFFFF, 0xFFFF, 0xFFFF, 0x0000, 0x0000, 0x0000, 0xFFFF, 0x0000, 0x0000, 0x0000,
    0xFFFF, 0x0000, 0x0000, 0x0000, 0xFFFF, 0x0000, 0x0000, 0x0000, 0x0000, 0x0000, 0xFFFF, 0xFFFF,
    0x0000, 0x0000, 0xFFFF, 0xFFFF, 0x0000, 0x0000, 0xFFFF, 0xFFFF, 0x0000, 0x0000, 0xFFFF, 0xFFFF,
    0x0000, 0x0000, 0xFFFF, 0xFFFF, 0x0000, 0x0000, 0xFFFF, 0xFFFF, 0x2000, 0x2000, 0xDFFF, 0xFFFF,
    0x1000, 0x1000, 0xEFFF, 0xFFFF, 0x1000, 0x1000, 0xEFFF, 0xFFFF, 0x1000, 0x1000, 0xEFFF, 0xFFFF,
    0x3000, 0x3000, 0xCFFF, 0xFFFF, 0x2000, 0x2000, 0xDFFF, 0xFFFF, 0xFFFF, 0x0000, 0x0000, 0x0000,
    0xFFFF, 0x0000, 0x0000, 0x0000, 0xFFFF, 0x0000, 0x0000, 0x0000, 0xFFFF, 0x0000, 0x0000, 0x0000,
    0x0000, 0x0000, 0xFFFF, 0xFFFF, 0x0000, 0x0000, 0xFFFF, 0xFFFF, 0x0000, 0x0000, 0xFFFF, 0xFFFF,
    0x0000, 0x0000, 0xFFFF, 0xFFFF, 0x000F, 0x0019, 0xFFE6, 0xFFE7, 0x0017, 0x002F, 0xFFD3, 0xFFD8,
    0x0019, 0x007F, 0xFF89, 0xFF80, 0x0024, 0x007C, 0xFF84, 0xFF83, 0x00E8, 0x003B, 0xFFEB, 0xFF44,
    0x0010, 0x00F3, 0xFF1F, 0xFF00, 0x0040, 0x00A2, 0xFF63, 0xFF1C, 0x00C0, 0x000E, 0xFFFF, 0xFF00,
    0xFFF0, 0x00F1, 0x00F1, 0x000E, 0xFF0C, 0x012D, 0x016F, 0x0090, 0xF0C0, 0x04F2, 0x02FF, 0x0D00,
    0xFC80, 0x0C9B, 0x1FBB, 0x0044, 0x0542, 0x3FCA, 0xC1CA, 0xC835, 0x7303, 0x5F17, 0xA31F, 0xA0E0,
    0xF400, 0x1EA0, 0xF3F4, 0x2403, 0x6900, 0x7944, 0x86EC, 0xC903, 0x6000, 0x6001, 0x10ED, 0x6302,
    0x8000, 0x8005, 0x0EAF, 0x8000, 0xC000, 0xF803, 0x3CEF, 0xC000, 0x0000, 0xC407, 0xC7AF, 0x3800,
    0x0000, 0x1004, 0x1C4D, 0xE002, 0x0000, 0xC000, 0xF30E, 0x0001, 0x0000, 0x0F03, 0xCFC7, 0x0000,
    0x0000, 0x19C0, 0x39F3, 0x0600, 0xFFFF, 0x0000, 0x0000, 0x0000, 0xFFFF, 0x0000, 0x0000, 0x0000,
    0xFFFF, 0x0000, 0x0000, 0x0000, 0xFFFF, 0x0000, 0x0000, 0x0000, 0xFFFF, 0x0000, 0x0000, 0x0000,
    0xFFFF, 0x0000, 0x0000, 0x0000, 0xFFFF, 0x0000, 0x0000, 0x0000, 0xFFFF, 0x0000, 0x0000, 0x0000,
    0x0018, 0xFEE7, 0x017F, 0xFFFF, 0x2867, 0xAF98, 0x5167, 0xFFFF, 0x0700, 0x567F, 0xF980, 0xFFFF,
    0x5188, 0xA9FF, 0xFE00, 0xFFFF, 0xA86E, 0x564B, 0xAFB5, 0xFFFF, 0x0627, 0xF9B6, 0x07D9, 0xFFFF,
    0x1190, 0xAE59, 0x51EE, 0xFFFF, 0xA048, 0xFFA7, 0x487E, 0xFFFF, 0xFFFF, 0x0000, 0x0000, 0x0000,
    0xFFFF, 0x0000, 0x0000, 0x0000, 0xFFFF, 0x0000, 0x0000, 0x0000, 0xFFFF, 0x0000, 0x0000, 0x0000,
    0xFFFF, 0x0000, 0x0000, 0x0000, 0xFFFF, 0x0000, 0x0000, 0x0000, 0xFFFF, 0x0000, 0x0000, 0x0000,
    0xFFFF, 0x0000, 0x0000, 0x0000, 0xB915, 0x07AA, 0xFE75, 0xFFFF, 0x06A0, 0xF8DF, 0x4760, 0xFFFF,
    0x4062, 0xBF77, 0x4188, 0xFFFF, 0x8910, 0x669D, 0x99EE, 0xFFFF, 0x148D, 0xF962, 0x06FF, 0xFFFF,
    0x0262, 0xEF9C, 0x1073, 0xFFFF, 0x0C10, 0x5DEF, 0xB310, 0xFFFF, 0x1384, 0xE277, 0xBD88, 0xFFFF,
    0xFC0F, 0x1C0D, 0x1C0C, 0x03F2, 0xE338, 0x6327, 0x6F20, 0x10DF, 0x8327, 0x1F19, 0x3D00, 0x40FE,
    0x035F, 0x52B3, 0x7203, 0x8DEC, 0x0EFC, 0xC99D, 0xC09D, 0x3762, 0x0CC0, 0xA8C3, 0xE8C3, 0x173C,
    0x0C00, 0x283E, 0xEB3F, 0x14C0, 0x0C00, 0x1CC0, 0xFCFC, 0x0300, 0x0300, 0x1980, 0x3DE1, 0xC200,
    0x3F00, 0x8F80, 0x8FC3, 0x7000, 0x1C00, 0x20C3, 0x80E7, 0x3F00, 0x5300, 0x2062, 0x0476, 0x7B81,
    0x5000, 0x3139, 0x1FFF, 0x6000, 0x3000, 0x0000, 0x4CB3, 0x3000, 0x1C00, 0x0C01, 0x0E03, 0x3000,
    0x0400, 0xCC00, 0xC43B, 0x3B00, 0xC00F, 0x4270, 0x03F0, 0xBC00, 0xF603, 0x7FC4, 0x7FE4, 0x8008,
    0xC001, 0xF960, 0xF976, 0x0680, 0x0001, 0x4832, 0x7B3E, 0x84C0, 0x0000, 0x878E, 0xEF8E, 0x0071,
    0x0000, 0xC3E0, 0xE7E3, 0x001C, 0x0000, 0x0018, 0x1FF8, 0x0007, 0x0000, 0x1F06, 0x7F3F, 0x0000,
    0x0600, 0x7788, 0xF7CE, 0x0830, 0x0700, 0xC5F8, 0xF5FC, 0x0A00, 0x0E00, 0x2BC8, 0xEBFC, 0x1400,
    0x7C00, 0x6718, 0x67DC, 0x9820, 0xF800, 0x9A20, 0x9B38, 0x64C0, 0x4000, 0x4CC0, 0x4FF0, 0xB000,
    0x0000, 0xA900, 0xADE3, 0x5200, 0x0000, 0x0443, 0xF74F, 0x0800, 0x0000, 0x4C00, 0xCFCE, 0x3000,
    0x7000, 0x7344, 0x737F, 0x8C80, 0x5C00, 0x7066, 0x507F, 0xAF80, 0x7F00, 0x3FC3, 0x3FEF, 0xC000,
    0x7C00, 0x3C80, 0x3CE0, 0xC303, 0x2000, 0x2300, 0x23C0, 0xDC00, 0x0000, 0x8E01, 0x8F85, 0x7000,
    0x0000, 0x200C, 0x7F3C, 0x0000, 0x0000, 0x8318, 0x87F9, 0x0006, 0x0004, 0x4434, 0xFFF7, 0x0008,
    0x1418, 0x1039, 0x3339, 0x0C06, 0x1A30, 0x0BB8, 0x4BFB, 0x3400, 0x1840, 0x3B58, 0x1BDE, 0x6420,
    0x4000, 0x0E30, 0x0F3C, 0x70C0, 0x4000, 0x40E0, 0x4FF3, 0x3000, 0x3000, 0x3000, 0x3300, 0x4C00,
    0x0000, 0xC800, 0xCF8C, 0x3000, 0x0000, 0x3000, 0x3C34, 0x0000, 0x0000, 0x0024, 0xC0E7, 0x0018,
    0x0000, 0x009E, 0xFC9F, 0x0060, 0x0000, 0xC070, 0xCC7C, 0x3080, 0x0000, 0x6040, 0x73F0, 0x8000,
    0x0000, 0xC000, 0xF0C2, 0x0000, 0x0000, 0x0000, 0xC330, 0x0000, 0x0000, 0x0018, 0xB0DC, 0x0320,
    0x0000, 0x3010, 0xFCD8, 0x0020, 0x0000, 0xE870, 0xEC78, 0x1080, 0x1000, 0x9418, 0x97DC, 0x6820,
    0x0000, 0x70B0, 0xFCB8, 0x0040, 0x0000, 0x40E0, 0xF3F0, 0x0000, 0x0000, 0x8040, 0xCE73, 0x0000,
    0x0000, 0x0881, 0x3ECD, 0x0002, 0xFC00, 0x3D28, 0x3DEC, 0xC210, 0x0800, 0x00B8, 0xC3BC, 0x3C40,
    0x0000, 0x2380, 0x3FB3, 0xC040, 0x0000, 0x1041, 0x304F, 0xCF80, 0x0C00, 0x8C86, 0x8CCF, 0x7300,
    0x0800, 0xC90C, 0xC90E, 0x3600, 0x0000, 0x0A08, 0xFB3F, 0x0400, 0x0000, 0x721E, 0xFFBF, 0x0000,
    0x0C00, 0x8F30, 0x8F3C, 0x70C0, 0x7E00, 0x4A54, 0x42DE, 0xB520, 0x4C00, 0x3464, 0x04E7, 0xFB18,
    0x7F00, 0x6F80, 0x4FBC, 0x9000, 0x7C00, 0x58DD, 0x58DF, 0xA720, 0x4000, 0x4027, 0x403F, 0xBFC0,
    0x0000, 0xB780, 0xB7C7, 0x4800, 0x0000, 0x1C00, 0x7F38, 0x0000, 0x0000, 0x0000, 0x0000, 0x0000,
    0x0000, 0x0000, 0x0000, 0x0000, 0x0000, 0x0000, 0xC000, 0x0000, 0x0000, 0xC000, 0xE000, 0x0000,
    0x0000, 0x0000, 0x7000, 0x0000, 0x0000, 0x0000, 0x3000, 0x0000, 0x0000, 0x0000, 0x1000, 0x0000,
    0x0000, 0x0000, 0x4000, 0x0000, 0x0000, 0x0000, 0x8400, 0x0000, 0x0000, 0x0000, 0x3800, 0x0000,
    0x0000, 0x6000, 0xE300, 0x1C00, 0x0000, 0x9C00, 0x9F00, 0x6000, 0x0000, 0x7000, 0x7C00, 0x8000,
    0x0000, 0xC000, 0xF000, 0x0000, 0x0000, 0x0000, 0xC200, 0x0000, 0x0000, 0x0000, 0x3080, 0x0000,
    0x0C00, 0xC000, 0xC00C, 0x3F00, 0x0200, 0x9240, 0x9EC3, 0x6100, 0x0600, 0x8FA0, 0xBFB0, 0x4040,
    0x0400, 0xD590, 0xF5DC, 0x0A20, 0x0C00, 0x2D08, 0xED8C, 0x1230, 0x0800, 0x2870, 0xE9F0, 0x160C,
    0x0800, 0x2A18, 0x6B3F, 0x1400, 0x0800, 0x0A06, 0x7B0F, 0x0400, 0x0000, 0x0C09, 0x4EF9, 0x3006,
    0x0000, 0x0005, 0x3C2D, 0x0002, 0x0000, 0x0000, 0x30EF, 0x0000, 0x0000, 0x0185, 0xC1DD, 0x0002,
    0x0000, 0x6107, 0x731F, 0x8000, 0x0000, 0x2203, 0x366F, 0xC000, 0x0000, 0x2006, 0x345F, 0x0000,
    0x0000, 0x0020, 0xE8F3, 0x0000, 0x0000, 0x0100, 0xC1FE, 0x3C00, 0x0000, 0x01C0, 0x3DF6, 0x0000,
    0x0000, 0x00C0, 0x30EC, 0x0000, 0x0000, 0x8040, 0xC068, 0x0080, 0x0000, 0x4040, 0x70E8, 0x8000,
    0x0000, 0x60C0, 0x73E4, 0x8000, 0x0000, 0x2080, 0x3EC2, 0x0000, 0x0000, 0x60C0, 0xF3E6, 0x0000,
    0x0000, 0x00C6, 0x01F7, 0x0000, 0x0000, 0x0042, 0x01E6, 0x0001, 0x0000, 0x8004, 0xC1CF, 0x0000,
    0x0000, 0xE00C, 0xF09E, 0x0000, 0x0000, 0x2018, 0x31BC, 0x0000, 0x0000, 0x0030, 0x037C, 0x0000,
    0x0000, 0x0140, 0x07F8, 0x0000, 0x0000, 0x0600, 0x0FC8, 0x0000, 0x0000, 0x0000, 0x0000, 0x0000,
    0x0000, 0x0000, 0x0000, 0x0000, 0x0000, 0x0000, 0x0000, 0x0000, 0x0000, 0x0000, 0x0000, 0x0000,
    0x0000, 0x0000, 0x0010, 0x0000, 0x0000, 0x0000, 0x0000, 0x0000, 0x0000, 0x0000, 0x0000, 0x0000,
    0x0000, 0x0000, 0x0000, 0x0000, 0x0000, 0x0000, 0x0000, 0x0000, 0x0000, 0x0000, 0x0000, 0x0000,
    0x0000, 0x0000, 0x0000, 0x0000, 0x0000, 0x0000, 0x0080, 0x0000, 0x0000, 0x0000, 0x0002, 0x0000,
    0x0000, 0x0000, 0x0000, 0x0000, 0x0000, 0x0000, 0x0000, 0x0000, 0x0000, 0x0000, 0x0020, 0x0000,
    0x0000, 0x0000, 0x0000, 0x0000, 0x0000, 0x0000, 0x0000, 0x0000, 0x0000, 0x0000, 0x0000, 0x0000,
    0x0000, 0x0000, 0x8040, 0x0000, 0x0000, 0x0000, 0x0102, 0x0000, 0x0000, 0x0000, 0x0000, 0x0000,
    0x0000, 0x0000, 0x0000, 0x0000, 0x0000, 0x0000, 0x1020, 0x0000, 0x0000, 0x0000, 0x0000, 0x0000,
    0x0000, 0x0000, 0x0000, 0x0000, 0x0000, 0x0000, 0x0000, 0x0000, 0x0000, 0x0000, 0x0000, 0x0000,
    0x0000, 0x0000, 0x1000, 0x0000, 0x0000, 0x0000, 0x0000, 0x0000, 0x0000, 0x0000, 0x0000, 0x0000,
    0x0000, 0x0000, 0x0000, 0x0000, 0x00FF, 0x20CB, 0x3AC9, 0xC134, 0x007C, 0x187C, 0x5948, 0x2083,
    0x0070, 0x0571, 0x8711, 0x788E, 0x7FA4, 0x57A7, 0x0727, 0xA858, 0xE4C0, 0x24DC, 0x20DC, 0xDB23,
    0xE180, 0xA1B6, 0x21BE, 0x5E41, 0x3002, 0x3273, 0x1275, 0xCD82, 0x1002, 0x9DC1, 0x8DE6, 0x6200,
    0x001E, 0x3A19, 0xFFC6, 0x0018, 0x003B, 0x1026, 0x7C19, 0x0020, 0x00E7, 0x089E, 0x1D61, 0x0080,
    0x00DB, 0x80A6, 0x8C59, 0x4082, 0x007F, 0x4007, 0x6078, 0x8007, 0x0038, 0x5030, 0x784E, 0x8030,
    0x001C, 0xC31C, 0xF380, 0x001C, 0x0000, 0x12C0, 0xBEE0, 0x0100, 0xC0FF, 0x21CF, 0x3387, 0xC030,
    0x0030, 0x8050, 0xCDC0, 0x002F, 0x0957, 0x7EC0, 0xFF97, 0x0028, 0x7EE0, 0xCDD5, 0xCB7F, 0x3000,
    0xF903, 0xB81B, 0x837B, 0x4484, 0xCB00, 0xE488, 0x8BF8, 0x1007, 0x9200, 0xED09, 0x330D, 0x0002,
    0x3400, 0x8804, 0x3607, 0x4000, 0x7800, 0x8800, 0xF672, 0x0800, 0xF000, 0x3068, 0xC8F9, 0x3000,
    0xC040, 0x4051, 0xB15F, 0x40A0, 0xC0C0, 0x429A, 0xA69F, 0x4160, 0xC080, 0xC5A8, 0x05BD, 0xC242,
    0x0000, 0x04F4, 0x8CFF, 0x0300, 0x0000, 0x1388, 0x3FFC, 0x0000, 0x0000, 0x0410, 0x37F3, 0x0800,
    0xC007, 0xC115, 0xC5F4, 0x3A0A, 0xC218, 0xF267, 0xFE60, 0x019F, 0x8327, 0xDF19, 0xFD00, 0x00FE,
    0x035F, 0x52B3, 0x7203, 0x8DEC, 0x0EFC, 0xC99D, 0xC09D, 0x3762, 0x0CC0, 0xA8C3, 0xE8C3, 0x173C,
    0x0C00, 0x683E, 0xEB3F, 0x14C0, 0x0C00, 0xDCC0, 0xFCFC, 0x0300, 0x0300, 0x1980, 0xBDE1, 0x4200,
    0x3F00, 0x0F80, 0x8FC3, 0x7000, 0x5C00, 0xE4C3, 0xC4E7, 0x3B00, 0x5000, 0xB062, 0x9476, 0x6B81,
    0x5000, 0x3139, 0x1FFF, 0x6000, 0x3000, 0x0000, 0x0CB3, 0x7000, 0x1C00, 0x0C01, 0x0E03, 0x3000,
    0x0400, 0xCC00, 0xC43B, 0x3B00, 0xC000, 0x4421, 0x07FF, 0xB800, 0xF600, 0x7FC2, 0x7FE6, 0x8001,
    0xC001, 0xF961, 0xF977, 0x0680, 0x0000, 0x4933, 0x7B3F, 0x84C0, 0x0000, 0x870E, 0xEF0E, 0x00F1,
    0x0000, 0xC3E0, 0xE7E3, 0x001C, 0x0000, 0x0018, 0x1FF8, 0x0007, 0x0000, 0x1F00, 0x7F3F, 0x0000,
    0x0600, 0x7788, 0xF7CF, 0x0830, 0x0700, 0xC5F8, 0xF5FC, 0x0A00, 0x0E00, 0x2BC8, 0xEBFC, 0x1400,
    0x7C00, 0x6718, 0x67DC, 0x9820, 0xF800, 0x9AA0, 0x9BBC, 0x6440, 0x4000, 0x4DC0, 0x4FF0, 0xB000,
    0x0000, 0xEB80, 0xEFF3, 0x1000, 0x0000, 0x1F43, 0xFFCF, 0x0000, 0x7060, 0x74E6, 0x76E6, 0x8919,
    0x703C, 0x343E, 0x373E, 0xC8C1, 0x6038, 0x6D39, 0x6F39, 0x90C6, 0x00C8, 0xD1F9, 0xDFFB, 0x2004,
    0x0300, 0x43A7, 0x77F7, 0x8008, 0x0220, 0xC264, 0xEAEC, 0x0513, 0x00C0, 0x0CC8, 0xDCCC, 0x0333,
    0x0002, 0x123A, 0x3338, 0x0CC5, 0x001F, 0x0C53, 0x4CD1, 0x302C, 0x0037, 0x20AF, 0x3CE3, 0x0018,
    0x003C, 0x008C, 0xC08C, 0x0073, 0x0030, 0x08B0, 0xFCB0, 0x004F, 0x0000, 0x60C7, 0xECC7, 0x1038,
    0x0000, 0x2072, 0x33FF, 0xC000, 0x0000, 0x0016, 0x30FF, 0xC000, 0x0000, 0xC40C, 0xC73F, 0x0000,
    0x0000, 0xC1C0, 0xC1F4, 0x3C00, 0xEC00, 0xFDA0, 0xC5F8, 0x1200, 0x6C00, 0x7D48, 0x0FCC, 0x9030,
    0xF000, 0xD218, 0x93FC, 0x2C00, 0xF000, 0xB230, 0xB33A, 0x4C40, 0xC000, 0xC240, 0xC2F0, 0x3C00,
    0x0000, 0x0C00, 0x0ECB, 0xF000, 0x0000, 0x1862, 0x1EFA, 0xE001, 0x0000, 0x1028, 0xDCEE, 0x2010,
    0x0000, 0x3018, 0x3C38, 0xC000, 0x0000, 0x4000, 0x73CC, 0x8000, 0x0000, 0xC3C0, 0xCFE8, 0x0000,
    0x0000, 0x04E0, 0xCCF4, 0x0300, 0x0000, 0x0500, 0x1D62, 0x0080, 0x0000, 0x0CC0, 0x3FF4, 0x0000,
    0x0000, 0x1380, 0x73C1, 0x0C00, 0x01FF, 0x7C00, 0xFE00, 0x0000, 0x00FF, 0x5400, 0xD700, 0x2800,
    0x20FF, 0xC600, 0xC700, 0x3800, 0x01FF, 0x9C00, 0xDE00, 0x2000, 0x0700, 0x0000, 0x3FFF, 0xC0FF,
    0xCA80, 0x0780, 0x387F, 0xC0FF, 0x0580, 0x6E80, 0xE17F, 0x10FF, 0x0780, 0x3180, 0xF67F, 0x09FF,
    0x03C0, 0x0B00, 0x38FF, 0x033F, 0x01FE, 0x51BE, 0xDC41, 0x23BF, 0x00FA, 0x48C6, 0xCF39, 0x30C3,
    0x007F, 0x246B, 0xE494, 0x186B, 0x0057, 0x0051, 0x370E, 0x0051, 0x003E, 0x0436, 0x3C89, 0x0337,
    0x000E, 0x0382, 0x1FFD, 0x0003, 0x0007, 0x0181, 0x739E, 0x0001, 0xFFFF, 0x0000, 0x0000, 0x0000,
    0xFFFF, 0x0000, 0x0000, 0x0000, 0xFFFF, 0x0000, 0x0000, 0x0000, 0xFFFF, 0x0000, 0x0000, 0x0000,
    0x0000, 0x0000, 0xFFFF, 0xFFFF, 0x0000, 0x0000, 0xFFFF, 0xFFFF, 0x0000, 0x0000, 0xFFFF, 0xFFFF,
    0x0000, 0x0000, 0xFFFF, 0xFFFF, 0x0000, 0x0000, 0xFFFF, 0xFFFF, 0x0000, 0x0000, 0xFFFF, 0xFFFF,
    0x0000, 0x0000, 0xFFFF, 0xFFFF, 0x0000, 0x0000, 0xFFFF, 0xFFFF, 0x0000, 0x0000, 0xFFFF, 0xFFFF,
    0x0000, 0x0000, 0xFFFF, 0xFFFF, 0xC000, 0xC000, 0x3FFF, 0xFFFF, 0xF000, 0xF000, 0x0FFF, 0xFFFF,
    0x0000, 0x1C02, 0x7F36, 0x0001, 0x0000, 0x1050, 0x3CD7, 0x0028, 0x0000, 0x2198, 0x739C, 0x0060,
    0x0000, 0x4374, 0xEF7F, 0x0080, 0x0000, 0x0180, 0xCFFC, 0x0000, 0x0000, 0x0280, 0x0FF3, 0x0000,
    0x0000, 0x0903, 0x3FCF, 0x0000, 0x0000, 0x1000, 0x3F07, 0x0000, 0x0000, 0x0020, 0x14E0, 0x0000,
    0x0000, 0x00FC, 0x01FE, 0x0000, 0x0000, 0x0108, 0xE30C, 0x00F0, 0x0000, 0xE130, 0xF339, 0x00C0,
    0x0000, 0xB1E3, 0xBBF7, 0x4000, 0x0000, 0x6004, 0x71EF, 0x8000, 0x0000, 0x8000, 0xF01E, 0x0000,
    0x0000, 0x0000, 0xC305, 0x0000, 0x39E0, 0x367B, 0xB063, 0x4F9C, 0x160C, 0x0A0E, 0x42CF, 0x3D30,
    0x3C00, 0x3DA0, 0x2DBF, 0x0240, 0x3000, 0x361F, 0xB73F, 0x48C0, 0x10CF, 0x18FF, 0xDCFF, 0x2000,
    0x0003, 0x3003, 0x3C03, 0xC0FC, 0x0000, 0x00F8, 0xF3F8, 0x0007, 0x0000, 0x000C, 0x8BFC, 0x0003,
    0x0000, 0x0006, 0x00C6, 0x0001, 0x0000, 0x0002, 0x303E, 0x0001, 0x0000, 0x3C03, 0xFF33, 0x0000,
    0x0000, 0x4001, 0xD7E3, 0x2000, 0x0000, 0xE000, 0xFD43, 0x0000, 0x0000, 0x4001, 0xF007, 0x0000,
    0x0000, 0x0007, 0xCB0F, 0x0000, 0x0000, 0x0002, 0x30E2, 0x0001, 0xFFFF, 0x0000, 0x0000, 0x0000,
    0x3FFF, 0x0000, 0x0000, 0xC000, 0x0FFF, 0xE000, 0xE000, 0x1000, 0x03FF, 0x3800, 0xF800, 0x0400,
    0x01FF, 0x0400, 0x0C00, 0x0200, 0x01FF, 0x0000, 0xC600, 0x0000, 0x00FF, 0x2000, 0x3200, 0xC000,
    0x00E0, 0x801A, 0xC31B, 0x0004, 0x0040, 0x8020, 0xF7A4, 0x001B, 0x0000, 0x3E03, 0xFF33, 0x000C,
    0x0000, 0x4C0C, 0xCE3F, 0x3000, 0x0000, 0xB808, 0xBCEA, 0x4010, 0x0000, 0x6018, 0x6CDD, 0x8020,
    0x0000, 0x4030, 0x7034, 0x8000, 0x0000, 0x0100, 0xCBBC, 0x0000, 0x0000, 0x0100, 0x1DB1, 0x0200,
    0xFFFF, 0x0000, 0x0000, 0x0000, 0xFFFF, 0x0000, 0x0000, 0x0000, 0xFFFF, 0x0000, 0x0000, 0x0000,
    0xFFFF, 0x0000, 0x0000, 0x0000, 0xFFFF, 0x0000, 0x0000, 0x0000, 0xFFFF, 0x0000, 0x0000, 0x0000,
    0xFFFF, 0x0000, 0x0000, 0x0000, 0x7FFF, 0x0000, 0x8000, 0x0000, 0x0FFF, 0x0000, 0x3000, 0x0000,
    0x03FF, 0x0000, 0xCC00, 0x0000, 0x01FF, 0xC000, 0xE600, 0x0000, 0x01FF, 0x6000, 0xF000, 0x0000,
    0x00FF, 0x4000, 0xD900, 0x0000, 0x00FF, 0x7000, 0xF900, 0x0000, 0x00FF, 0x4000, 0xF100, 0x0000,
    0x01FF, 0xC000, 0xE200, 0x0000, 0x4A26, 0x15D9, 0xEE37, 0xFFFF, 0x4191, 0xFE6E, 0xB191, 0xFFFF,
    0xF080, 0xCFFF, 0x3420, 0xFFFF, 0x0660, 0x3F5F, 0xC8A0, 0xFFFF, 0x1804, 0xF1BF, 0xCFD0, 0xFFFF,
    0xC391, 0x2EEB, 0xD554, 0xFFFF, 0x0D62, 0xFD5C, 0x12AF, 0xFFFF, 0x108F, 0xF2BB, 0x0F44, 0xFFFF,
    0x3212, 0x7D76, 0x8FC9, 0xFFFF, 0x0D40, 0xC28D, 0xBDFB, 0xFFFF, 0x008D, 0x7F76, 0xB0BB, 0xFFFF,
    0x3033, 0xDDE9, 0x2216, 0xFFFF, 0x5C70, 0xFEFE, 0x0305, 0xFFFF, 0xBE8C, 0x3F8B, 0xC175, 0xFFFF,
    0x2387, 0x62F6, 0xDD79, 0xFFFF, 0x6070, 0xBD09, 0x5EFE, 0xFFFF, 0xE22B, 0x1FF9, 0xEC06, 0xFFFF,
    0x4FB0, 0xF3F6, 0x0C0D, 0xFFFF, 0x0044, 0xBC4B, 0x43BD, 0xFFFF, 0x8C09, 0x7FB6, 0xC3F9, 0xFFFF,
    0x4BB2, 0xB84F, 0x47F0, 0xFFFF, 0x0244, 0xF7B9, 0x2C46, 0xFFFF, 0xAC0A, 0x5DF7, 0xB208, 0xFFFF,
    0x0124, 0xB2DD, 0x5F22, 0xFFFF, 0xD204, 0xFDFF, 0x0E82, 0xFFFF, 0x2C83, 0x2379, 0xDC96, 0xFFFF,
    0x00F8, 0xDFEE, 0xF015, 0xFFFF, 0xD20C, 0x2D1B, 0xF2E5, 0xFFFF, 0x2201, 0xD6F6, 0x29EB, 0xFFFF,
    0xBEF2, 0xFFAD, 0x005A, 0xFFFF, 0x0138, 0x4177, 0xBE88, 0xFFFF, 0x40C0, 0xBECE, 0xFF31, 0xFFFF,
    0x0000, 0x0000, 0xFFFF, 0xFFFF, 0x0000, 0x0000, 0xFFFF, 0xFFFF, 0x0000, 0x0000, 0xFFFF, 0xFFFF,
    0x0000, 0x0000, 0xFFFF, 0xFFFF, 0x0000, 0x0000, 0xFFFF, 0xFFFF, 0x0000, 0x0000, 0xFFFF, 0xFFFF,
    0x0000, 0x0000, 0xFFFF, 0xFFFF, 0x0000, 0x0000, 0xFFFF, 0xFFFF, 0x0000, 0x0000, 0xFFFF, 0xFFFF,
    0x0000, 0x0000, 0xFFFF, 0xFFFF, 0x2600, 0x2600, 0xD9FF, 0xFFFF, 0x0C00, 0x0C00, 0xF3FF, 0xFFFF,
    0x1841, 0x1841, 0xE7BE, 0xFFFF, 0x0C31, 0x0C31, 0xF3CE, 0xFFFF, 0x23F6, 0x23B6, 0xDC49, 0xFFBF,
    0x66D8, 0x66D8, 0x9927, 0xFFFF, 0x0000, 0x0000, 0xFFFF, 0xFFFF, 0x0000, 0x0000, 0xFFFF, 0xFFFF,
    0x0000, 0x0000, 0xFFFF, 0xFFFF, 0x0000, 0x0000, 0xFFFF, 0xFFFF, 0x0000, 0x0000, 0xFFFF, 0xFFFF,
    0x0000, 0x0000, 0xFFFF, 0xFFFF, 0x0000, 0x0000, 0xFFFF, 0xFFFF, 0x0000, 0x0000, 0xFFFF, 0xFFFF,
    0x0000, 0x0000, 0xFFFF, 0xFFFF, 0x0000, 0x0000, 0xFFFF, 0xFFFF, 0x0088, 0x0088, 0xFF77, 0xFFFF,
    0x2052, 0x2052, 0xDFAD, 0xFFFF, 0xC024, 0xC024, 0x3FDB, 0xFFFF, 0x0024, 0x0024, 0xFFDB, 0xFBFF,
    0x0038, 0x0438, 0xFFC7, 0xF07F, 0x0054, 0x0854, 0xFFAB, 0xC17F, 0x1400, 0x4C38, 0x44FD, 0xBB00,
    0x0B00, 0x47C8, 0x43CC, 0xBC30, 0x0700, 0x6198, 0xE1BC, 0x1E40, 0x0F00, 0x6D30, 0xEDFC, 0x1200,
    0x0F00, 0x0B20, 0xCB38, 0x34C0, 0x0400, 0x0DC0, 0x4DE1, 0x3200, 0x0000, 0x2F01, 0x7FC7, 0x0000,
    0x0000, 0x0027, 0x173F, 0x0000, 0x0000, 0x0046, 0x086E, 0x1000, 0x0000, 0x0001, 0x2ECF, 0x1000,
    0x1000, 0x08C0, 0x4FF3, 0x3000, 0x2000, 0x18B0, 0x5CBD, 0x2040, 0x2000, 0x1048, 0x5E4C, 0x2030,
    0x1000, 0x0C24, 0x4F64, 0x3018, 0x0000, 0x2E18, 0x6F3F, 0x1000, 0x0800, 0x3000, 0x700F, 0x0F00,
    0x0000, 0x204E, 0x3CFE, 0xC001, 0x0000, 0x4C38, 0xCDFB, 0x3004, 0x0000, 0x102E, 0x332E, 0x0C11,
    0x0000, 0x2858, 0xECDF, 0x1020, 0x0000, 0x28D0, 0x2CDC, 0x1020, 0x0000, 0x6020, 0xE33C, 0x10C0,
    0x0000, 0xC9C0, 0xCBF3, 0x0400, 0x0000, 0x0000, 0x31EF, 0xC000, 0x0000, 0xE800, 0xF818, 0x0700,
    0x0000, 0xBB00, 0xFB10, 0x0400, 0x0000, 0x2180, 0xA1C0, 0x1E00, 0x0000, 0x6E40, 0xEF70, 0x1080,
    0x0000, 0x4800, 0xCC30, 0x3000, 0x0000, 0x3000, 0x3CC0, 0xC000, 0x0000, 0x0000, 0xF300, 0x0000,
    0x0000, 0x0000, 0x0F00, 0x0000, 0x3F80, 0x27C0, 0x27F0, 0x5800, 0x5F00, 0x6F10, 0x4FDC, 0x3020,
    0x3200, 0x524C, 0x527F, 0x2D80, 0x0000, 0x2BC7, 0x6BF7, 0x1408, 0x0002, 0x1F06, 0x1FCE, 0x0001,
    0x0003, 0x0107, 0x11CF, 0x0E00, 0x0C03, 0x0D87, 0x7FCF, 0x0000, 0x0700, 0x0E89, 0x1EBB, 0x6104,
    0x1700, 0x1F84, 0x9FC5, 0x6002, 0x7F00, 0x6EC6, 0x6EFF, 0x9100, 0x5400, 0xA580, 0x85B3, 0x7A00,
    0x6200, 0x8100, 0x81D1, 0x7E00, 0x6000, 0x6EC0, 0x6EF1, 0x9100, 0x7000, 0x6F80, 0x6FE3, 0x9000,
    0x1800, 0x1300, 0x93CF, 0x6C00, 0x0000, 0x430D, 0x53DD, 0xAC02, 0x0000, 0x301B, 0x7DFB, 0x0004,
    0x0000, 0x0030, 0x38F3, 0x000C, 0x0000, 0x0027, 0xC027, 0x0018, 0x0000, 0x0028, 0xF06F, 0x0010,
    0x0000, 0xE058, 0xECDC, 0x1020, 0x0000, 0x2030, 0x3B3C, 0xC0C0, 0x0000, 0x00E0, 0xE0F2, 0x0000,
    0x0000, 0x0000, 0xC308, 0x0000, 0x0000, 0x1D00, 0xBD00, 0x0200, 0x0000, 0x2200, 0xA300, 0x1C00,
    0x1800, 0x5B00, 0x5BC0, 0x2400, 0x1000, 0x5C00, 0xDF60, 0x2080, 0x0000, 0xD800, 0xDC10, 0x2000,
    0x0000, 0x6000, 0xFC00, 0x0000, 0x0000, 0x0000, 0xF200, 0x0000, 0x0000, 0x0000, 0x0800, 0x0000,
    0x0000, 0x0008, 0x03CC, 0x3030, 0x6080, 0x6138, 0x6F3C, 0x90C0, 0x0000, 0xD960, 0x1F73, 0xE080,
    0x8000, 0x38C3, 0x3FCF, 0xC000, 0x8000, 0x2006, 0x29CF, 0xC000, 0x0000, 0x0004, 0x300C, 0xC000,
    0x0000, 0x0006, 0xC33F, 0x0000, 0x0000, 0x0218, 0x3E3A, 0x0104, 0x0F00, 0x6710, 0xE738, 0x18C0,
    0x2C00, 0xD010, 0xC0DC, 0x3F20, 0x1300, 0xA31E, 0x833F, 0x7CC0, 0x7C00, 0x1DDB, 0x1DFB, 0xE204,
    0x6000, 0x6C0C, 0x6FFC, 0x9003, 0x0000, 0x3284, 0x3ECC, 0xC103, 0x0200, 0xEA45, 0xFA4D, 0x0582,
    0x0F00, 0x0D42, 0xCD73, 0x328C, 0x0000, 0x1C00, 0x3C00, 0x0000, 0x0000, 0x0600, 0xCF10, 0x0000,
    0x0000, 0x1C00, 0x1CE0, 0x2000, 0x0000, 0x10E0, 0x33F0, 0x0C00, 0x0000, 0x3E20, 0xFF70, 0x0000,
    0x0000, 0x4200, 0xC320, 0x3C00, 0x0000, 0x1C00, 0xFE70, 0x0000, 0x0000, 0x0000, 0x3D00, 0x0000,
    0x0000, 0x0000, 0x0800, 0x0000, 0x0000, 0x2000, 0xF220, 0x0000, 0x0000, 0xE800, 0xEC00, 0x1000,
    0x0000, 0x0200, 0x0300, 0xCC00, 0x0000, 0x3E00, 0x3F00, 0x0000, 0x0000, 0xC800, 0xCE00, 0x3000,
    0x0000, 0x6000, 0xF800, 0x0000, 0x0000, 0x0000, 0x7000, 0x0000, 0x0000, 0x3800, 0x3CFC, 0xC000,
    0x0000, 0x4C30, 0xCF7C, 0x3000, 0x0000, 0x2400, 0xE456, 0x1800, 0x0000, 0x1C00, 0x3CF0, 0x0000,
    0x0000, 0x0038, 0x3CFD, 0x0000, 0x0000, 0x000C, 0x023F, 0x0000, 0x0000, 0x0200, 0x0300, 0x0000,
    0x0000, 0x0100, 0x0180, 0x0000, 0x0000, 0x0000, 0x0100, 0x0000, 0x0000, 0x0000, 0x0000, 0x0000,
    0x0000, 0x0000, 0x0000, 0x0000, 0x0000, 0x0000, 0x0000, 0x0000, 0x0000, 0x0000, 0x0000, 0x0000,
    0x0000, 0x0000, 0x0000, 0x0000, 0x0000, 0x0000, 0x0000, 0x0000, 0x0000, 0x0000, 0x0000, 0x0000,
    0x0000, 0x0800, 0x0F00, 0x0000, 0x0000, 0x0800, 0x5C00, 0x0000, 0x0000, 0x1000, 0x3C00, 0x0000,
    0x0000, 0x3000, 0x7C00, 0x0000, 0x0000, 0x0000, 0xF000, 0x0000, 0x0000, 0xC000, 0xF000, 0x0000,
    0x0000, 0x0000, 0xC000, 0x0000, 0x0000, 0x0000, 0xC000, 0x0000, 0x0000, 0x0000, 0x0000, 0x0000,
    0x0000, 0x0000, 0x0000, 0x0000, 0x0000, 0x0000, 0x0000, 0x0000, 0x0000, 0x0000, 0x0000, 0x0000,
    0x0000, 0x0000, 0x0000, 0x0000, 0x0000, 0x0000, 0x0000, 0x0000, 0x0000, 0x0000, 0x0000, 0x0000,
    0x0000, 0x0000, 0x0000, 0x0000, 0x0000, 0x0000, 0x0000, 0x0000, 0x0000, 0x0000, 0x0000, 0x0000,
    0x0000, 0x0000, 0x0000, 0x0000, 0x0000, 0x0000, 0x0000, 0x0000, 0x0000, 0x0000, 0x0010, 0x0000,
    0x0000, 0x0000, 0x0000, 0x0000, 0x0000, 0x0000, 0x0000, 0x0000, 0x0000, 0x0000, 0x0000, 0x0000,
    0x0000, 0x0000, 0x0000, 0x0000, 0x0000, 0x0000, 0x0000, 0x0000, 0x0000, 0x0000, 0x0000, 0x0000,
    0x0000, 0x0000, 0x0000, 0x0000, 0x0000, 0x0000, 0x0000, 0x0000, 0x0000, 0x0000, 0x0000, 0x0000,
    0x0000, 0x0000, 0x0000, 0x0000, 0x0000, 0x0000, 0x0000, 0x0000, 0x0000, 0x0070, 0x057D, 0x0080,
    0x0000, 0x1047, 0x3CC7, 0x0038, 0x0000, 0x2C2C, 0x6F2F, 0x1010, 0x0000, 0x5510, 0xDFDC, 0x2020,
    0x0000, 0x6824, 0xFF7C, 0x0000, 0x0000, 0x0002, 0xFCF3, 0x0000, 0x0000, 0x0001, 0x810F, 0x0000,
    0x0000, 0x2004, 0xB87F, 0x0000, 0x0000, 0x481B, 0x5CFF, 0x2000, 0x000A, 0x306A, 0xBCEA, 0x4015,
    0x001C, 0x0055, 0x73D5, 0x802A, 0x0010, 0x4492, 0x7793, 0x886C, 0x0000, 0x44C4, 0xD5C7, 0x0838,
    0x0000, 0x8C1A, 0xDCDF, 0x0020, 0x0000, 0x0870, 0x9CFF, 0x0000, 0x0000, 0x0060, 0xC17E, 0x0080,
    0x0000, 0x0001, 0x19B5, 0x0002, 0x0000, 0x3000, 0x30CE, 0x0000, 0x0000, 0x4200, 0xC30E, 0x3C00,
    0x0000, 0x0000, 0x0304, 0xFC00, 0x0000, 0x2CA0, 0x3CF2, 0xC000, 0x0000, 0xC0B0, 0xFDF3, 0x0000,
    0x0000, 0x0040, 0xC1D9, 0x0000, 0x0000, 0x0000, 0xF41C, 0x0000, 0x0000, 0xD408, 0xFF9E, 0x0000,
    0x0000, 0x2082, 0x2FC7, 0xD000, 0x0000, 0xE4E1, 0xE7F3, 0x1800, 0x0000, 0x0E20, 0xFFF8, 0x0000,
    0x0000, 0x00D0, 0xCFF9, 0x0000, 0x0000, 0x00A0, 0x81BD, 0x0040, 0x0000, 0x01C0, 0x8FFC, 0x0000,
    0x0000, 0x0210, 0x3E7C, 0x0180, 0x1400, 0x4C38, 0x44FD, 0xBB00, 0x0B00, 0x47C8, 0x43CC, 0xBC30,
    0x0700, 0xE198, 0xE1BC, 0x1E40, 0x0700, 0x6530, 0xE5FC, 0x1A00, 0x0F00, 0x2B20, 0xEB38, 0x14C0,
    0x0400, 0x3DC0, 0x7DE1, 0x0200, 0x0000, 0x0F01, 0x3FC7, 0x0000, 0x0000, 0x0027, 0x173F, 0x0000,
    0x0000, 0x0046, 0x086E, 0x1000, 0x1000, 0x1001, 0x1ECF, 0x2000, 0x3000, 0x20C0, 0x67F3, 0x1800,
    0x3000, 0x10B0, 0x54BD, 0x2840, 0x3000, 0x1048, 0x5E4C, 0x2030, 0x3000, 0x2424, 0x6764, 0x1818,
    0x1800, 0x1A18, 0x5B3F, 0x2400, 0x0800, 0x2000, 0x600F, 0x1F00, 0x0000, 0xA04E, 0xBCFE, 0x4001,
    0x0000, 0x4E3A, 0xCFFB, 0x3004, 0x0000, 0x142E, 0x372E, 0x0811, 0x0000, 0x2858, 0xECDF, 0x1020,
    0x0000, 0x28D0, 0x2CDC, 0x1020, 0x0000, 0x70A0, 0xF3BC, 0x0040, 0x0000, 0xC9C0, 0xCBF3, 0x0400,
    0x0000, 0x4000, 0x71EF, 0x8000, 0x0000, 0xED00, 0xFD18, 0x0200, 0x0000, 0xBB00, 0xFB10, 0x0400,
    0x0000, 0x2180, 0xA1C0, 0x1E00, 0x0000, 0x6E40, 0xEF70, 0x1080, 0x0000, 0x4800, 0xCC30, 0x3000,
    0x0000, 0x3000, 0x3CC0, 0xC000, 0x0000, 0x0000, 0xF300, 0x0000, 0x0000, 0x0000, 0x0F00, 0x0000,
    0x0000, 0xF700, 0xF78C, 0x0800, 0x0000, 0x3180, 0xF1C1, 0x0E00, 0x1E00, 0x1660, 0x1671, 0x2980,
    0x3000, 0x2390, 0xA39E, 0x5C60, 0x6000, 0x6C4C, 0xEC4C, 0x1030, 0x8000, 0x9830, 0x1CF0, 0x600C,
    0x0000, 0x600F, 0xF33F, 0x0000, 0x0000, 0x0102, 0x0F0F, 0x0000, 0x0000, 0x0300, 0xA333, 0x0C00,
    0x0000, 0x0420, 0x0CFC, 0x0300, 0x0000, 0x01C8, 0xC7CC, 0x0030, 0x0000, 0x0634, 0x8E3F, 0x01C0,
    0x0000, 0x0468, 0x04FC, 0x0300, 0x0000, 0x0480, 0x8DF3, 0x0200, 0x0000, 0x0207, 0x47CF, 0x0000,
    0x0000, 0x0012, 0x3333, 0x000C, 0x0000, 0x1040, 0xF1F0, 0x0E00, 0x0000, 0x3110, 0xF358, 0x0C20,
    0x0000, 0x2200, 0x27A0, 0x1800, 0x0000, 0x4C00, 0xCF30, 0x3000, 0x0000, 0x5820, 0xDEE8, 0x2010,
    0x0000, 0x9008, 0xB83A, 0x4004, 0x0000, 0x0004, 0xF304, 0x0000, 0x0000, 0x0000, 0xAE00, 0x0000,
    0x0000, 0x0040, 0x4870, 0x0080, 0x0000, 0x0010, 0x00DC, 0x0020, 0x0000, 0x402C, 0xC06F, 0x0010,
    0x0000, 0x8060, 0xB07C, 0x4000, 0x0000, 0x2016, 0x7077, 0x0008, 0x0000, 0x0001, 0x801D, 0x0002,
    0x0000, 0x8000, 0xC003, 0x0000, 0x0000, 0x0000, 0x0000, 0x0000, 0x0011, 0x0011, 0x3CC4, 0x0011,
    0x0003, 0x2401, 0xE406, 0x1801, 0x0002, 0x1802, 0x5CC0, 0x2002, 0x0003, 0x1043, 0x3B70, 0x0083,
    0x0000, 0x0030, 0x7F78, 0x0000, 0x0000, 0x1A18, 0xDE3C, 0x2100, 0x0000, 0x2200, 0x633C, 0x1C00,
    0x0000, 0x1C08, 0x3E7D, 0x0000, 0x0000, 0x0038, 0x1CFE, 0x0000, 0x0000, 0x0054, 0x0EDE, 0x0020,
    0x0000, 0x8068, 0xC3FC, 0x0000, 0x0000, 0x2010, 0x30FC, 0xC000, 0x0000, 0x7002, 0xF803, 0x0000,
    0x0000, 0x0005, 0x3C1D, 0x0002, 0x0000, 0x0002, 0x000F, 0x0000, 0x0000, 0x0000, 0x0000, 0x0000,
    0x3800, 0x0800, 0x37FF, 0x0FFF, 0x4E00, 0x3200, 0xCDFF, 0x03FF, 0x8E00, 0xB200, 0x0DFF, 0x83FF,
    0xB300, 0x8D00, 0x32FF, 0x81FF, 0x7F00, 0x4100, 0xBEFF, 0x41FF, 0x3F00, 0x3B00, 0xC4FF, 0x3BFF,
    0x1800, 0x1800, 0x47FF, 0x1FFF, 0x3C00, 0x2C00, 0xD3FF, 0x2FFF, 0x1E00, 0x7200, 0xEDFF, 0x13FF,
    0x1D80, 0x0A80, 0xD57F, 0x08FF, 0x0EC0, 0x0B40, 0x14BF, 0x087F, 0x19C0, 0x1E40, 0x01BF, 0x187F,
    0x0DC0, 0x6240, 0xFDBF, 0x007F, 0x0F40, 0x0840, 0x17BF, 0x087F, 0x00C0, 0x00C0, 0x8E3F, 0x00FF,
    0x0080, 0x0080, 0x217F, 0x00FF, 0x0000, 0x0000, 0xFFFF, 0xFFFF, 0x0000, 0x0000, 0xFFFF, 0xFFFF,
    0x0000, 0x0000, 0xFFFF, 0xFFFF, 0x0000, 0x0000, 0xFFFF, 0xFFFF, 0x0000, 0x0000, 0xFFFF, 0xFFFF,
    0x0000, 0x0000, 0xFFFF, 0xFFFF, 0x0000, 0x0000, 0xFFFF, 0xFFFF, 0x0000, 0x0000, 0xFFFF, 0xFFFF,
    0x0000, 0x0000, 0xFFFF, 0xFFFF, 0x0000, 0x0000, 0xFFFF, 0xFFFF, 0x0010, 0x0010, 0xFFEF, 0xFFFF,
    0x0010, 0x0010, 0xFFEF, 0xFFFF, 0x0020, 0x0020, 0xFFDF, 0xFFFF, 0x00C0, 0x00C0, 0xFF3F, 0xFFFF,
    0x125B, 0x125B, 0xEDA4, 0xFFFB, 0x3FE0, 0x3FE8, 0xC01F, 0xFFE0, 0x0000, 0x0000, 0xFFFF, 0xFFFF,
    0x0000, 0x0000, 0xFFFF, 0xFFFF, 0x0000, 0x0000, 0xFFFF, 0xFFFF, 0x0000, 0x0000, 0xFFFF, 0xFFFF,
    0x0000, 0x0000, 0xFFFF, 0xFFFF, 0x0000, 0x0000, 0xFFFF, 0xFFFF, 0x0000, 0x0000, 0xFFFF, 0xFFFF,
    0x0000, 0x0000, 0xFFFF, 0xFFFF, 0x0000, 0x0000, 0xFFFF, 0xFFFF, 0x0000, 0x0000, 0xFFFF, 0xFFFF,
    0x5000, 0x5000, 0xAFFF, 0xFFFF, 0x6240, 0x6240, 0x9DBF, 0xFFFF, 0x4100, 0x4100, 0xBEFF, 0xFFFF,
    0xE170, 0xE170, 0x1E8F, 0xFFFF, 0x22E8, 0x22E8, 0xDD17, 0xFFEF, 0xD404, 0xD464, 0x2BFB, 0xFC07,
    0x0000, 0x05C0, 0x15F6, 0x0A00, 0x0000, 0x0460, 0x8C78, 0x0380, 0x0000, 0x0340, 0x1F71, 0x0080,
    0x0000, 0x01C0, 0x8BE1, 0x0000, 0x0000, 0x8080, 0x85E1, 0x0000, 0x0000, 0x8000, 0xC185, 0x0000,
    0x0000, 0x0000, 0x8000, 0x0000, 0x0000, 0x0000, 0x8050, 0x0000, 0x0000, 0x0000, 0x0100, 0x0000,
    0x0000, 0x0000, 0x03A8, 0x0000, 0x0000, 0x0280, 0x03C0, 0x0400, 0x0000, 0x0400, 0x0F00, 0x0000,
    0x0000, 0x0800, 0x0C00, 0x0000, 0x0000, 0x0000, 0x0000, 0x0000, 0x0000, 0x0000, 0x0000, 0x0000,
    0x0000, 0x0000, 0x0000, 0x0000, 0x0000, 0x3FC0, 0xFFF3, 0x0000, 0x0C00, 0x4D00, 0xCDCC, 0x3230,
    0x3200, 0xB2E8, 0xB2FF, 0x4D00, 0x2400, 0xA74A, 0xA77B, 0x5884, 0x0000, 0x9D85, 0x9FCD, 0x6002,
    0x0000, 0xA285, 0xBECD, 0x4102, 0x0200, 0x4B0D, 0xFBCD, 0x0402, 0x0400, 0x1437, 0xF577, 0x0A08,
    0x0000, 0x115C, 0x31DF, 0x0E20, 0x0000, 0x0E30, 0x1E3C, 0x01C0, 0x0000, 0x07C0, 0x1FF2, 0x0000,
    0x0000, 0x0000, 0x4FE7, 0x0000, 0x0000, 0x0003, 0xA30F, 0x0000, 0x0000, 0x000C, 0x421C, 0x0003,
    0x0000, 0x0008, 0x0038, 0x0007, 0x0000, 0x0006, 0x014E, 0x0001, 0x0000, 0x0600, 0x2F03, 0x0000,
    0x0000, 0x0C00, 0x4E07, 0x3000, 0x0000, 0x1800, 0xDCC5, 0x2000, 0x0000, 0x0100, 0x3130, 0x00C0,
    0x0000, 0x0440, 0x1FF0, 0x0000, 0x0000, 0x1100, 0xDD03, 0x2200, 0x0001, 0x0400, 0x0706, 0x3800,
    0x0001, 0x1C00, 0x3C84, 0x0000, 0x0000, 0x0000, 0x1E0D, 0x0000, 0x0000, 0x0009, 0x06CF, 0x0000,
    0x0000, 0x0039, 0xEC3F, 0x0000, 0x0000, 0xD041, 0xF4CF, 0x0030, 0x0000, 0x7030, 0xFC3B, 0x0040,
    0x0000, 0x0060, 0x3070, 0x0080, 0x0000, 0x0080, 0x00E0, 0x0000, 0x0000, 0x0000, 0x00C0, 0x0000,
    0x01FF, 0x8000, 0xE200, 0x0000, 0x03FF, 0x0000, 0x8400, 0x0000, 0x03FF, 0x0000, 0x0C00, 0x0000,
    0x0FFF, 0x0000, 0x3000, 0x0000, 0x0FFF, 0x0000, 0xF000, 0x0000, 0x3FFF, 0x0000, 0xC000, 0x0000,
    0xFFFF, 0x0000, 0x0000, 0x0000, 0x00FF, 0x7E00, 0xFF00, 0x0000, 0x001F, 0x5B00, 0xFB60, 0x0400,
    0x0003, 0xC500, 0xCDCC, 0x3200, 0x0001, 0x0200, 0x03A2, 0xFC00, 0x0001, 0x0C00, 0x0F82, 0xF000,
    0x0000, 0xBC00, 0xBFEF, 0x4000, 0x0000, 0x3000, 0xFDA7, 0x0000, 0x0000, 0x0000, 0x3B05, 0x0000,
    0x0000, 0x0000, 0xCC07, 0x0000, 0xFFFF, 0x0000, 0x0000, 0x0000, 0xFFFF, 0x0000, 0x0000, 0x0000,
    0xFFFF, 0x0000, 0x0000, 0x0000, 0xFFFF, 0x0000, 0x0000, 0x0000, 0xFFFF, 0x0000, 0x0000, 0x0000,
    0xFFFF, 0x0000, 0x0000, 0x0000, 0xFFFF, 0x0000, 0x0000, 0x0000, 0xFFFF, 0x0000, 0x0000, 0x0000,
    0xDDFF, 0x2200, 0x2200, 0x2200, 0x3DDF, 0xC220, 0xC020, 0xC020, 0xB7BF, 0x4840, 0xC840, 0xC840,
    0x9B9F, 0x6460, 0x6460, 0x6460, 0x9B9F, 0x6460, 0x6620, 0x6620, 0x049F, 0xFB60, 0xFF20, 0xFF20,
    0xD23F, 0x2DE0, 0xEF40, 0x2F60, 0xC8FF, 0x37C0, 0xFF20, 0xBFE0, 0xFFFF, 0x0000, 0x0000, 0x0000,
    0xFFFF, 0x0000, 0x0000, 0x0000, 0xFFFF, 0x0000, 0x0000, 0x0000, 0xFFFF, 0x0000, 0x0000, 0x0000,
    0xFFFF, 0x0000, 0x0000, 0x0000, 0xFFFF, 0x0000, 0x0000, 0x0000, 0xFFFF, 0x0000, 0x0000, 0x0000,
    0xFFFB, 0x0004, 0x0004, 0x0004, 0xFFFD, 0x0002, 0x0002, 0x0002, 0xFBF1, 0x040E, 0x040C, 0x040C,
    0xE7E3, 0x181C, 0x1818, 0x1818, 0x76F7, 0x8908, 0x9918, 0x9918, 0x7348, 0x8CBF, 0x8CB7, 0x8CB7,
    0xB36E, 0x4C95, 0x4C99, 0x4C99, 0x80A4, 0x7F5B, 0xFFFF, 0x7FFB, 0x5A62, 0xA5DD, 0xFDBF, 0xA5FD,
    0xFFFF, 0x0000, 0x0000, 0x0000, 0xFFFF, 0x0000, 0x0000, 0x0000, 0xFFFF, 0x0000, 0x0000, 0x0000,
    0xFFFF, 0x0000, 0x0000, 0x0000, 0xFFFF, 0x0000, 0x0000, 0x0000, 0xFFFF, 0x0000, 0x0000, 0x0000,
    0xFFFF, 0x0000, 0x0000, 0x0000, 0xFFFF, 0x0000, 0x0000, 0x0000, 0xFFFF, 0x0000, 0x0000, 0x0000,
    0xFFBD, 0x0042, 0x0040, 0x0040, 0xAFBB, 0x5044, 0x5084, 0x5084, 0x6777, 0x9888, 0x9888, 0x9888,
    0xFB72, 0x0C8D, 0x850D, 0x850D, 0x32F2, 0xCD0D, 0xC545, 0xC545, 0x5190, 0xAF6F, 0xE4E7, 0xA4E7,
    0x9146, 0x7FBD, 0xE6E9, 0x76ED, 0xDFD3, 0x34CD, 0x0B16, 0x08C5, 0xDDD9, 0x36DE, 0x0B03, 0x0AD2,
    0xDDD5, 0x36DE, 0x0B03, 0x0AD2, 0xEEEE, 0x1B63, 0x058D, 0x0565, 0xEEEE, 0x1B63, 0x058C, 0x0564,
    0xF76B, 0x0DAD, 0x02C2, 0x02AA, 0xF6F5, 0x0D12, 0x02E5, 0x0211, 0xF96D, 0x06DF, 0x0130, 0x003C,
    0xFEEA, 0x01B3, 0x0248, 0x0042, 0xFDCD, 0x0375, 0x0098, 0x0095, 0xFB9C, 0x06EC, 0x0130, 0x012C,
    0xF738, 0x0DD8, 0x0260, 0x0258, 0xEE74, 0x1BB4, 0x04C0, 0x04B4, 0xEE6E, 0x1BEE, 0x0480, 0x04EE,
    0xDCDF, 0x3753, 0x098C, 0x0953, 0xDDD3, 0x36CD, 0x0B16, 0x0AC5, 0xA7FF, 0x9AE0, 0x2D00, 0x8AE0,
    0xBFDF, 0xA5C0, 0x1A00, 0xA5C0, 0xDF7F, 0xDB60, 0x0410, 0xDB60, 0xEEFF, 0x6EA0, 0x8050, 0x6EA0,
    0x647F, 0xA5A0, 0xC0D8, 0xA4A0, 0x333F, 0xD2D0, 0xE168, 0xD250, 0xB33F, 0xD2D0, 0x6168, 0x5250,
    0x999F, 0x6968, 0xB0B4, 0xA928, 0xDD9F, 0x6D68, 0xB0B4, 0xAD28, 0xED9F, 0xB568, 0x58B4, 0x5528,
    0xE79F, 0x7B68, 0x9CB4, 0x1B28, 0xC73F, 0xBAD0, 0x4D68, 0x8A50, 0x667F, 0x5DA0, 0x22D8, 0x44A0,
    0x3CFF, 0x3B50, 0x05A0, 0x3950, 0x19FF, 0x16A0, 0x0B50, 0x12A0, 0x33FF, 0x2D60, 0x1680, 0x2560,
    0xFFFF, 0x0000, 0x0000, 0x0000, 0xFFFF, 0x0000, 0x0000, 0x0000, 0xFFFF, 0x0000, 0x0000, 0x0000,
    0xFFFF, 0x0000, 0x0000, 0x0000, 0xFFFF, 0x0000, 0x0000, 0x0000, 0xFFFF, 0x0000, 0x0000, 0x0000,
    0xFFFF, 0x0000, 0x0000, 0x0000, 0xFFFF, 0x0000, 0x0000, 0x0000, 0xFFF8, 0x00F9, 0x0081, 0x0006,
    0xFC1C, 0x001D, 0x00DF, 0x0320, 0xF000, 0x000F, 0x033F, 0x0CC0, 0xCC00, 0x0C18, 0x3B38, 0x00C7,
    0xDCCF, 0x04DF, 0x00DF, 0x3B20, 0x3F03, 0x2FF3, 0x27F3, 0xD00C, 0x3000, 0x270D, 0xE7FD, 0x1802,
    0x3000, 0xB802, 0xDF0F, 0x0000, 0xFFFF, 0x0000, 0x0000, 0x0000, 0xFFF8, 0x0004, 0x0004, 0x0003,
    0xFFF3, 0x0008, 0x0008, 0x0007, 0xFFCC, 0x003B, 0x0039, 0x0006, 0xFF8E, 0x0042, 0x0042, 0x003D,
    0xFF3E, 0x00B7, 0x00B7, 0x0048, 0xFF70, 0x0067, 0x0067, 0x0098, 0xFF70, 0x00D1, 0x00DF, 0x0020,
    0x30BC, 0x306F, 0x1C6F, 0xC310, 0x7C3C, 0xCC24, 0x8B25, 0x30DA, 0x003C, 0x012E, 0x012F, 0xFED0,
    0xC070, 0xCF42, 0xCF43, 0x30BC, 0x0070, 0x3998, 0x3F9E, 0xC060, 0x00C0, 0xC9D0, 0xFBDC, 0x0420,
    0x0080, 0x9FE0, 0xFFF3, 0x0000, 0x0100, 0x1109, 0xF76F, 0x0880, 0x0200, 0x1A48, 0xFACF, 0x0530,
    0x0000, 0x6048, 0xE0CC, 0x1F30, 0x0800, 0xC1C9, 0xC1FD, 0x3E00, 0x1800, 0x0B18, 0x0BDD, 0xF420,
    0xF000, 0xF630, 0xF73C, 0x08C0, 0x0000, 0x1C60, 0x1F70, 0xE080, 0x0000, 0x7180, 0x7DF3, 0x8200,
    0x0200, 0x0100, 0xF1CC, 0x0E03, 0x0000, 0x0104, 0xC12D, 0x0200, 0x0000, 0x012C, 0x3D6C, 0x0210,
    0x0000, 0x1118, 0x33DC, 0x0020, 0x0100, 0x3100, 0xFB30, 0x0100, 0x0000, 0x2100, 0x7300, 0x0000,
    0x0000, 0x0015, 0xE3DD, 0x0022, 0x0000, 0x0526, 0x0F27, 0x0018, 0x0000, 0x1618, 0xF73C, 0x0800,
    0x0000, 0x0000, 0x0000, 0x0000, 0x0000, 0x0000, 0x0000, 0x0000, 0x0000, 0x8000, 0xC033, 0x000C,
    0x0000, 0x20CC, 0x30CE, 0xC030, 0x0000, 0x2030, 0x713C, 0x00C0, 0x0000, 0x09C0, 0x19F0, 0x0000,
    0x0000, 0x0000, 0x0AC2, 0x0000, 0x0000, 0x0000, 0x4010, 0x8000, 0x0000, 0xA000, 0xB080, 0x4000,
    0x0000, 0x6800, 0xFC10, 0x0000, 0x0000, 0x1000, 0x38C0, 0x0000, 0x0000, 0x0000, 0x3030, 0x00C0,
    0x0000, 0x0820, 0xCC30, 0x3000, 0x0000, 0x1220, 0x7320, 0x0C00, 0x0000, 0x0400, 0x0600, 0x0000,
    0x0000, 0x0000, 0xC200, 0x0000, 0x0000, 0x0000, 0x0000, 0x0000, 0x0000, 0x0000, 0x0000, 0x0000,
    0x0000, 0x0000, 0x0004, 0x0000, 0x0000, 0x0004, 0x0017, 0x0000, 0x0000, 0x0001, 0x0007, 0x0000,
    0x0000, 0x0000, 0x0000, 0x0000, 0x0000, 0x0000, 0x0000, 0x0000, 0x0000, 0x0000, 0x0000, 0x0000,
    0x0000, 0x0000, 0x0000, 0x0000, 0x0000, 0x0000, 0x0000, 0x0000, 0x0000, 0x0000, 0x0000, 0x0000,
    0x0000, 0x0000, 0x0000, 0x0000, 0x0000, 0x0000, 0x0001, 0x0000, 0x0000, 0x0000, 0x0000, 0x0000,
    0x0000, 0x0000, 0x0001, 0x0000, 0x0000, 0x0000, 0x0000, 0x0000, 0x0000, 0x1000, 0x1CF3, 0xE000,
    0x0000, 0x480C, 0xCFFE, 0x3000, 0x0000, 0x6444, 0xE4CE, 0x1830, 0x0000, 0x14B8, 0x34BE, 0x0840,
    0x0000, 0x00A0, 0x3CAC, 0x0040, 0x0000, 0x01A0, 0x03B0, 0x0040, 0x0000, 0x04C1, 0x2CC3, 0x0300,
    0x0000, 0x0100, 0x013C, 0x0E03, 0x0000, 0x0013, 0x203F, 0x0000, 0x0000, 0x3049, 0x38CD, 0x0032,
    0x0000, 0x0043, 0x00C3, 0x003C, 0x0000, 0x0031, 0x30FD, 0x0000, 0x0000, 0x3819, 0x7C1B, 0x0000,
    0x0000, 0x0C00, 0x3E3D, 0x0002, 0x0000, 0x0000, 0x460F, 0x0000, 0x0000, 0x0000, 0x0242, 0x0000,
    0x0000, 0x0000, 0x0000, 0x0000, 0x0000, 0x0000, 0x0001, 0x0000, 0x0000, 0x0000, 0x0000, 0x0000,
    0x0000, 0x0000, 0x0000, 0x0000, 0x0000, 0x0000, 0x0000, 0x0000, 0x0000, 0x0000, 0x0000, 0x0000,
    0x0000, 0x0000, 0x0001, 0x0000, 0x0000, 0x0000, 0x0000, 0x0000, 0x0000, 0x0000, 0x0000, 0x0000,
    0x0000, 0x0000, 0x0000, 0x0000, 0x0000, 0x0000, 0x0000, 0x0000, 0x0000, 0x0000, 0x0003, 0x0000,
    0x0000, 0x0000, 0x0004, 0x0000, 0x0000, 0x0000, 0x0000, 0x0000, 0x0000, 0x0000, 0x0000, 0x0000,
    0x0000, 0x0000, 0x0001, 0x0000, 0x0000, 0x1480, 0x5CF3, 0x2300, 0x0000, 0x123A, 0x72FE, 0x0C00,
    0x0000, 0x0062, 0x3FEF, 0x0010, 0x0000, 0x1874, 0x987E, 0x2080, 0x0000, 0x1040, 0x5C4C, 0x2080,
    0x0000, 0x0040, 0x0070, 0x0080, 0x0000, 0x0000, 0xBCC3, 0x0000, 0x0000, 0x1001, 0xBC3D, 0x0002,
    0x0000, 0x1076, 0xF87F, 0x0000, 0x0000, 0x084D, 0x0CCD, 0x3032, 0x0000, 0x1060, 0x98E3, 0x001C,
    0x0000, 0x103C, 0x3CFC, 0x0000, 0x0000, 0x2C03, 0x6E1B, 0x1000, 0x0000, 0x1004, 0xB33C, 0x0C03,
    0x0000, 0x0102, 0x1D0F, 0x0000, 0x0000, 0x0000, 0x0000, 0x0000, 0x0000, 0x0000, 0x0000, 0x0000,
    0x0000, 0x0000, 0x0000, 0x0000, 0x0000, 0x0000, 0x0000, 0x0000, 0x0000, 0x0000, 0x0000, 0x0000,
    0x0000, 0x0000, 0x0000, 0x0000, 0x0000, 0x0000, 0x0000, 0x0000, 0x0000, 0x0000, 0x0004, 0x0000,
    0x0000, 0x0012, 0x0012, 0x0000, 0x0000, 0x0000, 0x0001, 0x0000, 0x0000, 0x0020, 0x0020, 0x0010,
    0x0028, 0x0012, 0x0083, 0x007C, 0x0050, 0x00A0, 0x0383, 0x007C, 0x0040, 0x0144, 0x014C, 0x00B0,
    0x0000, 0x0180, 0x03B0, 0x0040, 0x0000, 0x0000, 0x0CC0, 0x0000, 0x0000, 0x2800, 0x6820, 0x1300,
    0x0030, 0x00A0, 0x00A0, 0x005F, 0x0018, 0x001B, 0x02DB, 0x0024, 0x0001, 0x00A1, 0x04BD, 0x0042,
    0x0002, 0x0008, 0x0338, 0x00C7, 0x00EF, 0x14E9, 0x1CE9, 0x0316, 0x1403, 0x54F3, 0x57F3, 0x280C,
    0x2000, 0x2009, 0xACF9, 0x5006, 0x0000, 0x2001, 0x2305, 0x4002, 0x0000, 0x0909, 0xDBD9, 0x0406,
    0x0C00, 0x1E02, 0x9F2E, 0x0000, 0x1800, 0x3906, 0x39DF, 0x0600, 0x0000, 0x2E05, 0xEE8D, 0x1002,
    0x0002, 0x5802, 0xDE0A, 0x2005, 0x0000, 0x3004, 0xBC0C, 0x4003, 0x0000, 0x0003, 0x73C7, 0x0000,
    0x0000, 0x07E0, 0x0FF3, 0x0000, 0x00FF, 0xE400, 0xF700, 0x0800, 0x003F, 0x33C0, 0x3FC0, 0xC000,
    0x000F, 0x0C30, 0x0FF0, 0xF000, 0x0003, 0x300C, 0x3CFC, 0xC000, 0x0001, 0xE002, 0xFF0E, 0x0000,
    0x0001, 0x30C0, 0xFCC2, 0x0000, 0x0000, 0x0920, 0x3B30, 0x00C0, 0x0000, 0x0080, 0xCCC3, 0x0000,
    0x0000, 0x0000, 0x0E00, 0x0000, 0x0000, 0x0000, 0xCB42, 0x0000, 0x0000, 0x1800, 0x1CC1, 0x2000,
    0x0000, 0x3D00, 0x3F30, 0x00C0, 0x0000, 0x1600, 0xFFF6, 0x0000, 0x0000, 0x4C00, 0xCF85, 0x3000,
    0x0000, 0x380C, 0xFD0D, 0x0000, 0x0000, 0x0010, 0x3278, 0x0000, 0xFFFF, 0x0000, 0x0000, 0x0000,
    0xFFFF, 0x0000, 0x0000, 0x0000, 0xFFFF, 0x0000, 0x0000, 0x0000, 0xFFFF, 0x0000, 0x0000, 0x0000,
    0xFFFF, 0x0000, 0x0000, 0x0000, 0xFFFF, 0x0000, 0x0000, 0x0000, 0xFFFF, 0x0000, 0x0000, 0x0000,
    0xFFFF, 0x0000, 0x0000, 0x0000, 0x07FF, 0x0000, 0xF800, 0x0000, 0x00FF, 0x1000, 0x1C00, 0x0000,
    0x003F, 0x8000, 0xCF40, 0x0000, 0x001F, 0x0600, 0xEF80, 0x0000, 0x000F, 0x2500, 0x2D80, 0x0200,
    0x0007, 0x0630, 0x0EF0, 0x0100, 0x0003, 0x0318, 0xCF98, 0x0020, 0x0003, 0x61C0, 0xF3E8, 0x0000,
    0x001F, 0x0180, 0x7FE0, 0x0000, 0x0007, 0x54E0, 0xDCF8, 0x2300, 0x0003, 0xF780, 0xF7EC, 0x0800,
    0x0001, 0x1006, 0xF816, 0x0000, 0x0003, 0x0000, 0x060C, 0x0000, 0x0007, 0x0A00, 0x7A18, 0x0400,
    0x0001, 0x0016, 0x1EB6, 0x0008, 0x0000, 0x0008, 0xA198, 0x0000, 0x0000, 0x3EC6, 0xFEFE, 0x0100,
    0x0000, 0x6020, 0xE63D, 0x19C0, 0x0000, 0x4FE0, 0x4FF9, 0x3000, 0x0000, 0xF008, 0xFF9E, 0x0000,
    0x0000, 0xA00C, 0xB81E, 0x4000, 0x0000, 0x400C, 0x606C, 0x8012, 0x0000, 0x0028, 0xC1F9, 0x0000,
    0x0000, 0x0000, 0x0600, 0x0000, 0x0000, 0x0000, 0x0000, 0x0000, 0x0000, 0x0000, 0x002C, 0x0000,
    0x0000, 0x0034, 0x0077, 0x0008, 0x0000, 0x004C, 0x40CE, 0x0030, 0x0000, 0x0078, 0x017C, 0x0080,
    0x0000, 0x00C0, 0x00F0, 0x0000, 0x0000, 0x0000, 0x00C1, 0x0000, 0x0000, 0x0000, 0x2030, 0x0000,
    0x0000, 0x2059, 0x305D, 0xC022, 0x0000, 0x4832, 0xCC32, 0x300C, 0x0000, 0x2400, 0xE73E, 0x1800,
    0x0000, 0x0C10, 0x3CD0, 0x0020, 0x0000, 0x1E20, 0x1FE8, 0x2010, 0x0000, 0x7300, 0x7F00, 0x8000,
    0x0000, 0x0010, 0xD338, 0x0000, 0x0000, 0x0020, 0x8030, 0x0000, 0x0000, 0x3330, 0x3F30, 0x00C0,
    0x0000, 0x4CCC, 0xCCCC, 0x3330, 0x0000, 0x73B2, 0xF3F3, 0x0C0C, 0x0000, 0x0C0E, 0x7C3E, 0x0000,
    0x0000, 0x0200, 0x0343, 0x003C, 0x0000, 0x0488, 0x0CBC, 0x0343, 0x0000, 0x0381, 0x07C3, 0x0000,
    0x0000, 0x0000, 0x0180, 0x0000, 0x0000, 0x2400, 0x3F08, 0x0000, 0x0000, 0x1C00, 0x7FF1, 0x0000,
    0x0000, 0x38E0, 0x7EEC, 0x0010, 0x0000, 0x1008, 0x5CCB, 0x2004, 0x0000, 0x6814, 0xE836, 0x1008,
    0x0000, 0x7028, 0x786C, 0x0010, 0x0000, 0x3030, 0x787C, 0x0000, 0x0000, 0x1000, 0x3823, 0x0000,
    0x0000, 0x0000, 0x000C, 0x0033, 0x0000, 0x0006, 0x1637, 0x0008, 0x0000, 0x000C, 0x0F1F, 0x0000,
    0x0000, 0x0130, 0x83BA, 0x0000, 0x0000, 0x0420, 0x0C2D, 0x0310, 0x0000, 0x1200, 0xB322, 0x0C00,
    0x0000, 0x0800, 0xC810, 0x3000, 0x0000, 0x2000, 0x7222, 0x0000, 0x0000, 0x0000, 0x2C68, 0x0000,
    0x0000, 0x0040, 0x02C3, 0x0C00, 0x0000, 0x1820, 0x3E33, 0x00C0, 0x0000, 0x1058, 0x58DC, 0x2020,
    0x0000, 0x3030, 0x703F, 0x0000, 0x0000, 0x6014, 0x7015, 0x8008, 0x0000, 0x400C, 0xC21F, 0x0000,
    0x0000, 0x0000, 0xD0AE, 0x0000, 0x0003, 0x00B0, 0x41BC, 0x0040, 0x0000, 0x0040, 0x62CF, 0x0030,
    0x0003, 0x001C, 0x40FC, 0x0000, 0x0000, 0x0004, 0x018F, 0x0000, 0x0000, 0x0005, 0x000F, 0x0000,
    0x0000, 0x000B, 0x033B, 0x0004, 0x0003, 0x0000, 0x2F8C, 0x0000, 0x0003, 0x0600, 0x1EC0, 0x0100,
    0x0000, 0x0C00, 0xFCDB, 0x0320, 0x0000, 0x1040, 0xF360, 0x0C80, 0x0000, 0x2300, 0x23C0, 0x1C00,
    0x0000, 0x1C00, 0xDF00, 0x2000, 0x0000, 0x1000, 0xDC81, 0x2000, 0x0000, 0x6000, 0x7023, 0x8000,
    0x0000, 0x0002, 0xD007, 0x0000, 0x0000, 0x0002, 0x0807, 0x0000, 0xFFA1, 0x0001, 0x0060, 0x0001,
    0xFFD4, 0x0040, 0x0094, 0x0000, 0xFFF6, 0x0080, 0x0042, 0x0000, 0xFF68, 0x0000, 0x0020, 0x0000,
    0xFFFD, 0x0030, 0x0000, 0x0000, 0xFFD2, 0x0000, 0x000E, 0x0000, 0xFFFC, 0x0030, 0x0004, 0x0000,
    0xFFF7, 0x0001, 0x0008, 0x0000, 0xFFF8, 0x0000, 0x0004, 0x0000, 0xFFF5, 0x0008, 0x0000, 0x0000,
    0xFFF3, 0x0000, 0x000D, 0x0000, 0xFFE8, 0x0010, 0x0004, 0x0000, 0xFFF5, 0x0000, 0x0000, 0x0000,
    0xFFD2, 0x0000, 0x002C, 0x0000, 0xFFF0, 0x0000, 0x0001, 0x0000, 0xFFEA, 0x0000, 0x0010, 0x0000,
    0x0000, 0x0000, 0x0000, 0x0000, 0x2000, 0x2000, 0x0000, 0x2000, 0x0000, 0x0000, 0x0000, 0x0000,
    0x2000, 0x2000, 0x8000, 0x2000, 0x2000, 0x2000, 0x0100, 0x2000, 0x0000, 0x0000, 0x0000, 0x0000,
    0x8000, 0x0000, 0x8000, 0x0000, 0x4000, 0x4000, 0x1000, 0x4000, 0x0000, 0x0000, 0x0000, 0x0000,
    0x4000, 0x0000, 0x4000, 0x0000, 0x1000, 0x1000, 0x0000, 0x1000, 0x0000, 0x0000, 0x8000, 0x0000,
    0x0000, 0x0000, 0x0100, 0x0000, 0x2000, 0x2000, 0x0000, 0x2000, 0x4000, 0x0000, 0x4000, 0x0000,
    0x0000, 0x0000, 0x2000, 0x0000, 0xFF00, 0x0000, 0x00C8, 0x0000, 0xFFC2, 0x0042, 0x0008, 0x0002,
    0xFF84, 0x0080, 0x0014, 0x0000, 0xFFC6, 0x0004, 0x0000, 0x0004, 0xFF70, 0x0030, 0x0003, 0x0000,
    0xFFD1, 0x0001, 0x0004, 0x0001, 0xFFAC, 0x0020, 0x0000, 0x0000, 0xFFF3, 0x0013, 0x0008, 0x0001,
    0xFFD0, 0x0024, 0x0008, 0x0000, 0xFFF1, 0x0019, 0x0000, 0x0001, 0xFFEA, 0x0010, 0x0000, 0x0000,
    0xFFF4, 0x0020, 0x0000, 0x0000, 0xFFF8, 0x0002, 0x0001, 0x0000, 0xFFF8, 0x0000, 0x0004, 0x0000,
    0xFFFA, 0x0004, 0x0000, 0x0000, 0xFFFF, 0x0004, 0x0000, 0x0000, 0x0000, 0x0000, 0x0000, 0x0000,
    0x0000, 0x0000, 0x0000, 0x0000, 0x8000, 0x8000, 0x0000, 0x8000, 0x0000, 0x0000, 0x0000, 0x0000,
    0x0000, 0x0000, 0x0100, 0x0000, 0x0000, 0x0000, 0x0000, 0x0000, 0x8000, 0x8000, 0x0000, 0x8000,
    0x0000, 0x0000, 0x2000, 0x0000, 0x8000, 0x0000, 0x8000, 0x0000, 0x4000, 0x4000, 0x0000, 0x4000,
    0x0800, 0x0800, 0x0000, 0x0800, 0x4000, 0x0000, 0x4000, 0x0000, 0x0400, 0x0400, 0x1000, 0x0400,
    0xA000, 0x0000, 0x2000, 0x0000, 0x5A00, 0x9200, 0x0800, 0x1200, 0x0400, 0x0400, 0x0000, 0x0400,
    0xCFFF, 0x0000, 0x3000, 0x0000, 0x3FFF, 0x0C00, 0x0000, 0x0000, 0x1FFF, 0x1000, 0x0000, 0x1000,
    0x0FFF, 0x0C00, 0xC200, 0x0000, 0x37FF, 0x0000, 0x2000, 0x0000, 0x63FF, 0x4100, 0x2E00, 0x4000,
    0x0BFF, 0x0100, 0x3800, 0x0000, 0x30FF, 0x2000, 0x1000, 0x2000, 0x05DF, 0x0000, 0x04A0, 0x0000,
    0x107F, 0x1004, 0x0000, 0x1000, 0x0AAF, 0x0000, 0x0A00, 0x0000, 0x000B, 0x000C, 0x00C0, 0x0000,
    0x1573, 0x1500, 0x0020, 0x1500, 0x002B, 0x0002, 0x0024, 0x0000, 0x0201, 0x0203, 0x0010, 0x0200,
    0x0055, 0x0040, 0x0010, 0x0040, 0xFFFF, 0x0000, 0x0000, 0x0000, 0xFFFF, 0x0000, 0x0000, 0x0000,
    0xFFFF, 0x0000, 0x0000, 0x0000, 0xFFFF, 0x0000, 0x0000, 0x0000, 0xFFFF, 0x0000, 0x0000, 0x0000,
    0xFFFF, 0x0000, 0x0000, 0x0000, 0xFFFF, 0x0000, 0x0000, 0x0000, 0xFFFF, 0x0000, 0x0000, 0x0000,
    0xFFFF, 0x0000, 0x0000, 0x0000, 0xFFFF, 0x0000, 0x0000, 0x0000, 0xFFFF, 0x0000, 0x0000, 0x0000,
    0xFFFF, 0x0000, 0x0000, 0x0000, 0xFFFF, 0x0000, 0x0000, 0x0000, 0xFFFF, 0x0000, 0x0000, 0x0000,
    0xFFFF, 0x0000, 0x0000, 0x0000, 0x7FFF, 0x8000, 0x0000, 0x0000, 0x0000, 0x0000, 0x0000, 0x0000,
    0x0002, 0x0000, 0x0002, 0x0000, 0x0000, 0x0000, 0x0000, 0x0000, 0x0082, 0x0080, 0x0040, 0x0080,
    0x0010, 0x0001, 0x0012, 0x0000, 0x0004, 0x0000, 0x0000, 0x0000, 0x0013, 0x0008, 0x0002, 0x0000,
    0x0042, 0x0040, 0x0030, 0x0040, 0x001B, 0x0000, 0x0000, 0x0000, 0x0113, 0x0136, 0x0000, 0x0100,
    0x054B, 0x0400, 0x0104, 0x0400, 0x000F, 0x0080, 0x0030, 0x0000, 0x015F, 0x0000, 0x0000, 0x0000,
    0x083F, 0x0040, 0x0880, 0x0000, 0x057F, 0x0400, 0x0000, 0x0400, 0x00FF, 0x0040, 0x0000, 0x0000,
    0x13FF, 0x0000, 0x1000, 0x0000, 0x4BFF, 0x2000, 0x0000, 0x0000, 0x87FF, 0x0000, 0x0800, 0x0000,
    0x2FFF, 0x0000, 0x1000, 0x0000, 0x4FFF, 0x0400, 0x0000, 0x0000, 0x3FFF, 0x0000, 0xC000, 0x0000,
    0x7FFF, 0x0800, 0x0000, 0x0000, 0xDFFF, 0x0000, 0x2000, 0x0000, 0xFFFF, 0x0000, 0x0000, 0x0000,
    0xFFFF, 0x0000, 0x0000, 0x0000, 0xFFFF, 0x0000, 0x0000, 0x0000, 0xFFFF, 0x0000, 0x0000, 0x0000,
    0xFFFF, 0x0000, 0x0000, 0x0000, 0xFFFF, 0x0000, 0x0000, 0x0000, 0xFFFF, 0x0000, 0x0000, 0x0000,
    0xFFFF, 0x0000, 0x0000, 0x0000, 0x0085, 0x008A, 0x0030, 0x0080, 0x001B, 0x0000, 0x0000, 0x0000,
    0x0527, 0x0508, 0x0000, 0x0500, 0x0007, 0x0000, 0x0010, 0x0000, 0x00AF, 0x0080, 0x0000, 0x0080,
    0x000B, 0x0004, 0x0030, 0x0000, 0x0097, 0x0080, 0x0000, 0x0080, 0x0001, 0x0002, 0x0000, 0x0000,
    0x008F, 0x0000, 0x0030, 0x0000, 0x0423, 0x0404, 0x0000, 0x0400, 0x0007, 0x0008, 0x0000, 0x0000,
    0x002F, 0x0030, 0x4080, 0x0020, 0x000B, 0x0000, 0x0200, 0x0000, 0x002B, 0x0004, 0x0028, 0x0000,
    0x0082, 0x0080, 0x0010, 0x0080, 0x0015, 0x0000, 0x1000, 0x0000, 0xFFFF, 0x0000, 0x0000, 0x0000,
    0xFFFF, 0x0000, 0x0000, 0x0000, 0xFFFF, 0x0000, 0x0000, 0x0000, 0xFFFF, 0x0000, 0x0000, 0x0000,
    0xFFFF, 0x0000, 0x0000, 0x0000, 0xFFFF, 0x0000, 0x0000, 0x0000, 0xFFFF, 0x0000, 0x0000, 0x0000,
    0xFFFF, 0x0000, 0x0000, 0x0000, 0xFFFF, 0x0000, 0x0000, 0x0000, 0xFFFF, 0x0000, 0x0000, 0x0000,
    0xFFFF, 0x0000, 0x0000, 0x0000, 0xFFFF, 0x0000, 0x0000, 0x0000, 0xFFFF, 0x0000, 0x0000, 0x0000,
    0xFFFF, 0x0000, 0x0000, 0x0000, 0xFFFF, 0x0000, 0x0000, 0x0000, 0xBFFF, 0x4000, 0x0000, 0x0000,
    0x0000, 0x0000, 0x0000, 0x0000, 0x0000, 0x0000, 0x0000, 0x0000, 0x0000, 0x0000, 0x0000, 0x0000,
    0x0000, 0x0000, 0x0000, 0x0000, 0x0000, 0x0000, 0x0100, 0x0000, 0x0010, 0x0010, 0x0000, 0x0010,
    0x0000, 0x0000, 0x0004, 0x0000, 0x0A80, 0x0A80, 0x2000, 0x0A80, 0x0728, 0x0428, 0x0080, 0x0428,
    0x6B90, 0x5950, 0x0008, 0x4810, 0xC1C0, 0x8202, 0x04A0, 0x8000, 0x7BD9, 0x5018, 0x0000, 0x5018,
    0xC7E4, 0x4834, 0x0000, 0x4024, 0x2FFB, 0x100A, 0x4004, 0x000A, 0x37FC, 0x8810, 0x0000, 0x0000,
    0xBFF9, 0x4003, 0x0004, 0x0001, 0x0000, 0x0000, 0x0000, 0x0000, 0x0000, 0x0000, 0x0000, 0x0000,
    0x0000, 0x0000, 0x0000, 0x0000, 0x0000, 0x0000, 0x0000, 0x0000, 0x0000, 0x0000, 0x0000, 0x0000,
    0x0000, 0x0000, 0x0000, 0x0000, 0x0000, 0x0000, 0x0000, 0x0000, 0x0000, 0x0000, 0x0000, 0x0000,
    0x0000, 0x0000, 0x0800, 0x0000, 0x8000, 0x8000, 0x0000, 0x8000, 0x0000, 0x0000, 0x8000, 0x0000,
    0x0000, 0x0000, 0x0000, 0x0000, 0x4000, 0x8000, 0x0020, 0x0000, 0x0000, 0x1000, 0x8000, 0x0000,
    0x6000, 0x4000, 0x0000, 0x4000, 0xA800, 0x0C00, 0x0000, 0x0800, 0x0000, 0x0000, 0x0000, 0x0000,
    0x0000, 0x0000, 0x0000, 0x0000, 0x0000, 0x0000, 0x0000, 0x0000, 0x0000, 0x0000, 0x0000, 0x0000,
    0x0000, 0x0000, 0x0000, 0x0000, 0x0000, 0x0000, 0x0000, 0x0000, 0x0000, 0x0000, 0x0000, 0x0000,
    0x0000, 0x0000, 0x0000, 0x0000, 0x0000, 0x0000, 0x0000, 0x0000, 0x0000, 0x0000, 0x0000, 0x0000,
    0x0000, 0x0000, 0x0000, 0x0000, 0x0000, 0x0000, 0x0000, 0x0000, 0x0000, 0x0000, 0x2000, 0x0000,
    0x0000, 0x0000, 0x0000, 0x0000, 0x0440, 0x0440, 0x0000, 0x0440, 0x2000, 0x2000, 0x0000, 0x2000,
    0x0000, 0x0000, 0x0000, 0x0000, 0x0000, 0x0000, 0x0000, 0x0000, 0x0000, 0x0000, 0x0000, 0x0000,
    0x0000, 0x0000, 0x0000, 0x0000, 0x0000, 0x0000, 0x0000, 0x0000, 0x0000, 0x0000, 0x0000, 0x0000,
    0x0000, 0x0000, 0x0000, 0x0000, 0x0000, 0x0000, 0x0000, 0x0000, 0x0000, 0x0000, 0x0000, 0x0000,
    0x0000, 0x0000, 0x0000, 0x0000, 0x0000, 0x0000, 0x0000, 0x0000, 0x0000, 0x0000, 0x0000, 0x0000,
    0x0000, 0x0000, 0x0000, 0x0000, 0x0000, 0x0000, 0x0000, 0x0000, 0x0000, 0x0000, 0x0000, 0x0000,
    0x8000, 0x8000, 0x0000, 0x8000, 0x0000, 0x0000, 0x0000, 0x0000, 0x0000, 0x0000, 0x0000, 0x0000,
    0x0000, 0x0000, 0x0000, 0x0000, 0x0000, 0x0000, 0x8000, 0x0000, 0x0000, 0x0000, 0x0200, 0x0000,
    0x0000, 0x0000, 0x0000, 0x0000, 0x0000, 0x0000, 0x0000, 0x0000, 0x0000, 0x0000, 0x2000, 0x0000,
    0x0002, 0x0009, 0x0000, 0x0000, 0x0013, 0x0004, 0x0010, 0x0000, 0x0A01, 0x0042, 0x0A0C, 0x0000,
    0x1043, 0x0080, 0x1070, 0x0000, 0x0A4F, 0x0010, 0x0000, 0x0000, 0x002F, 0x0010, 0x00C0, 0x0000,
    0x353F, 0x0000, 0x1000, 0x0000, 0x06DF, 0x0000, 0x0430, 0x0000, 0x0000, 0x0000, 0x0000, 0x0000,
    0x0000, 0x0000, 0x0000, 0x0000, 0x0000, 0x0000, 0x0000, 0x0000, 0x0000, 0x0000, 0x0000, 0x0000,
    0x0000, 0x0000, 0x0020, 0x0000, 0x0000, 0x0000, 0x0000, 0x0000, 0x0000, 0x0000, 0x0000, 0x0000,
    0xA000, 0x0000, 0x2000, 0x0000, 0x1000, 0x0000, 0xC000, 0x0000, 0xC200, 0x0000, 0x0A00, 0x0000,
    0xC000, 0x0000, 0x2000, 0x0000, 0x8400, 0x6000, 0x0000, 0x0000, 0xC000, 0x1000, 0x0200, 0x0000,
    0xF000, 0x0000, 0x0800, 0x0000, 0xDD00, 0x2000, 0x1000, 0x0000, 0xF000, 0x0000, 0x0801, 0x0000,
    0x0000, 0x0000, 0x0000, 0x0000, 0x0000, 0x0000, 0x0000, 0x0000, 0x0000, 0x0000, 0x0000, 0x0000,
    0x0000, 0x0000, 0x0000, 0x0000, 0x0000, 0x0000, 0x0000, 0x0000, 0x0000, 0x0000, 0x0000, 0x0000,
    0x0000, 0x0000, 0x0000, 0x0000, 0x0000, 0x0000, 0x0000, 0x0000, 0x0000, 0x0000, 0x0000, 0x0000,
    0x0000, 0x0000, 0x0000, 0x0000, 0x0000, 0x0000, 0x0000, 0x0000, 0x0000, 0x0000, 0x0040, 0x0000,
    0x0000, 0x0000, 0x0002, 0x0000, 0x0000, 0x0000, 0x0000, 0x0000, 0x0000, 0x0000, 0x0000, 0x0000,
    0x0000, 0x0000, 0x0020, 0x0000, 0x0000, 0x1C00, 0xFFCC, 0x0030, 0x1800, 0xB800, 0xFE3C, 0x0000,
    0x2000, 0x2000, 0x2130, 0xDE00, 0x0000, 0x7B01, 0x7BC1, 0x8400, 0x0000, 0xCDE0, 0xFDF2, 0x0200,
    0x0000, 0x4720, 0x7F37, 0x80C0, 0x0000, 0xCF70, 0xFF7C, 0x0000, 0x0000, 0xB1C0, 0xF1F8, 0x0E00,
    0x0000, 0x0C00, 0xCF80, 0x3000, 0x0000, 0x1000, 0x3E60, 0x0000, 0x0000, 0x0060, 0x42F0, 0x0000,
    0x0000, 0x0010, 0x7CF0, 0x0000, 0x0000, 0x0010, 0x4C39, 0x3000, 0x0000, 0x0000, 0xB139, 0x4000,
    0x0000, 0x0000, 0xB010, 0x4000, 0x0000, 0x0000, 0xC040, 0x0000, 0x0007, 0x0200, 0xFFC8, 0x0000,
    0x0807, 0x1800, 0x3A98, 0x0500, 0x380F, 0x6600, 0xE730, 0x1800, 0x701F, 0x5C00, 0x5F20, 0xA000,
    0x001F, 0xF800, 0xF920, 0x0200, 0x001F, 0x3000, 0x3620, 0x0000, 0x003F, 0x0000, 0x3AC0, 0x0000,
    0x007F, 0x0000, 0x0480, 0x0000, 0x00FF, 0x0000, 0x4500, 0x0000, 0x01FF, 0x0000, 0x7200, 0x0000,
    0x03FF, 0x4000, 0x6400, 0x0000, 0x03FF, 0xC000, 0xE400, 0x0000, 0x07FF, 0x0000, 0x8800, 0x0000,
    0x07FF, 0x0000, 0x1800, 0x0000, 0x0FFF, 0x0000, 0x3000, 0x0000, 0x1FFF, 0x0000, 0xE000, 0x0000,
    0xDDD3, 0x36CD, 0x0B16, 0x0AC5, 0xDDD9, 0x36DE, 0x0B03, 0x0AD2, 0xDDD5, 0x36DE, 0x0B03, 0x0AD2,
    0xEEEE, 0x1B63, 0x058D, 0x0565, 0xEEEE, 0x1B63, 0x058C, 0x0564, 0xF76B, 0x0DAD, 0x02C2, 0x02AA,
    0xF6F5, 0x0D12, 0x02E5, 0x0211, 0xF96D, 0x06DF, 0x0130, 0x003C, 0xFD2B, 0x3FFF, 0x0000, 0x02D4,
    0xF30D, 0x7EF3, 0x010C, 0x0C00, 0xE6A5, 0x7C4F, 0x03B0, 0x1802, 0xF702, 0x7E1F, 0x01E0, 0x080C,
    0xB90E, 0x5FFC, 0x2003, 0x0630, 0xEE2D, 0x17F5, 0x280A, 0x01C5, 0xFC46, 0x0B85, 0x147A, 0x0804,
    0xFF00, 0x0700, 0x08FF, 0x0700, 0xA7FF, 0x9AE0, 0x2D00, 0x8AE0, 0xBFDF, 0xA5C0, 0x1A00, 0xA5C0,
    0xDF7F, 0xDB60, 0x0410, 0xDB60, 0xEEFF, 0x6EA0, 0x8050, 0x6EA0, 0x647F, 0xA5A0, 0xC0D8, 0xA4A0,
    0x333F, 0xD2D0, 0xE168, 0xD250, 0xB33F, 0xD2D0, 0x6168, 0x5250, 0x999F, 0x6968, 0xB0B4, 0xA928,
    0xAAE7, 0x7F60, 0x8084, 0x1460, 0x6D1B, 0xCFEA, 0x3010, 0x880A, 0xD5AB, 0x5F72, 0xA089, 0x5102,
    0xA655, 0xBA7D, 0x4480, 0xB245, 0x582D, 0x6834, 0x92C9, 0x6824, 0x6399, 0xC0E8, 0x2710, 0x0008,
    0xCCF3, 0x4712, 0x98E0, 0x4012, 0x000F, 0x000C, 0xC000, 0x000C, 0x1000, 0x1380, 0xD3A3, 0x2C00,
    0x3800, 0x7880, 0x78F8, 0x0700, 0x3C00, 0x6CD0, 0xECFC, 0x1300, 0x3000, 0xB04C, 0xB07C, 0x4F80,
    0x0000, 0xC060, 0xC37C, 0x3C80, 0x0000, 0x2AC0, 0x6FF3, 0x1000, 0x0000, 0x0003, 0xBFCF, 0x0000,
    0x0000, 0x0009, 0x4139, 0x8006, 0x0000, 0x4000, 0x5E0C, 0xA000, 0x0400, 0x2700, 0x27F3, 0xD800,
    0x0000, 0xC0E0, 0xF0F3, 0x0F00, 0x0000, 0x5730, 0xFF3C, 0x00C0, 0x0000, 0x0218, 0xD61C, 0x01E0,
    0x0000, 0x80C8, 0xEFCC, 0x0030, 0x0000, 0x0508, 0xCF8C, 0x0070, 0x0000, 0x0918, 0x1D1C, 0x02E0,
    0x0000, 0x0076, 0x0CF6, 0x0009, 0xC009, 0x80C9, 0x43C9, 0x8036, 0x7034, 0x90B6, 0x61B7, 0x1048,
    0xDC70, 0xE451, 0x1951, 0xC4AE, 0x0C70, 0x30DC, 0x0DDF, 0x0020, 0x3460, 0x38E2, 0x85E7, 0x3018,
    0x1C00, 0x1C94, 0x009E, 0x1C60, 0x0600, 0x0630, 0x0079, 0x0600, 0x0200, 0x0200, 0x3033, 0x0200,
    0x0000, 0x0830, 0xCE7E, 0x0000, 0x0000, 0x2C0C, 0x2CCC, 0x1030, 0x0000, 0x728C, 0x738F, 0x0C70,
    0x0000, 0x3498, 0xFF9C, 0x0060, 0x0000, 0x6AE0, 0xEFF3, 0x1000, 0x0000, 0x3000, 0x7CCF, 0x0000,
    0x0000, 0x0000, 0x3322, 0x0000, 0x0000, 0x0800, 0x4E18, 0x3000, 0x0000, 0x3800, 0x7E01, 0x0000,
    0x0000, 0x0000, 0xBAC1, 0x0000, 0x0000, 0x7440, 0x7EE0, 0x0000, 0x0000, 0x4820, 0xCC60, 0x3000,
    0x0000, 0x3000, 0x3B10, 0xC000, 0x0000, 0x6000, 0x7104, 0x8000, 0x0000, 0x0000, 0xC180, 0x0000,
    0x0000, 0x0000, 0x2480, 0x0000, 0x0000, 0x0000, 0x0050, 0x0000, 0x0000, 0x0000, 0xC404, 0x0000,
    0x0000, 0x0000, 0x3040, 0xC000, 0x0000, 0x0000, 0x3000, 0x0000, 0x0000, 0x0000, 0x0000, 0x0000,
    0x0000, 0x0000, 0x0000, 0x0000, 0x0000, 0x0000, 0x0000, 0x0000, 0x0000, 0x0000, 0x7800, 0x0000,
    0x0000, 0x0000, 0x1100, 0x0000, 0x0000, 0x8000, 0xC800, 0x0000, 0x0000, 0x6000, 0x7400, 0x8000,
    0x0000, 0x2000, 0xB000, 0x0000, 0x0000, 0x0000, 0x6000, 0x0000, 0x0000, 0x0000, 0x0000, 0x0000,
    0x0000, 0x0000, 0x0000, 0x0000, 0x0000, 0x0000, 0x0000, 0x0000, 0x0000, 0x0000, 0x0000, 0x0000,
    0x0000, 0x0000, 0x0000, 0x0000, 0x0000, 0x0000, 0x0000, 0x0000, 0x0000, 0x0000, 0x0000, 0x0000,
    0x0000, 0x0000, 0x0000, 0x0000, 0x0000, 0x0000, 0x0000, 0x0000, 0x0000, 0x0000, 0x0000, 0x0000,
    0x0000, 0x0000, 0x0000, 0x0000, 0x0000, 0x0000, 0x0000, 0x0000, 0x0000, 0x0000, 0x0001, 0x0000,
    0x0000, 0x0000, 0x0002, 0x0000, 0x0000, 0x0002, 0x0003, 0x0000, 0x0000, 0x0000, 0x0004, 0x0000,
    0x0000, 0x0000, 0x0000, 0x0000, 0x0000, 0x0001, 0x0003, 0x0000, 0x0000, 0x0000, 0x0003, 0x0000,
    0x0000, 0x0000, 0x0006, 0x0000, 0x0000, 0x0000, 0x0000, 0x0000, 0x0000, 0x0000, 0x0001, 0x0000,
    0x0000, 0x0003, 0x0007, 0x0000, 0x0000, 0x0006, 0x0007, 0x0000, 0x0000, 0x0000, 0x000E, 0x0000,
    0x0000, 0x0000, 0x0000, 0x0000, 0x0000, 0x0040, 0x11CE, 0x0000, 0x0000, 0x040C, 0xC68C, 0x0000,
    0x0000, 0x8818, 0xDD38, 0x0000, 0x0000, 0x0028, 0x386C, 0x0010, 0x0000, 0x0020, 0x00F0, 0x0000,
    0x0000, 0x0120, 0x3330, 0x00C0, 0x0000, 0x2080, 0xEEE0, 0x0100, 0x0000, 0x3300, 0xB380, 0x0000,
    0x0000, 0x0008, 0x0008, 0x0030, 0x0000, 0x0020, 0x303C, 0x0000, 0x0000, 0x2400, 0xE6C4, 0x1800,
    0x0000, 0x9C50, 0x9EF8, 0x6000, 0x0000, 0x6048, 0x7CC8, 0x8030, 0x0000, 0xC0A0, 0xF0B8, 0x0040,
    0x0000, 0x00A0, 0xC3B0, 0x0040, 0x0000, 0x0000, 0x30C1, 0x0000, 0x0000, 0x0000, 0x0002, 0x0000,
    0x0000, 0x0000, 0x0000, 0x0000, 0x0000, 0x0000, 0x0000, 0x0000, 0x0000, 0x0000, 0x0000, 0x0000,
    0x0000, 0x0000, 0x0000, 0x0000, 0x0000, 0x0000, 0x0000, 0x0000, 0x0000, 0x0000, 0x0000, 0x0000,
    0x0000, 0x0000, 0x0000, 0x0000, 0x0000, 0x0000, 0x0000, 0x0000, 0x0000, 0x0000, 0x0000, 0x0000,
    0x0000, 0x0000, 0x0000, 0x0000, 0x0000, 0x0000, 0x0000, 0x0000, 0x0000, 0x0000, 0x0000, 0x0000,
    0x0000, 0x0000, 0x0001, 0x0000, 0x0000, 0x0000, 0x0000, 0x0000, 0x0000, 0x0000, 0x0000, 0x0000,
    0x0000, 0x1410, 0x7F1C, 0x0000, 0x0000, 0x4E24, 0xCEE5, 0x3118, 0x0000, 0x6020, 0xE362, 0x1C10,
    0x0000, 0x0810, 0x7CDC, 0x0020, 0x0000, 0x0020, 0x4371, 0x0000, 0x0000, 0x0501, 0x3D35, 0x02C0,
    0x0000, 0x0380, 0x8FC3, 0x0000, 0x0000, 0x0000, 0x11E3, 0x0000, 0x0000, 0x0008, 0x004D, 0x0030,
    0x0000, 0x0020, 0x117C, 0x0000, 0x0000, 0x0000, 0x08C0, 0x0000, 0x0000, 0x03A0, 0x23F8, 0x0000,
    0x0000, 0x04C0, 0x8CCC, 0x0330, 0x0000, 0x1230, 0x3332, 0x0CC0, 0x0000, 0x0960, 0x4970, 0x3080,
    0x0000, 0x0100, 0x03C1, 0x0000, 0x2800, 0x7B20, 0xEF38, 0x10C0, 0x10E0, 0x3CA8, 0x9CAC, 0x6350,
    0x3060, 0x3268, 0xB36D, 0x4C90, 0x0000, 0x3CC8, 0xFCCD, 0x0030, 0x0000, 0x0370, 0x03F9, 0x0000,
    0x0000, 0x0420, 0x3C31, 0x03C0, 0x0000, 0x07C0, 0x0FF1, 0x0000, 0x0000, 0x0800, 0x1FF8, 0x0000,
    0x0000, 0x06F8, 0x66FC, 0x1900, 0x1E00, 0x4340, 0xC3F8, 0x3C00, 0x6400, 0xFC80, 0xE5D0, 0x1A00,
    0x3800, 0x2200, 0x2300, 0xDC00, 0x0000, 0x5400, 0xD79F, 0x2800, 0x0000, 0x6A0D, 0xEF1D, 0x1002,
    0x0000, 0xB400, 0xF710, 0x080F, 0x0000, 0x0404, 0x3F0C, 0xC003, 0x0600, 0x0620, 0xC630, 0x39C0,
    0x3C00, 0x7D20, 0xFDEC, 0x0210, 0x1000, 0x905C, 0x907F, 0x6F80, 0x7000, 0xF3CB, 0xF3FB, 0x0C04,
    0x4000, 0x5C05, 0x5FCD, 0xA002, 0x0000, 0xA081, 0xBCCD, 0x4302, 0x0600, 0xC585, 0xF5CD, 0x0A02,
    0x0E00, 0x0B02, 0xCB33, 0x340C, 0x0000, 0x011C, 0x31DF, 0x0E20, 0x0000, 0x04F0, 0x2CFC, 0x0300,
    0x0000, 0x0700, 0x1FF0, 0x0000, 0x0000, 0x0200, 0x0F80, 0x0000, 0x0000, 0x0100, 0x07CE, 0x0000,
    0x0000, 0x000E, 0xC33F, 0x0000, 0x0000, 0x8012, 0xC033, 0x000C, 0x0000, 0x8006, 0xC00F, 0x0000,
    0x0000, 0x0000, 0x3010, 0x0000, 0x0000, 0x0000, 0x6076, 0x0000, 0x0000, 0x002E, 0x00EF, 0x0010,
    0x0000, 0x0083, 0x0383, 0x007C, 0x0000, 0x0028, 0x013D, 0x00C0, 0x0000, 0x00C0, 0x33F8, 0x0000,
    0x0000, 0x1000, 0x9CD0, 0x0000, 0x0000, 0x2200, 0x2730, 0x1000, 0x0000, 0x0000, 0xE100, 0x0000,
    0x0000, 0x8000, 0xB330, 0x0000, 0x0000, 0x0024, 0x8CE7, 0x0018, 0x0000, 0x029C, 0xC39F, 0x0060,
    0x0000, 0x0660, 0x0E7C, 0x0180, 0x0000, 0x9B00, 0xFBF0, 0x0400, 0x0000, 0x2000, 0xE0C3, 0x1000,
    0x0000, 0x0000, 0x0330, 0x0000, 0x0001, 0x1820, 0x3CEA, 0x0000, 0x0001, 0x0020, 0x1868, 0x0000,
    0x0001, 0x0020, 0xC46C, 0x0000, 0x0001, 0x2020, 0x30EC, 0xC000, 0x0001, 0x4040, 0xF1F8, 0x0000,
    0x0003, 0x0000, 0x0198, 0x0000, 0x0003, 0x0000, 0x0070, 0x0000, 0x0007, 0x0000, 0x0080, 0x0000,
    0x001F, 0x0000, 0x60A0, 0x0000, 0x0001, 0x2008, 0x281E, 0x1000, 0x0000, 0x0016, 0x50B7, 0x0008,
    0x0000, 0x202A, 0x702F, 0x0010, 0x0000, 0x2800, 0xECF3, 0x1000, 0x0000, 0x1212, 0x3317, 0x0C00,
    0x0000, 0x0404, 0x041E, 0x0001, 0x0003, 0x0008, 0x008C, 0x0000, 0x0000, 0x0090, 0x099E, 0x0060,
    0x0000, 0x0040, 0x1078, 0x0180, 0x0000, 0x0000, 0x03E0, 0x0000, 0x0000, 0x0000, 0x0761, 0x0000,
    0x0000, 0x0000, 0x0CDC, 0x0000, 0x0000, 0x0008, 0x187A, 0x0004, 0x0000, 0x0024, 0x0067, 0x0018,
    0x0000, 0x0008, 0x6118, 0x0000, 0x0000, 0x1010, 0x9F1A, 0x6000, 0x0000, 0x4070, 0x7A78, 0x8000,
    0x0000, 0x80D8, 0xE1DC, 0x0020, 0x0000, 0x00B0, 0x00BE, 0x0140, 0x0000, 0x0002, 0x9E62, 0x0004,
    0x0000, 0x0542, 0x1D42, 0x0224, 0x0000, 0x1804, 0x787C, 0x0602, 0x0000, 0x0604, 0x1F84, 0x0018,
    0x0000, 0x0000, 0xF000, 0x0000, 0x0000, 0x6000, 0xEC00, 0x1000, 0x0000, 0x2000, 0x71C0, 0x0000,
    0x0000, 0x0040, 0x3370, 0x0080, 0x0000, 0x1820, 0xDC70, 0x2000, 0x0000, 0x0400, 0x3700, 0x0800,
    0x0000, 0x0400, 0x0E00, 0x0000, 0x0000, 0x0000, 0x0600, 0x0000, 0x0000, 0x0023, 0x043B, 0x0000,
    0x0000, 0x0018, 0x005C, 0x0023, 0x0000, 0x0022, 0x4063, 0x001C, 0x0000, 0x001C, 0x003C, 0x0000,
    0x0000, 0x0001, 0x0003, 0x0000, 0x0000, 0x0001, 0x8029, 0x0002, 0x0000, 0x0003, 0x0007, 0x0000,
    0x0000, 0x0000, 0x0000, 0x0000, 0x0000, 0x0804, 0x3E6D, 0x0012, 0x0000, 0x0C12, 0x0F72, 0x000C,
    0x0000, 0x2C0C, 0x2E3E, 0x1000, 0x0000, 0x1510, 0x37D8, 0x0820, 0x0000, 0x7620, 0xFFFC, 0x0000,
    0x0000, 0x2C10, 0x6F70, 0x1000, 0x0000, 0x1830, 0x3C38, 0x0000, 0x0000, 0x8020, 0xF230, 0x0000,
    0x0000, 0x3000, 0x3C70, 0xC000, 0x0000, 0x8A30, 0xCB78, 0x3400, 0x0000, 0x0620, 0x3770, 0x0800,
    0x0000, 0x2800, 0xEE30, 0x1000, 0x0000, 0x8828, 0xACEC, 0x1010, 0x0000, 0x1814, 0xBC37, 0x0008,
    0x0000, 0x0402, 0xCE0E, 0x0000, 0x0000, 0x4000, 0x6402, 0x8000, 0x0000, 0x4000, 0xFFC4, 0x0000,
    0x0000, 0x6440, 0x7CF0, 0x8300, 0x0000, 0x0800, 0x0B23, 0xF4C0, 0x0000, 0x0C47, 0x0C67, 0xF088,
    0x0000, 0x6887, 0x7FCF, 0x8000, 0x0000, 0x2004, 0xFC8C, 0x0003, 0x0000, 0x0005, 0x200D, 0x0002,
    0x0000, 0x000F, 0x801F, 0x0000, 0x0000, 0x000B, 0x001B, 0x0004, 0x0000, 0x0018, 0x3038, 0x0007,
    0x0000, 0x6432, 0xE6F3, 0x180C, 0x0000, 0xBCC2, 0xBFCF, 0x4030, 0x0000, 0x6001, 0x7CED, 0x8002,
    0x0000, 0x8021, 0xE035, 0x0002, 0x0000, 0x0007, 0xC22F, 0x0000, 0x0000, 0x000C, 0x200F, 0x0000,
    0x0000, 0x1812, 0x9837, 0x0000, 0x0000, 0x1014, 0x3A3F, 0x0000, 0x0000, 0x0028, 0x306F, 0x0010,
    0x0001, 0x0000, 0xC46E, 0x0010, 0x0003, 0xC008, 0xF0AC, 0x0010, 0x0003, 0x6010, 0x70FC, 0x8000,
    0x0007, 0xC020, 0xE878, 0x0000, 0x000F, 0x0020, 0xC030, 0x0000, 0x0000, 0xC800, 0xFC33, 0x0000,
    0x0000, 0x2008, 0x782F, 0x8010, 0x0003, 0x8030, 0xE0FC, 0x0000, 0x000F, 0x0040, 0x21F0, 0x0000,
    0x000F, 0x0180, 0x87F0, 0x0000, 0x003F, 0x0300, 0x8FC0, 0x0000, 0x00FF, 0x0600, 0x3F00, 0x0000,
    0x00FF, 0x0000, 0xCF00, 0x0000, 0xFFF0, 0x0000, 0x000C, 0x0000, 0xFFFD, 0x0000, 0x0000, 0x0000,
    0xFFF0, 0x0004, 0x0008, 0x0000, 0xFFF2, 0x0008, 0x0004, 0x0000, 0xFFE4, 0x0010, 0x0000, 0x0000,
    0xFFF1, 0x0000, 0x000C, 0x0000, 0xFFF4, 0x0002, 0x0000, 0x0000, 0xFFD0, 0x0000, 0x0020, 0x0000,
    0xFFF3, 0x0005, 0x0008, 0x0001, 0xFFDC, 0x0030, 0x0000, 0x0000, 0xFFF3, 0x0003, 0x0000, 0x0001,
    0xFFE0, 0x0030, 0x0001, 0x0000, 0xFF8C, 0x004C, 0x0000, 0x0000, 0xFFC5, 0x00D0, 0x0020, 0x0000,
    0xFFD4, 0x00C0, 0x0008, 0x0000, 0xFFC8, 0x0024, 0x0000, 0x0000, 0x4000, 0x0000, 0x4000, 0x0000,
    0x0000, 0x0000, 0x0000, 0x0000, 0x1000, 0x5000, 0x0000, 0x1000, 0x0000, 0x8000, 0x0000, 0x0000,
    0x0000, 0x0000, 0x2000, 0x0000, 0x0000, 0x0000, 0x0000, 0x0000, 0x0000, 0x0000, 0x0000, 0x0000,
    0x0000, 0x0000, 0x0000, 0x0000, 0x0000, 0x0000, 0x0000, 0x0000, 0x0000, 0x0000, 0x0000, 0x0000,
    0x0000, 0x0000, 0x0000, 0x0000, 0x0800, 0x0800, 0x0000, 0x0800, 0x8000, 0x8000, 0x2000, 0x8000,
    0x1000, 0x1000, 0x0000, 0x1000, 0x0000, 0x0000, 0x0000, 0x0000, 0x8000, 0x8000, 0x0000, 0x8000,
    0xFFFF, 0x0001, 0x0000, 0x0000, 0xFFFF, 0x0000, 0x0000, 0x0000, 0xFFFF, 0x0000, 0x0000, 0x0000,
    0xFFFF, 0x0000, 0x0000, 0x0000, 0xFFFF, 0x0000, 0x0000, 0x0000, 0xFFFF, 0x0000, 0x0000, 0x0000,
    0xFFFF, 0x0000, 0x0000, 0x0000, 0xFFFF, 0x0000, 0x0000, 0x0000, 0xFFFF, 0x0000, 0x0000, 0x0000,
    0xFFFF, 0x0000, 0x0000, 0x0000, 0xFFFF, 0x0000, 0x0000, 0x0000, 0xFFFF, 0x0000, 0x0000, 0x0000,
    0xFFFF, 0x0000, 0x0000, 0x0000, 0xFFFF, 0x0000, 0x0000, 0x0000, 0xFFFF, 0x0000, 0x0000, 0x0000,
    0xFFFF, 0x0000, 0x0000, 0x0000, 0x9240, 0x0240, 0x4000, 0x0240, 0xC000, 0x0000, 0x0400, 0x0000,
    0xD320, 0x2020, 0x0200, 0x0020, 0xC080, 0x1080, 0x0000, 0x0080, 0xF414, 0x0004, 0x0120, 0x0004,
    0xF080, 0x0800, 0x0400, 0x0000, 0xFD94, 0x0004, 0x0090, 0x0004, 0xFF34, 0x0400, 0x0020, 0x0000,
    0xFF20, 0x0080, 0x0040, 0x0000, 0xFFCA, 0x0020, 0x0002, 0x0000, 0xFFE0, 0x0088, 0x0010, 0x0000,
    0xFFE3, 0x0004, 0x0001, 0x0000, 0xFFF8, 0x0000, 0x0003, 0x0000, 0xFFF2, 0x0000, 0x000C, 0x0000,
    0xFFFC, 0x0000, 0x0000, 0x0000, 0xFFF3, 0x0003, 0x000C, 0x0000, 0x000A, 0x0000, 0x0008, 0x0000,
    0x0001, 0x0000, 0x0000, 0x0000, 0x0082, 0x0080, 0x0000, 0x0080, 0x0018, 0x0018, 0x0080, 0x0018,
    0x0000, 0x0000, 0x0002, 0x0000, 0x0020, 0x0020, 0x0000, 0x0020, 0x0001, 0x0001, 0x0000, 0x0001,
    0x0000, 0x0000, 0x0020, 0x0000, 0x0004, 0x0004, 0x0000, 0x0004, 0x0001, 0x0000, 0x0001, 0x0000,
    0x0000, 0x0004, 0x0000, 0x0000, 0x0001, 0x0000, 0x0081, 0x0000, 0x0004, 0x0000, 0x0007, 0x0000,
    0x0000, 0x0000, 0x0000, 0x0000, 0x0005, 0x0000, 0x0004, 0x0000, 0x0002, 0x0000, 0x0022, 0x0000,
    0xDFFF, 0x2000, 0x0000, 0x0000, 0x2FFF, 0x1800, 0x0000, 0x0000, 0x8FFF, 0x0000, 0x0000, 0x0000,
    0x27FF, 0x0C00, 0x8000, 0x0000, 0x57FF, 0x0000, 0x4000, 0x0000, 0x25FF, 0x8200, 0x2800, 0x0000,
    0x02FF, 0x2200, 0x1000, 0x0000, 0x14FF, 0x8100, 0x1000, 0x0000, 0x6BFF, 0x0000, 0x6000, 0x0000,
    0x17FF, 0x1000, 0x0000, 0x0000, 0xA7FF, 0x0200, 0x8000, 0x0000, 0x5BFF, 0x0400, 0x0000, 0x0000,
    0x2FFF, 0x0000, 0x0000, 0x0000, 0x7FFF, 0x3000, 0x8000, 0x0000, 0x3FFF, 0x0C00, 0x0000, 0x0000,
    0xCFFF, 0x8000, 0x3000, 0x0000, 0x0CDF, 0x0000, 0x0820, 0x0000, 0x013F, 0x0000, 0x0000, 0x0000,
    0x010F, 0x0050, 0x0100, 0x0000, 0x040F, 0x0000, 0x44C0, 0x0000, 0x0027, 0x0008, 0x0100, 0x0000,
    0x0087, 0x0000, 0x0008, 0x0000, 0x0103, 0x0120, 0x0010, 0x0100, 0x0057, 0x0040, 0x1000, 0x0040,
    0x00AB, 0x0020, 0x0080, 0x0020, 0x0157, 0x0040, 0x0100, 0x0040, 0x000B, 0x0004, 0x0000, 0x0000,
    0x00A7, 0x0080, 0x4010, 0x0080, 0x000F, 0x0000, 0x0100, 0x0000, 0x025F, 0x0200, 0x0080, 0x0200,
    0x043F, 0x0400, 0x0000, 0x0400, 0x016F, 0x0000, 0x3010, 0x0000, 0x0024, 0x0024, 0x0000, 0x0024,
    0x0002, 0x0000, 0x0000, 0x0000, 0x0008, 0x0000, 0x0008, 0x0000, 0x0001, 0x0000, 0x0081, 0x0000,
    0x0000, 0x0000, 0x0002, 0x0000, 0x0000, 0x0000, 0x0000, 0x0000, 0x0000, 0x0000, 0x0000, 0x0000,
    0x0002, 0x0002, 0x0020, 0x0002, 0x0000, 0x0000, 0x0000, 0x0000, 0x0000, 0x0000, 0x0000, 0x0000,
    0x0000, 0x0000, 0x0000, 0x0000, 0x0000, 0x0000, 0x0000, 0x0000, 0x0000, 0x0000, 0x0000, 0x0000,
    0x0000, 0x0000, 0x0000, 0x0000, 0x0000, 0x0000, 0x0000, 0x0000, 0x0000, 0x0000, 0x0000, 0x0000,
    0x6FFF, 0x8000, 0x1000, 0x0000, 0x3FFF, 0x0000, 0x0000, 0x0000, 0xAFFF, 0x0000, 0x0000, 0x0000,
    0x0FFF, 0x1000, 0x4000, 0x0000, 0x4FFF, 0x0000, 0x0000, 0x0000, 0x13FF, 0x0800, 0x0400, 0x0000,
    0x8AFF, 0x8100, 0x2000, 0x8000, 0x24FF, 0x0000, 0x0000, 0x0000, 0x8ADF, 0x0100, 0x8820, 0x0000,
    0x145F, 0x0020, 0x1000, 0x0000, 0x0127, 0x0008, 0x0000, 0x0000, 0x089F, 0x0000, 0x4040, 0x0000,
    0x10A3, 0x1008, 0x0280, 0x1000, 0x0087, 0x0020, 0x0088, 0x0000, 0x024B, 0x0200, 0x0060, 0x0200,
    0x0090, 0x0080, 0x2000, 0x0080, 0x6FFF, 0x8000, 0x1000, 0x0000, 0x37FF, 0x4800, 0x2000, 0x0000,
    0xAFFF, 0x8000, 0x0000, 0x8000, 0x13FF, 0x0C00, 0x4000, 0x0000, 0x1BFF, 0x0000, 0x1000, 0x0000,
    0x25FF, 0x2300, 0x0C00, 0x2000, 0x02FF, 0x0100, 0x1000, 0x0000, 0x15FF, 0x0540, 0x0000, 0x0540,
    0x02DF, 0x0000, 0x0020, 0x0000, 0x01BF, 0x0088, 0x0000, 0x0080, 0x022F, 0x0000, 0x0020, 0x0000,
    0x0007, 0x000A, 0x0080, 0x0002, 0x0013, 0x0010, 0x0000, 0x0010, 0x0001, 0x0002, 0x000C, 0x0000,
    0x0000, 0x0000, 0x0020, 0x0000, 0x0020, 0x0000, 0x0000, 0x0000, 0x8000, 0x0800, 0x4000, 0x0000,
    0xE000, 0x2000, 0x0800, 0x2000, 0xD300, 0x9300, 0x2000, 0x1300, 0xFC80, 0x0880, 0x0000, 0x0880,
    0xE100, 0x1000, 0x0300, 0x0000, 0xF500, 0x0100, 0x0800, 0x0100, 0xFE40, 0x1240, 0x0000, 0x0240,
    0xF600, 0x0900, 0x0000, 0x0000, 0xFE20, 0x0420, 0x0000, 0x0420, 0xF080, 0x1400, 0x0000, 0x0000,
    0xE000, 0x4B00, 0x0000, 0x4000, 0xD000, 0x2000, 0x0140, 0x0000, 0xC800, 0x8400, 0x0002, 0x8000,
    0x0000, 0x4000, 0x3000, 0x0000, 0x0000, 0x8000, 0x0C00, 0x0000, 0xC800, 0x0000, 0x0020, 0x0000,
    0x4494, 0x4000, 0x0484, 0x4000, 0x1249, 0x0001, 0x1200, 0x0001, 0x4112, 0x4020, 0x0C00, 0x4000,
    0x2A49, 0x0404, 0x1081, 0x0000, 0x4B1A, 0x04A0, 0x0002, 0x0000, 0x2BDF, 0x1400, 0xC000, 0x0000,
    0x3FFE, 0x0000, 0x0000, 0x0000, 0xFFFF, 0x0000, 0x0000, 0x0000, 0xFFFF, 0x0000, 0x0000, 0x0000,
    0xFFFF, 0x0000, 0x0000, 0x0000, 0xFFFF, 0x0000, 0x0000, 0x0000, 0xFFFF, 0x0000, 0x0000, 0x0000,
    0xFFFF, 0x0000, 0x0000, 0x0000, 0xFFFF, 0x0000, 0x0000, 0x0000, 0xFFFF, 0x0000, 0x0000, 0x0000,
    0xFFFF, 0x0000, 0x0000, 0x0000, 0x0000, 0x0000, 0x0800, 0x0000, 0x2000, 0x2000, 0x0000, 0x2000,
    0x4000, 0x0000, 0x4000, 0x0000, 0x2800, 0x0000, 0x0800, 0x0000, 0x4400, 0x0400, 0x0000, 0x0400,
    0x1880, 0x0080, 0xC800, 0x0080, 0xE400, 0x0000, 0x0000, 0x0000, 0xA280, 0x1080, 0x0200, 0x0080,
    0x9120, 0x4020, 0x0404, 0x0020, 0xF840, 0x0400, 0x0040, 0x0000, 0xFA08, 0x0408, 0x0080, 0x0008,
    0xFC68, 0x0200, 0x0008, 0x0000, 0xFE42, 0x0002, 0x0100, 0x0002, 0xFD14, 0x0004, 0x00C0, 0x0004,
    0xFF44, 0x0080, 0x0004, 0x0000, 0xFFA8, 0x0000, 0x0000, 0x0000, 0x2FFF, 0x0000, 0x3000, 0x0000,
    0x3FFF, 0x0000, 0x0000, 0x0000, 0x0FFF, 0x0000, 0x0800, 0x0000, 0x0FFF, 0x0000, 0x2000, 0x0000,
    0x4FFF, 0x0000, 0x4000, 0x0000, 0x07FF, 0x0000, 0x1400, 0x0000, 0x2FFF, 0x2000, 0x0000, 0x2000,
    0x23FF, 0x0000, 0x2800, 0x0000, 0x019F, 0x0000, 0x0020, 0x0000, 0x16BF, 0x1400, 0x0000, 0x1400,
    0x041F, 0x0000, 0x0420, 0x0000, 0x10AF, 0x1000, 0x8010, 0x1000, 0x001F, 0x0000, 0x0200, 0x0000,
    0x012B, 0x0100, 0x0014, 0x0100, 0x0085, 0x0080, 0x0000, 0x0080, 0x0001, 0x0000, 0x3008, 0x0000,
    0xAC00, 0x2000, 0xC000, 0x0000, 0x4800, 0x8800, 0x0000, 0x0000, 0xD100, 0x0100, 0x2000, 0x0100,
    0xC400, 0x0000, 0x0000, 0x0000, 0xD400, 0x2400, 0x0320, 0x0000, 0xE280, 0x1080, 0x0C00, 0x0080,
    0xF400, 0x2800, 0x0000, 0x0000, 0xFA80, 0x0000, 0x0480, 0x0000, 0xF500, 0x0000, 0x0800, 0x0000,
    0xF400, 0x0800, 0x0000, 0x0000, 0xFA80, 0x0080, 0x0400, 0x0080, 0xF000, 0x0800, 0x0000, 0x0000,
    0xF480, 0x1000, 0x0080, 0x0000, 0x8A00, 0x4000, 0x2200, 0x0000, 0x9400, 0x4000, 0x0400, 0x0000,
    0x0000, 0x0000, 0x2000, 0x0000, 0x0000, 0x0000, 0x0000, 0x0000, 0x0000, 0x0000, 0x0000, 0x0000,
    0x0000, 0x0000, 0x0000, 0x0000, 0x0000, 0x0000, 0x0080, 0x0000, 0x0002, 0x0002, 0x0000, 0x0002,
    0x0000, 0x0000, 0x0000, 0x0000, 0x0004, 0x0004, 0x0000, 0x0004, 0x0043, 0x0040, 0x0013, 0x0040,
    0x0025, 0x0002, 0x0020, 0x0000, 0x0093, 0x0080, 0x0001, 0x0080, 0x0028, 0x0006, 0x0020, 0x0000,
    0x0143, 0x0000, 0x8110, 0x0000, 0x012B, 0x0104, 0x0200, 0x0100, 0x001F, 0x0020, 0x0040, 0x0000,
    0x02BF, 0x0200, 0x0000, 0x0200, 0x027F, 0x0000, 0x3000, 0x0000, 0x0000, 0x8040, 0xB0E8, 0x4000,
    0x0000, 0x1860, 0xDC66, 0x2000, 0x0000, 0x4C00, 0x7F67, 0x8000, 0x0002, 0x8200, 0xB315, 0x4C00,
    0x0007, 0xC500, 0xCD00, 0x0200, 0x0003, 0x8500, 0xCD3C, 0x0200, 0x000F, 0xC700, 0xCFC0, 0x0000,
    0x003F, 0x0200, 0x33C0, 0x0C00, 0x873F, 0x0000, 0x4000, 0x0000, 0x877F, 0x0000, 0x4800, 0x0000,
    0x877F, 0x0000, 0x0800, 0x4000, 0x9F7F, 0x0000, 0x0000, 0x4000, 0x9FFF, 0x0000, 0x0000, 0x4000,
    0xDFFF, 0x0000, 0x0000, 0x0000, 0xDFFF, 0x0000, 0x0000, 0x0000, 0xDFFF, 0x0000, 0x2000, 0x0000,
    0x7FFF, 0x0000, 0x8000, 0x0000, 0x7FFF, 0x0000, 0x8000, 0x0000, 0x7FFF, 0x0000, 0x8000, 0x0000,
    0xFFFF, 0x0000, 0x0000, 0x0000, 0xFFFF, 0x0000, 0x0000, 0x0000, 0xFFFF, 0x0000, 0x0000, 0x0000,
    0xFFFF, 0x0000, 0x0000, 0x0000, 0xFFFF, 0x0000, 0x0000, 0x0000, 0xFFFF, 0x0000, 0x0000, 0x0000,
    0xFFFF, 0x0000, 0x0000, 0x0000, 0xFFFF, 0x0000, 0x0000, 0x0000, 0xFFFF, 0x0000, 0x0000, 0x0000,
    0xFFFF, 0x0000, 0x0000, 0x0000, 0xFFFF, 0x0000, 0x0000, 0x0000, 0xFFFF, 0x0000, 0x0000, 0x0000,
    0xFFFF, 0x0000, 0x0000, 0x0000, 0xFFF3, 0x0000, 0x000C, 0x0000, 0xFFFC, 0x0010, 0x0000, 0x0000,
    0xFFF3, 0x0003, 0x0000, 0x0000, 0xFFF0, 0x0000, 0x0003, 0x0000, 0xFFCC, 0x0004, 0x0000, 0x0000,
    0xFFC2, 0x0000, 0x0030, 0x0000, 0xFFD0, 0x0000, 0x000C, 0x0000, 0xFFC6, 0x0000, 0x0002, 0x0000,
    0xFF28, 0x0000, 0x0008, 0x0000, 0xFD92, 0x0012, 0x0100, 0x0012, 0xF6A4, 0x0004, 0x00A0, 0x0004,
    0xFB20, 0x0120, 0x02C0, 0x0020, 0xFD80, 0x0000, 0x0102, 0x0000, 0xFA50, 0x0010, 0x1040, 0x0010,
    0xFD00, 0x0800, 0x0500, 0x0000, 0xEE40, 0x0000, 0x0460, 0x0000, 0x0000, 0x0000, 0x0000, 0x0000,
    0x0000, 0x0000, 0x0000, 0x0000, 0x0001, 0x0001, 0x0000, 0x0001, 0x0000, 0x0000, 0x0000, 0x0000,
    0x0001, 0x0000, 0x1000, 0x0000, 0x0004, 0x0004, 0x0000, 0x0004, 0x0002, 0x0002, 0x0000, 0x0002,
    0x0000, 0x0000, 0x0000, 0x0000, 0x0000, 0x0000, 0x0000, 0x0000, 0x0001, 0x0001, 0x0000, 0x0001,
    0x0000, 0x0000, 0x0000, 0x0000, 0x0002, 0x0002, 0x0040, 0x0002, 0x0000, 0x0000, 0x0000, 0x0000,
    0x0001, 0x0000, 0x0001, 0x0000, 0x0000, 0x0000, 0x0000, 0x0000, 0x0002, 0x0000, 0x0012, 0x0000,
    0x0BFF, 0x0000, 0x0000, 0x0000, 0x73FF, 0x6400, 0x1000, 0x4000, 0x41FF, 0x0200, 0x4400, 0x0000,
    0x2BFF, 0x0400, 0x3000, 0x0000, 0x4FFF, 0x0000, 0x4000, 0x0000, 0x37FF, 0x0000, 0x8000, 0x0000,
    0x0FFF, 0x1000, 0x0000, 0x0000, 0x0FFF, 0x0000, 0x1000, 0x0000, 0x47FF, 0x0800, 0x2000, 0x0000,
    0x37FF, 0x0000, 0x0000, 0x0000, 0x2FFF, 0x0000, 0x2000, 0x0000, 0x0BFF, 0x0000, 0x4000, 0x0000,
    0x27FF, 0x0800, 0x0000, 0x0000, 0x1FFF, 0x0000, 0x0000, 0x0000, 0x07FF, 0x0000, 0x2000, 0x0000,
    0x2FFF, 0x0100, 0x0000, 0x0000, 0xFFFD, 0x0006, 0x0000, 0x0004, 0xFF8F, 0x007F, 0x0000, 0x000F,
    0xFEF1, 0x01F3, 0x0000, 0x0031, 0xFD80, 0x03E3, 0x0000, 0x0080, 0xFD7C, 0x0761, 0x001C, 0x0564,
    0xFE2F, 0x070D, 0x0022, 0x060A, 0xF6F5, 0x0D12, 0x02E5, 0x0211, 0xF96D, 0x06DF, 0x0130, 0x003C,
    0xFEEA, 0x01B3, 0x0248, 0x0042, 0xFDCD, 0x0375, 0x0098, 0x0095, 0xFB9C, 0x06EC, 0x0130, 0x012C,
    0xF738, 0x0DD8, 0x0260, 0x0258, 0xEE74, 0x1BB4, 0x04C0, 0x04B4, 0xEE6E, 0x1BEE, 0x0480, 0x04EE,
    0xDCDF, 0x3753, 0x098C, 0x0953, 0xDDD3, 0x36CD, 0x0B16, 0x0AC5, 0xFFFF, 0x0000, 0x0000, 0x0000,
    0xFFFF, 0x8000, 0x0000, 0x0000, 0xFFFF, 0xE100, 0x0080, 0xE000, 0x97BF, 0x9998, 0x0220, 0x91B8,
    0x232F, 0xB718, 0x0020, 0x2328, 0x0A07, 0x8AFC, 0x2040, 0x0A44, 0xB33F, 0xD2D0, 0x6168, 0x5250,
    0x999F, 0x6968, 0xB0B4, 0xA928, 0xDD9F, 0x6D68, 0xB0B4, 0xAD28, 0xED9F, 0xB568, 0x58B4, 0x5528,
    0xE79F, 0x7B68, 0x9CB4, 0x1B28, 0xC73F, 0xBAD0, 0x4D68, 0x8A50, 0x667F, 0x5DA0, 0x22D8, 0x44A0,
    0x3CFF, 0x3B50, 0x05A0, 0x3950, 0x19FF, 0x16A0, 0x0B50, 0x12A0, 0x33FF, 0x2D60, 0x1680, 0x2560,
    0x376D, 0x17D7, 0x1700, 0xE838, 0xFCDA, 0xAFBF, 0xAC08, 0x5060, 0x8074, 0x8674, 0x8004, 0x798B,
    0x0030, 0x1D32, 0x1F32, 0xE0CD, 0x0000, 0x6087, 0xFF87, 0x0078, 0x0000, 0x80BC, 0xF0BE, 0x0040,
    0x0000, 0x00A0, 0xCCFE, 0x0000, 0x0000, 0x1000, 0xB67C, 0x0800, 0x0000, 0x0C00, 0x2F05, 0x1000,
    0x00FA, 0x00F2, 0xBC0C, 0x00F2, 0x01CF, 0x01BD, 0xC442, 0x0181, 0x0367, 0x43F9, 0xF006, 0x0301,
    0x021E, 0xD3EE, 0xD811, 0x228E, 0x8278, 0xA199, 0xB261, 0x4018, 0x80C0, 0xA000, 0xB0C6, 0x4001,
    0x0000, 0xC001, 0xEF03, 0x0000, 0xB7F8, 0x7E38, 0x0638, 0xC1C7, 0x800C, 0xF0C4, 0x00C5, 0x0F3A,
    0x1008, 0x1418, 0x163C, 0xE800, 0x0000, 0xD8AC, 0xD9BC, 0x2043, 0x0043, 0x804B, 0x804A, 0x7FB4,
    0x0383, 0x7B82, 0xFB80, 0x047D, 0x0000, 0x1CF8, 0x7CF8, 0x0307, 0x0000, 0x0513, 0x9FFF, 0x0000,
    0x0000, 0x0000, 0x8003, 0x0000, 0x0000, 0x0000, 0xB93C, 0x0000, 0x0000, 0x1C02, 0xDFD3, 0x2000,
    0x0000, 0x9901, 0x9FCB, 0x6000, 0x0000, 0xA403, 0xAF03, 0x5000, 0x0000, 0xD000, 0xFC06, 0x0001,
    0x0000, 0x8006, 0xEB0E, 0x0001, 0x0000, 0x0002, 0xBFEF, 0x0000, 0x0000, 0x0000, 0x0000, 0x0000,
    0x0000, 0x0000, 0x0059, 0x0000, 0x0000, 0x0068, 0x00EF, 0x0010, 0x0000, 0x0098, 0x819C, 0x0060,
    0x0000, 0x00F0, 0x02F8, 0x0100, 0x0000, 0x0180, 0x01E0, 0x0000, 0x0000, 0x0000, 0x0182, 0x0000,
    0x0000, 0x0000, 0x4060, 0x0000, 0x0000, 0x40B2, 0x60BA, 0x8044, 0x0000, 0x9064, 0x9864, 0x6018,
    0x0000, 0x4800, 0xCE7C, 0x3000, 0x0000, 0x1820, 0x79A0, 0x0040, 0x0000, 0x3C40, 0x3FD1, 0x4020,
    0x0000, 0xE600, 0xFE00, 0x0000, 0x0000, 0x0020, 0xA670, 0x0000, 0x0000, 0x0040, 0x0060, 0x0000,
    0x0000, 0x6660, 0x7E60, 0x0180, 0x0000, 0x9998, 0x9998, 0x6660, 0x0000, 0xE764, 0xE7E6, 0x1818,
    0x0000, 0x181C, 0xF87C, 0x0000, 0x0000, 0x0400, 0x0686, 0x0078, 0x0000, 0x0910, 0x1978, 0x0686,
    0x0000, 0x0702, 0x0F86, 0x0000, 0x0000, 0x0000, 0x0300, 0x0000, 0x0000, 0x4800, 0x7E10, 0x0000,
    0x0000, 0x3800, 0xFFE2, 0x0000, 0x0000, 0x71C0, 0xFDD8, 0x0020, 0x0000, 0x2010, 0xB996, 0x4008,
    0x0000, 0xD028, 0xD06C, 0x2010, 0x0000, 0xE050, 0xF0D8, 0x0020, 0x0000, 0x6060, 0xF0F8, 0x0000,
    0x0000, 0x2000, 0x7046, 0x0000, 0xFD2B, 0x3FFF, 0x0000, 0x02D4, 0xF30D, 0x7EF3, 0x010C, 0x0C00,
    0xE6A5, 0x7C4F, 0x03B0, 0x1802, 0xF702, 0x7E1F, 0x01E0, 0x080C, 0xB90E, 0x5FFC, 0x2003, 0x0630,
    0xEE2D, 0x17F5, 0x280A, 0x01C5, 0xFC46, 0x0B85, 0x147A, 0x0804, 0xFF00, 0x0700, 0x08FF, 0x0700,
    0xFEEA, 0x01B3, 0x0248, 0x0042, 0xFDCD, 0x0375, 0x0098, 0x0095, 0xFB9C, 0x06EC, 0x0130, 0x012C,
    0xF738, 0x0DD8, 0x0260, 0x0258, 0xEE74, 0x1BB4, 0x04C0, 0x04B4, 0xEE6E, 0x1BEE, 0x0480, 0x04EE,
    0xDCDF, 0x3753, 0x098C, 0x0953, 0xDDD3, 0x36CD, 0x0B16, 0x0AC5, 0xAAE7, 0x7F60, 0x8084, 0x1460,
    0x6D1B, 0xCFEA, 0x3010, 0x880A, 0xD5AB, 0x5F72, 0xA089, 0x5102, 0xA655, 0xBA7D, 0x4480, 0xB245,
    0x582D, 0x6834, 0x92C9, 0x6824, 0x6399, 0xC0E8, 0x2710, 0x0008, 0xCCF3, 0x4712, 0x98E0, 0x4012,
    0x000F, 0x000C, 0xC000, 0x000C, 0xDD9F, 0x6D68, 0xB0B4, 0xAD28, 0xED9F, 0xB568, 0x58B4, 0x5528,
    0xE79F, 0x7B68, 0x9CB4, 0x1B28, 0xC73F, 0xBAD0, 0x4D68, 0x8A50, 0x667F, 0x5DA0, 0x22D8, 0x44A0,
    0x3CFF, 0x3B50, 0x05A0, 0x3950, 0x19FF, 0x16A0, 0x0B50, 0x12A0, 0x33FF, 0x2D60, 0x1680, 0x2560,
    0xFFFF, 0x0000, 0x0000, 0x0000, 0xFFFF, 0x0000, 0x0000, 0x0000, 0xFFFF, 0x0000, 0x0000, 0x0000,
    0xFFFF, 0x0000, 0x0000, 0x0000, 0xFFFF, 0x0000, 0x0000, 0x0000, 0xFFFF, 0x0000, 0x0000, 0x0000,
    0xFFFF, 0x0000, 0x0000, 0x0000, 0xFFFF, 0x0000, 0x0000, 0x0000, 0xFFFF, 0x0000, 0x0000, 0x0000,
    0xFFFF, 0x0000, 0x0000, 0x0000, 0xFFFF, 0x0000, 0x0000, 0x0000, 0xFFFF, 0x0000, 0x0000, 0x0000,
    0xFFFF, 0x0000, 0x0000, 0x0000, 0xFFFF, 0x0000, 0x0000, 0x0000, 0xB1B1, 0x3636, 0x3636, 0x4848,
    0x3C3C, 0x7474, 0x4B4B, 0xA4A4, 0xFFFF, 0x0000, 0x0000, 0x0000, 0xFFFF, 0x0000, 0x0000, 0x0000,
    0xFFFF, 0x0000, 0x0000, 0x0000, 0xFFFF, 0x0000, 0x0000, 0x0000, 0xFFFF, 0x0000, 0x0000, 0x0000,
    0xFFFF, 0x0000, 0x0000, 0x0000, 0xFFFF, 0x0000, 0x0000, 0x0000, 0xFFFF, 0x0000, 0x0000, 0x0000,
    0x0894, 0xFFFF, 0x0000, 0xE723, 0x366B, 0xEFB7, 0x1048, 0xC000, 0xD8E4, 0xF77B, 0x0884, 0x2000,
    0x66B7, 0xBFEF, 0x4010, 0x1908, 0x7D52, 0xB7FF, 0x4800, 0x0200, 0xB200, 0xDFFF, 0x2000, 0x0800,
    0x1080, 0xEE7F, 0x1080, 0x8800, 0x4100, 0xFEFF, 0x0100, 0x9480, 0xFFFF, 0x0000, 0x0000, 0x0000,
    0xFFFF, 0x0000, 0x0000, 0x0000, 0xFFFF, 0x0000, 0x0000, 0x0000, 0xFFFF, 0x0000, 0x0000, 0x0000,
    0xFFFF, 0x0000, 0x0000, 0x0000, 0xFFFF, 0x0000, 0x0000, 0x0000, 0xFFFF, 0x0000, 0x0000, 0x0000,
    0xFFFF, 0x0000, 0x0000, 0x0000, 0x4A21, 0xFFFE, 0x0001, 0x91CA, 0x359B, 0xDBEF, 0x2410, 0x0003,
    0x7236, 0xBDDE, 0x4220, 0x0006, 0xB8BC, 0xFFFC, 0x0000, 0x404C, 0x4118, 0xFFCC, 0x0010, 0x0008,
    0x000F, 0xFFFB, 0x0004, 0x000B, 0x200F, 0xDFFC, 0x2003, 0x000C, 0x008C, 0xFE73, 0x008C, 0x0000,
    0x1492, 0xEFFF, 0x1000, 0xE321, 0x3A6D, 0xF7BB, 0x0844, 0xD008, 0xDCE6, 0xFB7D, 0x0482, 0x2804,
    0xE6B7, 0x7FEF, 0x8010, 0x5908, 0xF552, 0xBFFF, 0x4000, 0x2A00, 0x3200, 0xDFFF, 0x2000, 0x8000,
    0x5880, 0xFE7F, 0x0080, 0x8000, 0x4900, 0xFEFF, 0x0100, 0x8480, 0xB000, 0xDFFF, 0x2000, 0x0800,
    0x7000, 0xBFFF, 0x4000, 0x0800, 0xD800, 0xFFFF, 0x0000, 0x0000, 0x9000, 0xFFFF, 0x0000, 0x0000,
    0xF800, 0x77FF, 0x8800, 0x4000, 0xF000, 0xBFFF, 0x4000, 0x2800, 0x3010, 0xCFEF, 0x3010, 0x8C20,
    0x4030, 0xFFDF, 0x0020, 0x9010, 0x4D21, 0xFBFE, 0x0401, 0x90CA, 0x369B, 0xDDEF, 0x2210, 0x0403,
    0x7336, 0xBEDE, 0x4120, 0x0206, 0xB8BC, 0xFFFC, 0x0000, 0x404C, 0x411B, 0xFFCB, 0x0010, 0x000B,
    0x003F, 0xFFCC, 0x0033, 0x000C, 0x201C, 0xDFFF, 0x2000, 0x001C, 0x009D, 0xFE6E, 0x0091, 0x000C,
    0x013B, 0xFEEB, 0x0110, 0x00AB, 0x101C, 0xEFFC, 0x1000, 0x001C, 0x003F, 0xFFE9, 0x0016, 0x0029,
    0x003D, 0xFFFA, 0x0005, 0x0038, 0x0038, 0xFFCC, 0x0030, 0x0008, 0x043B, 0xFFDB, 0x0020, 0x041B,
    0x00CF, 0xFFAC, 0x0043, 0x000C, 0x000C, 0xFFEF, 0x0000, 0x000C, 0xFFFF, 0x0000, 0x0000, 0x0000,
    0xFFFF, 0x0000, 0x0000, 0x0000, 0xFFFF, 0x0000, 0x0000, 0x0000, 0xFFFF, 0x0000, 0x0000, 0x0000,
    0xFFFF, 0x0000, 0x0000, 0x0000, 0xFFFF, 0x0000, 0x0000, 0x0000, 0xFFFF, 0x0000, 0x0000, 0x0000,
    0xFFFF, 0x0000, 0x0000, 0x0000, 0x084A, 0xFFFF, 0x0000, 0xE791, 0x3635, 0xEFDB, 0x1024, 0xC000,
    0xD872, 0xF7BD, 0x0842, 0x2000, 0x665B, 0xBFF7, 0x4008, 0x1984, 0x7DA9, 0xB7FF, 0x4800, 0x0200,
    0xB000, 0xDFFF, 0x2000, 0x0800, 0x1080, 0xEE7F, 0x1080, 0x8800, 0x4300, 0xFFFF, 0x0000, 0x9480,
    0xFFFF, 0x0000, 0x0000, 0x0000, 0xFFFF, 0x0000, 0x0000, 0x0000, 0xFFFF, 0x0000, 0x0000, 0x0000,
    0xFFFF, 0x0000, 0x0000, 0x0000, 0xFFFF, 0x0000, 0x0000, 0x0000, 0xFFFF, 0x0000, 0x0000, 0x0000,
    0xFFFF, 0x0000, 0x0000, 0x0000, 0xFFFF, 0x0000, 0x0000, 0x0000, 0x21FF, 0xFE00, 0x0100, 0xCA00,
    0x9BFF, 0xEF00, 0x1000, 0x0300, 0x36FF, 0xDE00, 0x2000, 0x0600, 0xBCFF, 0xFC00, 0x0000, 0x4C00,
    0x18FF, 0xCC00, 0x1000, 0x0800, 0x0FFF, 0xFB00, 0x0400, 0x0B00, 0x0FFF, 0xFC00, 0x0300, 0x0C00,
    0x2CFF, 0xF300, 0x0C00, 0x2000, 0xC013, 0xCC4D, 0x4FC1, 0x303E, 0xF81C, 0x3914, 0x19C0, 0xC62B,
    0xC03B, 0xC3AB, 0xC3A3, 0x3C54, 0x0000, 0x0E03, 0x3F03, 0xC0FC, 0x0000, 0x03FC, 0xC7FF, 0x0000,
    0x0000, 0x60C2, 0x63E7, 0x8000, 0x0002, 0x8F83, 0x8F9B, 0x0004, 0x0004, 0x3095, 0xB0B5, 0x0F0A,
    0x0000, 0x0E00, 0x0FB0, 0x3003, 0x0000, 0x0010, 0x3E7C, 0x0000, 0x0000, 0x0060, 0x00E9, 0x0010,
    0x0000, 0x0080, 0x3C9B, 0x0060, 0x0000, 0x48A1, 0x4EB3, 0x3040, 0x0000, 0x2041, 0x33E7, 0xC000,
    0x0000, 0x4000, 0x60DE, 0x8000, 0x0000, 0x0018, 0xC33C, 0x0000, 0x23FF, 0x9400, 0xD400, 0x0800,
    0x00FF, 0x9900, 0xB900, 0x0600, 0x007F, 0x2400, 0xE780, 0x1800, 0x007F, 0xD000, 0xDF80, 0x2000,
    0x007F, 0x0500, 0x3580, 0x0200, 0x007F, 0x0100, 0x0180, 0x3200, 0x007F, 0x0500, 0xBD80, 0x0200,
    0x007F, 0x8200, 0xC380, 0x0C00, 0x007F, 0xCC00, 0xFE80, 0x0000, 0x007F, 0x2000, 0xF880, 0x0000,
    0x007F, 0x4000, 0xF180, 0x0000, 0x00FF, 0x8000, 0xE100, 0x0000, 0x04FF, 0x8000, 0xC100, 0x0000,
    0x06FF, 0x0000, 0xC100, 0x0000, 0x02FF, 0x0000, 0x0500, 0x0000, 0x03FF, 0x0000, 0x0C00, 0x0000,
    0x38FF, 0x3ECF, 0x23CD, 0xC030, 0x7C31, 0x5F31, 0x59B1, 0xA04E, 0x0008, 0x9E88, 0x83C8, 0x6037,
    0xC030, 0xE222, 0xC3A2, 0x1C5D, 0x00F0, 0x2591, 0x3F93, 0xC06C, 0x00EC, 0x43EC, 0x67EC, 0x8013,
    0x0002, 0x0CC2, 0xCCC2, 0x033D, 0x0000, 0x1224, 0xB33C, 0x0CC3, 0x0030, 0x2848, 0x2FFF, 0x1000,
    0x0000, 0x005D, 0x98DF, 0x0020, 0x0000, 0x0072, 0x00FF, 0x0000, 0x0000, 0x0029, 0xBE7F, 0x0000,
    0x0000, 0x0C42, 0x6CFE, 0x1001, 0x0000, 0x506B, 0x53FB, 0x2004, 0x0408, 0x340A, 0xB07B, 0x4404,
    0x0B80, 0xCA0A, 0xC19B, 0x0A04, 0xDAF0, 0xFAF4, 0x02D6, 0x2508, 0xB00C, 0xF0CE, 0x10CE, 0x4F30,
    0xC000, 0x820C, 0x820D, 0x7DF0, 0xC001, 0xCC33, 0xCC33, 0x33C8, 0x03CF, 0x03CE, 0x03CC, 0xFC31,
    0x0003, 0x4003, 0xC003, 0x3FFC, 0x0000, 0x00B0, 0xF6F0, 0x090F, 0x0001, 0x900D, 0xFFFD, 0x0002,
    0x0003, 0x0003, 0x31B3, 0x000C, 0x0000, 0x0C0C, 0xFE1C, 0x0003, 0x0000, 0x2402, 0xFF8F, 0x0000,
    0x0000, 0x9406, 0xBF16, 0x4001, 0x0000, 0x4002, 0xF806, 0x0001, 0x0000, 0x0003, 0xCB17, 0x0000,
    0x0000, 0x0000, 0x9FD3, 0x0000, 0x0400, 0x0E00, 0x3FFB, 0x0000, 0x0000, 0x0200, 0x3EC0, 0x0100,
    0x0000, 0x0C00, 0x5DED, 0x0200, 0x0000, 0x0800, 0x1867, 0x0780, 0x0000, 0x0D07, 0x1D7F, 0x0280,
    0x0000, 0x0780, 0x9F90, 0x006F, 0x0000, 0x0667, 0x87E7, 0x0018, 0x0000, 0x001C, 0x97BF, 0x0000,
    0x0000, 0x0B00, 0x0F9F, 0x0000, 0x0000, 0x0280, 0x02C0, 0x0000, 0x0000, 0x0180, 0x07BF, 0x0040,
    0x0000, 0x0057, 0x81D7, 0x0028, 0x0000, 0x000A, 0x007B, 0x0004, 0x0000, 0x0007, 0x800F, 0x0000,
    0x0000, 0x0000, 0x0027, 0x0000, 0x0000, 0x0000, 0x0042, 0x0000, 0x0000, 0x0000, 0x0000, 0x0000,
    0x0000, 0x0FA8, 0xFFFA, 0x0000, 0x0000, 0x3840, 0xF9F0, 0x0608, 0x0000, 0x6211, 0xE35B, 0x1C20,
    0x0000, 0xCC20, 0xCEB3, 0x3040, 0x0000, 0x3880, 0x3DEC, 0xC000, 0x0000, 0xE140, 0xFB54, 0x00A0,
    0x0000, 0x0284, 0xE6E7, 0x0100, 0x0000, 0x0915, 0x195D, 0x0682, 0x0000, 0x1A18, 0xFB3F, 0x0400,
    0x0000, 0x6C04, 0x6E1D, 0x9000, 0x0000, 0x0080, 0xF7E4, 0x0000, 0x0000, 0x0060, 0x35F8, 0x0000,
    0x0000, 0x1618, 0x96DF, 0x0820, 0x0000, 0x0A19, 0xBB3F, 0x0400, 0x0000, 0x0008, 0x063B, 0x0000,
    0x0000, 0x0010, 0x5FD9, 0x0000, 0x0000, 0x0000, 0x0000, 0x0000, 0x0000, 0x0000, 0x0000, 0x0000,
    0x0000, 0x0000, 0x0000, 0x0000, 0x0000, 0x0000, 0x0000, 0x0000, 0x0000, 0x0000, 0x0000, 0x0000,
    0x0000, 0x0000, 0x0000, 0x0000, 0x0000, 0x0000, 0x0000, 0x0000, 0x0000, 0x0000, 0x0000, 0x0000,
    0x0000, 0x0000, 0x0000, 0x0000, 0x0000, 0x0000, 0x0000, 0x0000, 0x0000, 0x0000, 0x0000, 0x0000,
    0x0000, 0x0000, 0x0080, 0x0000, 0x0000, 0x0000, 0x0000, 0x0000, 0x0000, 0x0000, 0x0000, 0x0000,
    0x0000, 0x0000, 0x0000, 0x0000, 0x0000, 0x0000, 0x0020, 0x0000, 0x0000, 0x0000, 0x1C00, 0x0000,
    0x0000, 0x5000, 0xFF30, 0x0000, 0x0000, 0x482E, 0xCCEF, 0x3010, 0x2000, 0xBCE4, 0xBFE7, 0x4018,
    0x0000, 0xF09C, 0xFFBE, 0x0040, 0x0000, 0x6060, 0xFDFE, 0x0000, 0x0000, 0x4040, 0xF8F3, 0x0000,
    0x0000, 0x0000, 0xE030, 0x0000, 0x0000, 0x4A00, 0xCF0C, 0x3000, 0x0000, 0xB824, 0xBE24, 0x4018,
    0x0000, 0x6010, 0xF0DC, 0x0020, 0x0000, 0x0000, 0x0632, 0x0000, 0x0000, 0x0000, 0xDF5D, 0x0000,
    0x0000, 0x0F50, 0x1FDF, 0x0020, 0x0000, 0x1C26, 0x3DE7, 0x0218, 0x0000, 0x0614, 0x4F7E, 0x0000,
    0x0000, 0x032C, 0xC33C, 0x0003, 0x0000, 0x0282, 0x3E83, 0x013C, 0x0003, 0x0030, 0x313C, 0x00C0,
    0x000F, 0x0040, 0xC3F0, 0x0000, 0x000F, 0x0100, 0x0330, 0x0000, 0x003F, 0x0300, 0x07C0, 0x0000,
    0x007F, 0x0100, 0x0F80, 0x0000, 0x00FF, 0x0400, 0x1F00, 0x0000, 0x00FF, 0x0C00, 0x3D00, 0x0000,
    0x00FF, 0x3800, 0x3D00, 0x0000, 0x00FF, 0x1000, 0xFD00, 0x0000, 0x00FF, 0xE000, 0xFB00, 0x0000,
    0x01FF, 0x0000, 0x7200, 0x0000, 0x01FF, 0x0000, 0x3600, 0x0000, 0x01FF, 0x0000, 0x2E00, 0x0000,
    0x01FF, 0x0400, 0xCE00, 0x0000, 0xFFFF, 0x0000, 0x0000, 0x0000, 0xFFFF, 0x0000, 0x0000, 0x0000,
    0xFFFF, 0x0000, 0x0000, 0x0000, 0xFFFF, 0x0000, 0x0000, 0x0000, 0xFFFF, 0x0000, 0x0000, 0x0000,
    0xFFFF, 0x0000, 0x0000, 0x0000, 0xFFFF, 0x0000, 0x0000, 0x0000, 0xFFFF, 0x0000, 0x0000, 0x0000,
    0x3FFF, 0x3617, 0x3615, 0xC9E8, 0x67FF, 0xE2DE, 0xEA12, 0x1521, 0x837F, 0x83B9, 0xB229, 0x4CC6,
    0x82FF, 0x9326, 0xB026, 0x4DD9, 0x0FF0, 0x2FF0, 0xEEB0, 0x100F, 0x1CE0, 0x9C2F, 0xDC2F, 0x23D0,
    0x0C00, 0xA83C, 0xAB3F, 0x54C0, 0x8000, 0x5070, 0x707F, 0x0F80, 0xFFFF, 0x0000, 0x0000, 0x0000,
    0xFFFF, 0x0000, 0x0000, 0x0000, 0xFFFF, 0x0000, 0x0000, 0x0000, 0xFFFF, 0x0000, 0x0000, 0x0000,
    0xFFFF, 0x0000, 0x0000, 0x0000, 0xFFFF, 0x0000, 0x0000, 0x0000, 0xFFFF, 0x0000, 0x0000, 0x0000,
    0xFFFF, 0x0000, 0x0000, 0x0000, 0xFF7B, 0x3E18, 0x3698, 0x0104, 0xBC60, 0x9C60, 0x8470, 0x630F,
    0x00C0, 0x18CC, 0x18CF, 0xE730, 0x8C00, 0x701A, 0x731F, 0x8CE0, 0x0000, 0x4032, 0xD333, 0x2C00,
    0x6000, 0x4100, 0x4DB3, 0xB200, 0x4001, 0xC200, 0xCEE6, 0x3100, 0x0001, 0x8E00, 0x9F0E, 0x6000,
    0xFFFF, 0x0000, 0x0000, 0x0000, 0xFFFF, 0x0000, 0x0000, 0x0000, 0xFFFF, 0x0000, 0x0000, 0x0000,
    0xFFFF, 0x0000, 0x0000, 0x0000, 0xFFFF, 0x0000, 0x0000, 0x0000, 0xFFFF, 0x0000, 0x0000, 0x0000,
    0xFFFF, 0x0000, 0x0000, 0x0000, 0xFFFE, 0x0000, 0x0000, 0x0000, 0xFFF3, 0x0000, 0x000C, 0x0000,
    0xFFFC, 0x0000, 0x0000, 0x0000, 0xFFF7, 0x0002, 0x0005, 0x0000, 0xFFF4, 0x0000, 0x0007, 0x0000,
    0xFFCD, 0x0008, 0x0000, 0x0000, 0xFFD0, 0x0010, 0x0020, 0x0000, 0xFFE1, 0x0021, 0x000C, 0x0001,
    0xFFCC, 0x0000, 0x0008, 0x0000, 0xF180, 0x0080, 0x0C00, 0x0080, 0xF440, 0x0040, 0x0000, 0x0040,
    0xEB00, 0x0300, 0x0800, 0x0100, 0xF500, 0x0100, 0x0480, 0x0100, 0xB400, 0x3400, 0x0002, 0x0400,
    0xD000, 0x0000, 0x3000, 0x0000, 0x8100, 0x0000, 0x0900, 0x0000, 0x4800, 0x0800, 0x0020, 0x0800,
    0x2100, 0x2100, 0x0000, 0x2100, 0x9000, 0x0000, 0x1000, 0x0000, 0x6400, 0x0400, 0x2000, 0x0400,
    0x0000, 0x0000, 0x0000, 0x0000, 0x4000, 0x0000, 0x5000, 0x0000, 0x2000, 0x2000, 0x0000, 0x2000,
    0x0000, 0x0000, 0x0000, 0x0000, 0x8000, 0x0000, 0x8000, 0x0000, 0x0000, 0x0000, 0x0000, 0x0000,
    0x0002, 0x0002, 0x0000, 0x0002, 0x0000, 0x0000, 0x0000, 0x0000, 0x0001, 0x0000, 0x0041, 0x0000,
    0x0000, 0x0000, 0x0001, 0x0000, 0x0002, 0x0002, 0x0000, 0x0002, 0x0000, 0x0000, 0x0000, 0x0000,
    0x0004, 0x0004, 0x0010, 0x0004, 0x0000, 0x0000, 0x0000, 0x0000, 0x0000, 0x0000, 0x0000, 0x0000,
    0x0000, 0x0000, 0x0000, 0x0000, 0x0000, 0x0000, 0x0000, 0x0000, 0x0000, 0x0000, 0x0000, 0x0000,
    0x0000, 0x0000, 0x0000, 0x0000, 0x0002, 0x0000, 0x0002, 0x0000, 0x0000, 0x0000, 0x0000, 0x0000,
    0x17FF, 0x0000, 0x0000, 0x0000, 0xABFF, 0x0800, 0x8000, 0x0000, 0x07FF, 0x0000, 0x0000, 0x0000,
    0x0FFF, 0x2200, 0x4000, 0x0000, 0x43FF, 0x0800, 0x4000, 0x0000, 0x07FF, 0x1400, 0x0000, 0x0000,
    0x03FF, 0x0000, 0x2000, 0x0000, 0xA9FF, 0x0000, 0x8000, 0x0000, 0x13FF, 0x0000, 0x0000, 0x0000,
    0x25FF, 0x2000, 0x0000, 0x0000, 0x43FF, 0x0000, 0x4400, 0x0000, 0x03FF, 0x1000, 0x2000, 0x0000,
    0x0BFF, 0x0400, 0x0000, 0x0000, 0x17FF, 0x4000, 0x8000, 0x0000, 0x23FF, 0x0400, 0x0000, 0x0000,
    0x8AFF, 0x8100, 0x2000, 0x0000, 0x0000, 0x0510, 0x3FFA, 0x0000, 0x0000, 0x1A20, 0x7B7C, 0x0400,
    0x0000, 0x2608, 0xE71C, 0x1820, 0x0000, 0x4811, 0xCC9D, 0x3060, 0x0000, 0xD861, 0xDA7D, 0x2180,
    0x0000, 0x73B1, 0xFBF9, 0x0000, 0x0000, 0x6100, 0xF5FA, 0x0200, 0x0000, 0x1200, 0xFBB1, 0x0400,
    0x0000, 0x1A80, 0xFBE1, 0x0400, 0x0000, 0xCE80, 0xFFC0, 0x0000, 0x0000, 0x6A40, 0x7BE1, 0x8400,
    0x0000, 0xA800, 0xBCE1, 0x4000, 0x0000, 0x8400, 0xFF30, 0x0000, 0x0000, 0x0000, 0xFC00, 0x0000,
    0x0000, 0x0000, 0x330F, 0x0000, 0x0000, 0x000B, 0xCC1B, 0x0004, 0x0000, 0x1A00, 0x7BB3, 0x0400,
    0x0800, 0x4A00, 0xCBE4, 0x3400, 0x3800, 0xB940, 0xB9FF, 0x4600, 0x6000, 0x6EA6, 0x6FF7, 0x9008,
    0x4000, 0x5846, 0x5FEF, 0xA000, 0x0000, 0xA70B, 0xBFCF, 0x4000, 0x0000, 0x8D84, 0xFDEF, 0x0200,
    0x0000, 0xB119, 0xF17F, 0x0E00, 0x0600, 0x9648, 0xF6CF, 0x0930, 0x0000, 0x4988, 0xD99C, 0x0660,
    0x0000, 0x1710, 0x57F9, 0x0800, 0x0000, 0x0E00, 0x9F63, 0x0000, 0x0000, 0x0882, 0xFBCE, 0x0001,
    0x0000, 0x0004, 0x2F8D, 0x0002, 0x0000, 0x0013, 0x9013, 0x000C, 0x0000, 0x080A, 0xCFDB, 0x0004,
    0x0000, 0x0000, 0xE000, 0x0000, 0x0000, 0xC000, 0xD800, 0x2000, 0x0000, 0x4000, 0xE380, 0x0000,
    0x0000, 0x0080, 0x66E0, 0x0100, 0x0000, 0x3040, 0xB8E1, 0x4000, 0x0000, 0x0800, 0x6E00, 0x1000,
    0x0000, 0x0800, 0x1C00, 0x0000, 0x0000, 0x0001, 0x0C01, 0x0000, 0x0000, 0x0046, 0x0876, 0x0001,
    0x0000, 0x0031, 0x10B9, 0x0046, 0x0000, 0x0044, 0x82C6, 0x0038, 0x0000, 0x0038, 0x0079, 0x0000,
    0x0C00, 0x4003, 0x0007, 0x0000, 0x2500, 0x8D02, 0x0053, 0x0004, 0x2E00, 0x8086, 0x000F, 0x0000,
    0xDB00, 0x2000, 0x0000, 0x0001, 0x0000, 0x1008, 0x7CDA, 0x0024, 0x0000, 0x1824, 0x1EE4, 0x0018,
    0x0000, 0x5818, 0x5C7C, 0x2000, 0x0000, 0x2A20, 0x6FB0, 0x1040, 0x0000, 0xEC40, 0xFFF8, 0x0000,
    0x0000, 0x5820, 0xDEE0, 0x2000, 0x0000, 0x3060, 0x7870, 0x0000, 0x0000, 0x0040, 0xE460, 0x0000,
    0x0000, 0x6000, 0x78E0, 0x8000, 0x0000, 0x1460, 0x96F0, 0x6800, 0x0000, 0x0C40, 0x6EE0, 0x1000,
    0x0000, 0x5008, 0xDC60, 0x2000, 0x0000, 0x1052, 0x59D8, 0x2020, 0x0024, 0x3008, 0x784A, 0x0000,
    0x007C, 0x0801, 0x9C00, 0x0000, 0x001E, 0x8000, 0xC800, 0x0000, 0xDDD3, 0x36CD, 0x0B16, 0x0AC5,
    0xDDD9, 0x36DE, 0x0B03, 0x0AD2, 0xDDD5, 0x36DE, 0x0B03, 0x0AD2, 0xEEEE, 0x1B63, 0x058D, 0x0565,
    0xEEEE, 0x1B63, 0x058C, 0x0564, 0xF76B, 0x0DAD, 0x02C2, 0x02AA, 0xF6F5, 0x0D12, 0x02E5, 0x0211,
    0xF96D, 0x06DF, 0x0130, 0x003C, 0xFEEA, 0x01B3, 0x0248, 0x0042, 0xFDCD, 0x0375, 0x0098, 0x0095,
    0xFB9C, 0x06EC, 0x0130, 0x012C, 0xF738, 0x0DD8, 0x0260, 0x0258, 0xEE74, 0x1BB4, 0x04C0, 0x04B4,
    0xEE6E, 0x1BEE, 0x0480, 0x04EE, 0xDCDF, 0x3753, 0x098C, 0x0953, 0xDCD3, 0x37CD, 0x0916, 0x09C5,
    0xA7FF, 0x9AE0, 0x2D00, 0x8AE0, 0xBFDF, 0xA5C0, 0x1A00, 0xA5C0, 0xDF7F, 0xDB60, 0x0410, 0xDB60,
    0xEEFF, 0x6EA0, 0x8050, 0x6EA0, 0x647F, 0xA5A0, 0xC0D8, 0xA4A0, 0x333F, 0xD2D0, 0xE168, 0xD250,
    0xB33F, 0xD2D0, 0x6168, 0x5250, 0x999F, 0x6968, 0xB0B4, 0xA928, 0xDD9F, 0x6D68, 0xB0B4, 0xAD28,
    0xED9F, 0xB568, 0x58B4, 0x5528, 0xE79F, 0x7B68, 0x9CB4, 0x1B28, 0xC73F, 0xBAD0, 0x4D68, 0x8A50,
    0x667F, 0x5DA8, 0x22D0, 0x44A8, 0x3CFF, 0x3B50, 0x05A8, 0x3950, 0x19FF, 0x16A0, 0x0B50, 0x12A0,
    0x33FF, 0x2D40, 0x16A0, 0x2540, 0x2F2F, 0x1C1C, 0x6363, 0x9494, 0x3B3B, 0x9595, 0xEAEA, 0x0101,
    0x9B9B, 0x1A1A, 0x6464, 0x1A1A, 0xC7C7, 0x0404, 0x3838, 0x0404, 0xFFFF, 0x0000, 0x0000, 0x0000,
    0xFFFF, 0x0000, 0x0000, 0x0000, 0xFFFF, 0x0000, 0x0000, 0x0000, 0xFFFF, 0x0000, 0x0000, 0x0000,
    0xFFFF, 0x0000, 0x0000, 0x0000, 0xFFFF, 0x0000, 0x0000, 0x0000, 0xFFFF, 0x0000, 0x0000, 0x0000,
    0xFFFF, 0x0000, 0x0000, 0x0000, 0xFFFF, 0x0000, 0x0000, 0x0000, 0xFFFF, 0x0000, 0x0000, 0x0000,
    0xFFFF, 0x0000, 0x0000, 0x0000, 0xFFFF, 0x0000, 0x0000, 0x0000, 0x4000, 0xFFFF, 0x0000, 0x9000,
    0xB800, 0xDFFF, 0x2000, 0x0000, 0x7800, 0xBFFF, 0x4000, 0x0000, 0xD600, 0xEFFF, 0x1000, 0x0800,
    0x1008, 0xFFF7, 0x0008, 0xE000, 0x7802, 0xB7FD, 0x4802, 0x0004, 0xB006, 0xDFFB, 0x2004, 0x0802,
    0x1080, 0xEF7F, 0x1080, 0x8800, 0x4000, 0xFFFF, 0x0000, 0x9000, 0x4400, 0xFFFF, 0x0000, 0x9000,
    0xBA8F, 0xDD77, 0x2288, 0x0007, 0x78F0, 0xBF6F, 0x4090, 0x0460, 0xD7FF, 0xEFFF, 0x1000, 0x0BFF,
    0x7B9D, 0xF3A5, 0x0818, 0x9385, 0x54CA, 0xE753, 0x1088, 0x8442, 0x36DB, 0xC54A, 0x3291, 0x044A,
    0x010D, 0xFEF6, 0x0109, 0x0084, 0x0033, 0xFFEB, 0x0010, 0x0003, 0x7044, 0xEFB8, 0x9044, 0xE000,
    0x8C17, 0x8BE1, 0x0416, 0x0801, 0x638D, 0xE372, 0x008D, 0x0300, 0x0C5C, 0xFC28, 0x0054, 0x0008,
    0x034B, 0xFF73, 0x0008, 0x0343, 0x0C4F, 0xF470, 0x080F, 0x0400, 0x389C, 0xD8EB, 0x2014, 0x1808,
    0x631D, 0xA1EA, 0x4215, 0x2228, 0xECBF, 0x6BDB, 0x8424, 0x649B, 0xCC40, 0x43F8, 0x8C00, 0x4040,
    0xFFFF, 0xFFF9, 0x0006, 0xFFF9, 0xCEED, 0xD2EA, 0x0C05, 0xC2E8, 0x6535, 0xA9D1, 0x4424, 0x2111,
    0x6DB6, 0xA550, 0x48A6, 0x2510, 0x4400, 0xFFFF, 0x0000, 0x9000, 0xB800, 0xDFFF, 0x2000, 0x0000,
    0x7800, 0xBFFF, 0x4000, 0x0000, 0xD600, 0xEFFF, 0x1000, 0x0800, 0x1008, 0xFFF7, 0x0008, 0x0000,
    0xE000, 0x7FFF, 0x8000, 0x5000, 0xF800, 0xBFFF, 0x4000, 0x2000, 0x2880, 0xDF7F, 0x2080, 0x9000,
    0x4800, 0xFFFF, 0x0000, 0x9000, 0x5C04, 0xFFF3, 0x0004, 0x8000, 0xB288, 0xDD77, 0x2288, 0x0004,
    0x70F0, 0xBF6F, 0x4090, 0x0C60, 0x57FF, 0xFFFF, 0x0000, 0x83FF, 0x7B9D, 0xF3A5, 0x0818, 0x9385,
    0x54CA, 0xE753, 0x1088, 0x8442, 0x36DB, 0xC54A, 0x3291, 0x044A, 0x005D, 0xFF8E, 0x0051, 0x000C,
    0x003B, 0xFFCB, 0x0030, 0x000B, 0x007C, 0xFFAC, 0x0050, 0x002C, 0x000F, 0xFFC9, 0x0006, 0x0009,
    0x003D, 0xFFCA, 0x0035, 0x0008, 0x0078, 0xFFAC, 0x0050, 0x0028, 0x207B, 0xFFAB, 0x0050, 0x20AB,
    0x00FF, 0xFF6C, 0x0093, 0x006C, 0x080C, 0xFFEF, 0x0000, 0x000C, 0x401D, 0xBFEE, 0x4011, 0x000C,
    0x303B, 0xCFCB, 0x3030, 0x000B, 0xCC78, 0x43DC, 0x8C20, 0x4058, 0xFFFF, 0xFFFF, 0x0000, 0xFFFF,
    0xCEEB, 0xD2E3, 0x0C08, 0xC2E3, 0x6535, 0xA9D1, 0x4424, 0x2111, 0x6DB6, 0xA550, 0x48A6, 0x2510,
    0x4000, 0xFFFF, 0x0000, 0x9000, 0xB800, 0xDFFF, 0x2000, 0x0000, 0x7800, 0xBFFF, 0x4000, 0x0000,
    0xD400, 0xEFFF, 0x1000, 0x0800, 0x1100, 0xFEFF, 0x0100, 0xE200, 0x7B40, 0xB5BF, 0x4A40, 0x0100,
    0xB100, 0xDEFF, 0x2100, 0x0800, 0x100C, 0xEFF7, 0x1008, 0x8804, 0x4000, 0xFFFF, 0x0000, 0x9000,
    0x4400, 0xFFFF, 0x0000, 0x9000, 0xB800, 0xDFFF, 0x2000, 0x0000, 0x7876, 0xBFB5, 0x4042, 0x0432,
    0xD7BF, 0xEFBE, 0x1001, 0x0BBE, 0x7B1D, 0xF325, 0x0818, 0x9305, 0x54CA, 0xE753, 0x1088, 0x8442,
    0x36DB, 0xC54A, 0x3291, 0x044A, 0x0DFF, 0xF600, 0x0900, 0x0400, 0x33FF, 0xEB00, 0x1000, 0x2300,
    0x24FF, 0xF800, 0x0400, 0x2000, 0x37FF, 0xC100, 0x3600, 0x0100, 0x2DFF, 0xD200, 0x2D00, 0x0000,
    0xDCFF, 0xA800, 0x5400, 0x0800, 0x0BFF, 0xF300, 0x0800, 0x0300, 0x2FFF, 0xF000, 0x0F00, 0x2000,
    0x3CFF, 0xEB00, 0x1400, 0x0800, 0x1DFF, 0xEA00, 0x1500, 0x0800, 0x1FFF, 0xFB00, 0x0400, 0x1B00,
    0x40FF, 0xF800, 0x0000, 0x4000, 0xFFFF, 0x7900, 0x8600, 0x7900, 0xCDFF, 0xCA00, 0x0500, 0xC800,
    0x75FF, 0xB100, 0x4400, 0x3100, 0x76FF, 0xB000, 0x4600, 0x3000, 0x0000, 0x2030, 0x3038, 0xC0C0,
    0x0000, 0xB060, 0xFCF3, 0x0000, 0x0001, 0x25C0, 0xBFF2, 0x4000, 0x0001, 0x4D40, 0xFF62, 0x0080,
    0x0001, 0x5980, 0xD9F6, 0x0000, 0x0003, 0x5080, 0xDAC4, 0x0100, 0x0003, 0x1100, 0xDB4C, 0x0080,
    0x0007, 0x0000, 0xB518, 0x0000, 0x020F, 0x4000, 0xC530, 0x0000, 0x021F, 0x4000, 0xCD20, 0x0000,
    0x861F, 0x4000, 0x4920, 0x0000, 0x873F, 0x0000, 0x5840, 0x0000, 0x8F7F, 0x2000, 0x7080, 0x0000,
    0xCF7F, 0x2080, 0x3080, 0x0000, 0xDF7F, 0x0000, 0x0080, 0x0000, 0xDFFF, 0x0000, 0x2000, 0x0000,
    0x07FF, 0x0000, 0xD800, 0x0000, 0x07FF, 0x0000, 0xD800, 0x0000, 0x8FFF, 0x0000, 0x1000, 0x4000,
    0x8FFF, 0x0000, 0x1000, 0x4000, 0x9FFF, 0x0000, 0x0000, 0x4000, 0xDFFF, 0x0000, 0x0000, 0x0000,
    0xDFFF, 0x0000, 0x0000, 0x0000, 0xDFFF, 0x0000, 0x2000, 0x0000, 0xFFFF, 0x0000, 0x0000, 0x0000,
    0xFFFF, 0x0000, 0x0000, 0x0000, 0xFFFF, 0x0000, 0x0000, 0x0000, 0xFFFF, 0x0000, 0x0000, 0x0000,
    0xFFFF, 0x0000, 0x0000, 0x0000, 0xFFFF, 0x0000, 0x0000, 0x0000, 0xFFFF, 0x0000, 0x0000, 0x0000,
    0xFFFF, 0x0000, 0x0000, 0x0000, 0xFFFF, 0x0000, 0x0000, 0x0000, 0xFFFF, 0x0000, 0x0000, 0x0000,
    0xFFFF, 0x0000, 0x0000, 0x0000, 0xFFFF, 0x0000, 0x0000, 0x0000, 0xFFFF, 0x0000, 0x0000, 0x0000,
    0xFFFF, 0x0000, 0x0000, 0x0000, 0xFFFF, 0x0000, 0x0000, 0x0000, 0xFFFF, 0x0000, 0x0000, 0x0000,
    0xDDEF, 0x2210, 0x2210, 0x2210, 0x3DCE, 0xC231, 0xC021, 0xC021, 0xB7BD, 0x4842, 0xC842, 0xC842,
    0x9B9C, 0x6463, 0x6463, 0x6463, 0x9B9C, 0x6463, 0x6631, 0x6631, 0x0484, 0xFB7B, 0xFF39, 0xFF39,
    0xD231, 0x2DEF, 0xEF5A, 0x2F7B, 0xC8E7, 0x37DE, 0xFF39, 0xBFFF, 0x22E0, 0x3F64, 0x008C, 0x2060,
    0xDC70, 0xBFB0, 0x4040, 0x8030, 0x8768, 0x7898, 0x8761, 0x1008, 0xB6D8, 0xF9A9, 0x0653, 0x8088,
    0xAF68, 0xF25C, 0x0D27, 0x8248, 0x5ED8, 0x2698, 0x5841, 0x0698, 0x7CE8, 0x446A, 0x3883, 0x4468,
    0x1DD0, 0x19D0, 0x6401, 0x19D0, 0x2C80, 0x2C80, 0x8004, 0x2C80, 0x0000, 0x0800, 0x5D3A, 0x0000,
    0x0000, 0x4800, 0xCBD0, 0x3400, 0x0000, 0x0520, 0x0738, 0xF8C0, 0x0000, 0xB810, 0xBEB0, 0x4000,
    0x0000, 0x5000, 0xDC10, 0x2000, 0x0000, 0x4200, 0xFB00, 0x0000, 0x0000, 0x1000, 0x3200, 0x0000,
    0x0C00, 0xAA20, 0xEBF9, 0x1400, 0x0200, 0x0310, 0xC3DE, 0x3C20, 0x0000, 0x4CC8, 0xCCCF, 0x3330,
    0x0000, 0xB0AA, 0xBFBF, 0x4040, 0x0000, 0x0201, 0x3FEF, 0xC000, 0x0000, 0x8482, 0xFCCE, 0x0301,
    0x0000, 0x190F, 0xF9DF, 0x0600, 0x0000, 0x2212, 0xE372, 0x1C0C, 0x0000, 0x2048, 0x3FCE, 0x0030,
    0x0000, 0x9C30, 0x9C3C, 0x63C0, 0x0000, 0x4700, 0xC7F8, 0x3800, 0x0000, 0x2000, 0x7F03, 0x0000,
    0x0000, 0x0447, 0x0FDF, 0x0000, 0x0000, 0x050C, 0x3D3C, 0x0203, 0x0000, 0x0830, 0x0F30, 0x000F,
    0x0000, 0x0044, 0x00FC, 0x0003, 0x0000, 0x0000, 0x0001, 0x0000, 0x0000, 0x0000, 0x0000, 0x0000,
    0x0000, 0x0000, 0x0000, 0x0000, 0x0000, 0x0000, 0x0000, 0x0000, 0x0000, 0x0000, 0x0002, 0x0000,
    0x0000, 0x0000, 0x0000, 0x0000, 0x0000, 0x0000, 0x0000, 0x0000, 0x0000, 0x0000, 0x0010, 0x0000,
    0x0000, 0x0000, 0x0000, 0x0000, 0x0000, 0x0000, 0x0000, 0x0000, 0x0000, 0x0000, 0x0000, 0x0000,
    0x0000, 0x0000, 0x0000, 0x0000, 0x0000, 0x0000, 0x0000, 0x0000, 0x0000, 0x0000, 0x0000, 0x0000,
    0x0000, 0x0000, 0x0000, 0x0000, 0x0000, 0x0000, 0x0000, 0x0000, 0x0000, 0x1520, 0x3F2C, 0x0010,
    0x0000, 0x2418, 0x64FE, 0x1800, 0x0000, 0x0C08, 0x4FBE, 0x3000, 0x0000, 0x1418, 0x5E58, 0x2020,
    0x0000, 0x3030, 0x3E78, 0x0000, 0x0000, 0x1800, 0x1C30, 0x0000, 0x0000, 0x1000, 0x3D78, 0x0000,
    0x0000, 0x0000, 0x7330, 0x0000, 0x0000, 0x0000, 0x4E20, 0x0000, 0x0000, 0x3800, 0xFC40, 0x0000,
    0x0000, 0x6800, 0x6C00, 0x1000, 0x0000, 0x5000, 0xDC00, 0x2000, 0x0000, 0x2000, 0x3000, 0x4000,
    0x0000, 0x2000, 0xB000, 0x4000, 0x0000, 0x4000, 0x4000, 0x0000, 0x0000, 0x0000, 0x4000, 0x0000,
    0x0000, 0x0000, 0x0000, 0x0000, 0x0000, 0x0000, 0x0000, 0x0000, 0x0000, 0x0000, 0x0000, 0x0000,
    0x0000, 0x0000, 0x0000, 0x0000, 0x0000, 0x0000, 0x0020, 0x0000, 0x0000, 0x0000, 0x0000, 0x0000,
    0x0000, 0x0000, 0x0001, 0x0000, 0x0000, 0x0000, 0x0007, 0x0000, 0x0000, 0x0000, 0x0C14, 0x0000,
    0x0000, 0x2400, 0x34C1, 0x0800, 0x0000, 0x2C20, 0x6C30, 0x10C0, 0x0000, 0x1050, 0xDCDC, 0x2020,
    0x0000, 0xA04C, 0xB04C, 0x4030, 0x0000, 0x4010, 0x60F0, 0x800C, 0x0000, 0x800C, 0x803F, 0x0000,
    0x0000, 0x0000, 0x8009, 0x0000, 0x0000, 0x0000, 0x0C74, 0x0000, 0x0000, 0x2C70, 0x2CF0, 0x1000,
    0x0000, 0x5088, 0xDC8C, 0x2070, 0x0000, 0x8042, 0xF043, 0x008C, 0x0000, 0x2040, 0xF27F, 0x0000,
    0x0000, 0x4898, 0xCCDC, 0x3320, 0x0000, 0x3710, 0xF7FD, 0x0800, 0x0000, 0x0800, 0xBE01, 0x0000,
    0x0000, 0x0004, 0x00F7, 0x0008, 0x0000, 0x0051, 0x395D, 0x00A2, 0x0000, 0x28CC, 0xEDCF, 0x1030,
    0x0000, 0x84B8, 0x85BC, 0x7840, 0x0000, 0x78C0, 0x7DF9, 0x8000, 0x0000, 0x8030, 0xF0F8, 0x0000,
    0x0000, 0x8000, 0xC121, 0x0000, 0x0000, 0x0000, 0x0084, 0x0000, 0x0000, 0x0A00, 0x7B1C, 0x0400,
    0x0000, 0x7400, 0xF730, 0x0800, 0x0000, 0x0820, 0x8EFE, 0x7000, 0x0000, 0x2058, 0xB8DE, 0x4020,
    0x0000, 0x0090, 0x71BC, 0x0040, 0x0000, 0x2060, 0x70E8, 0x0000, 0x0000, 0x0000, 0x11E3, 0x0000,
    0x0000, 0x0002, 0x0CB3, 0x0000, 0x0000, 0x0880, 0x7EB3, 0x0100, 0x0001, 0x6920, 0xF9FE, 0x0200,
    0x0003, 0x5040, 0x5BEC, 0x2000, 0x030F, 0x5000, 0xD8F0, 0x2000, 0x031F, 0x3000, 0xBC20, 0x4000,
    0x07BF, 0x2000, 0xB840, 0x4000, 0x07FF, 0x0000, 0x3800, 0xC000, 0x0FFF, 0x0000, 0x1000, 0x2000,
    0x8000, 0x6A00, 0x6BFE, 0x1400, 0xC000, 0x2628, 0x272C, 0x1810, 0xE000, 0x1100, 0x1100, 0x0E00,
    0xF000, 0x0F20, 0x0F38, 0x0000, 0xF000, 0x0228, 0x0EEC, 0x0110, 0xFA00, 0x0110, 0x0531, 0x0008,
    0xFE80, 0x0000, 0x0103, 0x0000, 0xFFA1, 0x0000, 0x0006, 0x0000, 0xFFFF, 0x0000, 0x0000, 0x0000,
    0xFFFF, 0x0000, 0x0000, 0x0000, 0xFFFF, 0x0000, 0x0000, 0x0000, 0xFFFF, 0x0000, 0x0000, 0x0000,
    0xFFFF, 0x0000, 0x0000, 0x0000, 0xFFFF, 0x0000, 0x0000, 0x0000, 0xFFFF, 0x0000, 0x0000, 0x0000,
    0xFFFF, 0x0000, 0x0000, 0x0000, 0x0003, 0xE800, 0xEE1C, 0x1000, 0x0007, 0x2800, 0x6C58, 0x1000,
    0x000F, 0x3000, 0x3870, 0x0000, 0x003F, 0x0000, 0x39C0, 0x0000, 0x00FF, 0x0000, 0x5300, 0x0000,
    0x41FF, 0x0000, 0xA200, 0x0000, 0xC1FF, 0x0000, 0x2200, 0x0000, 0xC3FF, 0x0000, 0x2C00, 0x0000,
    0xC7FF, 0x0000, 0x3800, 0x0000, 0xEFFF, 0x0000, 0x1000, 0x0000, 0xEFFF, 0x0000, 0x1000, 0x0000,
    0xFFFF, 0x0000, 0x0000, 0x0000, 0xFFFF, 0x0000, 0x0000, 0x0000, 0xFFFF, 0x0000, 0x0000, 0x0000,
    0xFFFF, 0x0000, 0x0000, 0x0000, 0xFFFF, 0x0000, 0x0000, 0x0000, 0x4400, 0xFFFF, 0x0000, 0x9000,
    0xB800, 0xDFFF, 0x2000, 0x0000, 0x7800, 0xBFFF, 0x4000, 0x0000, 0xD600, 0xEFFF, 0x1000, 0x0800,
    0x1C00, 0xFBFF, 0x0400, 0x0800, 0xEF81, 0x777E, 0x8881, 0x5700, 0xFA66, 0xBC5A, 0x422C, 0x204A,
    0x2898, 0xDF99, 0x2000, 0x9098, 0x4806, 0xFE06, 0x0000, 0x9000, 0x5EF9, 0xFC3F, 0x02C0, 0x8040,
    0xB3C0, 0xDE7F, 0x2180, 0x0280, 0x7D00, 0xAEFF, 0x5100, 0x0F00, 0x5B01, 0xF7FF, 0x0800, 0x8E00,
    0x7E00, 0xF7FF, 0x0800, 0x9200, 0x5C20, 0xEFDF, 0x1020, 0x8400, 0x3E08, 0xCDE7, 0x3208, 0x0400,
    0x005D, 0xFF8E, 0x0051, 0x000C, 0x003B, 0xFFCB, 0x0030, 0x000B, 0x007C, 0xFFAC, 0x0050, 0x002C,
    0x100F, 0xEFC9, 0x1806, 0x0809, 0x30BD, 0xDF4A, 0x20B5, 0x0108, 0xE1B8, 0xFEEC, 0x0110, 0xC0A8,
    0x407B, 0x7FAB, 0x2050, 0x202B, 0xC1BF, 0xBEAC, 0x4113, 0x00AC, 0x664C, 0x5A2F, 0x3440, 0x524C,
    0x995D, 0x98AE, 0x0151, 0x190C, 0x627B, 0xE38B, 0x0070, 0x008B, 0x1CF8, 0xFF5C, 0x00A0, 0x0058,
    0x003F, 0xFFFF, 0x0000, 0x003F, 0x0029, 0xFFE1, 0x0008, 0x0021, 0x0031, 0xFFD1, 0x0020, 0x0011,
    0x0070, 0xFFD0, 0x0020, 0x0050, 0x7000, 0xBFFF, 0x4000, 0x0800, 0xD800, 0xFFFF, 0x0000, 0x0000,
    0x9000, 0xFFFF, 0x0000, 0x0000, 0xE600, 0x7FFF, 0x8000, 0x5800, 0xF400, 0xBFFF, 0x4000, 0x2A00,
    0x3200, 0xDFFF, 0x2000, 0x8000, 0x5820, 0xFFDF, 0x0020, 0x8000, 0x4800, 0xFFFF, 0x0000, 0x8400,
    0xB000, 0xDFFF, 0x2000, 0x0800, 0x7000, 0xBFFF, 0x4000, 0x0800, 0xD800, 0xFFFF, 0x0000, 0x0000,
    0x9000, 0xFFFF, 0x0000, 0x0000, 0xF800, 0x77FF, 0x8800, 0x4000, 0xF000, 0xBFFF, 0x4000, 0x2800,
    0x3000, 0xCFFF, 0x3000, 0x8C00, 0x4000, 0xFFFF, 0x0000, 0x9000, 0x3030, 0xDFC0, 0x2030, 0x1000,
    0x0014, 0xFFF4, 0x0000, 0x0014, 0x0090, 0xFE60, 0x0090, 0x0000, 0x093C, 0xF6E8, 0x0914, 0x00A8,
    0x001B, 0xFFCB, 0x0010, 0x000B, 0x003F, 0xFFCC, 0x0033, 0x000C, 0x001C, 0xFFFF, 0x0000, 0x001C,
    0x001D, 0xFFEE, 0x0011, 0x000C, 0x023B, 0xFFEB, 0x0010, 0x022B, 0x009C, 0xFFFC, 0x0000, 0x001C,
    0x403F, 0xBFE9, 0x4016, 0x8029, 0xC03D, 0x7BFA, 0x8205, 0x4038, 0x0038, 0xFFCC, 0x0430, 0x0008,
    0x003B, 0xFFDB, 0x0020, 0x001B, 0x804F, 0x7FAC, 0x8043, 0x000C, 0x000C, 0xFFEF, 0x0000, 0x000C,
    0xFFF4, 0x000F, 0x0000, 0x0003, 0xFFFB, 0x0027, 0x0008, 0x0000, 0xFFF4, 0x002B, 0x0004, 0x0000,
    0xFFD7, 0x003F, 0x0000, 0x0028, 0xFFD2, 0x006F, 0x0000, 0x0020, 0xFF8F, 0x0077, 0x0008, 0x0070,
    0xFFC0, 0x007F, 0x0000, 0x0038, 0xFF16, 0x01FF, 0x0000, 0x00E8, 0xFEE4, 0x013F, 0x0040, 0x0110,
    0xFF98, 0x08FF, 0x0000, 0x0060, 0xFF98, 0x1DFF, 0x0000, 0x0060, 0xE120, 0x1FFF, 0x0000, 0x1CC0,
    0xE000, 0x3FFF, 0x0000, 0x1B40, 0xCA00, 0x37FF, 0x0800, 0x3500, 0x9E80, 0xFFFF, 0x0000, 0x6000,
    0x4300, 0xFFFF, 0x0000, 0x9000, 0x4A21, 0xFFFE, 0x0001, 0x91CA, 0x359B, 0xDBEF, 0x2410, 0x0003,
    0x7236, 0xBDDE, 0x4220, 0x0006, 0xB8BC, 0xFFFC, 0x0000, 0x404C, 0x411B, 0xFFCB, 0x0010, 0x000B,
    0x003F, 0xFFCC, 0x0033, 0x000C, 0x001C, 0xFFFF, 0x0000, 0x001C, 0x009D, 0xFE6E, 0x0091, 0x000C,
    0x013B, 0xFEEB, 0x0110, 0x00AB, 0x041C, 0xFBFC, 0x0400, 0x001C, 0x003F, 0xFFE9, 0x0016, 0x0029,
    0x003D, 0xFFFA, 0x0005, 0x0038, 0x0038, 0xFFCC, 0x0030, 0x0008, 0x003B, 0xFFDB, 0x0020, 0x001B,
    0x40CF, 0xBFAC, 0x4043, 0x000C, 0x000C, 0xFFEF, 0x0000, 0x000C, 0x149C, 0xEFF7, 0x1008, 0xE323,
    0x3A6F, 0xF7BB, 0x0844, 0xD008, 0xDCE6, 0xFB7D, 0x0482, 0x2804, 0xE6B7, 0x7FEF, 0x8010, 0x5908,
    0xF552, 0xBFFF, 0x4000, 0x2A00, 0x3200, 0xDFFF, 0x2000, 0x8000, 0x5880, 0xFE7F, 0x0080, 0x8000,
    0x4900, 0xFEFF, 0x0100, 0x8480, 0xB000, 0xDFFF, 0x2000, 0x0800, 0x7000, 0xBFFF, 0x4000, 0x0800,
    0xD800, 0xFFFF, 0x0000, 0x0000, 0x9000, 0xFFFF, 0x0000, 0x0000, 0xF804, 0x77F3, 0x8804, 0x4000,
    0xF008, 0xBFF7, 0x4008, 0x2804, 0x3000, 0xCFFF, 0x3000, 0x8C00, 0x4000, 0xFFFF, 0x0000, 0x9000,
    0x4E23, 0xFBFF, 0x0400, 0x91CA, 0x379E, 0xDDEB, 0x2214, 0x0402, 0x733F, 0xBEDC, 0x4123, 0x0200,
    0xB8B8, 0xFFFF, 0x0000, 0x4043, 0x4111, 0xFFE7, 0x0010, 0x0004, 0x2044, 0xDFBF, 0x2040, 0x0020,
    0x0000, 0xFFFF, 0x0000, 0x0000, 0x0000, 0xFFFF, 0x0000, 0x0000, 0x0000, 0xFFFF, 0x0000, 0x0000,
    0x0000, 0xFBFF, 0x0000, 0x0000, 0x0020, 0xFFFF, 0x0000, 0x0020, 0x002C, 0xFFEF, 0x0000, 0x000C,
    0x0013, 0xFFF3, 0x0000, 0x0003, 0x000C, 0xFFFC, 0x0000, 0x0000, 0x4003, 0xBFFF, 0x4000, 0x0000,
    0x0001, 0xFFFE, 0x0001, 0x0000, 0x149A, 0xEFF7, 0x1008, 0x4321, 0xDA6D, 0x77BB, 0x8844, 0x1008,
    0xDCE6, 0xFB7D, 0x0482, 0x0804, 0x46B7, 0xFFEF, 0x0010, 0x1908, 0x9552, 0xFFFF, 0x0000, 0x0A00,
    0x0008, 0xFFF7, 0x0008, 0x0000, 0x0000, 0xFFFF, 0x0000, 0x0000, 0x0000, 0xFFFF, 0x0000, 0x0000,
    0x3001, 0xEFFE, 0x1001, 0x2000, 0x3C0F, 0xFBF7, 0x0408, 0x1806, 0x1332, 0xF2D3, 0x0161, 0x0251,
    0x1CC6, 0xECCD, 0x1002, 0x0CC0, 0x7033, 0xB032, 0xC001, 0xB002, 0xC7CC, 0xC1FC, 0x0600, 0xC200,
    0x1E03, 0x13FF, 0x0C00, 0x1400, 0x987E, 0x1787, 0x8878, 0x1806, 0x4D21, 0xFBFE, 0x0401, 0x90CA,
    0x369B, 0xDDEF, 0x2210, 0x0403, 0x7336, 0xBEDE, 0x4120, 0x0206, 0xB8BC, 0xFFFC, 0x0000, 0x404C,
    0x411B, 0xFFCB, 0x0010, 0x000B, 0x103F, 0xEFCC, 0x1033, 0x080C, 0x201C, 0xDFFF, 0x2000, 0x001C,
    0x009D, 0xFE6E, 0x0091, 0x000C, 0x843B, 0xFBEB, 0x0410, 0x082B, 0x0C1C, 0xF7FC, 0x0800, 0x041C,
    0x03BF, 0xFDE9, 0x0216, 0x01A9, 0x0C3D, 0xF4FA, 0x0805, 0x0438, 0x3338, 0xD1CC, 0xA230, 0x9208,
    0xCC3B, 0xC3DB, 0x0C20, 0xCC1B, 0x3E4F, 0x012C, 0x3E43, 0x000C, 0xFFEC, 0xFF4F, 0x00A0, 0x7F4C,
    0x6000, 0x466C, 0x47EC, 0xB810, 0x7800, 0x6010, 0x603C, 0x9F00, 0x0C00, 0x8900, 0x8930, 0x7600,
    0x0000, 0xE380, 0xF3C0, 0x0C00, 0x0000, 0xE060, 0xFC70, 0x0380, 0x0000, 0x6030, 0x7F33, 0x80C0,
    0x0000, 0x8CB0, 0xFCBC, 0x0300, 0x0600, 0x3600, 0xF6FC, 0x0900, 0x0200, 0x0300, 0x0B18, 0x3400,
    0x0000, 0x1210, 0x3331, 0x0C00, 0x0000, 0x1C60, 0xBFF1, 0x0000, 0x0000, 0x18C0, 0xDAF0, 0x2000,
    0x0000, 0x1000, 0xDC71, 0x2000, 0x0000, 0x0040, 0xC8E1, 0x0000, 0x0000, 0x0081, 0xBDC1, 0x0000,
    0x0000, 0x0080, 0x3183, 0x0000, 0x0000, 0x2200, 0xE300, 0x1C00, 0x0000, 0x1600, 0x3700, 0x0800,
    0x0000, 0x2800, 0xEB00, 0x1400, 0x0000, 0xF000, 0xFF00, 0x0000, 0x0000, 0x0200, 0x3300, 0x0000,
    0x0000, 0x1200, 0x1B00, 0x2000, 0x0000, 0x1E00, 0x3F00, 0x0000, 0x0000, 0x0C00, 0xCF00, 0x0000,
    0x0000, 0x4800, 0xFE00, 0x0000, 0x0000, 0xA800, 0xBC00, 0x4000, 0x0000, 0x4800, 0x6C00, 0x8000,
    0x0000, 0x4000, 0xEC00, 0x0000, 0x0000, 0xC000, 0xDC00, 0x0000, 0x0000, 0x8000, 0xD000, 0x0000,
    0x0000, 0x0000, 0xB000, 0x0000, 0x0000, 0x0000, 0x3000, 0x0000, 0x033E, 0x3F63, 0xBF63, 0x401C,
    0x2E18, 0x6ED8, 0xEEDB, 0x1120, 0x3C08, 0xA0EC, 0xA0FC, 0x5F00, 0x2720, 0x1D30, 0x05FC, 0xFA00,
    0x7010, 0x019C, 0x019C, 0xFE20, 0x6000, 0x4310, 0x43F0, 0xBC0C, 0x6000, 0x460F, 0x4F3F, 0xB000,
    0x2000, 0xBC00, 0xBF0F, 0x4000, 0x0008, 0x403E, 0xCCFF, 0x3000, 0x003C, 0x00F5, 0xCFF5, 0x300A,
    0x003C, 0x20A5, 0xE0A5, 0x1C5A, 0x0018, 0x1098, 0x1098, 0x0C67, 0x0000, 0x18C3, 0x1CC3, 0x003C,
    0x0000, 0x002E, 0x0BEF, 0x0010, 0x0000, 0x0112, 0x0DF3, 0x020C, 0x0000, 0x0264, 0x027F, 0x0180,
    0x0000, 0x0860, 0xF876, 0x0780, 0x0C00, 0x2230, 0xE3FF, 0x1C00, 0x0800, 0x21EE, 0x21FF, 0x1E00,
    0x0000, 0x2C43, 0xEF73, 0x108C, 0x0000, 0x50C5, 0xDCCD, 0x2002, 0x0000, 0x2005, 0x3CDD, 0xC002,
    0x0000, 0x2004, 0xF3CD, 0x0002, 0x0000, 0x0007, 0x1F37, 0x0008, 0x0000, 0x0C0C, 0x4C2D, 0x3012,
    0x0000, 0x3016, 0xBCF7, 0x0008, 0x0000, 0x0038, 0xB07F, 0x0000, 0x0000, 0x005A, 0xC9DF, 0x0020,
    0x0000, 0x2054, 0x32DC, 0xC020, 0x0000, 0x60AC, 0x73BD, 0x8040, 0x0000, 0xC0A8, 0xF1BD, 0x0040,
    0x0000, 0x0090, 0xE291, 0x0060, 0x0CE4, 0x21FC, 0x21C4, 0x1E1B, 0x0338, 0x4339, 0x4F39, 0x30C6,
    0x0300, 0x801F, 0xB01F, 0x4FE0, 0x0580, 0x82F0, 0xB0F2, 0x4F0C, 0x0B00, 0x05CC, 0x01FC, 0x3E00,
    0x3400, 0x48B0, 0x40F9, 0x3F00, 0x6C00, 0xC460, 0xC763, 0x3880, 0x4800, 0x4BC3, 0x4BEF, 0xB400,
    0x4002, 0x5406, 0x57DE, 0xA801, 0x0000, 0xDF09, 0xDFBB, 0x2004, 0x0004, 0x3C15, 0x7F35, 0x000A,
    0x0008, 0x0029, 0xB8EB, 0x0014, 0x0010, 0x40D0, 0x47D4, 0x8028, 0x0000, 0x4308, 0x4F0C, 0x80F0,
    0x0000, 0x4C60, 0x5C73, 0xA380, 0x0000, 0x3300, 0x33CF, 0xCC00, 0x0030, 0x0096, 0xCF97, 0x3068,
    0x1818, 0x185B, 0x9ADB, 0x2424, 0x3010, 0x30D4, 0x34D7, 0x0828, 0x0030, 0x003C, 0x593E, 0x20C0,
    0x0080, 0x0288, 0x668E, 0x8170, 0x0100, 0x0578, 0x1D7E, 0x8280, 0x0200, 0x0EC0, 0xBEFC, 0x0100,
    0x0000, 0x1900, 0xBBF1, 0x0400, 0x0000, 0x0C03, 0x3D77, 0x0200, 0x0000, 0x040A, 0xCF3A, 0x0004,
    0x0000, 0x0010, 0x0B3F, 0x0000, 0x0000, 0x0020, 0x0CE0, 0x0010, 0x0000, 0x0030, 0xC27C, 0x0000,
    0x0000, 0x0000, 0xDB30, 0x0000, 0x0000, 0x0800, 0xDC38, 0x0000, 0x0000, 0x1800, 0x3DB0, 0x0000,
    0x4400, 0xFFFF, 0x0000, 0x9000, 0xB800, 0xDFFF, 0x2000, 0x0000, 0x7801, 0xBFFE, 0x4001, 0x0000,
    0xD670, 0xEFEF, 0x1010, 0x0820, 0x1026, 0xFFE5, 0x0002, 0x0004, 0xE019, 0x7FF9, 0x8000, 0x5001,
    0xF80E, 0xBFF6, 0x4008, 0x2006, 0x2838, 0xDFD8, 0x2020, 0x9018, 0x4861, 0xFFA3, 0x0040, 0x9020,
    0x5CC6, 0xFF4F, 0x0080, 0x8040, 0xB288, 0xDD77, 0x2288, 0x0004, 0x70F0, 0xBF6F, 0x4090, 0x0C60,
    0x57FF, 0xFFFF, 0x0000, 0x83FF, 0x7B9D, 0xF3A5, 0x0818, 0x9385, 0x54CA, 0xE753, 0x1088, 0x8442,
    0x36DB, 0xC54A, 0x3291, 0x044A, 0x005D, 0xFF8E, 0x0051, 0x000C, 0x003B, 0xFFCB, 0x0030, 0x000B,
    0x07FC, 0xFBAC, 0x0450, 0x03AC, 0x180F, 0xE849, 0x1006, 0x0809, 0xE5BD, 0x674A, 0x80B5, 0x6488,
    0x9E78, 0x9BAC, 0x0450, 0x9428, 0x307B, 0x3FAB, 0x0050, 0x202B, 0x20FF, 0x3F6C, 0x0093, 0x206C,
    0x500C, 0xCFEF, 0x1800, 0x480C, 0xDA1D, 0x15EE, 0xCE11, 0x140C, 0x303B, 0xCFCB, 0x3030, 0x000B,
    0xCC78, 0x43DC, 0x8C20, 0x4058, 0xFFFF, 0xFFFF, 0x0000, 0xFFFF, 0xCEEB, 0xD2E3, 0x0C08, 0xC2E3,
    0x6535, 0xA951, 0x44A4, 0x2111, 0x6D36, 0xA550, 0x4826, 0x2510, 0x4400, 0xFFFF, 0x0000, 0x9000,
    0xB800, 0xDFFF, 0x2000, 0x0000, 0x7800, 0xBFFF, 0x4000, 0x0000, 0xD438, 0xEFF7, 0x1008, 0x0810,
    0x1113, 0xFEF2, 0x0101, 0x0202, 0x630C, 0xBDFC, 0x4200, 0x1100, 0xB907, 0xDEFB, 0x2104, 0x0003,
    0x081C, 0xFFEC, 0x0010, 0x900C, 0x4830, 0xFFD1, 0x0020, 0x9010, 0x5C63, 0xFFA7, 0x0040, 0x8020,
    0xB04C, 0xDFCF, 0x2000, 0x0040, 0x7093, 0xBF0F, 0x4090, 0x0C03, 0x563E, 0xFE3E, 0x0000, 0x823E,
    0x7B9D, 0xF3A5, 0x0818, 0x9385, 0x54CA, 0xE753, 0x1088, 0x8442, 0x36DB, 0xC54A, 0x3291, 0x044A,
    0x005D, 0xFF8E, 0x0051, 0x000C, 0x003B, 0xFFCB, 0x0030, 0x000B, 0x807C, 0x7FAC, 0x8050, 0x002C,
    0x0E0F, 0xF3C9, 0x0C06, 0x0009, 0x723D, 0xB3CA, 0x4035, 0x3008, 0xCC78, 0xCFAC, 0x0050, 0xC828,
    0x187B, 0x1FAB, 0x0050, 0x10AB, 0x18FF, 0x176C, 0x0893, 0x106C, 0xA88C, 0xE76F, 0x0880, 0x200C,
    0x683D, 0x8FCE, 0x6031, 0x080C, 0x54BB, 0xA3CB, 0x7430, 0xA08B, 0xCDF8, 0x435C, 0x8CA0, 0x4158,
    0x8BFF, 0x8BFF, 0x0000, 0x8BFF, 0xCEEB, 0xD2E3, 0x0C08, 0xC2E3, 0x6535, 0xA9D1, 0x4424, 0x2111,
    0x6DB6, 0xA550, 0x48A6, 0x2510, 0x4400, 0xFFFF, 0x0000, 0x9000, 0xB800, 0xDFFF, 0x2000, 0x0000,
    0x7800, 0xBFFF, 0x4000, 0x0000, 0xD438, 0xEFF7, 0x1008, 0x0810, 0x1013, 0xFFF2, 0x0001, 0x0002,
    0xE00C, 0x7FFC, 0x8000, 0x5000, 0xF907, 0xBEFB, 0x4104, 0x2003, 0x281C, 0xDFEC, 0x2010, 0x900C,
    0x4830, 0xFFD1, 0x0020, 0x9010, 0x5C43, 0xFF87, 0x0040, 0x8000, 0xB288, 0xDD17, 0x2288, 0x0004,
    0x7030, 0xBE2F, 0x4010, 0x0C20, 0x56FF, 0xFEFF, 0x0000, 0x82FF, 0x7B9D, 0xF3A5, 0x0818, 0x9385,
    0x54CA, 0xE753, 0x1088, 0x8442, 0x36DB, 0xC54A, 0x3291, 0x044A, 0x0007, 0xFFFF, 0x0000, 0x0007,
    0x001C, 0xFFE4, 0x0018, 0x0004, 0x00F1, 0xFF71, 0x0082, 0x0070, 0x0F07, 0xF70A, 0x0805, 0x0705,
    0x30B4, 0xD0FF, 0x2000, 0x1080, 0xCB80, 0xCE7F, 0x01C0, 0xC9C0, 0x3C08, 0x37E7, 0x0808, 0x2800,
    0x6090, 0x7F6F, 0x0090, 0x4000, 0x0003, 0xFFF1, 0x0001, 0x000E, 0x0019, 0xEED6, 0x0E10, 0x112F,
    0x3C1E, 0x87CA, 0x070A, 0x7835, 0x2E08, 0x1B9B, 0x0B8B, 0xF474, 0x5030, 0x7636, 0x57B7, 0xA848,
    0x6000, 0x0C98, 0x0E9C, 0xF060, 0x4000, 0x5060, 0x5CF3, 0xA000, 0x0000, 0x1880, 0x1DE4, 0xE003,
    0x31CF, 0x3E0F, 0x01C3, 0x0030, 0x663B, 0x7837, 0x0620, 0x01CC, 0x83DF, 0xFAA7, 0x1A87, 0x0578,
    0x06F0, 0xF7AB, 0x342F, 0x0950, 0x0CE0, 0xEB04, 0x6807, 0x17F8, 0x0F80, 0xCD16, 0x4C16, 0x32E9,
    0x0000, 0xEE19, 0x3F1F, 0x00E0, 0x0000, 0xA240, 0x5E7F, 0x0180, 0x0000, 0x1E80, 0x3EE8, 0xC100,
    0x0000, 0x6080, 0x60C9, 0x9F00, 0x1E00, 0xDE40, 0xDE63, 0x2180, 0x1300, 0x5343, 0xD377, 0x2C80,
    0x0000, 0x6016, 0x6F1E, 0x10E1, 0x0000, 0x200C, 0x684F, 0x1030, 0x0000, 0xBC03, 0xFF13, 0x000C,
    0x0000, 0xEB80, 0xFBE7, 0x0400, 0x0030, 0x3C00, 0x3FBD, 0xC000, 0xC000, 0xC000, 0xC0E1, 0x3F00,
    0x0000, 0x00C0, 0x00E3, 0xFF00, 0x0000, 0xD063, 0xF377, 0x0C80, 0x0000, 0x1FD0, 0xFFDC, 0x0023,
    0x0000, 0x004C, 0x4FCF, 0x8030, 0x0000, 0x0311, 0xC7F1, 0x000E, 0x0000, 0x010F, 0x1DBF, 0x0200,
    0x0200, 0x3AB0, 0x7AFF, 0x0500, 0x0200, 0x8290, 0xB2D8, 0x4D20, 0x0400, 0x04B0, 0xC4F8, 0x3B00,
    0x0800, 0xE920, 0xE9FC, 0x1600, 0xF000, 0xF240, 0xF3F4, 0x0C00, 0xC000, 0xCCC0, 0xCFE0, 0x3000,
    0x0000, 0x7380, 0x7FD3, 0x8000, 0x0300, 0x0800, 0xF88C, 0x0703, 0x0000, 0xB000, 0xB132, 0x4000,
    0x1000, 0x1830, 0xDC3C, 0x2000, 0x0000, 0xF600, 0xF760, 0x0800, 0x0800, 0x4B00, 0x7B20, 0x8400,
    0x0400, 0x4630, 0xCFF9, 0x0000, 0x0400, 0x460C, 0xCF3F, 0x0000, 0x0000, 0x0200, 0x4B7C, 0x8400,
    0x0000, 0x4400, 0xF662, 0x0800, 0x0000, 0x2000, 0x30CE, 0x4000, 0x0000, 0x5008, 0x5DCE, 0x2000,
    0x0000, 0x1818, 0x5938, 0x2000, 0x0000, 0x2C10, 0x2DFC, 0x1000, 0x0000, 0x0850, 0x1CF0, 0x0000,
    0x0000, 0x04C0, 0x07F0, 0x0000, 0x0000, 0x0000, 0x02C0, 0x0000, 0x0000, 0x0000, 0x0000, 0x0000,
    0x0000, 0x0000, 0x6000, 0x0000, 0x0000, 0x0000, 0xC000, 0x0000, 0x0000, 0x0000, 0x8000, 0x0000,
    0x0000, 0x0000, 0x8000, 0x0000, 0x0000, 0x0000, 0x0000, 0x0000, 0x0000, 0x0000, 0x0000, 0x0000,
    0x0000, 0x0000, 0x0000, 0x0000, 0x0000, 0x0000, 0x0000, 0x0000, 0x0000, 0x0000, 0x0000, 0x0000,
    0x0000, 0x0000, 0x0000, 0x0000, 0x0000, 0x0000, 0x0000, 0x0000, 0x0000, 0x0000, 0x0000, 0x0000,
    0x0000, 0x0000, 0x0000, 0x0000, 0x0000, 0x0000, 0x0000, 0x0000, 0x0000, 0x0000, 0x0000, 0x0000,
    0x0000, 0x0000, 0x0000, 0x0000, 0x0000, 0x0130, 0x033C, 0x00C0, 0x0000, 0x004C, 0x00CF, 0x0030,
    0x0000, 0x0065, 0x00E5, 0x0018, 0x0000, 0x002D, 0x003D, 0x0000, 0x0000, 0x0008, 0x003C, 0x0000,
    0x0000, 0x0000, 0x000B, 0x0000, 0x0000, 0x0002, 0x0006, 0x0001, 0x0000, 0x0001, 0x0009, 0x0006,
    0x0000, 0x0000, 0x0001, 0x0000, 0x0000, 0x0000, 0x0000, 0x0000, 0x0000, 0x0000, 0x0000, 0x0000,
    0x0000, 0x0000, 0x0000, 0x0000, 0x0000, 0x0000, 0x0000, 0x0000, 0x0000, 0x0000, 0x0000, 0x0000,
    0x0000, 0x0000, 0x0000, 0x0000, 0x0000, 0x0000, 0x0000, 0x0000, 0x0000, 0x0050, 0x02D3, 0x0020,
    0x0000, 0x0022, 0x007B, 0x0000, 0x0000, 0x8006, 0xC307, 0x0000, 0x0000, 0x0004, 0x31B7, 0xC000,
    0x0000, 0x6038, 0x70FE, 0x0000, 0x0000, 0x0000, 0x0038, 0x0000, 0x0000, 0x8000, 0xC000, 0x0000,
    0x0000, 0x0000, 0x6000, 0x0000, 0x0000, 0x0000, 0x8000, 0x0000, 0x0000, 0x0000, 0x0000, 0x0000,
    0x0000, 0x0000, 0x0000, 0x0000, 0x0000, 0x0000, 0x0000, 0x0000, 0x0000, 0x0000, 0x0000, 0x0000,
    0x0000, 0x0000, 0x0000, 0x0000, 0x0000, 0x0000, 0x0000, 0x0000, 0x0000, 0x0000, 0x0000, 0x0000,
    0x0000, 0x0000, 0xB7F0, 0x4000, 0x0000, 0x0010, 0x0C3D, 0x3000, 0x0000, 0x0000, 0x0007, 0x0000,
    0x0000, 0x1000, 0x1001, 0x2000, 0x0000, 0x1800, 0x1C8C, 0x2000, 0x0000, 0x1600, 0x171B, 0x0804,
    0x0000, 0x0700, 0x07E0, 0x0000, 0x0000, 0x0000, 0x0000, 0x0000, 0x0000, 0x0000, 0x0000, 0x0000,
    0x0000, 0x0000, 0x0000, 0x0000, 0x0000, 0x0000, 0x0000, 0x0000, 0x0000, 0x0000, 0x0000, 0x0000,
    0x0000, 0x0000, 0x0000, 0x0000, 0x0000, 0x0000, 0x0000, 0x0000, 0x0000, 0x0000, 0x0000, 0x0000,
    0x0000, 0x0000, 0x0000, 0x0000, 0x0000, 0x3000, 0x7F40, 0x0000, 0x0000, 0x6000, 0xF2C0, 0x0000,
    0x0000, 0xC000, 0xECC0, 0x0000, 0x0000, 0x0100, 0xC380, 0x0000, 0x0000, 0x0C00, 0x0C80, 0x0300,
    0x0000, 0x1200, 0xF300, 0x0C00, 0x0000, 0x0800, 0xC800, 0x3000, 0x0000, 0x0000, 0x0000, 0x0000,
    0x0000, 0x0000, 0x0000, 0x0000, 0x0000, 0x0000, 0x0000, 0x0000, 0x0000, 0x0000, 0x0000, 0x0000,
    0x0000, 0x0000, 0x0000, 0x0000, 0x0000, 0x0000, 0x0000, 0x0000, 0x0000, 0x0000, 0x0000, 0x0000,
    0x0000, 0x0000, 0x0000, 0x0000, 0x0000, 0x0000, 0x0000, 0x0000
};

const std::array<std::uint16_t, palette_size> palette = {
    0x0000, 0x08AF, 0x0778, 0x0AAB, 0x0500, 0x0445, 0x0A21, 0x0F94, 
    0x0E50, 0x0FC1, 0x0FFF, 0x0223, 0x0008, 0x05DC, 0x0382, 0x0A00
};

} // namespace assets::tiles_1_1
